운영노선명,역명,승강기명,승강기 구분
9호선,개화,"(1F) 하선승강장 6-4 근처
(2F) 안전관리실 옆 1호기",EV
9호선,개화,"(1F) 2번출구 옆
(2F) 편의점 앞 2호기",EV
9호선,김포공항,"(B1) 안전관리실 옆
(B3) 상부본선 승강장 4-2 지점 2호기",EV
9호선,김포공항,"(B1) 안전관리실 앞
(B4) 하선 승강장 1-1 지점 3호기",EV
9호선,김포공항,"(B1) 안전관리실 앞
(B4) 하선 승강장 1-1 지점 4호기",EV
9호선,공항시장,"(B1)대합실 표내는 곳 방향 좌측(개화,김포공항역 방면)
(B4)하선승강장 6-2 출입구 앞 1호기",EV
9호선,공항시장,"(B1)대합실 표내는 곳 방향 우측(중앙보훈병원 방면)
(B4)상선승강장 1-3 출입구 앞 2호기",EV
9호선,공항시장,"(1F)1번, 2번 출입구 사이
(B1)2번 출구 방면 앞 3호기",EV
9호선,신방화,"(B1) 개화역 방향 개찰구 앞
(B2) 개화역 방향 승강장 3-1 출입문 앞 1호기",EV
9호선,신방화,"(B1) 중앙보훈병원역 방향 개찰구 앞
(B2) 중앙보훈병원역 방향 승강장 4-4 출입문 앞 2호기",EV
9호선,신방화,"(1F) 7번/8번 출입구 사이
(B1) 7/8번 출입구 방향 대합실 3호기",EV
9호선,신방화,"(1F) 3번 출입구 옆
(B1) 3번 출입구 방향 대합실 4호기",EV
9호선,마곡나루,"(B1) 대합실, 표내는 곳 방향
(B2) 신방화역 방향 승강장 3-3 출입문 앞 1호기",EV
9호선,마곡나루,"(B1) 대합실, 표내는 곳 방향
(B2) 양천향교역 방향 승강장 4-2 출입문 앞 2호기",EV
9호선,마곡나루,"(1F) 1번/2번 출입구 사이
(B1) 대합실, 1번/2번 출입구 방향 3호기",EV
9호선,마곡나루,"(1F) 마곡 중앙광장 E/S 출입구 뒷 편
(B2) 대합실, 표내는 곳 방향 4호기",EV
9호선,양천향교,"(B1) 표내는곳 내 마곡나루역 방향
(B2) 마곡나루역 방향 승강장 3-2 출입문 근처 1호기",EV
9호선,양천향교,"(B1) 표내는곳 내 가양역 방향
(B2) 가양역 방향 승강장 4-4 출입문 근처 2호기",EV
9호선,양천향교,"(1F) 3, 4번 출입구 사이
(B2)대합실. 3,4번 출입구 방향 3호기",EV
9호선,양천향교,"(1F) 5, 6번 출입구 사이
(B2)대합실. 5,6번 출입구 방향 4호기",EV
9호선,가양,(B2) 양천향교역 방향 승강장 시점 비승차구역 1호기,EV
9호선,가양,(B2) 증미역 방향 승강장 종점 비승차구역 2호기,EV
9호선,가양,"(1F) 4, 5번 출입구 사이 3호기",EV
9호선,가양,"(1F) 8, 9번 출입구 사이 4호기",EV
9호선,증미,"(B1) 표내는곳 내 계단 옆, 가양역 방향
(B2) 증미역 방향 승강장 3-4 출입문 근처 1호기",EV
9호선,증미,"(B1) 표내는곳 내 계단 옆, 등촌역 방향
(B2) 염창역 방향 승강장 3-4 출입문 근처 2호기",EV
9호선,증미,"(1F) 1번 출입구 옆
(B1) 대합실 옆 3호기",EV
9호선,등촌,"(B1) 표내는곳 내 계단 옆, 증미역 방향
(B2) 증미역 방향 승강장 1-1 출입문 근처 1호기",EV
9호선,등촌,"(B1) 표내는곳 내 계단 옆, 염창역 방향
(B2) 염창역 방향 승강장 6-4 출입문 근처 2호기",EV
9호선,등촌,"(1F) 5번 출입구 옆
(B1) 화장실 근처 3호기",EV
9호선,염창,(B2) 등촌역 방향 승강장 3-4/4-1사이 1호기,EV
9호선,염창,(B2) 신목동역 방향 승강장 3-4/4-1사이 2호기,EV
9호선,염창,"(B1)1번/2번 출입구 사이 
 (1F)1번/2번 출입구 사이 3호기",EV
9호선,염창,"(B1)3번/4번 출입구 사이
(1F)3번/4번 출입구 사이 4호기",EV
9호선,신목동,"(B2) 편의점 맞은편 표 내는 곳 내부
(B3) 개화방면 승강장 4-1 출입구 방향  1호기",EV
9호선,신목동,"(B2) 편의점 맞은편 표 내는 곳 내부
(B3) 중앙보훈병원역방면 승강장 4-1 출입구 방향 2호기",EV
9호선,신목동,"(1F) 1,2번 출입구 사이
(B2) 1번 출입구 쪽 원형 대합실 방면 3호기",EV
9호선,신목동,"(1F) 2번 출입구 에스컬레이터 옆 
(B2) 2번 출입구 에스컬레이터 옆 4호기",EV
9호선,선유도,"(B2) 표 내는 곳 내부편의점 맞은편 방향
(B3) 중앙보훈병원방면 승강장 4-1 출입문 방향 1호기",EV
9호선,선유도,"(B2) 표 내는 곳 내부안전관리실 우측
(B3) 개화방면 승강장 3-4 출입문 방향 2호기",EV
9호선,선유도,"(1F) 1,2번 출입구 사이
(B1) 2번 출입구 옆
(B2) E/S 7호기 옆 중앙통로 왼쪽 방향 3호기",EV
9호선,선유도,"(1F) 7,8번 출입구 사이
(B1) 7번 출입구 옆
(B2) E/S 7호기 옆 중앙통로 오른쪽 방향 4호기",EV
9호선,당산,"(B1) 편의점방향 표 내는 곳 내부
(B2) 대합실 환승통로 중앙(에스컬레이터 14호기 좌측)
(B3) 종합운동장방향 승강장 6-4 방향 비승차구역 1호기",EV
9호선,당산,"(F2) 2호선 외선 승강장
(B2) 2호선 환승 외선 에스컬레이터 옆 2호기",EV
9호선,당산,"(F2) 2호선 내선 승강장
(B2) 2호선 환승 내선 에스컬레이터 옆 3호기",EV
9호선,당산,"(1F) 10번 출입구 옆
(B1) 10번 출입구 통로 4호기",EV
9호선,당산,"(1F) 1번,13번 출입구 사이
(B1) 13번 출입구 통로 5호기",EV
9호선,국회의사당,"(B2) 편의점방향 표 내는 곳 내부 화장실 방향  
(B3) 당산역 방향 승강장 5-3 출입문 앞 1호기",EV
9호선,국회의사당,"(1F) 2번, 3번 출입구 사이 
(B2) 2번, 3번 출입구 방향 2호기",EV
9호선,국회의사당,"(1F) 4번, 5번 출입구 사이 
(B2) 4번, 5번 출입구 방향 3호기",EV
9호선,국회의사당,"(1F) 6번 출입구 옆 
(B2) 6번 출입구 방향 4호기",EV
9호선,여의도,"(B1) 편의점 방면 게이트 통과 후 개화방면
(B2) 국회의사당역 방향 승강장 1-1 출입문 옆  1호기",EV
9호선,여의도,"(B1) 편의점 방면 게이트 통과 후 중앙보훈병원방면
(B2) 샛강역 방향 승강장 6-4 출입문 옆 2호기",EV
9호선,샛강,"(B2) 표내는 곳(9호선, 신림선) 방향, 1번~4번 출입구 방향
(B3) 여의도역 방향 승강장 1-1 출입문 옆 1호기",EV
9호선,샛강,"(B2) 표내는 곳(9호선, 신림선) 방향, 1번~4번 출입구 방향
(B3) 노량진역 방향 승강장 6-4 출입문 옆 2호기",EV
9호선,샛강,"(1F) 1번~2번 출입구 사이
(B2) 표내는 곳(9호선, 신림선) 방향, 1번~2번 출입구 방향  3호기",EV
9호선,샛강,"(1F) 3번 출입구 뒤
(B2) 표내는 곳(9호선, 신림선) 방향,  3번 출입구 옆 4호기",EV
9호선,샛강,지하2층 대합실 및 지하1층 대합실 간 1호기,EV
9호선,노량진,"(B1) 표내는 곳 옆, 1호선 환승방향 
(B2) 샛강역 방향 승강장 4-1 출입문 앞 1호기",EV
9호선,노량진,"(B1) 표내는 곳 옆, 1호선 환승방향
(B2) 노들역 방향 승강장 3-4 출입문 앞 2호기",EV
9호선,노량진,"(1F) 8번 출입구 옆
(B1) 9호선 표내는 곳 방향, 8번 출입구 방향 3호기",EV
9호선,노량진,"(1F) 5번~6번 출입구 사이
(B1) 9호선 표내는 곳 방향, 5번~6번 출입구 방향, 화장실 방향 4호기",EV
9호선,노량진,"(1F) 1호선 동인천 특급,급행 승강장(1번홈) 4-4 출입문 앞
(B1) 9호선-1호선 환승통로 환승1호기",EV
9호선,노량진,"(1F) 1호선 용산 특급,급행 승강장(2번홈) 6-4 출입문 앞
(B1) 9호선, 1호선 환승통로 환승2호기",EV
9호선,노량진,"(1F) 1호선 대방역 방향 승강장(4번홈) 4-4 출입문 앞
(B1) 9호선, 1호선 환승통로 환승3호기",EV
9호선,노량진,"(1F) 1호선 용산역 방향 승강장(5번홈) 7-1 출입문 앞
(B1) 9호선, 1호선 환승통로 환승4호기",EV
9호선,노들,"(B2) 노량진역 방향 승강장 3-2 출입문 앞
(B1) 표내는 곳 내측 대합실 노량진역 승강장 방향 1호기",EV
9호선,노들,"(B2) 흑석역 방향 승강장 4-4 출입문 앞
(B1) 표내는 곳 내측 대합실 흑석역 승강장 방향 2호기",EV
9호선,노들,"(1F) 1, 5번 출입구 사이 중간 지점
(B1) 1번출구 방향 국민은행 ATM기 옆 3호기",EV
9호선,노들,"(중층) 3, 4번 출입구 연결 통로
(B1) 3, 4번 출구 방향, 에스컬레이터 9, 10호기 옆 4호기",EV
9호선,노들,"(1F) 3번 출입구 뒤
(중층) 3번출입구 방향 5호기",EV
9호선,노들,"(1F) 5번 출입구 뒤
(B1) 5번 출입구 방향 6호기",EV
9호선,흑석,"(B2) 노들역 방향 승강장 3-3 출입구 앞
(B1) 표 내는 곳 방향 1호기",EV
9호선,흑석,"(B2) 동작역 방향 승강장 4-2 출입구 앞
(B1) 표 내는 곳 방향 2호기",EV
9호선,흑석,"(1F) 1,2번 출입구 사이
(B1) 표내는 곳 방향, 2번 출입구 방향 3호기",EV
9호선,흑석,"(1F) 3,4번 출입구 사이
(B1) 표내는곳 방향, 3,4번 출입구 방향 4호기",EV
9호선,동작,"(B2) 표내는 곳 앞, 5~9번 출입구 방향
(B3) 흑석역방향 승강장 2-1 출입문 앞 1호기",EV
9호선,동작,"(B2) 표내는 곳 앞, 5~9번 출입구 방향
(B3) 구반포역방향 승강장 5-3 출입문 앞 2호기",EV
9호선,동작,"(B2) 4,9호선 환승통로, 1번~9번 출입구 방향
(B3) 흑석역방향 승강장 6-2 출입문 앞 3호기",EV
9호선,동작,"(B2) 4,9호선 환승통로, 1번~9번 출입구 방향
(B3) 구반포역방향 승강장 1-2 출입문 앞 4호기",EV
9호선,동작,"(1F) 5번출입구 옆
(B1) 5번~8번 출입구 방향
(B2) 9호선 표내는 곳 방향, 5번~8번 출입구 방향 5호기",EV
9호선,동작,"(B2) 9호선 환승방향, 5번~9번 출입구 방향
(1F) 환승 표내는곳 앞, 1번~4번 출입구 방향 6호기",EV
9호선,동작,"(B1) 7번~8번 출입구 방향
(1F) 7번~8번 출입구 사이 7호기",EV
9호선,구반포,"(B1) 표내는 곳 방향
(B2) 동작역 방향 승강장 2-1 출입문 앞 1호기",EV
9호선,구반포,"(B1) 표내는 곳 방향
(B2) 고속터미널역 방향 승강장 5-4 출입문 앞 2호기",EV
9호선,구반포,"(1F) 2번~3번 출입구 사이
(B1) 기능실1 출입문 앞 3호기",EV
9호선,신반포,"(B1) 표내는 곳 방향 
(B2) 구반포 방향 승강장 3-4 출입문 앞 1호기",EV
9호선,신반포,"(B1) 표내는 곳 방향 
(B2) 고속터미널 방향 승강장 3-4 출입문 앞 2호기",EV
9호선,신반포,"(1F) 1번,2번 출입구 사이
(B1) 1번,2번 출구 방향 3호기",EV
9호선,신반포,"(1F) 3번,4번 출입구 사이
(B1) 3번 출구 방향 4호기",EV
9호선,고속터미널,"(B2) 9호선 안전관리실 뒤
(B4) 전기실 옆
(B5) 신반포역 방향 승강장 4-4 출입문 앞 1호기",EV
9호선,고속터미널,"(B2) 표내는곳 화장실 옆
(B4) 공연장 앞 
(B5) 사평역 방면 승강장 1-1 출입문 앞  2호기",EV
9호선,고속터미널,"(1F) 1번출입구 뒤 반포지구대 앞
(B1) 1번출구 방향
(B2) 표내는곳 옆 3호기",EV
9호선,고속터미널,"(1F) 8-1번 출입구 뒤
(B1) 8-1번 출구(B1) 옆 
(B2) PS실 출입문 옆 4호기",EV
9호선,고속터미널,지하상가 및 지하1층 대합실 간 1호기,EV
9호선,사평역,"(B1) 표내는곳 방향
(B2) 고속터미널역 방향 중층 연결통로
(B3) 고속터미널역 방향 승강장 4-2 출입문 앞 1호기",EV
9호선,사평역,"(B1) 표내는곳 방향
(B2) 신논현역 방향 중층 연결통로
(B3) 신논현역 방향 승강장 4-1 출입문 앞 2호기",EV
9호선,사평역,"(1F) 1번 출입구 사평로 방향
(M1) 1번 출입구 옆
(B1) 1번 출구 방향, 화장실 방향 3호기",EV
9호선,사평역,"(1F) 2번 출입구 앞
(B1) 2번출구 방향 4호기",EV
9호선,신논현,"(B2) 표내는 곳 방향
(B3) 신분당선 연결통로
(B4) 고속터미널 방향(급행) 승강장 3-4 출입문 앞 1호기",EV
9호선,신논현,"(B2) 표내는 곳 방향
(B3) 신분당선 연결통로
(B4) 언주역 방향 승강장 4-1 출입문 앞 2호기",EV
9호선,신논현,"(1F) 1,2번 출입구 사이 사평역 방향
(B2) 2번출구 방향 3호기",EV
9호선,신논현,"(1F)  8,9번 출입구 사이 교보타워 앞
(B2) 8번출구 방향 4호기",EV
9호선,개화,(1F) 김포공항역 방향 승강장 6-4 출입문 앞 1호기,ES
9호선,개화,(2F) 표 내는 곳 앞 2호기,ES
9호선,개화,(2F) 표 내는 곳 옆  3호기,ES
9호선,개화,(1F) 1번 출입구 앞 4호기,ES
9호선,김포공항,"(B2) 5호선(방화),서해선,김포골드라인 환승 통로 방향 1호기",ES
9호선,김포공항,(B1) 표 내는 곳 내 계단 옆 2호기,ES
9호선,김포공항,(B3) 공항시장역 방향 5-1 출입문 앞 5호기,ES
9호선,김포공항,"(B2) 5호선(방화),서해선,김포골드라인 환승 통로 방향 6호기",ES
9호선,김포공항,(B4) 개화역 방향 2-4 출입문 앞 9호기,ES
9호선,김포공항,(B3) 공항시장역 방향 6-2 출입문 앞 10호기,ES
9호선,김포공항,(B3) 공항시장역 방향 3-3 출입문 앞 13호기,ES
9호선,김포공항,"(B2) 5호선(방화),서해선,김포골드라인 환승 통로 방향 14호기",ES
9호선,김포공항,(B4) 개화역 방향 5-4 출입문 앞 17호기,ES
9호선,김포공항,(B3) 공항시장역 방향 3-2 출입문 앞 18호기,ES
9호선,김포공항,(B3) 공항시장역 방향 2-1 출입문 앞 21호기,ES
9호선,김포공항,"(B2) 5호선(방화),서해선,김포골드라인 환승 통로 방향 22호기",ES
9호선,김포공항,(B4) 개화역 방향 6-4 측 비승차구역 앞 25호기,ES
9호선,김포공항,(B3) 공항시장역 방향 1-4 출입문 앞 26호기,ES
9호선,김포공항,(B3) 공항시장역 방향 3-1 출입문 앞 29호기,ES
9호선,김포공항,"(B2) 5호선(방화),서해선,김포골드라인 환승 통로 방향 30호기",ES
9호선,김포공항,"(B3) 5호선(하남,검단산) 환승 통로 방향 31호기",ES
9호선,김포공항,"(B2) 5호선(하남,검단산) 승강장 방향 32호기",ES
9호선,공항시장,(B4)김포공항역 방향 승강장 2-1 출입문 앞 1호기,ES
9호선,공항시장, (B4)신방화역 방향 승강장 6-1 출입문 앞 2호기,ES
9호선,공항시장,(B3)대합실 3호기,ES
9호선,공항시장,(B4)김포공항역 방향 승강장 3-2 출입문 앞 4호기,ES
9호선,공항시장,(B3)대합실 5호기,ES
9호선,공항시장,(B4)신방화역 방향 승강장 4-3 출입문 앞 6호기,ES
9호선,공항시장,(B4)김포공항역 방향 승강장 5-4 출입문 앞 7호기,ES
9호선,공항시장,(B4)신방화역 방향 승강장 1-4 출입문 앞 8호기,ES
9호선,공항시장,"(B1) 대합실, 표 내는 곳 방향 9호기",ES
9호선,공항시장,(B3)대합실 10호기,ES
9호선,공항시장,(1F) 1번 출입구 11호기,ES
9호선,공항시장,"(B1)대합실, 1번 출입구 방향 12호기",ES
9호선,공항시장,(1F) 2번 출입구 13호기,ES
9호선,공항시장,"(B1)대합실, 2번 출입구 방향 14호기",ES
9호선,공항시장,(1F) 3번 출입구 15호기,ES
9호선,공항시장,"(B1)대합실, 3번 출입구 방향 16호기",ES
9호선,공항시장,(1F) 4번 출입구 17호기,ES
9호선,공항시장,"(B1)대합실, 4번 출입구 방향 18호기",ES
9호선,신방화,(B1) 표 내는 곳 옆 1호기,ES
9호선,신방화,(B2) 공항시장역 방향 1-4 출입문 앞 2호기,ES
9호선,신방화,(B1) 표 내는 곳 옆 3호기,ES
9호선,신방화,(B2) 마곡나루역 방향 6-1 출입문 앞 4호기,ES
9호선,신방화,(B2) 공항시장 방향 4-3 출입문 앞 5호기,ES
9호선,신방화,(B2) 마곡나루역 방향 3-3 출입문 앞 6호기,ES
9호선,신방화,(1F) 1번 출입구 7호기,ES
9호선,신방화,"(B1) 대합실, 1,2,3,6,7,8번 출입구 방향 8호기",ES
9호선,신방화,(1F) 2번 출입구 9호기,ES
9호선,신방화,"(B1) 대합실, 1,2,3,6,7,8번 출입구 방향 10호기",ES
9호선,신방화,(1F) 3번 출입구 11호기,ES
9호선,신방화,"(B1) 대합실, 1,2,3,6,7,8번 출입구 방향 12호기",ES
9호선,신방화,(1F) 4번 출입구 13호기,ES
9호선,신방화,"(B1) 대합실, 4,5번 출입구 방향 14호기",ES
9호선,신방화,(1F) 5번 출입구 15호기,ES
9호선,신방화,"(B1) 대합실, 4,5번 출입구 방향 16호기",ES
9호선,신방화,(1F) 6번 출입구 17호기,ES
9호선,신방화,"(B1) 대합실, 1,2,3,6,7,8번 출입구 방향 18호기",ES
9호선,신방화,(1F) 7번 출입구 19호기,ES
9호선,신방화,"(B1) 대합실, 1,2,3,6,7,8번 출입구 방향 20호기",ES
9호선,신방화,(1F) 8번 출입구 21호기,ES
9호선,신방화,"(B1) 대합실, 1,2,3,6,7,8번 출입구 방향 22호기",ES
9호선,마곡나루,"(B1) 대합실, 1,2,3,4,5,6번 출입구 방향 1호기",ES
9호선,마곡나루,(B2) 신방화역 방향 승강장 2-2 출입문 앞 2호기,ES
9호선,마곡나루,"(B1) 대합실, 1,2,3,4,5,6번 출입구 방향 3호기",ES
9호선,마곡나루,(B2) 양천향교역 방향 승강장 5-3 출입문 앞 4호기,ES
9호선,마곡나루,(B2) 신방화역 방향 승강장 4-3 출입문 앞 5호기,ES
9호선,마곡나루,"(B1) 대합실, 1,2,3,4,5,6번 출입구 방향 6호기",ES
9호선,마곡나루,(B2) 양천향교역 방향 승강장 3-2 출입문 앞 7호기,ES
9호선,마곡나루,"(B1) 대합실, 1,2,3,4,5,6번 출입구 방향 8호기",ES
9호선,마곡나루,(B2) 신방화역 방향 승강장 6-1 출입문 앞 9호기,ES
9호선,마곡나루,(B2) 양천향교역 방향 승강장 1-4 출입문 앞 10호기,ES
9호선,마곡나루,(1F) 1번 출입구 11호기,ES
9호선,마곡나루,"(B1) 대합실, 1번/2번 출입구 방향 12호기",ES
9호선,마곡나루,(1F) 2번 출입구 13호기,ES
9호선,마곡나루,"(B1) 대합실, 1번/2번 출입구 방향 14호기",ES
9호선,양천향교,"(B1) 대합실, 표내는 곳 방향 1호기",ES
9호선,양천향교,(B2) 마곡나루역 방향 승강장 2-1 출입문 앞 2호기,ES
9호선,양천향교,"(B1) 대합실, 표내는 곳 방향 3호기",ES
9호선,양천향교,(B2)가양역 방향 승강장 5-4 출입문 앞 4호기,ES
9호선,양천향교,(B2) 마곡나루역 방향 승강장 4-2 출입문 앞 5호기,ES
9호선,양천향교,"(B1) 대합실, 표내는 곳 방향 6호기",ES
9호선,양천향교,(B2)가양역 방향 승강장 3-3 출입문 앞 7호기,ES
9호선,양천향교,"(B1) 대합실, 표내는 곳 방향 8호기",ES
9호선,양천향교,(B2) 마곡나루역 방향 승강장 5-2 출입문 앞 9호기,ES
9호선,양천향교,(B2)가양역 방향 승강장 2-3 출입문 앞 10호기,ES
9호선,양천향교,(중층) 1번 출입구 연결부 11호기,ES
9호선,양천향교,"(B1) 대합실, 1번 출입구 12호기",ES
9호선,양천향교,(1F) 1번 출입구 13호기,ES
9호선,양천향교,(중층) 1번 출입구 연결부 14호기,ES
9호선,양천향교,(중층) 2번 출입구 계단 연결부 15호기,ES
9호선,양천향교,"(B1) 대합실, 2번 출입구 16호기",ES
9호선,양천향교,(1F) 3번 출입구 17호기,ES
9호선,양천향교,"(B1) 대합실, 3번 출입구 18호기",ES
9호선,양천향교,"(B1) 대합실, 4번 출입구 19호기",ES
9호선,양천향교,(1F) 5번 출입구 20호기,ES
9호선,양천향교,"(B1) 대합실, 5번 출입구 21호기",ES
9호선,양천향교,(1F) 6번 출입구 22호기,ES
9호선,양천향교,"(B1) 대합실, 6번 출입구 23호기",ES
9호선,양천향교,(1F) 7번 출입구 24호기,ES
9호선,양천향교,"(B1) 대합실, 7번 출입구 25호기",ES
9호선,양천향교,(1F) 8번 출입구 26호기,ES
9호선,양천향교,"(B1) 대합실, 8번 출입구 27호기",ES
9호선,가양,"(B2) 양천향교역 방향 승강장, 하선 종점 비승차구역 1호기",ES
9호선,가양,"(B1) 양천향교역 방향 승강장, 대합실 방향 2호기",ES
9호선,가양,"(B2) 증미역 방향 승강장, 상선 시점 비승차구역 3호기",ES
9호선,가양,"(B1) 증미역 방향 승강장, 안전관리실 앞 4호기",ES
9호선,가양,"(B1) 대합실, 표내는 곳 방향 5호기",ES
9호선,가양,"(B2) 양천향교역 방향 승강장, 하선 시점 비승차구역 6호기",ES
9호선,가양,"(B1) 대합실, 표내는 곳 방향 7호기",ES
9호선,가양,"(B2) 증미역 방향 승강장, 상선 종점 비승차구역 8호기",ES
9호선,가양,(1F) 1번 출입구 앞 9호기,ES
9호선,가양,(B1) 1번 출입구 10호기,ES
9호선,가양,(1F) 2번 출입구 앞 11호기,ES
9호선,가양,(중층) 2번 출입구 계단 연결부 12호기,ES
9호선,가양,(1F) 3번 출입구 앞 13호기,ES
9호선,가양,(B1) 3번 출입구 14호기,ES
9호선,가양,(B1) 4번 출입구 15호기,ES
9호선,가양,(1F) 5번 출입구 앞 16호기,ES
9호선,가양,(B1) 5번 출입구 17호기,ES
9호선,가양,(1F) 6번 출입구 앞 18호기,ES
9호선,가양,(B1) 6번 출입구 19호기,ES
9호선,가양,(1F) 7번 출입구 앞 20호기,ES
9호선,가양,(B1) 7번 출입구 21호기,ES
9호선,가양,(B1) 8번 출입구  22호기,ES
9호선,가양,(1F) 9번 출입구 앞 23호기,ES
9호선,가양,(B1) 9번 출입구 24호기,ES
9호선,가양,(중층) 그레이스 힐 지하상가 내 25호기,ES
9호선,가양,(B1) 10번 출입구 26호기,ES
9호선,증미,(B3)가양역 방향 승강장 2-3 출입문 앞 1호기,ES
9호선,증미,(B3)등촌역 방향 승강장 5-2 출입문 앞 2호기,ES
9호선,증미,(B3)가양역 방향 승강장 5-2 출입문 앞 3호기,ES
9호선,증미,(B2) 개찰구 내 4호기,ES
9호선,증미,(B3)등촌역 방향 승강장 2-3 출입문 앞 5호기,ES
9호선,증미,(B2) 개찰구 내 6호기,ES
9호선,증미,(B1)대합실 7호기,ES
9호선,증미,"B1)대합실, 표내는 곳 방향 8호기",ES
9호선,증미,(1F) 1번 출입구 9호기,ES
9호선,증미,"(B1)대합실, 1번 출입구 방향 10호기",ES
9호선,증미,중층 11호기,ES
9호선,증미,"(B1)대합실, 2번 출입구 방향 12호기",ES
9호선,증미,(1F) 2번 출입구 13호기,ES
9호선,증미,중층 14호기,ES
9호선,증미,(1F) 3번 출입구 15호기,ES
9호선,증미,"(B1)대합실, 3번 출입구 방향 16호기",ES
9호선,증미,(1F) 4번 출입구 17호기,ES
9호선,증미,"(B1)대합실, 4번 출입구 방향 18호기",ES
9호선,등촌,"(B1) 편의점 방향 대합실, 표내는곳 1호기",ES
9호선,등촌,(B2) 가양역 1-1 방향 승강장 2호기,ES
9호선,등촌,(B2) 염창역 6-4방향 승강장 3호기,ES
9호선,등촌,"(B1) 편의점 방향 대합실, 표내는곳 4호기",ES
9호선,등촌,"(B1) 안전관리실 방향 대합실, 표내는곳 5호기",ES
9호선,등촌,(B2) 가양역 6-4 방향 승강장 6호기,ES
9호선,등촌,(B2) 염창역 1-1방향 승강장 7호기,ES
9호선,등촌,"(B1) 안전관리실 방향 대합실, 표내는곳 8호기",ES
9호선,등촌,"중층, 편의점 대합실 방향 9호기",ES
9호선,등촌,"(B1)편의점 대합실, 중층 1번 출구 방향 10호기",ES
9호선,등촌,"(1F)1번출입구, 중층 방향 11호기",ES
9호선,등촌,"중층, 1번 출구 방향 12호기",ES
9호선,등촌,"B1)편의점대합실, 표내는 곳 13호기",ES
9호선,등촌,(1F) 2번출입구 14호기,ES
9호선,등촌,"중층, 안전관리실 방향 대합실 15호기",ES
9호선,등촌,"(B1) 안전관리실 방향 대합실, 표내는곳 16호기",ES
9호선,등촌,"(1F)3번출입구, 중층 방향 17호기",ES
9호선,등촌,"중층, (1F)3번 출입구 방향 18호기",ES
9호선,등촌,(1F)4번출입구 19호기,ES
9호선,등촌,"(B1) 안전관리실 방향 대합실, 표내는곳 20호기",ES
9호선,등촌,"(1F) 5번출입구, 중층방향 21호기",ES
9호선,등촌,"5,6번 출입구 방향 중층 22호기",ES
9호선,등촌,"(1F) 6번출입구, 중층방향 23호기",ES
9호선,등촌,"5,6번 출입구 방향 중층 24호기",ES
9호선,등촌,"5,6번 출입구 방향 중층 25호기",ES
9호선,등촌,"(B1) 편의점 방향 대합실, 표내는곳 26호기",ES
9호선,등촌,"(1F) 7번출입구, 중층방향 27호기",ES
9호선,등촌,"7,8번 출구방향 중층 28호기",ES
9호선,등촌,"(B1) 편의점 방향 대합실, 표내는곳 29호기",ES
9호선,등촌,"7,8번 출구방향 중층 30호기",ES
9호선,등촌,(1F)8번출입구 31호기,ES
9호선,등촌,"7,8번 출구방향 중층 32호기",ES
9호선,염창,(B2) 등촌역 방향 승강장 2-4 출입문 앞 1호기,ES
9호선,염창,(B2) 신목동역 방향 승강장 5-1 출입문 앞 2호기,ES
9호선,염창,(B2) 등촌역 방향 승강장 5-1 출입문 앞 3호기,ES
9호선,염창,(B2) 신목동역 방향 승강장 2-4 출입문 앞 4호기,ES
9호선,염창,(1F) 1번 출입구 5호기,ES
9호선,염창,"(B1)대합실, 1번 출입구 방향 6호기",ES
9호선,염창,(1F) 2번 출입구 7호기,ES
9호선,염창,"(B1)대합실, 2번 출입구 방향 8호기",ES
9호선,염창,(1F) 3번 출입구 9호기,ES
9호선,염창,"(B1)대합실, 3번 출입구 방향 10호기",ES
9호선,염창,(1F) 4번 출입구 11호기,ES
9호선,염창,"(B1)대합실, 4번 출입구 방향 12호기",ES
9호선,신목동,(B3) 염창역 방향 승강장 2-3 출입문 앞 1호기,ES
9호선,신목동,(B3) 선유도역 방향 승강장 5-1 출입문 앞 2호기,ES
9호선,신목동,(B3) 염창역 방향 승강장 4-1 출입문 앞 3호기,ES
9호선,신목동,(B3) 선유도역 방향 승강장 3-4 출입문 앞 4호기,ES
9호선,신목동,(B2) 2번 출입구 방향 5호기,ES
9호선,신목동,(중층) 2번 출입구 방향 계단 옆 6호기,ES
9호선,신목동,(1F) 1번 출입구  7호기,ES
9호선,신목동,(B2) 대합실(1번 출입구 방향) 8호기,ES
9호선,신목동,(1F) 2번 출입구  9호기,ES
9호선,신목동,(중층) 2번 출입구 방향 계단 옆 10호기,ES
9호선,선유도,(B3) 개화방면 승강장 2-3 앞 1호기,ES
9호선,선유도,(B3) 중앙보훈병원방면 승강장 5-2 앞 2호기,ES
9호선,선유도,(B3) 개화방면 승강장 5-2 앞 3호기,ES
9호선,선유도,(B3) 중앙보훈병원방면 승강장2-3 앞 4호기,ES
9호선,선유도,(B1) 1번출구 옆 5호기,ES
9호선,선유도,(B2) 대합실 중앙 6호기,ES
9호선,선유도,(B2) 대합실 중앙 7호기,ES
9호선,선유도,(지상) 2번 출입구  8호기,ES
9호선,선유도,(B2) 2번 출입구  9호기,ES
9호선,선유도,"(B2) 대합실 3,4번 출입구 방향 10호기",ES
9호선,선유도,"(B2) 대합실 5,6번 출입구 방향 11호기",ES
9호선,선유도,(지상) 7번 출입구 12호기,ES
9호선,선유도,(B1) 7번 출입구 13호기,ES
9호선,당산,(B3) 선유도역방향 승강장 1-1 비승차구역 1호기,ES
9호선,당산,(B3) 선유도역방향 승강장 1-1 비승차구역 2호기,ES
9호선,당산,(B2) 2호선 환승 대합실 3호기,ES
9호선,당산,(B2) 2호선 환승 대합실 4호기,ES
9호선,당산,(B3) 선유도역방향 승강장 2-4 출입문 앞 5호기,ES
9호선,당산,(B3) 선유도역방향 승강장 2-4 출입문 앞 6호기,ES
9호선,당산,(B2) 대합실 중간 지하철수사대 부근 7호기,ES
9호선,당산,(B2) 대합실 중간 지하철수사대 부근 8호기,ES
9호선,당산,(B3) 선유도역방향 5-4 출입문 앞 9호기,ES
9호선,당산,"(B2) 8,9번출구 방향 대합실 10호기",ES
9호선,당산,(B2) 대합실 중간 지하철수사대 부근 11호기,ES
9호선,당산,(B2) 대합실 중간 지하철수사대 부근 12호기,ES
9호선,당산,"(B1) 대합실(7,10,11,12,13번 출구 방향) 13호기",ES
9호선,당산,"(B1) 대합실(7,10,11,12,13번 출구 방향) 14호기",ES
9호선,당산,3F 2호선 환승 외선(영등포구청역방향) 승강장 15호기,ES
9호선,당산,(B2) 2호선 환승 대합실 16호기,ES
9호선,당산,(B2) 2호선 환승 대합실 17호기,ES
9호선,당산,3F 2호선 환승 내선(합정역방향) 승강장 18호기,ES
9호선,당산,(B2) 2호선 환승 대합실 19호기,ES
9호선,당산,(B2) 2호선 환승 대합실 20호기,ES
9호선,당산,(1F) 7번 출입구 21호기,ES
9호선,당산,"(B1) 대합실(7,10,11,12,13번 출구 방향) 22호기",ES
9호선,당산,(1F) 8번 출입구 23호기,ES
9호선,당산,"(B1) 대합실(7,10,11,12,13번 출구 방향) 24호기",ES
9호선,당산,(1F) 9번 출입구 25호기,ES
9호선,당산,"(B1) 대합실(7,10,11,12,13번 출구 방향) 26호기",ES
9호선,당산,중층 대합실(대우디오빌방향) 27호기,ES
9호선,당산,"(B1) 대합실(7,10,11,12,13번 출구 방향) 28호기",ES
9호선,당산,(1F) 11번 출입구 29호기,ES
9호선,당산,"(B1) 대합실(7,10,11,12,13번 출구 방향) 30호기",ES
9호선,당산,(1F) 12번 출입구 31호기,ES
9호선,당산,"(B1) 대합실(7,10,11,12,13번 출구 방향) 32호기",ES
9호선,당산,(1F) 13번 출입구 33호기,ES
9호선,당산,"(B1) 대합실(7,10,11,12,13번 출구 방향) 34호기",ES
9호선,국회의사당,(B3) 당산역 방향 승강장 1-1 출입문 앞 1호기,ES
9호선,국회의사당,(B2) 표 내는 곳 내부 화장실 옆 2호기,ES
9호선,국회의사당,(B3) 여의도역 방향 승강장 3-4 출입문 앞 3호기,ES
9호선,국회의사당,(B3) 당산역 방향 승강장 6-4 출입문 앞 4호기,ES
9호선,국회의사당,(1F) 1번 출입구 5호기,ES
9호선,국회의사당,(B2) 1번출입구 방향 대합실 6호기,ES
9호선,국회의사당,(1F) 2번 출입구 7호기,ES
9호선,국회의사당,(B2) 2번출입구 방향 대합실 8호기,ES
9호선,국회의사당,(1F) 3번 출입구 9호기,ES
9호선,국회의사당,(B2) 3번출입구 방향 대합실 10호기,ES
9호선,국회의사당,(1F) 4번 출입구 11호기,ES
9호선,국회의사당,(B2) 4번출입구 방향 대합실 12호기,ES
9호선,국회의사당,(1F) 5번 출입구 13호기,ES
9호선,국회의사당,(B2) 5번출입구 방향 대합실 14호기,ES
9호선,국회의사당,(1F) 6번 출입구 15호기,ES
9호선,국회의사당,(B2) 6번출입구 방향 대합실 16호기,ES
9호선,여의도,(B2) 국회의사당역 방향 1-3 출입문 앞 1호기,ES
9호선,여의도,(B2) 샛강역 방향 6-2 출입문 앞 2호기,ES
9호선,여의도,"(B1) 표내는 곳, 5,6번 출구 방향 3호기",ES
9호선,여의도,(B2) 국회의사당역 방향 4-1 출입문 앞 4호기,ES
9호선,여의도,"(B1) 표내는 곳, 5,6번 출구 방향 5호기",ES
9호선,여의도,(B2) 샛강역 방향 3-4 출입문 앞 6호기,ES
9호선,여의도,(B2) 국회의사당역 방향 6-2 출입문 앞 7호기,ES
9호선,여의도,(B2) 샛강역 방향 1-3 출입문 앞 8호기,ES
9호선,여의도,(1F) 5번 출입구 13호기,ES
9호선,여의도,"(B1) 대합실(5,6번 출구 방향) 14호기",ES
9호선,여의도,(1F) 6번 출입구 15호기,ES
9호선,여의도,"(B1) 대합실(5,6번 출구 방향) 16호기",ES
9호선,샛강,(B3) 여의도역 방향 승강장 1-3 출입문 앞 1호기,ES
9호선,샛강,(B3) 노량진역 방향 승강장 6-2 출입문 앞 2호기,ES
9호선,샛강,(B3) 여의도역 방향 승강장 4-1 출입문 앞 3호기,ES
9호선,샛강,(B3) 노량진역 방향 승강장 3-4 출입문 앞 4호기,ES
9호선,샛강,(1F) 1번 출입구 앞 5호기,ES
9호선,샛강,"(B2) 표 내는 곳(9호선, 신림선) 방향,
 1~4번 출입구 방향 6호기",ES
9호선,샛강,(1F) 2번 출입구 앞 7호기,ES
9호선,샛강,"(B2) 표 내는 곳(9호선, 신림선) 방향,
 1~4번 출입구 방향 8호기",ES
9호선,샛강,(1F) 3번 출입구 앞 9호기,ES
9호선,샛강,"(B2) 표 내는 곳(9호선, 신림선) 방향,
 1~4번 출입구 방향 10호기",ES
9호선,샛강,(1F) 4번 출입구 앞 11호기,ES
9호선,샛강,"(B2) 표 내는 곳 방향, 1~4번 출입구 방향 12호기",ES
9호선,노량진,(B2) 샛강역 방향 승강장 2-4 출입문 앞 1호기,ES
9호선,노량진,(B2) 노들역 방향 승강장 5-1 출입문 앞 2호기,ES
9호선,노량진,(B2) 샛강역 방향 승강장 5-2 출입문 앞 3호기,ES
9호선,노량진,(B2) 노들역 방향 승강장 2-3 출입문 앞 4호기,ES
9호선,노량진,(1F) 7번 출입구 방향 5호기,ES
9호선,노량진,"(B1) 표내는 곳 방향, 4번~6번 출입구 방향 6호기",ES
9호선,노량진,(1F) 8번 출입구 앞 7호기,ES
9호선,노량진,"(B1) 표내는 곳 방향, 3번 출입구 방향 8호기",ES
9호선,노량진,(1F) 3번출입구 방향 9호기,ES
9호선,노량진,"(B1) 표내는 곳 방향, 8번 출입구 방향 10호기",ES
9호선,노량진,(1F) 4번 출입구 방향 11호기,ES
9호선,노량진,"(B1) 표내는 곳 방향, 5번~7번 출입구 방향 12호기",ES
9호선,노량진,(중층) 5번 출입구 방향 13호기,ES
9호선,노량진,"(B1) 표내는 곳 방향, 4번~6번 출입구 방향 14호기",ES
9호선,노량진,(1F) 6번출입구 앞 15호기,ES
9호선,노량진,"(B1) 표내는 곳 방향, 4번, 5번 출입구 방향 16호기",ES
9호선,노량진,(1F) 5번출입구 앞 17호기,ES
9호선,노량진,"(중층) 표내는 곳 방향, 5번 출입구 방향 18호기",ES
9호선,노량진,(중층) 메가스터디타워 방향 19호기,ES
9호선,노량진,"(B1) 표내는 곳 방향, 3번, 8번 출입구 방향 20호기",ES
9호선,노량진,(1F) 3-1번출입구 앞 21호기,ES
9호선,노량진,(중층) 메가스터디타워 방향 22호기,ES
9호선,노량진,"(B1) 9호선, 1호선 환승통로 환승17호기호기",ES
9호선,노량진,(1F) 1호선 용산역 방향 5-2 출입문 앞 환승18호기호기,ES
9호선,노량진,"(B1) 9호선, 1호선 환승통로 환승19호기호기",ES
9호선,노량진,(1F) 1호선 대방역 방향 6-3 출입문 앞 환승20호기호기,ES
9호선,노들,(B2) 노량진역 방향 승강장 2-1 출입문 앞 1호기,ES
9호선,노들,(B2) 흑석역 방향 승강장 5-4 출입문 앞 2호기,ES
9호선,노들,(B2) 노량진역 방향 승강장 4-2 출입문 앞 3호기,ES
9호선,노들,(B2) 흑석역 방향 승강장 3-3 출입문 앞 4호기,ES
9호선,노들,(1F) 1번 출입구 앞 5호기,ES
9호선,노들,"(B1) 표내는 곳 방향, 1번, 5번 출입구 방향 6호기",ES
9호선,노들,(1F) 2번 출입구 앞 7호기,ES
9호선,노들,"(B1) 표내는 곳 방향, 2번~4번 출입구 방향 8호기",ES
9호선,노들,"(중층) 3번, 4번 출입구 방향 연결통로 9호기",ES
9호선,노들,"(B1) 표내는 곳 방향, 2번 출입구 방향 10호기",ES
9호선,노들,(1F) 3번 출입구 앞 11호기,ES
9호선,노들,"(중층) 3번, 4번 출입구 연결통로, 표내는 곳 방향 12호기",ES
9호선,노들,(1F) 4번 출입구 앞 13호기,ES
9호선,노들,"(중층) 3번, 4번 출입구 연결통로, 표내는 곳 방향 14호기",ES
9호선,노들,(1F) 5번 출입구 앞 15호기,ES
9호선,노들,"(B1) 표내는 곳 방향, 1번, 5번 출입구 방향 16호기",ES
9호선,흑석,(B2) 노들역 방향 승강장 2-2 출입구 앞 1호기,ES
9호선,흑석,(B2) 동작역 방향 승강장 5-3 출입구 앞 2호기,ES
9호선,흑석,(B2) 노들역 방향 승강장 4-4 출입구 앞 3호기,ES
9호선,흑석,(B2) 동작역 방향 승강장 3-1 출입구 앞 4호기,ES
9호선,흑석,(1F) 1번 출입구 앞 5호기,ES
9호선,흑석,"(B1) 표내는곳 방향, 화장실 옆, 1번 출입구 방향 6호기",ES
9호선,흑석,"(중층) 2번, 3번 출입구 연결통로 7호기",ES
9호선,흑석,"(B1) 표내는곳 방향, 2번 출입구 방향 8호기",ES
9호선,흑석,(1F) 2번 출입구 앞 9호기,ES
9호선,흑석,"(중층) 2번, 3번 출입구 연결통로 10호기",ES
9호선,흑석,"(중층) 2번, 3번 출입구 연결통로 11호기",ES
9호선,흑석,"(B1) 표내는곳 방향, 3번 출입구 방향 12호기",ES
9호선,흑석,(1F) 3번 출입구 앞 13호기,ES
9호선,흑석,"(중층) 2번, 3번 출입구 연결통로 14호기",ES
9호선,흑석,"(B1) 표내는곳 방향, 4번 출입구 방향 15호기",ES
9호선,흑석,(1F) 4번 출입구 앞 16호기,ES
9호선,동작,(B3) 흑석역 방향 승강장 1-1 출입문 앞 1호기,ES
9호선,동작,"(B2) 표내는 곳 앞, 5번~9번 출입구 방향 2호기",ES
9호선,동작,(B3) 구반포역 방향 승강장 6-4 출입문 앞 3호기,ES
9호선,동작,"(B2) 표내는 곳 앞, 5번~9번 출입구 방향 4호기",ES
9호선,동작,(B3) 흑석역 방향 4-1 출입문 앞 5호기,ES
9호선,동작,(B3) 구반포역 방향 3-3 출입문 앞 6호기,ES
9호선,동작,"(B2) 1번~4번 출구 방향, 4호선 환승통로 방향 7호기",ES
9호선,동작,(B3) 흑석역 방향 승강장 6-4 출입문 뒤 8호기,ES
9호선,동작,"(B2) 1번~4번 출구 방향, 4호선 환승통로 방향 9호기",ES
9호선,동작,(B3) 구반포역 방향 승강장 1-1 출입문 앞 10호기,ES
9호선,동작,"(2F) 환승 표내는 곳 앞, 4호선 환승 방향, 
1번~4번출입구 방향 11호기",ES
9호선,동작,"(2F) 환승 표내는 곳 앞, 4호선 환승 방향, 
1번~4번출입구 방향 12호기",ES
9호선,동작,"(B2) 9호선 환승 방향, 5번~9번출입구 방향 13호기",ES
9호선,동작,"(B2) 9호선 환승 방향, 5번~9번출입구 방향 14호기",ES
9호선,동작,(B1) 5번~8번출입구 방향 15호기,ES
9호선,동작,"(B2) 표내는 곳 앞, 5번~8번출입구 방향 16호기",ES
9호선,동작,"(B2) 4,9호선 환승 방향 17호기",ES
9호선,동작,(1F) 5번출입구 앞 18호기,ES
9호선,동작,"(B1) 5번~8번출구 방향, 9호선 표내는 곳 방향 19호기",ES
9호선,동작,(1F) 9번출입구 앞 20호기,ES
9호선,동작,"(B2) 9호선 표내는 곳 방향, 5번~8번 출입구 방향 21호기",ES
9호선,구반포,(B2) 동작역 방향 승강장 1-3지점 출입문 앞 1호기,ES
9호선,구반포,"(B1) 표내는 곳, 동작역 방향 2호기",ES
9호선,구반포,(B2) 신반포역 방향  승강장 6-2지점 출입문 앞 3호기,ES
9호선,구반포,"(B1) 표내는 곳, 신반포역 방향 4호기",ES
9호선,구반포,(B2) 동작역 방향 승강장 4-1지점 출입문 앞 5호기,ES
9호선,구반포,(B2) 신반포역 방향 승강장 3-4지점 출입문 앞 6호기,ES
9호선,구반포,(1F) 1번 출입구 방향 7호기,ES
9호선,구반포,"(B1) 나가는 곳, 1번 출입구 방향 8호기",ES
9호선,구반포,(중층) 1번 출입구 방향 9호기,ES
9호선,구반포,"(B1) 2,3번 출입구 방향 10호기",ES
9호선,구반포,"(중층) 2,3번 출입구 방향 11호기",ES
9호선,구반포,"(중층) 2,3번출입구 방향 12호기",ES
9호선,신반포,(B2) 구반포역 방향 승강장 2-3 출입문 앞 1호기,ES
9호선,신반포,(B2) 고속터미널역 방향 승강장 5-2 출입문 앞 2호기,ES
9호선,신반포,(B2) 구반포역 방향 승강장 5-2 출입문 앞 3호기,ES
9호선,신반포,"(B1) 나가는 곳, 1~4 출입구 방향 4호기",ES
9호선,신반포,(B2) 고속터미널역 방향 승강장 2-3 출입문 앞 5호기,ES
9호선,신반포,"(B1) 나가는 곳, 1~4 출입구 방향 6호기",ES
9호선,신반포,(1F) 1번 출입구 방향 7호기,ES
9호선,신반포,"(B1) 나가는 곳, 1번 출입구 방향 8호기",ES
9호선,신반포,(1F) 2번 출입구 방향 9호기,ES
9호선,신반포,"(B1) 나가는 곳, 2번 출입구 방향 10호기",ES
9호선,신반포,(1F) 3번 출입구 방향 11호기,ES
9호선,신반포,"(B1) 나가는 곳, 3번 출입구 방향 12호기",ES
9호선,신반포,(1F) 4번 출입구 방향 13호기,ES
9호선,신반포,"(B1) 나가는 곳, 4번 출입구 방향 14호기",ES
9호선,고속터미널,"(B4) 타는 곳, 개화/동작 방향 1호기",ES
9호선,고속터미널,(B5) 신반포역 방향 승강장 2-3 출입문 앞 2호기,ES
9호선,고속터미널,"(B4) 타는 곳, 신논현/중앙보훈병원 방향 3호기",ES
9호선,고속터미널,(B5) 사평역 방향 승강장 5-3 출입문 앞 4호기,ES
9호선,고속터미널,(B5) 신반포역 방향 승강장 5-1 출입문 앞 5호기,ES
9호선,고속터미널,"(B4) 타는 곳, 개화/동작 방향 6호기",ES
9호선,고속터미널,(B5) 사평역 방향 승강장 2-4 출입문 앞 7호기,ES
9호선,고속터미널,(B5) 사평역 방향 승강장 2-4 출입문 앞 8호기,ES
9호선,고속터미널,"(B4) 타는 곳, 개화/동작 방향 9호기",ES
9호선,고속터미널,(B5) 신반포역 방향 승강장 6-3 출입문 앞 10호기,ES
9호선,고속터미널,"(B4) 타는 곳, 신논현/중앙보훈병원 방향 11호기",ES
9호선,고속터미널,(B5) 사평역 방향 승강장 1-2 출입문 앞 12호기,ES
9호선,고속터미널,"(B4) 갈아타는 곳, 3/7호선 방향 13호기",ES
9호선,고속터미널,"(B4) 갈아타는 곳, 3/7호선 방향 14호기",ES
9호선,고속터미널,"(B2) 타는 곳, 개화/중앙보훈병원 방향 15호기",ES
9호선,고속터미널,"(B2) 타는 곳, 개화/중앙보훈병원 방향 16호기",ES
9호선,고속터미널,"(B2) 타는 곳, 개화/중앙보훈병원 방향 17호기",ES
9호선,고속터미널,"(B4) 갈아타는 곳, 3/7호선 방향 18호기",ES
9호선,고속터미널,"(B1) 타는 곳, 개화/중앙보훈병원 방향 19호기",ES
9호선,고속터미널,"(B2) 타는 곳, 개화/중앙보훈병원 방향 20호기",ES
9호선,고속터미널,"(B1) 타는 곳, 개화/중앙보훈병원 방향 21호기",ES
9호선,고속터미널,"(B2) 나가는 곳, 1번 출입구 방향 22호기",ES
9호선,고속터미널,"(B1) 타는 곳, 개화/중앙보훈병원 방향 23호기",ES
9호선,고속터미널,"(B2) 나가는 곳, 8-1/8-2번 출입구 방향 24호기",ES
9호선,고속터미널,"(B4) 나가는 곳, 8-1/8-2번 출입구 방향 25호기",ES
9호선,고속터미널,"(B2) 타는 곳, 개화/중앙보훈병원 방향 26호기",ES
9호선,고속터미널,(1F) 1번 출입구 방향 27호기,ES
9호선,고속터미널,"(B2) 나가는 곳, 1번 출입구 방향 28호기",ES
9호선,고속터미널,(1F) 8-2번 출입구 방향 29호기,ES
9호선,고속터미널,"(B1) 나가는 곳, 8-2번 출입구 방향 30호기",ES
9호선,고속터미널,(1F) 8-1번 출입구 방향 31호기,ES
9호선,고속터미널,"(B1) 나가는 곳, 8-1번 출입구 방향 32호기",ES
9호선,사평,"(B1) 타는 곳, 개화/고속터미널 방향 1호기",ES
9호선,사평,(B3) 고속터미널역 방향 승강장 2-1 출입문 앞 2호기,ES
9호선,사평,"(B1) 타는 곳, 신논현/중앙보훈병원 방향 3호기",ES
9호선,사평,(B3) 신논현역 방향 승강장 5-4 출입문 앞 4호기,ES
9호선,사평,(B3) 고속터미널역 방향 승강장 6-2 출입문 앞 5호기,ES
9호선,사평,"(B1) 타는 곳, 개화/고속터미널 방향 6호기",ES
9호선,사평,(B3) 신논현역 방향 승강장 1-3 출입문 앞 7호기,ES
9호선,사평,"(B1) 타는 곳, 신논현/중앙보훈병원 방향 8호기",ES
9호선,사평,(1F) 1번 출입구 방향 9호기,ES
9호선,사평,"(B1) 나가는 곳, 1번 출입구 방향 10호기",ES
9호선,사평,(1F) 2번 출입구 방향 11호기,ES
9호선,사평,(1F) 2번 출입구 방향 12호기,ES
9호선,사평,"(B1) 나가는 곳, 2번 출입구 방향 13호기",ES
9호선,사평,"(B1) 나가는 곳, 2번 출입구 방향 14호기",ES
9호선,사평,"(중층) 타는 곳, 개화/중앙보훈병원 15호기",ES
9호선,사평,"(중층) 타는 곳, 개화/중앙보훈병원 16호기",ES
9호선,사평,"(B1) 나가는 곳, 2번 출입구 방향 17호기",ES
9호선,사평,"(B1) 나가는 곳, 2번 출입구 방향 18호기",ES
9호선,신논현,"(B2) 타는 곳, 개화 방향  1호기",ES
9호선,신논현,(B4) 사평역 방향 1-4 출입문 앞 2호기,ES
9호선,신논현,"(B2) 타는 곳, 중앙보훈병원 방향  3호기",ES
9호선,신논현,(B4) 언주역 방향 6-1 출입문 앞 4호기,ES
9호선,신논현,(B4) 사평역 방향 6-1 출입문 앞 5호기,ES
9호선,신논현,"(B2)  타는 곳, 개화 방향  6호기",ES
9호선,신논현,(B4) 언주역 방향 2-1 출입문 방향 7호기,ES
9호선,신논현,"(B2) 타는 곳, 중앙보훈병원 방향 8호기",ES
9호선,신논현, (중층) 1번 출입구 방향 9호기,ES
9호선,신논현,(B2) 1번 출입구 방향 10호기,ES
9호선,신논현,(1F) 2번 출입구 방향 11호기,ES
9호선,신논현,"(B2) 나가는 곳, 2번 출입구 방향 12호기",ES
9호선,신논현,(중층) 3번 출입구 방향 13호기,ES
9호선,신논현,"(B2) 나가는 곳, 3번 출입구 방향 14호기",ES
9호선,신논현,(중층) 4번 출입구 방향 15호기,ES
9호선,신논현,"(B2) 나가는 곳, 4번 출입구 방향 16호기",ES
9호선,신논현,(1F) 5번 출입구 방향 17호기,ES
9호선,신논현,"(B2) 나가는 곳, 5번 출입구 방향 18호기",ES
9호선,신논현,(1F) 8번 출입구 방향 19호기,ES
9호선,신논현,"(B2) 나가는 곳, 8번 출입구 방향 20호기",ES
9호선,신논현,"(B2) 나가는 곳, 9번 출입구 방향 21호기",ES
9호선,신논현,(중층) 9번 출입구 방향 22호기,ES
9호선,동작,(B2) 9호선 환승통로 앞 1호기,MW
9호선,동작,(B2) 9호선 환승통로 앞 2호기,MW
9호선,고속터미널,(B2) 9호선 환승통로 앞 1호기,MW
9호선,고속터미널,(B2) 9호선 환승통로 앞 2호기,MW
9호선,고속터미널,(B2) 9호선 환승통로 앞 3호기,MW
9호선,고속터미널,(B2) 9호선 환승통로 앞 4호기,MW
,면목,승강기)에스컬레이터-면목 내부 2호기,ES
,면목,승강기)엘리베이터-면목 내부1,EV
,면목,승강기)엘리베이터-면목 내부2,EV
,면목,승강기)엘리베이터-면목 외부3,EV
,서울역(1),승강기)에스컬레이터-서울(1)역 4번출구 4호기,ES
,서울역(1),승강기)에스컬레이터-서울(1)역 4번출구 5호기,ES
,서울역(1),승강기)에스컬레이터-서울(1)역 상행(9-3) 3호기,ES
,서울역(1),승강기)에스컬레이터-서울(1)역 하행(2-3) 2호기,ES
,서울역(1),승강기)에스컬레이터-서울역(1) 4호선연결통로 1호기,ES
,서울역(1),승강기)엘리베이터-서울(1)역 2번 출구측 외부#1,EV
,서울역(1),승강기)엘리베이터-서울(1)역 3번 출구측 외부#3,EV
,서울역(1),승강기)엘리베이터-서울(1)역 4번 출구측 외부#2,EV
,서울역(1),승강기)엘리베이터-서울(1)역 섬식(상) 5-1 내부#1,EV
,시청(1),승강기)에스컬레이터-시청(1) 1번출구 3호기,ES
,시청(1),승강기)에스컬레이터-시청(1) 5번출구 1호기,ES
,시청(1),승강기)에스컬레이터-시청(1) 5번출구 2호기,ES
,시청(1),승강기)엘리베이터-시청(1) 1-2번 출구사이 외부#1,EV
,시청(1),승강기)엘리베이터-시청(1) 상행 3-2 내부#1,EV
,시청(1),승강기)엘리베이터-시청(1) 하행 8-3 내부#2,EV
,종각,승강기)에스컬레이터-종각 1번출구 상행1,ES
,종각,승강기)에스컬레이터-종각 1번출구 상행2,ES
,종각,승강기)엘리베이터-종각 1번 출구측 외부#2,EV
,종각,승강기)엘리베이터-종각 3번 출구측 외부#1,EV
,종각,승강기)엘리베이터-종각 상행 6-4 내부#1,EV
,종각,승강기)엘리베이터-종각 하행 4-4 내부#2,EV
,종로3가(1),승강기)에스컬레이터-종로3가(1) 14번출구 3호기,ES
,종로3가(1),승강기)에스컬레이터-종로3가(1) 14번출구 4호기,ES
,종로3가(1),승강기)에스컬레이터-종로3가(1) 1번출구 1호기,ES
,종로3가(1),승강기)에스컬레이터-종로3가(1) 1번출구 2호기,ES
,종로3가(1),승강기)엘리베이터-종로3가(1) 12-13번 출구측 외부#1,EV
,종로3가(1),승강기)엘리베이터-종로3가(1) 상행 4-4 내부#1,EV
,종로3가(1),승강기)엘리베이터-종로3가(1) 하행 6-4 내부#2,EV
,종로5가,"승강기)엘리베이터-종로5가 8,9번 출입구 외부#1",EV
,종로5가,승강기)엘리베이터-종로5가 상행 8-3 내부#1,EV
,종로5가,승강기)엘리베이터-종로5가 하행 3-2 내부#2,EV
,동대문(1),승강기)에스컬레이터-동대문(1) 1번 출구 1호기,ES
,동대문(1),승강기)엘리베이터-동대문(1) 6번 출구측 외부#1,EV
,동대문(1),승강기)엘리베이터-동대문(1) 상행 10-4 내부#1,EV
,동대문(1),승강기)엘리베이터-동대문(1) 하행 2-1 내부#2,EV
,신설동(1),승강기)엘리베이터-신설동(1) 1번 출구측 외부#1,EV
,신설동(1),"승강기)엘리베이터-신설동(1) 2,3번 출구사이 외부#2",EV
,신설동(1),"승강기)엘리베이터-신설동(1) 4,5번 출구사이 외부#3",EV
,신설동(1),승강기)엘리베이터-신설동(1) 상행 3-4 내부#1,EV
,신설동(1),승강기)엘리베이터-신설동(1) 하행 8-1 내부#2,EV
,신설동(1),승강기)휠체어리프트-신설동(1) 승강장 내부1,WL
,신설동(1),승강기)휠체어리프트-신설동(1) 승강장 내부2,WL
,신설동(1),승강기)휠체어리프트-신설동(1) 연결통로 내부3,WL
,신설동(1),승강기)휠체어리프트-신설동(1) 연결통로 내부4,WL
,제기동,승강기)에스컬레이터-제기동 2번출구 상행2,ES
,제기동,승강기)에스컬레이터-제기동 2번출구 하행1,ES
,제기동,승강기)엘리베이터-제기동 1번 출구측 외부#1,EV
,제기동,승강기)엘리베이터-제기동 상행 9-4 내부#1,EV
,제기동,승강기)엘리베이터-제기동 하행 2-1 내부#2,EV
,청량리(1),승강기)에스컬레이터-청량리 2번출구 상행4,ES
,청량리(1),승강기)에스컬레이터-청량리 2번출구 하행3,ES
,청량리(1),승강기)에스컬레이터-청량리 6번출구 상행2,ES
,청량리(1),승강기)에스컬레이터-청량리 6번출구 하행1,ES
,청량리(1),승강기)에스컬레이터-청량리(1) 5번출구 상행6,ES
,청량리(1),승강기)에스컬레이터-청량리(1) 5번출구 하행5,ES
,청량리(1),승강기)엘리베이터-청량리 2번 출구측 외부#2,EV
,청량리(1),승강기)엘리베이터-청량리 6번 출구측 외부#1,EV
,청량리(1),승강기)휠체어리프트-청량리 환승통로 내부2,WL
,동묘앞(1),승강기)에스컬레이터-동묘앞(1) 1번출구 7호기,ES
,동묘앞(1),승강기)에스컬레이터-동묘앞(1) 1번출구 8호기,ES
,동묘앞(1),승강기)에스컬레이터-동묘앞(1) 2번출구 10호기,ES
,동묘앞(1),승강기)에스컬레이터-동묘앞(1) 2번출구 9호기,ES
,동묘앞(1),승강기)에스컬레이터-동묘앞(1) 3번출구 11호기,ES
,동묘앞(1),승강기)에스컬레이터-동묘앞(1) 3번출구 12호기,ES
,동묘앞(1),승강기)에스컬레이터-동묘앞(1) 시청방향(2-4) 5호기,ES
,동묘앞(1),승강기)에스컬레이터-동묘앞(1) 시청방향(2-4) 6호기,ES
,동묘앞(1),승강기)에스컬레이터-동묘앞(1) 시청방향(5-4) 4호기,ES
,동묘앞(1),승강기)에스컬레이터-동묘앞(1) 청량리방향(6-2) 3호기,ES
,동묘앞(1),승강기)에스컬레이터-동묘앞(1) 청량리방향(9-1) 1호기,ES
,동묘앞(1),승강기)에스컬레이터-동묘앞(1) 청량리방향(9-1) 2호기,ES
,동묘앞(1),승강기)엘리베이터-동묘앞 1-10번 출구사이 외부#1,EV
,동묘앞(1),승강기)엘리베이터-동묘앞 3번 출구측 외부#2,EV
,동묘앞(1),승강기)엘리베이터-동묘앞 본관건물(상)6-2 내부#1,EV
,동묘앞(1),승강기)엘리베이터-동묘앞 상행 10-3 내부#2,EV
,동묘앞(1),승강기)엘리베이터-동묘앞 상행 4-8 내부#3,EV
,동묘앞(1),승강기)엘리베이터-동묘앞 하행 1-2 내부#5,EV
,동묘앞(1),승강기)엘리베이터-동묘앞 하행 7-3 내부#4,EV
,시청(2),승강기)에스컬레이터-시청(2) 내부화장실 근접 5호기,ES
,시청(2),승강기)에스컬레이터-시청(2) 내부화장실 근접 6호기,ES
,시청(2),승강기)에스컬레이터-시청(2) 서울역방향 1-4 근접 3호기,ES
,시청(2),승강기)에스컬레이터-시청(2) 서울역방향 1-4 근접 4호기,ES
,시청(2),승강기)엘리베이터-시청(2) 9번 출구측 외부#1,EV
,시청(2),승강기)엘리베이터-시청(2) 섬식(외) 6-2 내부#1,EV
,을지로입구,승강기)에스컬레이터-을지로입구 1번출구 상행4,ES
,을지로입구,승강기)에스컬레이터-을지로입구 1번출구 상행6,ES
,을지로입구,승강기)에스컬레이터-을지로입구 1번출구 하행3,ES
,을지로입구,승강기)에스컬레이터-을지로입구 1번출구 하행5,ES
,을지로입구,승강기)에스컬레이터-을지로입구 8번출구 상행2,ES
,을지로입구,승강기)에스컬레이터-을지로입구 8번출구 하행1,ES
,을지로입구,승강기)엘리베이터-을지로입구 1번 출구측 외부#1,EV
,을지로입구,승강기)엘리베이터-을지로입구 5번 출구측 외부#2,EV
,을지로입구,승강기)엘리베이터-을지로입구 내선 6-2 내부#2,EV
,을지로입구,승강기)엘리베이터-을지로입구 외선 5-3 내부#1,EV
,을지로3가(2),승강기)엘리베이터-을지로3가(2) 내선 3-2 내부#2,EV
,을지로3가(2),승강기)엘리베이터-을지로3가(2) 외선 8-3 내부#1,EV
,을지로4가(2),승강기)에스컬레이터-을지로4가(2) 5번 출입구 1,ES
,을지로4가(2),승강기)에스컬레이터-을지로4가(2) 5번 출입구 2,ES
,을지로4가(2),승강기)엘리베이터-을지로4가 8번 출구측 외부#1,EV
,을지로4가(2),승강기)엘리베이터-을지로4가 내선 8-3 내부#2,EV
,을지로4가(2),승강기)엘리베이터-을지로4가 외선 3-2 내부#1,EV
,동대문역사문화공원(2),승강기)에스컬레이터-동역사(2) 3번출구 1호기,ES
,동대문역사문화공원(2),승강기)에스컬레이터-동역사(2) 3번출구 2호기,ES
,동대문역사문화공원(2),승강기)엘리베이터-동역사(2) 1번 출구측 외부#1,EV
,동대문역사문화공원(2),승강기)엘리베이터-동역사(2) 내선 3-2 내부#2,EV
,동대문역사문화공원(2),승강기)엘리베이터-동역사(2) 외선 8-3 내부#1,EV
,신당(2),승강기)에스컬레이터-신당(2) 3번출구 1호기,ES
,신당(2),승강기)에스컬레이터-신당(2) 3번출구 2호기,ES
,신당(2),승강기)엘리베이터-신당 2번 출구측 외부#1,EV
,신당(2),승강기)엘리베이터-신당 내선 7-4 내부#2,EV
,신당(2),승강기)엘리베이터-신당 외선 3-4 내부#1,EV
,상왕십리,승강기)에스컬레이터-상왕십리 1-1번출구 5호기,ES
,상왕십리,승강기)에스컬레이터-상왕십리 1-1번출구 6호기,ES
,상왕십리,승강기)에스컬레이터-상왕십리 1-1번출구 7호기,ES
,상왕십리,승강기)에스컬레이터-상왕십리 1-1번출구 8호기,ES
,상왕십리,승강기)에스컬레이터-상왕십리 1번출구 1호기,ES
,상왕십리,승강기)에스컬레이터-상왕십리 1번출구 2호기,ES
,상왕십리,승강기)에스컬레이터-상왕십리 1번출구 3호기,ES
,상왕십리,승강기)에스컬레이터-상왕십리 1번출구 4호기,ES
,상왕십리,승강기)엘리베이터-상왕십리 내선 3-4 내부#2,EV
,상왕십리,승강기)엘리베이터-상왕십리 외부#1,EV
,상왕십리,승강기)엘리베이터-상왕십리 외선 8-1 내부#1,EV
,왕십리(2),승강기)에스컬레이터-왕십리 3번출구 상행2,ES
,왕십리(2),승강기)에스컬레이터-왕십리 3번출구 하행1,ES
,왕십리(2),승강기)에스컬레이터-왕십리 내선 2-3 상행6,ES
,왕십리(2),승강기)에스컬레이터-왕십리 내선 2-3 하행5,ES
,왕십리(2),승강기)에스컬레이터-왕십리 내선 3-1 상행8,ES
,왕십리(2),승강기)에스컬레이터-왕십리 내선 3-1 하행7,ES
,왕십리(2),승강기)에스컬레이터-왕십리 외선 7-1 상행4,ES
,왕십리(2),승강기)에스컬레이터-왕십리 외선 7-7 하행3,ES
,왕십리(2),승강기)엘리베이터-왕십리 내선 3-4 내부#2,EV
,왕십리(2),승강기)엘리베이터-왕십리 외선 3-2 내부#1,EV
,한양대,승강기)에스컬레이터-한양대 1번출구 하행 1,ES
,한양대,승강기)에스컬레이터-한양대 2번출구 상행 2,ES
,한양대,승강기)엘리베이터-한양대 4번 출구(육교) 외부#1,EV
,한양대,승강기)엘리베이터-한양대 섬식(외) 3-3 내부#1,EV
,한양대,승강기)휠체어리프트-한양대 내부 내부1,WL
,뚝섬,승강기)에스컬레이터-뚝섬 2번 출구 3호기,ES
,뚝섬,승강기)에스컬레이터-뚝섬 2번 출구 4호기,ES
,뚝섬,승강기)에스컬레이터-뚝섬 3번 출구 7호기,ES
,뚝섬,승강기)에스컬레이터-뚝섬 3번 출구 8호기,ES
,뚝섬,승강기)에스컬레이터-뚝섬 5번 출구 1호기,ES
,뚝섬,승강기)에스컬레이터-뚝섬 5번 출구 2호기,ES
,뚝섬,승강기)에스컬레이터-뚝섬 8번 출구 5호기,ES
,뚝섬,승강기)에스컬레이터-뚝섬 8번 출구 6호기,ES
,뚝섬,승강기)엘리베이터-뚝섬 3번 출구측 외부#1,EV
,뚝섬,승강기)엘리베이터-뚝섬 6번 출구측 외부#2,EV
,뚝섬,승강기)엘리베이터-뚝섬 내선 7-1 내부#2,EV
,뚝섬,승강기)엘리베이터-뚝섬 외선 7-1 내부#1,EV
,성수,승강기)에스컬레이터-성수 1번출구 1호기,ES
,성수,승강기)에스컬레이터-성수 1번출구 2호기,ES
,성수,승강기)에스컬레이터-성수 2번출구 3호기,ES
,성수,승강기)에스컬레이터-성수 2번출구 4호기,ES
,성수,승강기)에스컬레이터-성수 3번출구 5호기,ES
,성수,승강기)에스컬레이터-성수 3번출구 6호기,ES
,성수,승강기)에스컬레이터-성수 4번출구 7호기,ES
,성수,승강기)에스컬레이터-성수 4번출구 8호기,ES
,성수,승강기)엘리베이터-성수 1번 출구측 외부#1,EV
,성수,승강기)엘리베이터-성수 4번 출구측 외부#2,EV
,성수,승강기)엘리베이터-성수 내선 4-4 내부#2,EV
,성수,승강기)엘리베이터-성수 외선 7-1 내부#1,EV
,건대입구(2),승강기)에스컬레이터-건대입구 6번출구 상행2,ES
,건대입구(2),승강기)에스컬레이터-건대입구 6번출구 하행1,ES
,건대입구(2),승강기)엘리베이터-건대입구 7-3~6번 출구측 외부#1,EV
,건대입구(2),승강기)엘리베이터-건대입구 섬식(외)5-4 내부#1,EV
,구의,승강기)에스컬레이터-구의 1번출구 상행2,ES
,구의,승강기)에스컬레이터-구의 1번출구 하행1,ES
,구의,승강기)에스컬레이터-구의 2번출구 상행6,ES
,구의,승강기)에스컬레이터-구의 2번출구 하행5,ES
,구의,승강기)에스컬레이터-구의 4번출구 상행4,ES
,구의,승강기)에스컬레이터-구의 4번출구 하행3,ES
,구의,승강기)엘리베이터-구의 2번 출구측 외부#1,EV
,구의,승강기)엘리베이터-구의 섬식(외)4-3 내부#1,EV
,강변,승강기)에스컬레이터-강변역 내부 1호기,ES
,강변,승강기)에스컬레이터-강변역 내부 2호기,ES
,강변,승강기)엘리베이터-강변 내선 7-3 내부#2,EV
,강변,승강기)엘리베이터-강변 외선 4-2 내부#1,EV
,잠실나루,승강기)에스컬레이터-잠실나루 2번출구 3호기,ES
,잠실나루,승강기)에스컬레이터-잠실나루 2번출구 4호기,ES
,잠실나루,승강기)에스컬레이터-잠실나루 내부 1호기,ES
,잠실나루,승강기)에스컬레이터-잠실나루 내부 2호기,ES
,잠실나루,승강기)엘리베이터-잠실나루 내선 8-1 내부#2,EV
,잠실나루,승강기)엘리베이터-잠실나루 외선 3-4 내부#1,EV
,잠실(2),승강기)에스컬레이터-잠실 1번출구 상행4,ES
,잠실(2),승강기)에스컬레이터-잠실 1번출구 하행3,ES
,잠실(2),승강기)에스컬레이터-잠실 2번출구 상행6,ES
,잠실(2),승강기)에스컬레이터-잠실 2번출구 하행5,ES
,잠실(2),승강기)에스컬레이터-잠실 5번출구 상행2,ES
,잠실(2),승강기)에스컬레이터-잠실 5번출구 하행1,ES
,잠실(2),승강기)에스컬레이터-잠실(2) 내부 7호기,ES
,잠실(2),승강기)에스컬레이터-잠실(2) 내부 8호기,ES
,잠실(2),"승강기)엘리베이터-잠실 1,2번출구측 외부#2",EV
,잠실(2),승강기)엘리베이터-잠실 6번 출구측 외부#1,EV
,잠실(2),승강기)엘리베이터-잠실 내선 6-3 내부#2,EV
,잠실(2),승강기)엘리베이터-잠실 외선 5-2 내부#1,EV
,잠실(2),승강기)휠체어리프트-잠실 상가측 연결계단 내부1,WL
,잠실새내,승강기)에스컬레이터-잠실새내 1번출구 상행1,ES
,잠실새내,승강기)에스컬레이터-잠실새내 2번출구 상행3,ES
,잠실새내,승강기)에스컬레이터-잠실새내 2번출구 하행2,ES
,잠실새내,승강기)에스컬레이터-잠실새내 5번출구 상행5,ES
,잠실새내,승강기)에스컬레이터-잠실새내 5번출구 하행4,ES
,잠실새내,승강기)에스컬레이터-잠실새내 6번출구 상행7,ES
,잠실새내,승강기)에스컬레이터-잠실새내 6번출구 하행6,ES
,잠실새내,승강기)에스컬레이터-잠실새내 7번출구 상행9,ES
,잠실새내,승강기)에스컬레이터-잠실새내 7번출구 하행8,ES
,잠실새내,승강기)에스컬레이터-잠실새내 8번출구 상행11,ES
,잠실새내,승강기)에스컬레이터-잠실새내 8번출구 하행10,ES
,잠실새내,승강기)엘리베이터-잠실새내 2번 출구측 외부#2,EV
,잠실새내,승강기)엘리베이터-잠실새내 7번 출구측 외부#1,EV
,잠실새내,승강기)엘리베이터-잠실새내 내선 4-1 내부#2,EV
,잠실새내,승강기)엘리베이터-잠실새내 외선 7-3 내부#1,EV
,종합운동장(2),승강기)에스컬레이터-종합운동장 1번출구 4호기,ES
,종합운동장(2),승강기)에스컬레이터-종합운동장 1번출구 5호기,ES
,종합운동장(2),승강기)에스컬레이터-종합운동장 4번출구 1호기,ES
,종합운동장(2),승강기)에스컬레이터-종합운동장 4번출구 2호기,ES
,종합운동장(2),승강기)에스컬레이터-종합운동장 8번출구 3호기,ES
,종합운동장(2),승강기)엘리베이터-종합운동장 6번 출구측 외부#1,EV
,종합운동장(2),승강기)엘리베이터-종합운동장 내선 8-4 내부#2,EV
,종합운동장(2),승강기)엘리베이터-종합운동장 외선 2-4 내부#1,EV
,삼성,승강기)에스컬레이터-삼성 3번 출입구 1호기,ES
,삼성,승강기)에스컬레이터-삼성 3번 출입구 2호기,ES
,삼성,승강기)에스컬레이터-삼성 7번 출입구 3호기,ES
,삼성,승강기)에스컬레이터-삼성 7번 출입구 4호기,ES
,삼성,승강기)엘리베이터-삼성 1번 출구측 외부#1,EV
,삼성,승강기)엘리베이터-삼성 4번 출구측 외부#4,EV
,삼성,승강기)엘리베이터-삼성 6번 출구측 외부#2,EV
,삼성,승강기)엘리베이터-삼성 8번 출구측 외부#3,EV
,삼성,승강기)엘리베이터-삼성 섬식(외) 3-1 내부#1,EV
,삼성,승강기)휠체어리프트-삼성 코엑스연결계단 내부1,WL
,선릉(2),승강기)에스컬레이터-선릉 4번출구 상행2,ES
,선릉(2),승강기)에스컬레이터-선릉 4번출구 하행1,ES
,선릉(2),승강기)엘리베이터-선릉 10번 출구측 외부#3,EV
,선릉(2),승강기)엘리베이터-선릉 1번 출구측 외부#1,EV
,선릉(2),승강기)엘리베이터-선릉 5번 출구측 외부#2,EV
,역삼,"승강기)에스컬레이터-역삼 1,2번출구 5호기",ES
,역삼,"승강기)에스컬레이터-역삼 1,2번출구 6호기",ES
,역삼,승강기)에스컬레이터-역삼 2번출구 13호기,ES
,역삼,승강기)에스컬레이터-역삼 2번출구 14호기,ES
,역삼,승강기)에스컬레이터-역삼 3번출구 10호기,ES
,역삼,승강기)에스컬레이터-역삼 3번출구 9호기,ES
,역삼,승강기)에스컬레이터-역삼 4번출구 11호기,ES
,역삼,승강기)에스컬레이터-역삼 4번출구 12호기,ES
,역삼,승강기)에스컬레이터-역삼 5~8번출구 7호기,ES
,역삼,승강기)에스컬레이터-역삼 5~8번출구 8호기,ES
,역삼,승강기)에스컬레이터-역삼 외부 1호기,ES
,역삼,승강기)에스컬레이터-역삼 외부 2호기,ES
,역삼,승강기)에스컬레이터-역삼 외부 3호기,ES
,역삼,승강기)에스컬레이터-역삼 외부 4호기,ES
,역삼,승강기)엘리베이터-역삼 3번 출구측 외부#1,EV
,역삼,승강기)엘리베이터-역삼 4번 출구측 외부#2,EV
,역삼,승강기)엘리베이터-역삼 내선 4-1 내부#2,EV
,역삼,승강기)엘리베이터-역삼 외선 7-3 내부#1,EV
,강남(2),승강기)엘리베이터-강남 10번 출구측 외부#2,EV
,강남(2),승강기)엘리베이터-강남 1번 출구측 외부#1,EV
,강남(2),승강기)엘리베이터-강남 내선 3-4 내부#2,EV
,강남(2),승강기)엘리베이터-강남 외선 8-1 내부#1,EV
,교대(2),승강기)에스컬레이터-교대(2) 11번 출입구 3호기,ES
,교대(2),승강기)에스컬레이터-교대(2) 11번 출입구 4호기,ES
,교대(2),승강기)에스컬레이터-교대(2) 6번출구 1호기,ES
,교대(2),승강기)에스컬레이터-교대(2) 6번출구 2호기,ES
,교대(2),승강기)엘리베이터-교대(2) 5번 출구측 외부#1,EV
,교대(2),승강기)엘리베이터-교대(2) 내선 3-1 내부#2,EV
,교대(2),승강기)엘리베이터-교대(2) 외선 8-4 내부#1,EV
,서초,"승강기)에스컬레이터-서초 3,4번출구 상행8",ES
,서초,"승강기)에스컬레이터-서초 3,4번출구 하행7",ES
,서초,승강기)에스컬레이터-서초 3번출구 상행 4,ES
,서초,승강기)에스컬레이터-서초 3번출구 하행 3,ES
,서초,승강기)에스컬레이터-서초 4번출구 상행 6,ES
,서초,승강기)에스컬레이터-서초 4번출구 하행 5,ES
,서초,승강기)에스컬레이터-서초 6번출구 상행 2,ES
,서초,승강기)에스컬레이터-서초 6번출구 하행 1,ES
,서초,승강기)엘리베이터-서초  4번출구 외부#2,EV
,서초,승강기)엘리베이터-서초 1번 출구측 외부#1,EV
,서초,승강기)엘리베이터-서초 내선 9-1 내부#2,EV
,서초,승강기)엘리베이터-서초 외선 2-4 내부#1,EV
,방배,승강기)에스컬레이터-방배 4번출구 1호기,ES
,방배,승강기)에스컬레이터-방배 4번출구 2호기,ES
,방배,승강기)엘리베이터-방배 3번 출구측 외부#1,EV
,방배,승강기)엘리베이터-방배 내선 3-1 내부#2,EV
,방배,승강기)엘리베이터-방배 외선 8-3 내부#1,EV
,사당(2),승강기)에스컬레이터-사당(2) 14번출구 10호기,ES
,사당(2),승강기)에스컬레이터-사당(2) 14번출구 9호기,ES
,사당(2),승강기)에스컬레이터-사당(2) 5번출구 11호기,ES
,사당(2),승강기)에스컬레이터-사당(2) 5번출구 12호기,ES
,사당(2),승강기)에스컬레이터-사당(2) 내선(3-3) 5호기,ES
,사당(2),승강기)에스컬레이터-사당(2) 내선(3-3) 6호기,ES
,사당(2),승강기)에스컬레이터-사당(2) 내선(8-1) 7호기,ES
,사당(2),승강기)에스컬레이터-사당(2) 내선(8-1) 8호기,ES
,사당(2),승강기)에스컬레이터-사당(2) 외선(3-3) 1호기,ES
,사당(2),승강기)에스컬레이터-사당(2) 외선(3-3) 2호기,ES
,사당(2),승강기)에스컬레이터-사당(2) 외선(8-1) 3호기,ES
,사당(2),승강기)에스컬레이터-사당(2) 외선(8-1) 4호기,ES
,사당(2),승강기)에스컬레터-사당(2) E/S 1200형 13호기,ES
,사당(2),승강기)에스컬레터-사당(2) E/S 1200형 14호기,ES
,사당(2),승강기)엘리베이터-사당(2) 14번 출구측 외부#1,EV
,사당(2),승강기)엘리베이터-사당(2) 6번 출구측 외부#2,EV
,사당(2),승강기)엘리베이터-사당(2) 섬식(외)4-4 내부#1,EV
,낙성대,승강기)에스컬레이터-낙성대 1번출구 상행4,ES
,낙성대,승강기)에스컬레이터-낙성대 1번출구 하행3,ES
,낙성대,승강기)에스컬레이터-낙성대 4번출구 상행2,ES
,낙성대,승강기)에스컬레이터-낙성대 4번출구 하행1,ES
,낙성대,승강기)에스컬레이터-낙성대 5번출구5,ES
,낙성대,승강기)에스컬레이터-낙성대 5번출구6,ES
,낙성대,승강기)에스컬레이터-낙성대 8번출구 에스컬레이터 7호기,ES
,낙성대,승강기)에스컬레이터-낙성대 8번출구 에스컬레이터 8호기,ES
,낙성대,승강기)엘리베이터-낙성대 6번 출구측 외부#1,EV
,낙성대,승강기)엘리베이터-낙성대 내선 3-3 내부#2,EV
,낙성대,승강기)엘리베이터-낙성대 외선 8-2 내부#1,EV
,서울대입구,승강기)에스컬레이터-서울대입구 3번출구 5호기,ES
,서울대입구,승강기)에스컬레이터-서울대입구 3번출구 6호기,ES
,서울대입구,승강기)에스컬레이터-서울대입구 4번출구 7호기,ES
,서울대입구,승강기)에스컬레이터-서울대입구 4번출구 8호기,ES
,서울대입구,승강기)에스컬레이터-서울대입구 내선(6-1) 2호기,ES
,서울대입구,승강기)에스컬레이터-서울대입구 내선(9-1) 1호기,ES
,서울대입구,승강기)에스컬레이터-서울대입구 외선(5-3) 3호기,ES
,서울대입구,승강기)에스컬레이터-서울대입구 외선(9-1) 4호기,ES
,서울대입구,승강기)엘리베이터-서울대입구 2번 출구측 외부#2,EV
,서울대입구,승강기)엘리베이터-서울대입구 6번 출구측 외부#1,EV
,서울대입구,승강기)엘리베이터-서울대입구 섬식(외)6-3 내부#1,EV
,봉천,승강기)에스컬레이터-봉천 3번출구 3호기,ES
,봉천,승강기)에스컬레이터-봉천 3번출구 4호기,ES
,봉천,승강기)에스컬레이터-봉천 4번출구 7호기,ES
,봉천,승강기)에스컬레이터-봉천 4번출구 8호기,ES
,봉천,승강기)에스컬레이터-봉천 6번출구 5호기,ES
,봉천,승강기)에스컬레이터-봉천 6번출구 6호기,ES
,봉천,승강기)에스컬레이터-봉천 외선(5-3) 1호기,ES
,봉천,승강기)에스컬레이터-봉천 외선(6-2) 2호기,ES
,봉천,승강기)엘리베이터-봉천 4번 출구측 외부#1,EV
,봉천,승강기)엘리베이터-봉천 섬식(외)6-3 내부#1,EV
,신림,승강기)에스컬레이터-신림 2번출구 2호기,ES
,신림,승강기)에스컬레이터-신림 2번출구 3호기,ES
,신림,승강기)에스컬레이터-신림 4번출구 4호기,ES
,신림,승강기)에스컬레이터-신림 4번출구 5호기,ES
,신림,승강기)에스컬레이터-신림 5번 출구측 6호기,ES
,신림,승강기)에스컬레이터-신림 5번 출구측 7호기,ES
,신림,승강기)에스컬레이터-신림 8번출구 8호기,ES
,신림,승강기)에스컬레이터-신림 8번출구 9호기,ES
,신림,승강기)엘리베이터-신림 1번 출구측 외부#1,EV
,신림,승강기)엘리베이터-신림 5번 출구측 외부#2,EV
,신림,승강기)엘리베이터-신림 섬식(외) 4-4 내부#1,EV
,신대방,승강기)에스컬레이터-신대방 내선(3-4) 1호기,ES
,신대방,승강기)에스컬레이터-신대방 내선(3-4) 2호기,ES
,신대방,승강기)에스컬레이터-신대방 내선(8-3) 3호기,ES
,신대방,승강기)에스컬레이터-신대방 내선(8-3) 4호기,ES
,신대방,승강기)에스컬레이터-신대방 외선(3-1) 5호기,ES
,신대방,승강기)에스컬레이터-신대방 외선(3-1) 6호기,ES
,신대방,승강기)에스컬레이터-신대방 외선(7-1) 7호기,ES
,신대방,승강기)에스컬레이터-신대방 외선(7-1) 8호기,ES
,신대방,승강기)엘리베이터-신대방 1번 출구측 외부#1,EV
,신대방,승강기)엘리베이터-신대방 내선 8-1 내부#2,EV
,신대방,승강기)엘리베이터-신대방 외선 3-4 내부#1,EV
,구로디지털단지,승강기)에스컬레이터-구로디지털단지 2번출구 상행1,ES
,구로디지털단지,승강기)에스컬레이터-구로디지털단지 3번출구 하행2,ES
,구로디지털단지,승강기)에스컬레이터-구로디지털단지 5번출구 상행4,ES
,구로디지털단지,승강기)에스컬레이터-구로디지털단지 5번출구 하행3,ES
,구로디지털단지,"승강기)엘리베이터-구로디지털단지 #2,3출입구 외부엘리베이터 2호기",EV
,구로디지털단지,승강기)엘리베이터-구로디지털단지 6번 출구측 외부#1,EV
,구로디지털단지,승강기)엘리베이터-구로디지털단지 내선 7-4 내부#2,EV
,구로디지털단지,승강기)엘리베이터-구로디지털단지 외선 3-4 내부#1,EV
,대림(2),승강기)에스컬레이터-대림 1번출구 상행2,ES
,대림(2),승강기)에스컬레이터-대림 1번출구 하행1,ES
,대림(2),승강기)에스컬레이터-대림 5번출구 상행6,ES
,대림(2),승강기)에스컬레이터-대림 5번출구 하행5,ES
,대림(2),승강기)에스컬레이터-대림 8번출구 상행4,ES
,대림(2),승강기)에스컬레이터-대림 8번출구 하행3,ES
,대림(2),승강기)엘리베이터-대림 4번 출구측(육교) 외부#2,EV
,대림(2),승강기)엘리베이터-대림 7번 출구측(육교) 외부#1,EV
,대림(2),승강기)엘리베이터-대림 내선 8-3 내부#2,EV
,대림(2),승강기)엘리베이터-대림 외선 3-2 내부#1,EV
,신도림(2),승강기)에스컬레이터-신도림 내부 1호기,ES
,신도림(2),승강기)에스컬레이터-신도림 내부 2호기,ES
,신도림(2),승강기)에스컬레이터-신도림 내부 3호기,ES
,신도림(2),승강기)에스컬레이터-신도림 내부 4호기,ES
,신도림(2),승강기)에스컬레이터-신도림 내부 5호기,ES
,신도림(2),승강기)에스컬레이터-신도림 내부 6호기,ES
,신도림(2),승강기)에스컬레이터-신도림 내부 7호기,ES
,신도림(2),승강기)에스컬레이터-신도림 내부 8호기,ES
,신도림(2),승강기)에스컬레이터-신도림 내부 9호기,ES
,신도림(2),승강기)엘리베이터-신도림 1번 출구측 외부#1,EV
,신도림(2),승강기)엘리베이터-신도림 2번 출구측 외부#2,EV
,신도림(2),승강기)엘리베이터-신도림 섬식 3-2 내부#1,EV
,신도림(2),승강기)엘리베이터-신도림 섬식 4-4 내부#2,EV
,문래,승강기)에스컬레이터-문래 1번출구 상행2,ES
,문래,승강기)에스컬레이터-문래 1번출구 하행1,ES
,문래,승강기)에스컬레이터-문래 2번출구 상행4,ES
,문래,승강기)에스컬레이터-문래 2번출구 하행3,ES
,문래,승강기)엘리베이터-문래 1번 출구측 외부#2,EV
,문래,승강기)엘리베이터-문래 5번 출구측 외부#1,EV
,문래,승강기)엘리베이터-문래 내선 4-1 내부#2,EV
,문래,승강기)엘리베이터-문래 외선 7-4 내부#1,EV
,영등포구청(2),승강기)에스컬레이터-영등포구청 1번출구 상행2,ES
,영등포구청(2),승강기)에스컬레이터-영등포구청 1번출구 하행1,ES
,영등포구청(2),승강기)에스컬레이터-영등포구청(2) 4번출입구 3호기,ES
,영등포구청(2),승강기)에스컬레이터-영등포구청(2) 4번출입구 4호기,ES
,영등포구청(2),승강기)엘리베이터-영등포구청 2번 출구측 외부#1,EV
,영등포구청(2),승강기)엘리베이터-영등포구청 내선 3-1 내부#2,EV
,영등포구청(2),승강기)엘리베이터-영등포구청 외선 8-4 내부#1,EV
,영등포구청(2),승강기)엘리베이터-영등포구청(2) #5출입구 외부엘리베이터 2호기,EV
,당산(2),승강기)에스컬레이터-당산 3번출구 상행1,ES
,당산(2),승강기)엘리베이터-당산 3번 출구측 외부#2,EV
,당산(2),승강기)엘리베이터-당산 4번 출구측 외부#1,EV
,당산(2),승강기)엘리베이터-당산 내선 3-2 내부#2,EV
,당산(2),승강기)엘리베이터-당산 외선 8-3 내부#1,EV
,합정(2),승강기)에스컬레이터-합정(2) 2번출구 3호기,ES
,합정(2),승강기)에스컬레이터-합정(2) 2번출구 4호기,ES
,합정(2),승강기)에스컬레이터-합정(2) 내부 1호기,ES
,합정(2),승강기)에스컬레이터-합정(2) 내부 2호기,ES
,합정(2),승강기)엘리베이터-합정 1번 출구측 외부#2,EV
,합정(2),승강기)엘리베이터-합정 4번 출구측 외부#1,EV
,합정(2),승강기)엘리베이터-합정 내선 7-3 내부#2,EV
,합정(2),승강기)엘리베이터-합정 외선 4-1 내부#1,EV
,홍대입구(2),승강기)에스컬레이터-홍대입구 1번출구 5호기,ES
,홍대입구(2),승강기)에스컬레이터-홍대입구 1번출구 6호기,ES
,홍대입구(2),승강기)에스컬레이터-홍대입구 1번출구 7호기,ES
,홍대입구(2),승강기)에스컬레이터-홍대입구 1번출구 8호기,ES
,홍대입구(2),승강기)에스컬레이터-홍대입구 2번출구 3호기,ES
,홍대입구(2),승강기)에스컬레이터-홍대입구 2번출구 4호기,ES
,홍대입구(2),승강기)에스컬레이터-홍대입구 내선(7-3) 1호기,ES
,홍대입구(2),승강기)에스컬레이터-홍대입구 외선(4-1) 2호기,ES
,홍대입구(2),승강기)엘리베이터-홍대입구 8번 출구측 외부#1,EV
,홍대입구(2),승강기)엘리베이터-홍대입구 섬식(외)7-2 내부#1,EV
,신촌,승강기)에스컬레이터-신촌 6번출구3,ES
,신촌,승강기)에스컬레이터-신촌 6번출구4,ES
,신촌,승강기)에스컬레이터-신촌 7번출구 상행2,ES
,신촌,승강기)에스컬레이터-신촌 7번출구 하행1,ES
,신촌,승강기)엘리베이터-신촌 4번 출구측 외부#1,EV
,신촌,승강기)엘리베이터-신촌 6번 출구측 외부#2,EV
,신촌,승강기)엘리베이터-신촌 내선 4-4 내부#2,EV
,신촌,승강기)엘리베이터-신촌 외선 8-4 내부#1,EV
,이대,승강기)에스컬레이터-이대 내부 1호기,ES
,이대,승강기)에스컬레이터-이대 내부 2호기,ES
,이대,승강기)에스컬레이터-이대 내부 3호기,ES
,이대,승강기)에스컬레이터-이대 내부 4호기,ES
,이대,승강기)엘리베이터-이대 6번 출구측 외부#1,EV
,이대,승강기)엘리베이터-이대 섬식(외)2-2 내부#1,EV
,이대,승강기)엘리베이터-이대역 2번 출구측 외부#2,EV
,아현,승강기)에스컬레이터-아현 1번출구 1호기,ES
,아현,승강기)에스컬레이터-아현 1번출구 2호기,ES
,아현,승강기)엘리베이터-아현 1번 출구측 외부#2,EV
,아현,승강기)엘리베이터-아현 3번 출구측 외부#1,EV
,아현,승강기)엘리베이터-아현 내선 4-3 내부#2,EV
,아현,승강기)엘리베이터-아현 외선 7-2 내부#1,EV
,충정로(2),승강기)에스컬레이터-충정로(2) 내부 1호기,ES
,충정로(2),승강기)에스컬레이터-충정로(2) 내부 2호기,ES
,충정로(2),승강기)에스컬레이터-충정로(2) 내부 3호기,ES
,충정로(2),승강기)에스컬레이터-충정로(2) 내부 4호기,ES
,충정로(2),승강기)엘리베이터-충정로 5번 출구측 외부#1,EV
,충정로(2),승강기)엘리베이터-충정로 섬식(외)2-1 내부#1,EV
,용답,승강기)엘리베이터-성수방면 3-3 내부2호기,EV
,용답,승강기)엘리베이터-신답방면 2-2 내부1호기,EV
,용답,승강기)휠체어리프트-용답 대합실 내부2,WL
,신답,승강기)엘리베이터-신답 내선 3-2 내부#2,EV
,신답,승강기)엘리베이터-신답 외선 2-4 내부#1,EV
,신설동(2),승강기)엘리베이터-신설동(2) 9번 출구측 외부#1,EV
,신설동(2),승강기)엘리베이터-신설동(2) 섬식(외) 4-3 내부#1,EV
,신설동(2),엘리베이터-신설동(2) 외부 E/L 외부2,EV
,도림천,승강기)엘리베이터-도림천 1~2번 출구측 외부#1,EV
,도림천,승강기)엘리베이터-도림천 섬식(지) 4-4 내부#1,EV
,양천구청,승강기)에스컬레이터-양천구청 1번 출입구 1호기,ES
,양천구청,승강기)에스컬레이터-양천구청 1번 출입구 2호기,ES
,양천구청,승강기)엘리베이터-양천구청 1번 출구측 외부#1,EV
,양천구청,승강기)엘리베이터-양천구청 내선 3-3 내부#2,EV
,양천구청,승강기)엘리베이터-양천구청 외선 4-1 내부#1,EV
,신정네거리,승강기)에스컬레이터-신정네거리 1번출구 1호기,ES
,신정네거리,승강기)에스컬레이터-신정네거리 1번출구 2호기,ES
,신정네거리,승강기)에스컬레이터-신정네거리 2번출구 3호기,ES
,신정네거리,승강기)에스컬레이터-신정네거리 2번출구 4호기,ES
,신정네거리,"승강기)엘리베이터-신정네거리 2,3번출구측 외부#1",EV
,신정네거리,승강기)엘리베이터-신정네거리 내선 3-4 내부#2,EV
,신정네거리,승강기)엘리베이터-신정네거리 외선 4-1 내부#1,EV
,신정네거리,"승강기)휠체어리프트-신정네거리 2,3번 출구 내부1",WL
,용두,승강기)에스컬레이터-용두 1번출구 3호기,ES
,용두,승강기)에스컬레이터-용두 1번출구 4호기,ES
,용두,승강기)에스컬레이터-용두 2번출구 5호기,ES
,용두,승강기)에스컬레이터-용두 2번출구 6호기,ES
,용두,승강기)에스컬레이터-용두 3번출구 7호기,ES
,용두,승강기)에스컬레이터-용두 3번출구 8호기,ES
,용두,승강기)에스컬레이터-용두 4번출구 10호기,ES
,용두,승강기)에스컬레이터-용두 4번출구 9호기,ES
,용두,승강기)에스컬레이터-용두 5번출구 11호기,ES
,용두,승강기)에스컬레이터-용두 5번출구 12호기,ES
,용두,승강기)에스컬레이터-용두 성수방향(3-1) 2호기,ES
,용두,승강기)에스컬레이터-용두 신설동방향(2-4) 1호기,ES
,용두,승강기)엘리베이터-용두 3번 출구측 외부#1,EV
,용두,승강기)엘리베이터-용두 4번 출구측 외부#2,EV
,용두,승강기)엘리베이터-용두 내선 4-3 내부#2,EV
,용두,승강기)엘리베이터-용두 외선 1-1 내부#1,EV
,지축,승강기)엘리베이터-지축 섬식(상) 2-1 내부#1,EV
,구파발,승강기)에스컬레이터-구파발 3번출구 1호기,ES
,구파발,승강기)에스컬레이터-구파발 3번출구 2호기,ES
,구파발,승강기)에스컬레이터-구파발역 2번출구 3호기,ES
,구파발,승강기)에스컬레이터-구파발역 2번출구 4호기,ES
,구파발,승강기)엘리베이터-구파발 1번 출구측 외부#1,EV
,구파발,승강기)엘리베이터-구파발 섬식(상) 5-3 내부#1,EV
,연신내(3),승강기)에스컬레이터-연신내(3) 2번출구 상행2,ES
,연신내(3),승강기)에스컬레이터-연신내(3) 2번출구 하행1,ES
,연신내(3),승강기)에스컬레이터-연신내(3) 4번출구 상행4,ES
,연신내(3),승강기)에스컬레이터-연신내(3) 4번출구 하행3,ES
,연신내(3),승강기)엘리베이터-연신내 섬식(상) 6-1 내부#1,EV
,불광(3),승강기)에스컬레이터-불광(3) 5번출구 상행2,ES
,불광(3),승강기)에스컬레이터-불광(3) 5번출구 하행1,ES
,불광(3),승강기)엘리베이터-불광 1번 출구측 외부#1,EV
,불광(3),승강기)엘리베이터-불광 상행 3-3 내부#1,EV
,불광(3),승강기)엘리베이터-불광 하행 8-2 내부#2,EV
,불광(3),승강기)엘리베이터-불광(3) 3번 출구측 외부#2,EV
,녹번,승강기)에스컬레이터-녹번 1번출구 1호기,ES
,녹번,승강기)에스컬레이터-녹번 1번출구 2호기,ES
,녹번,승강기)엘리베이터-녹번 1번출구 외부#2,EV
,녹번,승강기)엘리베이터-녹번 3번 출구측 외부#1,EV
,녹번,승강기)엘리베이터-녹번 섬식(상) 3-1 내부#1,EV
,홍제,승강기)엘리베이터-홍제 1번 출구측 외부#2,EV
,홍제,승강기)엘리베이터-홍제 4번 출구측 외부#1,EV
,홍제,승강기)엘리베이터-홍제 섬식(상) 3-4 내부#1,EV
,무악재,승강기)엘리베이터-무악재 1번 출구측 외부#1,EV
,무악재,승강기)엘리베이터-무악재 상행 3-3 내부#1,EV
,무악재,승강기)엘리베이터-무악재 하행 8-2 내부#2,EV
,독립문,승강기)에스컬레이터-독립문 3-1번출구 5호기,ES
,독립문,승강기)에스컬레이터-독립문 3-1번출구 6호기,ES
,독립문,승강기)에스컬레이터-독립문 4번 출입구 7호기,ES
,독립문,승강기)에스컬레이터-독립문 4번 출입구 8호기,ES
,독립문,승강기)에스컬레이터-독립문 내부 1호기,ES
,독립문,승강기)에스컬레이터-독립문 내부 2호기,ES
,독립문,승강기)에스컬레이터-독립문 내부 3호기,ES
,독립문,승강기)에스컬레이터-독립문 내부 4호기,ES
,독립문,승강기)엘리베이터-독립문 4번 출구측 외부#1,EV
,독립문,승강기)엘리베이터-독립문 섬식(상) 9-1 내부#1,EV
,경복궁,승강기)에스컬레이터-경복궁 3-1번출구 10호기,ES
,경복궁,승강기)에스컬레이터-경복궁 3-1번출구 9호기,ES
,경복궁,승강기)에스컬레이터-경복궁 내부 1호기,ES
,경복궁,승강기)에스컬레이터-경복궁 내부 2호기,ES
,경복궁,승강기)에스컬레이터-경복궁 내부 3호기,ES
,경복궁,승강기)에스컬레이터-경복궁 내부 4호기,ES
,경복궁,승강기)에스컬레이터-경복궁 내부 5호기,ES
,경복궁,승강기)에스컬레이터-경복궁 내부 6호기,ES
,경복궁,승강기)에스컬레이터-경복궁 내부 7호기,ES
,경복궁,승강기)에스컬레이터-경복궁 내부 8호기,ES
,경복궁,승강기)엘리베이터-경복궁 4번 출구측 외부#1,EV
,경복궁,승강기)엘리베이터-경복궁 섬식(상) 6-2 내부#1,EV
,안국,승강기)에스컬레이터-안국 5번출구 10호기,ES
,안국,승강기)에스컬레이터-안국 5번출구 9호기,ES
,안국,승강기)에스컬레이터-안국 내부 1호기,ES
,안국,승강기)에스컬레이터-안국 내부 2호기,ES
,안국,승강기)에스컬레이터-안국 내부 3호기,ES
,안국,승강기)에스컬레이터-안국 내부 4호기,ES
,안국,승강기)에스컬레이터-안국 내부 5호기,ES
,안국,승강기)에스컬레이터-안국 내부 6호기,ES
,안국,승강기)에스컬레이터-안국 내부 7호기,ES
,안국,승강기)에스컬레이터-안국 내부 8호기,ES
,안국,승강기)엘리베이터-안국 6번 출구측 외부#1,EV
,안국,승강기)엘리베이터-안국 섬식(상) 3-2 내부#1,EV
,종로3가(3),승강기)무빙워크-종로3가(3) 1호선연결통로 1,MW
,종로3가(3),승강기)무빙워크-종로3가(3) 5호선연결통로 2,MW
,종로3가(3),승강기)에스컬레이터-종로3가(3) 1호선연결통로 2호기,ES
,종로3가(3),승강기)에스컬레이터-종로3가(3) 2-1출구 6호기,ES
,종로3가(3),"승강기)에스컬레이터-종로3가(3) 3,5연결통로 3호기",ES
,종로3가(3),"승강기)에스컬레이터-종로3가(3) 3,5연결통로 4호기",ES
,종로3가(3),승강기)에스컬레이터-종로3가(3) 3호선연결통 5호기,ES
,종로3가(3),승강기)에스컬레이터-종로3가(3) 3호선연결통로 1호기,ES
,종로3가(3),승강기)엘리베이터-종로3가(3) 7번 출구측 외부#1,EV
,종로3가(3),승강기)엘리베이터-종로3가(3) 섬식(상) 4-4 내부#1,EV
,을지로3가(3),승강기)에스컬레이터-을지로3가(3) 내부 1호기,ES
,을지로3가(3),승강기)에스컬레이터-을지로3가(3) 내부 2호기,ES
,을지로3가(3),승강기)엘리베이터-을지로3가(3) 10번 출구측 외부#1,EV
,을지로3가(3),승강기)엘리베이터-을지로3가(3) 섬식(상) 6-3 내부#1,EV
,동대입구,승강기)에스컬레이터-동대입구 5번출구 상행 4,ES
,동대입구,승강기)에스컬레이터-동대입구 5번출구 하행 3,ES
,동대입구,승강기)에스컬레이터-동대입구 6번출구 상행 2,ES
,동대입구,승강기)에스컬레이터-동대입구 6번출구 하행 1,ES
,동대입구,승강기)엘리베이터-동대입구 2번 출구측 외부#2,EV
,동대입구,승강기)엘리베이터-동대입구 5번 출구쪽 내부#2,EV
,동대입구,승강기)엘리베이터-동대입구 6번 출구측 외부#1,EV
,동대입구,승강기)엘리베이터-동대입구 섬식(상) 3-3 내부#1,EV
,약수(3),승강기)에스컬레이터-약수 5번출구 상행2,ES
,약수(3),승강기)에스컬레이터-약수 5번출구 하행1,ES
,약수(3),승강기)엘리베이터-약수 3번 출구측 외부#1,EV
,약수(3),승강기)엘리베이터-약수 섬식(상) 8-4 내부#1,EV
,금호,승강기)에스컬레이터-금호 2번출구 상행2,ES
,금호,승강기)에스컬레이터-금호 2번출구 하행1,ES
,금호,승강기)에스컬레이터-금호 3번출구 상행4,ES
,금호,승강기)에스컬레이터-금호 3번출구 하행3,ES
,금호,승강기)에스컬레이터-금호 4번 출입구 상행 6호기,ES
,금호,승강기)에스컬레이터-금호 4번 출입구 하행 5호기,ES
,금호,승강기)엘리베이터-금호 2번 출구측 외부#1,EV
,금호,승강기)엘리베이터-금호 3번출구측 외부#2,EV
,금호,승강기)엘리베이터-금호 섬식(상) 3-2 내부#1,EV
,옥수(3),승강기)에스컬레이터-옥수(3) 3번출구 3호기,ES
,옥수(3),승강기)에스컬레이터-옥수(3) 3번출구 4호기,ES
,옥수(3),승강기)에스컬레이터-옥수(3) 4번출구 1호기,ES
,옥수(3),승강기)에스컬레이터-옥수(3) 4번출구 2호기,ES
,옥수(3),"승강기)엘리베이터-옥수 4,5번출구측 외부#1",EV
,옥수(3),승강기)엘리베이터-옥수 상행 10-1 내부#1,EV
,옥수(3),승강기)엘리베이터-옥수 하행 1-2 내부#2,EV
,압구정,승강기)에스컬레이터-압구정 1번출구 상행2,ES
,압구정,승강기)에스컬레이터-압구정 1번출구 하행1,ES
,압구정,승강기)에스컬레이터-압구정 3번 출입구 6호기,ES
,압구정,승강기)에스컬레이터-압구정 3번 출입구 7호기,ES
,압구정,승강기)에스컬레이터-압구정 3번출구 상행4,ES
,압구정,승강기)에스컬레이터-압구정 3번출구 하행5,ES
,압구정,승강기)에스컬레이터-압구정 5번출구 상행3,ES
,압구정,승강기)에스컬레이터-압구정 6번출구 상행8,ES
,압구정,승강기)에스컬레이터-압구정 6번출구 하행9,ES
,압구정,승강기)엘리베이터-압구정 2번 출구측 외부#2,EV
,압구정,승강기)엘리베이터-압구정 상행 8-2 내부#1,EV
,압구정,승강기)엘리베이터-압구정 외부#1,EV
,압구정,승강기)엘리베이터-압구정 하행 3-2 내부#2,EV
,신사,승강기)에스컬레이터-신사 5번출구 상행4,ES
,신사,승강기)에스컬레이터-신사 5번출구 상행6,ES
,신사,승강기)에스컬레이터-신사 5번출구 하행3,ES
,신사,승강기)에스컬레이터-신사 5번출구 하행5,ES
,신사,승강기)에스컬레이터-신사 8번출구 상행2,ES
,신사,승강기)에스컬레이터-신사 8번출구 하행1,ES
,신사,승강기)엘리베이터-신사 1번 출구측 외부#1,EV
,신사,승강기)엘리베이터-신사 8번 출구측 외부#2,EV
,신사,승강기)엘리베이터-신사 상행 3-1 내부#1,EV
,신사,승강기)엘리베이터-신사 하행 8-3 내부#2,EV
,잠원,승강기)엘리베이터-잠원 1번 출구측 외부#1,EV
,잠원,승강기)엘리베이터-잠원 상행 3-3 내부#1,EV
,잠원,승강기)엘리베이터-잠원 하행 8-2 내부#2,EV
,고속터미널(3),승강기)에스컬레이터-고속터미널 내부 10호기,ES
,고속터미널(3),승강기)에스컬레이터-고속터미널 내부 11호기,ES
,고속터미널(3),승강기)에스컬레이터-고속터미널 내부 12호기,ES
,고속터미널(3),승강기)에스컬레이터-고속터미널 내부 13호기,ES
,고속터미널(3),승강기)에스컬레이터-고속터미널 내부 14호기,ES
,고속터미널(3),승강기)에스컬레이터-고속터미널 내부 15호기,ES
,고속터미널(3),승강기)에스컬레이터-고속터미널 내부 16호기,ES
,고속터미널(3),승강기)에스컬레이터-고속터미널 내부 17호기,ES
,고속터미널(3),승강기)에스컬레이터-고속터미널 내부 18호기,ES
,고속터미널(3),승강기)에스컬레이터-고속터미널 내부 19호기,ES
,고속터미널(3),승강기)에스컬레이터-고속터미널 내부 1호기,ES
,고속터미널(3),승강기)에스컬레이터-고속터미널 내부 20호기,ES
,고속터미널(3),승강기)에스컬레이터-고속터미널 내부 21호기,ES
,고속터미널(3),승강기)에스컬레이터-고속터미널 내부 22호기,ES
,고속터미널(3),승강기)에스컬레이터-고속터미널 내부 23호기,ES
,고속터미널(3),승강기)에스컬레이터-고속터미널 내부 24호기,ES
,고속터미널(3),승강기)에스컬레이터-고속터미널 내부 2호기,ES
,고속터미널(3),승강기)에스컬레이터-고속터미널 내부 3호기,ES
,고속터미널(3),승강기)에스컬레이터-고속터미널 내부 4호기,ES
,고속터미널(3),승강기)에스컬레이터-고속터미널 내부 5호기,ES
,고속터미널(3),승강기)에스컬레이터-고속터미널 내부 6호기,ES
,고속터미널(3),승강기)에스컬레이터-고속터미널 내부 7호기,ES
,고속터미널(3),승강기)에스컬레이터-고속터미널 내부 8호기,ES
,고속터미널(3),승강기)에스컬레이터-고속터미널 내부 9호기,ES
,고속터미널(3),승강기)엘리베이터-고속터미널 상행 8-2 내부#1,EV
,고속터미널(3),승강기)엘리베이터-고속터미널 하행 3-3 내부#2,EV
,교대(3),승강기)에스컬레이터-교대(3) 상행(3-2) 2호기,ES
,교대(3),승강기)에스컬레이터-교대(3) 하행(8-3) 1호기,ES
,교대(3),승강기)엘리베이터-교대(3) #13출입구 외부엘리베이터 1호기,EV
,교대(3),승강기)엘리베이터-교대(3) 섬식(상) 4-2 내부#1,EV
,교대(3),승강기)휠체어리프트-교대(3) 연결계단 내부1,WL
,남부터미널,승강기)에스컬레이터-남부터미널 6번출구 상행2,ES
,남부터미널,승강기)에스컬레이터-남부터미널 6번출구 하행1,ES
,남부터미널,승강기)엘리베이터-남부터미널 5번 출구측 외부#1,EV
,남부터미널,승강기)엘리베이터-남부터미널 상행 3-2 내부#1,EV
,남부터미널,승강기)엘리베이터-남부터미널 하행 8-2 내부#2,EV
,양재(3),승강기)에스컬레이터-양재 5번출구 상행2,ES
,양재(3),승강기)에스컬레이터-양재 5번출구 하행1,ES
,양재(3),승강기)엘리베이터 양재 1번 출입구 외부#3,EV
,양재(3),승강기)엘리베이터-양재 11번 출구측 외부#2,EV
,양재(3),승강기)엘리베이터-양재 4번 출구측 외부#1,EV
,양재(3),승강기)엘리베이터-양재 상행 3-1 내부#1,EV
,양재(3),승강기)엘리베이터-양재 하행 8-4 내부#2,EV
,매봉,승강기)에스컬레이터-매봉 1번출구 상행4,ES
,매봉,승강기)에스컬레이터-매봉 1번출구 하행3,ES
,매봉,승강기)에스컬레이터-매봉 4번출구 상행2,ES
,매봉,승강기)에스컬레이터-매봉 4번출구 하행1,ES
,매봉,승강기)엘리베이터-매봉 1번 출구측 외부#1,EV
,매봉,승강기)엘리베이터-매봉 상행 5-4 내부#1,EV
,매봉,승강기)엘리베이터-매봉 하행 6-1 내부#2,EV
,도곡(3),승강기)에스컬레이터-도곡 내부 1호기,ES
,도곡(3),승강기)에스컬레이터-도곡 내부 2호기,ES
,도곡(3),승강기)에스컬레이터-도곡 내부 3호기,ES
,도곡(3),승강기)에스컬레이터-도곡 내부 4호기,ES
,도곡(3),승강기)에스컬레이터-도곡 내부 5호기,ES
,도곡(3),승강기)에스컬레이터-도곡 내부 6호기,ES
,도곡(3),승강기)에스컬레이터-도곡 내부 7호기,ES
,도곡(3),승강기)에스컬레이터-도곡 내부 8호기,ES
,대치,승강기)에스컬레이터-대치 4번출구 5호기,ES
,대치,승강기)에스컬레이터-대치 4번출구 6호기,ES
,대치,승강기)에스컬레이터-대치 8번출구 7호기,ES
,대치,승강기)에스컬레이터-대치 8번출구 8호기,ES
,대치,승강기)에스컬레이터-대치 내부 1호기,ES
,대치,승강기)에스컬레이터-대치 내부 2호기,ES
,대치,승강기)에스컬레이터-대치 내부 3호기,ES
,대치,승강기)에스컬레이터-대치 내부 4호기,ES
,대치,승강기)엘리베이터-대치 7번 출구측 외부#1,EV
,대치,승강기)엘리베이터-대치 섬식(상) 1-1 내부#1,EV
,학여울,승강기)에스컬레이터-학여울 B3(대) 상행2,ES
,학여울,승강기)에스컬레이터-학여울 B3(대) 하행1,ES
,학여울,승강기)엘리베이터-학여울 1번 출구측 외부#1,EV
,학여울,승강기)엘리베이터-학여울 상행 5-4 내부#1,EV
,학여울,승강기)엘리베이터-학여울 하행 6-1 내부#2,EV
,대청,승강기)에스컬레이터-대청 3번출구 상행4,ES
,대청,승강기)에스컬레이터-대청 3번출구 하행3,ES
,대청,승강기)에스컬레이터-대청 6번출구 상행2,ES
,대청,승강기)에스컬레이터-대청 6번출구 하행1,ES
,대청,승강기)엘리베이터-대청 8번 출구측 외부#1,EV
,대청,승강기)엘리베이터-대청 상행 4-4 내부#1,EV
,대청,승강기)엘리베이터-대청 하행 7-1 내부#2,EV
,일원,승강기)에스컬레이터-일원 1번출구 1호기,ES
,일원,승강기)에스컬레이터-일원 1번출구 2호기,ES
,일원,승강기)에스컬레이터-일원 2번출구 3호기,ES
,일원,승강기)에스컬레이터-일원 3번출구 4호기,ES
,일원,승강기)에스컬레이터-일원 6번출구 5호기,ES
,일원,승강기)에스컬레이터-일원 6번출구 6호기,ES
,일원,승강기)엘리베이터-일원 1번 출구측 외부#2,EV
,일원,승강기)엘리베이터-일원 1번 출구측 외부#3,EV
,일원,승강기)엘리베이터-일원 상행 6-3 내부#1,EV
,일원,승강기)엘리베이터-일원 하행 5-2 내부#2,EV
,수서(3),승강기)에스컬레이터-수서 1번출구 1호기,ES
,수서(3),승강기)에스컬레이터-수서 1번출구 2호기,ES
,수서(3),승강기)에스컬레이터-수서 2번출구 3호기,ES
,수서(3),승강기)에스컬레이터-수서 2번출구 4호기,ES
,수서(3),승강기)에스컬레이터-수서 5번출구 11호기,ES
,수서(3),승강기)에스컬레이터-수서 5번출구 12호기,ES
,수서(3),승강기)에스컬레이터-수서 6번출구 5호기,ES
,수서(3),승강기)에스컬레이터-수서 6번출구 6호기,ES
,수서(3),승강기)에스컬레이터-수서 내부 10호기,ES
,수서(3),승강기)에스컬레이터-수서 내부 7호기,ES
,수서(3),승강기)에스컬레이터-수서 내부 8호기,ES
,수서(3),승강기)에스컬레이터-수서 내부 9호기,ES
,수서(3),승강기)엘리베이터-수서 1번 출구측 외부#1,EV
,수서(3),승강기)엘리베이터-수서 5번출구측 외부#2,EV
,수서(3),승강기)엘리베이터-수서 상행 8-3 내부#1,EV
,수서(3),승강기)엘리베이터-수서 하행 3-2 내부#2,EV
,가락시장(3),승강기)에스컬레이터-가락시장(3) 7번 출구 19호기,ES
,가락시장(3),승강기)에스컬레이터-가락시장(3) 7번 출구 20호기,ES
,가락시장(3),승강기)에스컬레이터-가락시장(3) 8번 출구 21호기,ES
,가락시장(3),승강기)에스컬레이터-가락시장(3) 8번 출구 22호기,ES
,가락시장(3),승강기)에스컬레이터-가락시장(3) 내부 10호기,ES
,가락시장(3),승강기)에스컬레이터-가락시장(3) 내부 11호기,ES
,가락시장(3),승강기)에스컬레이터-가락시장(3) 내부 12호기,ES
,가락시장(3),승강기)에스컬레이터-가락시장(3) 내부 13호기,ES
,가락시장(3),승강기)에스컬레이터-가락시장(3) 내부 14호기,ES
,가락시장(3),승강기)에스컬레이터-가락시장(3) 내부 15호기,ES
,가락시장(3),승강기)에스컬레이터-가락시장(3) 내부 16호기,ES
,가락시장(3),승강기)에스컬레이터-가락시장(3) 내부 17호기,ES
,가락시장(3),승강기)에스컬레이터-가락시장(3) 내부 18호기,ES
,가락시장(3),승강기)에스컬레이터-가락시장(3) 내부 1호기,ES
,가락시장(3),승강기)에스컬레이터-가락시장(3) 내부 2호기,ES
,가락시장(3),승강기)에스컬레이터-가락시장(3) 내부 3호기,ES
,가락시장(3),승강기)에스컬레이터-가락시장(3) 내부 4호기,ES
,가락시장(3),승강기)에스컬레이터-가락시장(3) 내부 5호기,ES
,가락시장(3),승강기)에스컬레이터-가락시장(3) 내부 6호기,ES
,가락시장(3),승강기)에스컬레이터-가락시장(3) 내부 7호기,ES
,가락시장(3),승강기)에스컬레이터-가락시장(3) 내부 8호기,ES
,가락시장(3),승강기)에스컬레이터-가락시장(3) 내부 9호기,ES
,가락시장(3),승강기)엘리베이터-가락시장(3) 7번 출구측 외부#1,EV
,가락시장(3),승강기)엘리베이터-가락시장(3) 상행 8-2 내부#1,EV
,가락시장(3),승강기)엘리베이터-가락시장(3) 하행 3-2 내부#2,EV
,경찰병원,승강기)에스컬레이터-경찰병원 1번출구 13호기,ES
,경찰병원,승강기)에스컬레이터-경찰병원 1번출구 14호기,ES
,경찰병원,승강기)에스컬레이터-경찰병원 2번출구 15호기,ES
,경찰병원,승강기)에스컬레이터-경찰병원 2번출구 16호기,ES
,경찰병원,승강기)에스컬레이터-경찰병원 3번출구 19호기,ES
,경찰병원,승강기)에스컬레이터-경찰병원 3번출구 20호기,ES
,경찰병원,승강기)에스컬레이터-경찰병원 대합실 17호기,ES
,경찰병원,승강기)에스컬레이터-경찰병원 대합실 18호기,ES
,경찰병원,승강기)에스컬레이터-경찰병원 승강장(2-1) 1호기,ES
,경찰병원,승강기)에스컬레이터-경찰병원 승강장(2-1) 2호기,ES
,경찰병원,승강기)에스컬레이터-경찰병원 승강장(4-1) 7호기,ES
,경찰병원,승강기)에스컬레이터-경찰병원 승강장(4-1) 8호기,ES
,경찰병원,승강기)에스컬레이터-경찰병원 승강장(5-3) 10호기,ES
,경찰병원,승강기)에스컬레이터-경찰병원 승강장(5-3) 9호기,ES
,경찰병원,승강기)에스컬레이터-경찰병원 승강장(6-2) 3호기,ES
,경찰병원,승강기)에스컬레이터-경찰병원 승강장(6-2) 4호기,ES
,경찰병원,승강기)에스컬레이터-경찰병원 승강장(7-4) 5호기,ES
,경찰병원,승강기)에스컬레이터-경찰병원 승강장(7-4) 6호기,ES
,경찰병원,승강기)에스컬레이터-경찰병원 승강장(9-4) 11호기,ES
,경찰병원,승강기)에스컬레이터-경찰병원 승강장(9-4) 12호기,ES
,경찰병원,승강기)엘리베이터-경찰병원 1번 출구측 외부#1,EV
,경찰병원,승강기)엘리베이터-경찰병원 3번 출구측 외부#2,EV
,경찰병원,승강기)엘리베이터-경찰병원 상행 4-2 내부#1,EV
,경찰병원,승강기)엘리베이터-경찰병원 하행 7-3 내부#2,EV
,오금(3),승강기)에스컬레이터-오금 1번출구 13호기,ES
,오금(3),승강기)에스컬레이터-오금 1번출구 14호기,ES
,오금(3),승강기)에스컬레이터-오금 2번출구 15호기,ES
,오금(3),승강기)에스컬레이터-오금(3) 내부 10호기,ES
,오금(3),승강기)에스컬레이터-오금(3) 내부 1호기,ES
,오금(3),승강기)에스컬레이터-오금(3) 내부 2호기,ES
,오금(3),승강기)에스컬레이터-오금(3) 내부 3호기,ES
,오금(3),승강기)에스컬레이터-오금(3) 내부 4호기,ES
,오금(3),승강기)에스컬레이터-오금(3) 내부 5호기,ES
,오금(3),승강기)에스컬레이터-오금(3) 내부 6호기,ES
,오금(3),승강기)에스컬레이터-오금(3) 내부 7호기,ES
,오금(3),승강기)에스컬레이터-오금(3) 내부 8호기,ES
,오금(3),승강기)에스컬레이터-오금(3) 내부 9호기,ES
,오금(3),승강기)에스컬레이터-오금(3) 환승 11호기,ES
,오금(3),승강기)에스컬레이터-오금(3) 환승 12호기,ES
,오금(3),승강기)엘리베이터-오금 1번 출구측 외부#1,EV
,오금(3),승강기)엘리베이터-오금 상행 5-1 내부#1,EV
,오금(3),승강기)엘리베이터-오금 하행 6-4 내부#2,EV
,불암산,"승강기)에스컬레이터-당고개 1,4번출구측 3호기",ES
,불암산,"승강기)에스컬레이터-당고개 1,4번출구측 4호기",ES
,불암산,승강기)에스컬레이터-당고개 내부 1호기,ES
,불암산,승강기)에스컬레이터-당고개 내부 2호기,ES
,불암산,승강기)엘리베이터-당고개 1-4번 출구측 외부#1,EV
,불암산,승강기)엘리베이터-당고개 상행 6-1 내부#1,EV
,불암산,승강기)엘리베이터-당고개 하행 5-4 내부#2,EV
,상계,승강기)에스컬레이터-상계역 내부 에스컬레이터 1호기,ES
,상계,승강기)에스컬레이터-상계역 내부 에스컬레이터 2호기,ES
,상계,승강기)에스컬레이터-상계역 내부 에스컬레이터 3호기,ES
,상계,승강기)에스컬레이터-상계역 내부 에스컬레이터 4호기,ES
,상계,승강기)엘리베이터-상계 1-2번 출구측 외부#1,EV
,상계,"승강기)휠체어리프트-상계 1,2번출구내부2",WL
,상계,승강기)휠체어리프트-상계 연결통로 내부1,WL
,노원(4),승강기)에스컬레이터-노원(4) 1번출구 1호기,ES
,노원(4),승강기)에스컬레이터-노원(4) 1번출구 2호기,ES
,노원(4),승강기)에스컬레이터-노원(4) 9번출입구 5호기,ES
,노원(4),승강기)에스컬레이터-노원(4) 9번출입구 6호기,ES
,노원(4),승강기)에스컬레이터-노원(4) E/S 1200형 9호기,ES
,노원(4),승강기)에스컬레이터-노원(4) E/S 800형 10호기,ES
,노원(4),승강기)에스컬레이터-노원(4) 내부 3호기,ES
,노원(4),승강기)에스컬레이터-노원(4) 내부 4호기,ES
,노원(4),승강기)에스컬레이터-노원(4) 내부 7호기,ES
,노원(4),승강기)에스컬레이터-노원(4) 내부 8호기,ES
,노원(4),승강기)엘리베이터-노원 2번 출구측 외부#1,EV
,노원(4),승강기)엘리베이터-노원 상행 8-4 내부#1,EV
,노원(4),승강기)엘리베이터-노원(4) 9번 출입구 외부#2,EV
,창동(4),승강기)에스컬레이터-창동 1번출구 상행2,ES
,창동(4),승강기)에스컬레이터-창동 1번출구 하행1,ES
,창동(4),승강기)엘리베이터-창동 (1호선 소요산방면) 내부#5,EV
,창동(4),승강기)엘리베이터-창동 (1호선 인천방면) 내부#6,EV
,창동(4),승강기)엘리베이터-창동 1번 출구측 외부#1,EV
,창동(4),승강기)엘리베이터-창동 2번 출구측 외부#2,EV
,창동(4),승강기)엘리베이터-창동 상행 2-4 내부#1,EV
,창동(4),승강기)엘리베이터-창동 상행 8-2 내부#2,EV
,창동(4),승강기)엘리베이터-창동 하행 3-2 내부#4,EV
,창동(4),승강기)엘리베이터-창동 하행 8-4 내부#3,EV
,쌍문,승강기)에스컬레이터-쌍문 2번출구 상행4,ES
,쌍문,승강기)에스컬레이터-쌍문 2번출구 하행3,ES
,쌍문,승강기)에스컬레이터-쌍문 3번출구 상행6,ES
,쌍문,승강기)에스컬레이터-쌍문 3번출구 하행5,ES
,쌍문,승강기)에스컬레이터-쌍문 4번출구 상행2,ES
,쌍문,승강기)에스컬레이터-쌍문 4번출구 하행1,ES
,쌍문,승강기)엘리베이터-쌍문 1번 출구측 외부#1,EV
,쌍문,승강기)엘리베이터-쌍문 상행 8-4 내부#1,EV
,쌍문,승강기)엘리베이터-쌍문 하행 3-1 내부#2,EV
,수유,승강기)에스컬레이터-수유(강북구청) 3번출구 상행2,ES
,수유,승강기)에스컬레이터-수유(강북구청) 3번출구 하행1,ES
,수유,승강기)에스컬레이터-수유(강북구청) 8번출구 상행4,ES
,수유,승강기)에스컬레이터-수유(강북구청) 8번출구 하행3,ES
,수유,승강기)엘리베이터-수유(강북구청) 1-2번 출구측 외부#1,EV
,수유,승강기)엘리베이터-수유(강북구청) 상행 7-1 내부#1,EV
,수유,승강기)엘리베이터-수유(강북구청) 하행 4-4 내부#2,EV
,미아,승강기)에스컬레이터-미아 1번 출입구 3호기,ES
,미아,승강기)에스컬레이터-미아 1번 출입구 4호기,ES
,미아,승강기)에스컬레이터-미아 3번 출입구 1호기,ES
,미아,승강기)에스컬레이터-미아 3번 출입구 2호기,ES
,미아,승강기)에스컬레이터-미아 6번 출입구 5호기,ES
,미아,승강기)에스컬레이터-미아 6번 출입구 6호기,ES
,미아,승강기)엘리베이터-미아 1-2번 출구측 외부#1,EV
,미아,승강기)엘리베이터-미아 상행 8-2 내부#1,EV
,미아,승강기)엘리베이터-미아 하행 3-4 내부#2,EV
,미아사거리,승강기)에스컬레이터-미아사거리 3번출구 상행 2,ES
,미아사거리,승강기)에스컬레이터-미아사거리 3번출구 하행 1,ES
,미아사거리,승강기)엘리베이터-미아사거리 상행 3-1 내부#1,EV
,미아사거리,승강기)엘리베이터-미아사거리 하행 8-3 내부#2,EV
,길음,승강기)에스컬레이터-길음 2번출구 상행1,ES
,길음,승강기)에스컬레이터-길음 3번출구 상행3,ES
,길음,승강기)에스컬레이터-길음 3번출구 하행2,ES
,길음,승강기)엘리베이터-길음 3-4번 출구측 외부#2,EV
,길음,승강기)엘리베이터-길음 5번 출구측 외부#1,EV
,길음,승강기)엘리베이터-길음 섬식(상) 6-1 내부#1,EV
,성신여대입구(4),승강기)에스컬레이터-성신여대역 4번출구 에스컬레이터 3호기,ES
,성신여대입구(4),승강기)에스컬레이터-성신여대역 4번출구 에스컬레이터 4호기,ES
,성신여대입구(4),승강기)에스컬레이터-성신여대입구 1번출구 상행2,ES
,성신여대입구(4),승강기)에스컬레이터-성신여대입구 1번출구 하행1,ES
,성신여대입구(4),승강기)엘리베이터-성신여대입구 2번 출구측 외부#2,EV
,성신여대입구(4),승강기)엘리베이터-성신여대입구 3번 출구측 외부#1,EV
,성신여대입구(4),승강기)엘리베이터-성신여대입구 상행 8-2 내부#1,EV
,신용산,승강기)에스컬레이터-신용산 3번출구 3호기,ES
,성신여대입구(4),승강기)엘리베이터-성신여대입구 하행 3-4 내부#2,EV
,한성대입구,승강기)에스컬레이터-한성대입구 5번출구 상행2,ES
,한성대입구,승강기)에스컬레이터-한성대입구 5번출구 하행1,ES
,한성대입구,승강기)엘리베이터-한성대입구 3-4번 출구측 외부#1,EV
,한성대입구,승강기)엘리베이터-한성대입구 5번 출구측 외부#2,EV
,한성대입구,승강기)엘리베이터-한성대입구 섬식(상)6-1 내부#1,EV
,혜화,승강기)에스컬레이터-혜화 1번출구 상행2,ES
,혜화,승강기)에스컬레이터-혜화 1번출구 하행1,ES
,혜화,승강기)에스컬레이터-혜화 3번출구 상행4,ES
,혜화,승강기)에스컬레이터-혜화 3번출구 하행3,ES
,혜화,승강기)엘리베이터-혜화 상행 7-4 내부#1,EV
,혜화,승강기)엘리베이터-혜화 하행 3-4 내부#2,EV
,동대문(4),승강기)에스컬레이터-동대문(4) 1호선연결 6호기,ES
,동대문(4),승강기)에스컬레이터-동대문(4) 4호선연결 5호기,ES
,동대문(4),승강기)에스컬레이터-동대문(4) 8번 출구 7호기,ES
,동대문(4),승강기)에스컬레이터-동대문(4) 8번 출구 8호기,ES
,동대문(4),승강기)에스컬레이터-동대문(4) 9번 출구 10호기,ES
,동대문(4),승강기)에스컬레이터-동대문(4) 9번 출구 9호기,ES
,동대문(4),승강기)에스컬레이터-동대문(4) 상행(4-1) 2호기,ES
,동대문(4),승강기)에스컬레이터-동대문(4) 상행(8-2) 4호기,ES
,동대문(4),승강기)에스컬레이터-동대문(4) 하행(3-3) 3호기,ES
,동대문(4),승강기)에스컬레이터-동대문(4) 하행(7-4) 1호기,ES
,동대문(4),승강기)엘리베이터-동대문(4) 9번 출구측 외부#1,EV
,동대문(4),승강기)엘리베이터-동대문(4) 섬식(상) 6-3 내부#1,EV
,동대문역사문화공원(4),승강기)에스컬레이터-동역사(4) 상행(3-1) 2호기,ES
,동대문역사문화공원(4),승강기)에스컬레이터-동역사(4) 상행(6-3) 4호기,ES
,동대문역사문화공원(4),승강기)에스컬레이터-동역사(4) 상행(9-1) 6호기,ES
,동대문역사문화공원(4),승강기)에스컬레이터-동역사(4) 하행(2-4) 5호기,ES
,동대문역사문화공원(4),승강기)에스컬레이터-동역사(4) 하행(5-2) 3호기,ES
,동대문역사문화공원(4),승강기)에스컬레이터-동역사(4) 하행(8-3) 1호기,ES
,동대문역사문화공원(4),승강기)엘리베이터-동역사(4) 4번 출구측 외부#1,EV
,동대문역사문화공원(4),승강기)엘리베이터-동역사(4) 섬식(상)4-4 내부#1,EV
,충무로(4),승강기)에스컬레이터-충무로(4) 1번출구 21호기,ES
,충무로(4),승강기)에스컬레이터-충무로(4) 1번출구 22호기,ES
,충무로(4),승강기)에스컬레이터-충무로(4) 3호선환승 17호기,ES
,충무로(4),승강기)에스컬레이터-충무로(4) 3호선환승 18호기,ES
,충무로(4),승강기)에스컬레이터-충무로(4) 3호선환승 19호기,ES
,충무로(4),승강기)에스컬레이터-충무로(4) 3호선환승 20호기,ES
,충무로(4),승강기)에스컬레이터-충무로(4) 5번 출입구 23호기,ES
,충무로(4),승강기)에스컬레이터-충무로(4) 5번 출입구 24호기,ES
,충무로(4),승강기)에스컬레이터-충무로(4) 내부 10호기,ES
,충무로(4),승강기)에스컬레이터-충무로(4) 내부 11호기,ES
,충무로(4),승강기)에스컬레이터-충무로(4) 내부 12호기,ES
,충무로(4),승강기)에스컬레이터-충무로(4) 내부 13호기,ES
,충무로(4),승강기)에스컬레이터-충무로(4) 내부 14호기,ES
,충무로(4),승강기)에스컬레이터-충무로(4) 내부 15호기,ES
,충무로(4),승강기)에스컬레이터-충무로(4) 내부 16호기,ES
,충무로(4),승강기)에스컬레이터-충무로(4) 내부 1호기,ES
,충무로(4),승강기)에스컬레이터-충무로(4) 내부 2호기,ES
,충무로(4),승강기)에스컬레이터-충무로(4) 내부 3호기,ES
,충무로(4),승강기)에스컬레이터-충무로(4) 내부 4호기,ES
,충무로(4),승강기)에스컬레이터-충무로(4) 내부 5호기,ES
,충무로(4),승강기)에스컬레이터-충무로(4) 내부 6호기,ES
,충무로(4),승강기)에스컬레이터-충무로(4) 내부 8호기,ES
,충무로(4),승강기)에스컬레이터-충무로(4) 내부 9호기,ES
,충무로(4),승강기)엘리베이터 충무로(4)역 3-4호선 내부#3,EV
,충무로(4),승강기)엘리베이터-충무로(4) 7번 출구측 외부#1,EV
,충무로(4),승강기)엘리베이터-충무로(4) 상행 8-1 내부#1,EV
,충무로(4),승강기)엘리베이터-충무로(4) 하행 3-3 내부#2,EV
,명동,승강기)에스컬레이터-명동 1번출구 5호기,ES
,명동,승강기)에스컬레이터-명동 1번출구 6호기,ES
,명동,승강기)에스컬레이터-명동 B계단 옆 3호기,ES
,명동,승강기)에스컬레이터-명동 B계단 옆 4호기,ES
,명동,승강기)에스컬레이터-명동역 내부 1호기,ES
,명동,승강기)엘리베이터-명동 1번출구 외부#1,EV
,명동,승강기)엘리베이터-명동 승강장-대합실 내부엘리베이터 1호기,EV
,회현,승강기)에스컬레이터-회현 1,ES
,회현,승강기)에스컬레이터-회현 2,ES
,회현,승강기)에스컬레이터-회현 3,ES
,회현,승강기)에스컬레이터-회현 4,ES
,회현,승강기)에스컬레이터-회현 5,ES
,회현,승강기)에스컬레이터-회현 6,ES
,회현,승강기)엘리베이터-회현 섬식(상)10-1 내부#1,EV
,회현,승강기)엘리베이터-회현 지상도로중앙 외부#1,EV
,서울역(4),승강기)에스컬레이터-서울(4)역 9-1번출구 3호기,ES
,서울역(4),승강기)에스컬레이터-서울(4)역 9-1번출구 4호기,ES
,서울역(4),승강기)에스컬레이터-서울(4)역 당고개방향(1-1) 2호기,ES
,서울역(4),승강기)에스컬레이터-서울(4)역 사당방향(10-4) 1호기,ES
,서울역(4),승강기)엘리베이터-서울(4)역 12번 출구 외부#1,EV
,서울역(4),승강기)엘리베이터-서울(4)역 섬식(상) 9-1 내부#1,EV
,숙대입구,승강기)엘리베이터-숙대입구 10번 출구 외부#1,EV
,숙대입구,승강기)엘리베이터-숙대입구 상행 8-1 내부#1,EV
,숙대입구,승강기)엘리베이터-숙대입구 하행 3-3 내부#2,EV
,삼각지(전쟁기념관)(4),승강기)에스컬레이터-삼각지 5번출구 상행4,ES
,삼각지(전쟁기념관)(4),승강기)에스컬레이터-삼각지 5번출구 하행3,ES
,삼각지(전쟁기념관)(4),승강기)에스컬레이터-삼각지(4) 2번출구 상행2,ES
,삼각지(전쟁기념관)(4),승강기)에스컬레이터-삼각지(4) 2번출구 하행1,ES
,삼각지(전쟁기념관)(4),승강기)엘리베이터-삼각지 1-2번 출구측 외부#1,EV
,삼각지(전쟁기념관)(4),승강기)엘리베이터-삼각지 5-6번 출구측 외부#2,EV
,삼각지(전쟁기념관)(4),승강기)엘리베이터-삼각지 상행 4-3 내부#1,EV
,삼각지(전쟁기념관)(4),승강기)엘리베이터-삼각지 하행 7-2 내부#2,EV
,삼각지(전쟁기념관)(4),승강기)엘리베이터-삼각지(4) 3번출구측 외부#3,EV
,신용산,승강기)에스컬레이터-신용산 1번출구 6호기,ES
,신용산,승강기)에스컬레이터-신용산 1번출구 7호기,ES
,신용산,승강기)에스컬레이터-신용산 1번출구 8호기,ES
,신용산,승강기)에스컬레이터-신용산 1번출구 9호기,ES
,역촌,승강기)엘리베이터-역촌 내부1,EV
,신용산,승강기)에스컬레이터-신용산 4번출구 4호기,ES
,신용산,승강기)에스컬레이터-신용산 4번출구 5호기,ES
,신용산,승강기)에스컬레이터-신용산 5번출구 1호기,ES
,신용산,승강기)에스컬레이터-신용산 5번출구 2호기,ES
,신용산,승강기)엘리베이터-신용산 1번출구측 외부#1,EV
,신용산,승강기)엘리베이터-신용산 4번출구측 외부#2,EV
,신용산,승강기)엘리베이터-신용산 상행 8-2 내부#1,EV
,신용산,승강기)엘리베이터-신용산 하행 3-2 내부#2,EV
,이촌(4),승강기)에스컬레이터-이촌 1번출구 상행2,ES
,이촌(4),승강기)에스컬레이터-이촌 1번출구 하행1,ES
,이촌(4),승강기)에스컬레이터-이촌 2번출구 상행4,ES
,이촌(4),승강기)에스컬레이터-이촌 2번출구 하행3,ES
,이촌(4),승강기)엘리베이터-이촌 1번 출구측 외부#1,EV
,이촌(4),승강기)엘리베이터-이촌 2번 출구측 외부#2,EV
,이촌(4),승강기)엘리베이터-이촌 상행 8-1 내부#1,EV
,이촌(4),승강기)엘리베이터-이촌 하행 3-3 내부#2,EV
,이촌(4),승강기)엘리베이터-이촌(4) 경의선-4호선 내부엘리베이터 3호기,EV
,동작(4),승강기)엘리베이터-동작 상행 7-4 내부#1,EV
,동작(4),승강기)엘리베이터-동작 하행 4-4 내부#2,EV
,총신대입구(4),승강기)에스컬레이터-총신대입구 14번출구 1호기,ES
,총신대입구(4),승강기)에스컬레이터-총신대입구 14번출구 2호기,ES
,총신대입구(4),승강기)에스컬레이터-총신대입구 1번출구 3호기,ES
,총신대입구(4),승강기)에스컬레이터-총신대입구 1번출구 4호기,ES
,총신대입구(4),승강기)엘리베이터-총신대입구 14번 출구측 외부#2,EV
,총신대입구(4),승강기)엘리베이터-총신대입구 1번 출구측 외부#1,EV
,총신대입구(4),승강기)엘리베이터-총신대입구 상행 7-3내부#1,EV
,총신대입구(4),승강기)엘리베이터-총신대입구 하행 8-3 내부#2,EV
,사당(4),승강기)에스컬레이터-사당(4) 3번출구 6호기,ES
,사당(4),승강기)에스컬레이터-사당(4) 3번출구 7호기,ES
,사당(4),승강기)에스컬레이터-사당(4) 4번출구 2호기,ES
,사당(4),승강기)에스컬레이터-사당(4) 4번출구 3호기,ES
,사당(4),승강기)에스컬레이터-사당(4) 9번출구 4호기,ES
,사당(4),승강기)에스컬레이터-사당(4) 9번출구 5호기,ES
,사당(4),승강기)에스컬레이터-사당(4) 내부 1호기,ES
,사당(4),승강기)엘리베이터-사당(4) 9-10번 출구측 외부#1,EV
,사당(4),승강기)엘리베이터-사당(4) 섬식(상)9-2 내부#1,EV
,남태령,승강기)에스컬레이터-남태령 내부(3-2) 1호기,ES
,남태령,승강기)에스컬레이터-남태령 내부(8-3) 2호기,ES
,남태령,승강기)엘리베이터-남태령 1번 출구측 내부#2,EV
,남태령,승강기)엘리베이터-남태령 2번 출구측 외부#1,EV
,남태령,승강기)엘리베이터-남태령 섬식(상) 3-3 내부#1,EV
,방화,승강기)에스컬레이터-방화 1번출입구 E/S 1200형 3호기,ES
,방화,승강기)에스컬레이터-방화 1번출입구 E/S 1200형 4호기,ES
,방화,승강기)에스컬레이터-방화 2번출입구 E/S 1200형 5호기,ES
,방화,승강기)에스컬레이터-방화 2번출입구 E/S 1200형 6호기,ES
,방화,승강기)에스컬레이터-방화 내부 E/S 1200형 1호기,ES
,방화,승강기)에스컬레이터-방화 내부 E/S 1200형 2호기,ES
,방화,승강기)엘리베이터-방화 내부1,EV
,방화,승강기)엘리베이터-방화 내부2,EV
,방화,승강기)엘리베이터-방화 외부3,EV
,개화산,승강기)엘리베이터-개화산 외부1,EV
,개화산,승강기)엘리베이터-개화산 외부2,EV
,김포공항(5),승강기)에스컬레이터-김포공항 내부3,ES
,김포공항(5),승강기)에스컬레이터-김포공항 내부4,ES
,김포공항(5),승강기)에스컬레이터-김포공항 내부5,ES
,김포공항(5),승강기)에스컬레이터-김포공항 내부6,ES
,김포공항(5),승강기)에스컬레이터-김포공항 내부7,ES
,김포공항(5),승강기)에스컬레이터-김포공항 내부8,ES
,김포공항(5),승강기)에스컬레이터-김포공항(5) 내부 1호기,ES
,김포공항(5),승강기)에스컬레이터-김포공항(5) 내부 2호기,ES
,김포공항(5),승강기)엘리베이터-김포공항 내부1,EV
,김포공항(5),승강기)엘리베이터-김포공항 내부2,EV
,송정,승강기)에스컬레이터-송정 내부1,ES
,송정,승강기)에스컬레이터-송정 내부2,ES
,송정,승강기)에스컬레이터-송정 외부3,ES
,송정,승강기)에스컬레이터-송정 외부4,ES
,송정,승강기)엘리베이터-송정 내부1,EV
,송정,승강기)엘리베이터-송정 내부2,EV
,송정,승강기)엘리베이터-송정 외부3,EV
,송정,승강기)엘리베이터-송정 외부4,EV
,마곡,승강기)에스컬레이터-마곡 3번 출입구 외부 7호기,ES
,마곡,승강기)에스컬레이터-마곡 3번 출입구 외부 8호기,ES
,마곡,승강기)에스컬레이터-마곡 4번 출입구 외부 10호기,ES
,마곡,승강기)에스컬레이터-마곡 4번 출입구 외부 9호기,ES
,마곡,승강기)에스컬레이터-마곡 5번 출입구 외부 11호기,ES
,마곡,승강기)에스컬레이터-마곡 5번 출입구 외부 12호기,ES
,마곡,승강기)에스컬레이터-마곡 외부1,ES
,마곡,승강기)에스컬레이터-마곡 외부2,ES
,마곡,승강기)에스컬레이터-마곡 외부3,ES
,마곡,승강기)에스컬레이터-마곡 외부4,ES
,마곡,승강기)에스컬레이터-마곡 외부5,ES
,마곡,승강기)에스컬레이터-마곡 외부6,ES
,마곡,승강기)엘리베이터-마곡 3번 출입구 외부 5호기,EV
,마곡,승강기)엘리베이터-마곡 4번 출입구 외부 6호기,EV
,마곡,승강기)엘리베이터-마곡 내부1,EV
,마곡,승강기)엘리베이터-마곡 내부2,EV
,마곡,승강기)엘리베이터-마곡 외부3,EV
,마곡,승강기)엘리베이터-마곡 외부4,EV
,발산,승강기)엘리베이터-발산 내부1,EV
,발산,승강기)엘리베이터-발산 내부2,EV
,발산,승강기)엘리베이터-발산 외부3,EV
,우장산,승강기)에스컬레이터-우장산 외부1,ES
,우장산,승강기)에스컬레이터-우장산 외부2,ES
,우장산,승강기)에스컬레이터-우장산 외부3,ES
,우장산,승강기)에스컬레이터-우장산 외부4,ES
,우장산,승강기)엘리베이터-우장산 내부1,EV
,우장산,승강기)엘리베이터-우장산 내부2,EV
,우장산,승강기)엘리베이터-우장산 외부3,EV
,화곡,승강기)에스컬레이터-화곡 내부1,ES
,화곡,승강기)에스컬레이터-화곡 내부2,ES
,화곡,승강기)에스컬레이터-화곡 외부3,ES
,화곡,승강기)에스컬레이터-화곡 외부4,ES
,화곡,승강기)엘리베이터-화곡 내부1,EV
,화곡,승강기)엘리베이터-화곡 외부2,EV
,까치산(5),승강기)에스컬레이터-까치산 내부1,ES
,까치산(5),승강기)에스컬레이터-까치산 내부2,ES
,까치산(5),승강기)에스컬레이터-까치산 내부3,ES
,까치산(5),승강기)에스컬레이터-까치산 내부4,ES
,까치산(5),승강기)에스컬레이터-까치산 내부5,ES
,까치산(5),승강기)에스컬레이터-까치산 내부6,ES
,까치산(5),승강기)에스컬레이터-까치산 내부7,ES
,까치산(5),승강기)에스컬레이터-까치산 내부8,ES
,까치산(5),승강기)에스컬레이터-까치산 외부10,ES
,까치산(5),승강기)에스컬레이터-까치산 외부11,ES
,까치산(5),승강기)에스컬레이터-까치산 외부12,ES
,까치산(5),승강기)에스컬레이터-까치산 외부9,ES
,까치산(5),승강기)엘리베이터-까치산 1호기,EV
,까치산(5),승강기)엘리베이터_까치산(5)역 2번출구 E/L 2호기 13인승(P241,EV
,까치산(5),승강기)엘리베이터_까치산(5)역 내부 상선 E/L 3호기 21인승(P24,EV
,까치산(5),승강기)엘리베이터_까치산(5)역 내부 하선 E/L 4호기 15인승(P24,EV
,까치산(5),승강기)휠체어리프트-까치산 내부 1,WL
,까치산(5),승강기)휠체어리프트-까치산 내부 2,WL
,까치산(5),승강기)휠체어리프트-까치산 외부 3,WL
,신정,승강기)에스컬레이터-신정 내부1,ES
,신정,승강기)에스컬레이터-신정 내부2,ES
,신정,승강기)에스컬레이터-신정 내부3,ES
,신정,승강기)에스컬레이터-신정 내부4,ES
,신정,승강기)에스컬레이터-신정 내부5,ES
,신정,승강기)에스컬레이터-신정 내부6,ES
,신정,승강기)에스컬레이터-신정 내부7,ES
,신정,승강기)에스컬레이터-신정 내부8,ES
,신정,승강기)에스컬레이터-신정 외부10,ES
,신정,승강기)에스컬레이터-신정 외부9,ES
,신정,승강기)엘리베이터-신정 내부1,EV
,신정,승강기)엘리베이터-신정 내부2,EV
,목동,승강기)에스컬레이터-목동 외부 3호기,ES
,목동,승강기)에스컬레이터-목동 외부 4호기,ES
,목동,승강기)에스컬레이터-목동 외부1,ES
,목동,승강기)에스컬레이터-목동 외부2,ES
,목동,승강기)엘리베이터-목동 내부1,EV
,목동,승강기)엘리베이터-목동 내부2,EV
,목동,승강기)엘리베이터-목동 외부3,EV
,오목교,승강기)에스컬레이터-오목교 내부1,ES
,오목교,승강기)에스컬레이터-오목교 내부10,ES
,오목교,승강기)에스컬레이터-오목교 내부2,ES
,오목교,승강기)에스컬레이터-오목교 내부3,ES
,오목교,승강기)에스컬레이터-오목교 내부4,ES
,오목교,승강기)에스컬레이터-오목교 내부5,ES
,오목교,승강기)에스컬레이터-오목교 내부6,ES
,오목교,승강기)에스컬레이터-오목교 내부7,ES
,오목교,승강기)에스컬레이터-오목교 내부8,ES
,오목교,승강기)에스컬레이터-오목교 내부9,ES
,오목교,승강기)엘리베이터-오목교 내부1,EV
,오목교,승강기)엘리베이터-오목교 내부2,EV
,오목교,승강기)엘리베이터-오목교 외부3,EV
,양평(5),승강기)에스컬레이터-양평 내부1,ES
,양평(5),승강기)에스컬레이터-양평 내부2,ES
,양평(5),승강기)에스컬레이터-양평 내부3,ES
,양평(5),승강기)에스컬레이터-양평 내부4,ES
,양평(5),승강기)에스컬레이터-양평 내부7,ES
,양평(5),승강기)에스컬레이터-양평 내부8,ES
,양평(5),승강기)에스컬레이터-양평 외부5,ES
,양평(5),승강기)에스컬레이터-양평 외부6,ES
,양평(5),승강기)엘리베이터-양평 내부1,EV
,양평(5),승강기)엘리베이터-양평 내부2,EV
,양평(5),승강기)엘리베이터-양평 외부3,EV
,영등포구청(5),승강기)에스컬레이터-영등포구청 내부1,ES
,영등포구청(5),승강기)에스컬레이터-영등포구청 내부10,ES
,영등포구청(5),승강기)에스컬레이터-영등포구청 내부13,ES
,영등포구청(5),승강기)에스컬레이터-영등포구청 내부14,ES
,영등포구청(5),승강기)에스컬레이터-영등포구청 내부2,ES
,영등포구청(5),승강기)에스컬레이터-영등포구청 내부3,ES
,영등포구청(5),승강기)에스컬레이터-영등포구청 내부4,ES
,영등포구청(5),승강기)에스컬레이터-영등포구청 내부5,ES
,영등포구청(5),승강기)에스컬레이터-영등포구청 내부6,ES
,영등포구청(5),승강기)에스컬레이터-영등포구청 내부7,ES
,영등포구청(5),승강기)에스컬레이터-영등포구청 내부8,ES
,영등포구청(5),승강기)에스컬레이터-영등포구청 내부9,ES
,영등포구청(5),승강기)에스컬레이터-영등포구청 외부11,ES
,영등포구청(5),승강기)에스컬레이터-영등포구청 외부12,ES
,영등포구청(5),승강기)엘리베이터-영등포구청 내부 4호기,EV
,영등포구청(5),승강기)엘리베이터-영등포구청 내부2,EV
,영등포구청(5),승강기)엘리베이터-영등포구청(5) 내부3,EV
,영등포구청(5),승강기)엘리베이터-영등포구청(5) 외부1,EV
,영등포구청(5),승강기)휠체어리프트-영등포구청 내부 3,WL
,영등포시장,승강기)에스컬레이터-영등포시장 내부1,ES
,영등포시장,승강기)에스컬레이터-영등포시장 내부2,ES
,영등포시장,승강기)에스컬레이터-영등포시장 내부3,ES
,영등포시장,승강기)에스컬레이터-영등포시장 내부4,ES
,영등포시장,승강기)에스컬레이터-영등포시장 내부5,ES
,영등포시장,승강기)에스컬레이터-영등포시장 내부6,ES
,영등포시장,승강기)에스컬레이터-영등포시장 외부7,ES
,영등포시장,승강기)에스컬레이터-영등포시장 외부8,ES
,영등포시장,승강기)엘리베이터-영등포시장 내부1,EV
,영등포시장,승강기)엘리베이터-영등포시장 내부2,EV
,영등포시장,승강기)엘리베이터-영등포시장역 2번 출입구 외부 3호기,EV
,신길(5),승강기)에스컬레이터-신길 3번 출입구 1호기,ES
,신길(5),승강기)에스컬레이터-신길 3번 출입구 2호기,ES
,신길(5),승강기)에스컬레이터-신길 내부 3호기,ES
,신길(5),승강기)에스컬레이터-신길 내부 4호기,ES
,신길(5),승강기)에스컬레이터-신길 내부 5호기,ES
,신길(5),승강기)에스컬레이터-신길 내부 6호기,ES
,신길(5),승강기)에스컬레이터-신길 내부 7호기,ES
,신길(5),승강기)에스컬레이터-신길 내부 8호기,ES
,신길(5),승강기)에스컬레이터-신길 내부 9호기,ES
,신길(5),승강기)엘리베이터-신길 3번 출구측 외부 3호기,EV
,신길(5),승강기)엘리베이터-신길 경사형 내부 6호기,EV
,신길(5),승강기)엘리베이터-신길 내부 1호기,EV
,신길(5),승강기)엘리베이터-신길 내부 2호기,EV
,신길(5),승강기)엘리베이터-신길 내부 4호기,EV
,신길(5),승강기)엘리베이터-신길 내부 5호기,EV
,여의도(5),승강기)에스컬레이터-여의도 내부1,ES
,여의도(5),승강기)에스컬레이터-여의도 내부2,ES
,여의도(5),승강기)에스컬레이터-여의도 내부3,ES
,여의도(5),승강기)에스컬레이터-여의도 내부4,ES
,여의도(5),승강기)엘리베이터-여의도 내부1,EV
,여의도(5),승강기)엘리베이터-여의도 내부2,EV
,여의나루,승강기)에스컬레이터-여의나루 내부1,ES
,여의나루,승강기)에스컬레이터-여의나루 내부2,ES
,여의나루,승강기)에스컬레이터-여의나루 내부3,ES
,여의나루,승강기)에스컬레이터-여의나루 내부4,ES
,여의나루,승강기)에스컬레이터-여의나루 내부5,ES
,여의나루,승강기)에스컬레이터-여의나루 내부6,ES
,여의나루,승강기)에스컬레이터-여의나루 내부7,ES
,여의나루,승강기)에스컬레이터-여의나루 내부8,ES
,여의나루,승강기)에스컬레이터-여의나루 내부9,ES
,여의나루,승강기)에스컬레이터-여의나루 외부10,ES
,여의나루,승강기)에스컬레이터-여의나루 외부11,ES
,여의나루,승강기)엘리베이터-여의나루 내부1,EV
,여의나루,승강기)엘리베이터-여의나루 내부2,EV
,여의나루,승강기)엘리베이터-여의나루 외부3,EV
,마포,승강기)에스컬레이터-마포 내부1,ES
,마포,승강기)에스컬레이터-마포 내부2,ES
,마포,승강기)에스컬레이터-마포 내부3,ES
,마포,승강기)에스컬레이터-마포 내부4,ES
,마포,승강기)에스컬레이터-마포 내부7,ES
,마포,승강기)에스컬레이터-마포 내부8,ES
,마포,승강기)에스컬레이터-마포 외부10,ES
,마포,승강기)에스컬레이터-마포 외부5,ES
,마포,승강기)에스컬레이터-마포 외부6,ES
,마포,승강기)에스컬레이터-마포 외부9,ES
,마포,승강기)엘리베이터-마포 내부1,EV
,마포,승강기)엘리베이터-마포 외부2,EV
,공덕(5),승강기)에스컬레이터-공덕 내부1,ES
,공덕(5),승강기)에스컬레이터-공덕 내부11,ES
,공덕(5),승강기)에스컬레이터-공덕 내부2,ES
,공덕(5),승강기)에스컬레이터-공덕 내부3,ES
,공덕(5),승강기)에스컬레이터-공덕 내부4,ES
,공덕(5),승강기)에스컬레이터-공덕 내부5,ES
,공덕(5),승강기)에스컬레이터-공덕 내부6,ES
,공덕(5),승강기)에스컬레이터-공덕 내부7,ES
,공덕(5),승강기)에스컬레이터-공덕 내부8,ES
,공덕(5),승강기)에스컬레이터-공덕 외부10,ES
,공덕(5),승강기)에스컬레이터-공덕 외부9,ES
,공덕(5),승강기)엘리베이터-공덕 내부1,EV
,공덕(5),승강기)엘리베이터-공덕 외부2,EV
,애오개,승강기)에스컬레이터-애오개 내부1,ES
,애오개,승강기)에스컬레이터-애오개 내부2,ES
,애오개,승강기)에스컬레이터-애오개 내부3,ES
,애오개,승강기)에스컬레이터-애오개 내부4,ES
,애오개,승강기)에스컬레이터-애오개 외부5,ES
,애오개,승강기)에스컬레이터-애오개 외부6,ES
,애오개,승강기)엘리베이터-애오개 내부1,EV
,애오개,승강기)엘리베이터-애오개 내부2,EV
,애오개,승강기)엘리베이터-애오개 내부3,EV
,애오개,승강기)엘리베이터-애오개 외부4,EV
,애오개,승강기)엘리베이터-애오개 외부5,EV
,충정로(5),승강기)에스컬레이터-충정로(5) 내부 1호기,ES
,충정로(5),승강기)에스컬레이터-충정로(5) 내부 2호기,ES
,충정로(5),승강기)에스컬레이터-충정로(5) 내부 3호기,ES
,충정로(5),승강기)에스컬레이터-충정로(5) 내부 4호기,ES
,충정로(5),승강기)엘리베이터-충정로 내부1,EV
,충정로(5),승강기)엘리베이터-충정로 외부2,EV
,서대문,승강기)에스컬레이터-서대문 내부1,ES
,서대문,승강기)에스컬레이터-서대문 내부2,ES
,서대문,승강기)에스컬레이터-서대문 내부3,ES
,역촌,승강기)엘리베이터-역촌 외부2,EV
,서대문,승강기)에스컬레이터-서대문 내부4,ES
,서대문,승강기)에스컬레이터-서대문 외부5,ES
,서대문,승강기)에스컬레이터-서대문 외부6,ES
,서대문,승강기)에스컬레이터-서대문 외부7,ES
,서대문,승강기)에스컬레이터-서대문 외부8,ES
,서대문,승강기)에스컬레이터-서대문역 외부10,ES
,서대문,승강기)에스컬레이터-서대문역 외부9,ES
,서대문,승강기)엘리베이터-서대문 내부1,EV
,서대문,승강기)엘리베이터-서대문 외부2,EV
,서대문,승강기)엘리베이터-서대문 외부3,EV
,광화문,승강기)에스컬레이터-광화문 내부1,ES
,광화문,승강기)에스컬레이터-광화문 내부2,ES
,광화문,승강기)에스컬레이터-광화문 내부3,ES
,광화문,승강기)에스컬레이터-광화문 내부4,ES
,광화문,승강기)엘리베이터-광화문 내부2,EV
,광화문,승강기)엘리베이터-광화문 외부1,EV
,종로3가(5),승강기)에스컬레이터-종로3가(5) 내부 10호기,ES
,종로3가(5),승강기)에스컬레이터-종로3가(5) 내부 1호기,ES
,종로3가(5),승강기)에스컬레이터-종로3가(5) 내부 2호기,ES
,종로3가(5),승강기)에스컬레이터-종로3가(5) 내부 3호기,ES
,종로3가(5),승강기)에스컬레이터-종로3가(5) 내부 4호기,ES
,종로3가(5),승강기)에스컬레이터-종로3가(5) 내부 5호기,ES
,종로3가(5),승강기)에스컬레이터-종로3가(5) 내부 6호기,ES
,종로3가(5),승강기)에스컬레이터-종로3가(5) 내부 7호기,ES
,종로3가(5),승강기)에스컬레이터-종로3가(5) 내부 8호기,ES
,종로3가(5),승강기)에스컬레이터-종로3가(5) 내부 9호기,ES
,종로3가(5),승강기)엘리베이터-종로3가 내부1,EV
,종로3가(5),승강기)엘리베이터-종로3가(5) 내부 2호기,EV
,을지로4가(5),승강기)에스컬레이터-을지로4가 내부1,ES
,을지로4가(5),승강기)에스컬레이터-을지로4가 내부2,ES
,을지로4가(5),승강기)에스컬레이터-을지로4가 내부3,ES
,을지로4가(5),승강기)에스컬레이터-을지로4가 내부4,ES
,을지로4가(5),승강기)에스컬레이터-을지로4가 내부5,ES
,을지로4가(5),승강기)에스컬레이터-을지로4가 내부6,ES
,을지로4가(5),승강기)에스컬레이터-을지로4가 내부7,ES
,을지로4가(5),승강기)에스컬레이터-을지로4가 내부8,ES
,을지로4가(5),승강기)에스컬레이터-을지로4가 내부9,ES
,을지로4가(5),승강기)에스컬레이터-을지로4가 외부10,ES
,을지로4가(5),승강기)에스컬레이터-을지로4가 외부11,ES
,을지로4가(5),승강기)엘리베이터-을지로4가 내부1,EV
,동대문역사문화공원(5),승강기)에스컬레이터-동대문역사문화공원(5) 내부1,ES
,동대문역사문화공원(5),승강기)에스컬레이터-동대문역사문화공원(5) 내부2,ES
,동대문역사문화공원(5),승강기)에스컬레이터-동대문역사문화공원(5) 내부3,ES
,동대문역사문화공원(5),승강기)에스컬레이터-동대문역사문화공원(5) 내부4,ES
,동대문역사문화공원(5),승강기)에스컬레이터-동대문역사문화공원(5) 내부5,ES
,동대문역사문화공원(5),승강기)엘리베이터-동역사(5) 내부1,EV
,동대문역사문화공원(5),승강기)엘리베이터-동역사(5) 내부2,EV
,신금호,승강기)에스컬레이터-신금호 1번 출입구 외부 7호기,ES
,신금호,승강기)에스컬레이터-신금호 1번 출입구 외부 8호기,ES
,신금호,승강기)에스컬레이터-신금호 2번 출입구 외부 10호기,ES
,신금호,승강기)에스컬레이터-신금호 2번 출입구 외부 9호기,ES
,신금호,승강기)에스컬레이터-신금호 4번 출입구 외부 11호기,ES
,신금호,승강기)에스컬레이터-신금호 4번 출입구 외부 12호기,ES
,신금호,승강기)에스컬레이터-신금호 내부5,ES
,신금호,승강기)에스컬레이터-신금호 내부6,ES
,신금호,승강기)에스컬레이터-신금호역 내부  1호기,ES
,신금호,승강기)에스컬레이터-신금호역 내부  2호기,ES
,신금호,승강기)에스컬레이터-신금호역 내부  3호기,ES
,신금호,승강기)에스컬레이터-신금호역 내부  4호기,ES
,신금호,승강기)엘리베이터-신금호 내부1,EV
,신금호,승강기)엘리베이터-신금호 내부2,EV
,신금호,승강기)엘리베이터-신금호 외부3,EV
,행당,승강기)에스컬레이터-행당 내부1,ES
,행당,승강기)에스컬레이터-행당 내부2,ES
,행당,승강기)에스컬레이터-행당 내부5,ES
,행당,승강기)에스컬레이터-행당 내부6,ES
,행당,승강기)에스컬레이터-행당 외부3,ES
,행당,승강기)에스컬레이터-행당 외부4,ES
,행당,승강기)에스컬레이터-행당 외부7,ES
,행당,승강기)에스컬레이터-행당 외부8,ES
,행당,승강기)엘리베이터-행당 내부1,EV
,행당,승강기)엘리베이터-행당 내부2,EV
,행당,승강기)엘리베이터-행당 외부3,EV
,왕십리(5),승강기)에스컬레이터-왕십리 내부1,ES
,왕십리(5),승강기)에스컬레이터-왕십리 내부2,ES
,왕십리(5),승강기)에스컬레이터-왕십리 내부3,ES
,왕십리(5),승강기)에스컬레이터-왕십리 내부4,ES
,왕십리(5),승강기)에스컬레이터-왕십리 내부5,ES
,왕십리(5),승강기)에스컬레이터-왕십리 내부6,ES
,왕십리(5),승강기)에스컬레이터-왕십리 내부7,ES
,왕십리(5),승강기)에스컬레이터-왕십리 내부8,ES
,왕십리(5),승강기)엘리베이터-왕십리 내부2,EV
,왕십리(5),승강기)엘리베이터-왕십리 내부3,EV
,왕십리(5),승강기)엘리베이터-왕십리 외부1,EV
,마장,승강기)에스컬레이터-마장 내부3,ES
,마장,승강기)에스컬레이터-마장 내부4,ES
,마장,승강기)에스컬레이터-마장 외부1,ES
,마장,승강기)에스컬레이터-마장 외부2,ES
,마장,승강기)엘리베이터-마장 내부1,EV
,마장,승강기)엘리베이터-마장 내부2,EV
,마장,승강기)엘리베이터-마장 내부3,EV
,답십리,승강기)에스컬레이터-답십리 외부1,ES
,답십리,승강기)에스컬레이터-답십리 외부2,ES
,답십리,승강기)에스컬레이터-답십리 외부3,ES
,답십리,승강기)에스컬레이터-답십리 외부4,ES
,답십리,승강기)엘리베이터-답십리 내부1,EV
,답십리,승강기)엘리베이터-답십리 내부2,EV
,답십리,승강기)엘리베이터-답십리 외부3,EV
,답십리,승강기)엘리베이터-답십리 외부4,EV
,답십리,승강기)휠체어리프트-답십리 내부 1,WL
,장한평,승강기)에스컬레이터-장한평 내부1,ES
,장한평,승강기)에스컬레이터-장한평 내부2,ES
,장한평,승강기)에스컬레이터-장한평 외부3,ES
,장한평,승강기)에스컬레이터-장한평 외부4,ES
,장한평,승강기)엘리베이터-장한평 내부1,EV
,장한평,승강기)엘리베이터-장한평 외부2,EV
,장한평,승강기)엘리베이터-장한평 외부3,EV
,장한평,승강기)휠체어리프트-장한평 내부 1,WL
,군자(5),승강기)에스컬레이터-군자 외부1,ES
,군자(5),승강기)에스컬레이터-군자 외부2,ES
,군자(5),승강기)에스컬레이터-군자 외부3,ES
,군자(5),승강기)에스컬레이터-군자 외부4,ES
,군자(5),승강기)에스컬레이터-군자(5) 1번 출입구 외부 5호기,ES
,군자(5),승강기)에스컬레이터-군자(5) 1번 출입구 외부 6호기,ES
,군자(5),승강기)에스컬레이터-군자역 8번출입구 E/S 1200형 7호기,ES
,군자(5),승강기)에스컬레이터-군자역 8번출입구 E/S 1200형 8호기,ES
,군자(5),승강기)엘리베이터-군자 내부1,EV
,군자(5),승강기)엘리베이터-군자 내부2,EV
,군자(5),승강기)엘리베이터-군자 외부3,EV
,아차산,승강기)에스컬레이터-아차산 내부3,ES
,아차산,승강기)에스컬레이터-아차산 내부4,ES
,아차산,승강기)에스컬레이터-아차산 외부1,ES
,아차산,승강기)에스컬레이터-아차산 외부2,ES
,아차산,승강기)에스컬레이터-아차산 외부5,ES
,아차산,승강기)에스컬레이터-아차산 외부6,ES
,아차산,승강기)에스컬레이터-아차산 외부7,ES
,아차산,승강기)에스컬레이터-아차산 외부8,ES
,아차산,승강기)엘리베이터-아차산 내부1,EV
,아차산,승강기)엘리베이터-아차산 내부2,EV
,아차산,승강기)엘리베이터-아차산 외부3,EV
,광나루,승강기)에스컬레이터-광나루 외부1,ES
,광나루,승강기)에스컬레이터-광나루 외부2,ES
,광나루,승강기)에스컬레이터-광나루 외부3,ES
,광나루,승강기)에스컬레이터-광나루 외부4,ES
,광나루,승강기)엘리베이터-광나루 내부1,EV
,광나루,승강기)엘리베이터-광나루 내부2,EV
,광나루,승강기)엘리베이터-광나루 외부3,EV
,광나루,승강기)엘리베이터-광나루 외부4,EV
,광나루,승강기)휠체어리프트-광나루 내부 1,WL
,천호(5),승강기)에스컬레이터-천호(5) 내부1,ES
,천호(5),승강기)에스컬레이터-천호(5) 내부2,ES
,천호(5),승강기)에스컬레이터-천호(5) 외부10,ES
,천호(5),승강기)에스컬레이터-천호(5) 외부11,ES
,천호(5),승강기)에스컬레이터-천호(5) 외부12,ES
,천호(5),승강기)에스컬레이터-천호(5) 외부13,ES
,천호(5),승강기)에스컬레이터-천호(5) 외부14,ES
,천호(5),승강기)에스컬레이터-천호(5) 외부15,ES
,천호(5),승강기)에스컬레이터-천호(5) 외부16,ES
,천호(5),승강기)에스컬레이터-천호(5) 외부3,ES
,천호(5),승강기)에스컬레이터-천호(5) 외부4,ES
,천호(5),승강기)에스컬레이터-천호(5) 외부5,ES
,천호(5),승강기)에스컬레이터-천호(5) 외부6,ES
,천호(5),승강기)에스컬레이터-천호(5) 외부7,ES
,천호(5),승강기)에스컬레이터-천호(5) 외부8,ES
,천호(5),승강기)에스컬레이터-천호(5) 외부9,ES
,천호(5),승강기)엘리베이터-천호(5) 내부2,EV
,천호(5),승강기)엘리베이터-천호(5) 내부3,EV
,천호(5),승강기)엘리베이터-천호(5) 내부4,EV
,천호(5),승강기)엘리베이터-천호(5) 외부1,EV
,강동,승강기)에스컬레이터-강동 4번 출입구 11호기,ES
,강동,승강기)에스컬레이터-강동 4번 출입구 12호기,ES
,하계,승강기)엘리베이터-하계 외부3,EV
,강동,승강기)에스컬레이터-강동 내부 1호기,ES
,강동,승강기)에스컬레이터-강동 내부 2호기,ES
,강동,승강기)에스컬레이터-강동 내부 3호기,ES
,강동,승강기)에스컬레이터-강동 내부 4호기,ES
,강동,승강기)에스컬레이터-강동 내부 5호기,ES
,강동,승강기)에스컬레이터-강동 내부 6호기,ES
,강동,승강기)에스컬레이터-강동 내부 7호기,ES
,강동,승강기)에스컬레이터-강동 내부 8호기,ES
,강동,승강기)엘리베이터-강동 내부 1호기,EV
,강동,승강기)엘리베이터-강동 내부 3호기,EV
,강동,승강기)엘리베이터-강동 외부 2호기,EV
,길동,승강기)에스컬레이터-길동역 내부 1호기,ES
,길동,승강기)에스컬레이터-길동역 내부 2호기,ES
,길동,승강기)에스컬레이터-길동역 내부 3호기,ES
,길동,승강기)엘리베이터-길동 내부1,EV
,길동,승강기)엘리베이터-길동 내부2,EV
,길동,승강기)엘리베이터-길동 내부3,EV
,굽은다리,승강기)에스컬레이터-굽은다리 1번 출입구 외부 1호기,ES
,굽은다리,승강기)에스컬레이터-굽은다리 1번 출입구 외부 2호기,ES
,굽은다리,승강기)에스컬레이터-굽은다리 4번 출입구 외부 3호기,ES
,굽은다리,승강기)에스컬레이터-굽은다리 4번 출입구 외부 4호기,ES
,굽은다리,승강기)엘리베이터-굽은다리 내부1,EV
,굽은다리,승강기)엘리베이터-굽은다리 내부2,EV
,굽은다리,승강기)엘리베이터-굽은다리 외부3,EV
,명일,승강기)에스컬레이터-명일 외부1,ES
,명일,승강기)에스컬레이터-명일 외부2,ES
,명일,승강기)엘리베이터-명일 내부1,EV
,명일,승강기)엘리베이터-명일 내부2,EV
,명일,승강기)엘리베이터-명일 외부3,EV
,고덕,승강기)에스컬레이터-고덕 외부1,ES
,고덕,승강기)에스컬레이터-고덕 외부2,ES
,고덕,승강기)에스컬레이터-고덕 외부3,ES
,고덕,승강기)에스컬레이터-고덕 외부4,ES
,고덕,승강기)에스컬레이터-고덕 외부5,ES
,고덕,승강기)에스컬레이터-고덕 외부6,ES
,고덕,승강기)엘리베이터-고덕 내부1,EV
,고덕,승강기)엘리베이터-고덕 내부2,EV
,고덕,승강기)엘리베이터-고덕 외부3,EV
,고덕,승강기)엘리베이터-고덕 외부4,EV
,상일동,승강기)에스컬레이터-상일동 1번 출입구 외부 3호기,ES
,상일동,승강기)에스컬레이터-상일동 1번 출입구 외부 4호기,ES
,상일동,승강기)에스컬레이터-상일동 2번 출입구 외부 5호기,ES
,상일동,승강기)에스컬레이터-상일동 2번 출입구 외부 6호기,ES
,상일동,승강기)에스컬레이터-상일동 3번 출입구 외부 7호기,ES
,상일동,승강기)에스컬레이터-상일동 3번 출입구 외부 8호기,ES
,상일동,승강기)에스컬레이터-상일동 4번 출입구 외부 10호기,ES
,상일동,승강기)에스컬레이터-상일동 4번 출입구 외부 9호기,ES
,상일동,승강기)에스컬레이터-상일동 5번 출입구 외부 11호기,ES
,상일동,승강기)에스컬레이터-상일동 5번 출입구 외부 12호기,ES
,상일동,승강기)에스컬레이터-상일동 6번 출입구 외부 13호기,ES
,상일동,승강기)에스컬레이터-상일동 6번 출입구 외부 14호기,ES
,상일동,승강기)에스컬레이터-상일동 7번 출입구 외부 15호기,ES
,상일동,승강기)에스컬레이터-상일동 7번 출입구 외부 16호기,ES
,상일동,승강기)에스컬레이터-상일동 8번 출입구 외부 17호기,ES
,상일동,승강기)에스컬레이터-상일동 8번 출입구 외부 18호기,ES
,상일동,승강기)엘리베이터-상일동 1번 출입구 외부 1호기,EV
,상일동,승강기)엘리베이터-상일동 3번 출입구 외부 2호기,EV
,상일동,승강기)엘리베이터-상일동 5번 출입구 외부 3호기,EV
,상일동,승강기)엘리베이터-상일동 8번 출입구 외부 4호기,EV
,상일동,승강기)엘리베이터-상일동 내부 5호기,EV
,상일동,승강기)엘리베이터-상일동 내부 6호기,EV
,둔촌동,승강기)에스컬레이터-둔촌동 내부1,ES
,둔촌동,승강기)에스컬레이터-둔촌동 내부3,ES
,둔촌동,승강기)에스컬레이터-둔촌동 내부4,ES
,둔촌동,승강기)엘리베이터-둔촌동 내부1,EV
,둔촌동,승강기)엘리베이터-둔촌동 내부2,EV
,둔촌동,승강기)엘리베이터-둔촌동 외부3,EV
,올림픽공원(5),승강기)에스컬레이터-올림픽공원 내부1,ES
,올림픽공원(5),승강기)에스컬레이터-올림픽공원 내부2,ES
,올림픽공원(5),승강기)에스컬레이터-올림픽공원 내부3,ES
,올림픽공원(5),승강기)에스컬레이터-올림픽공원 내부4,ES
,올림픽공원(5),승강기)엘리베이터-올림픽공원 내부1,EV
,올림픽공원(5),승강기)엘리베이터-올림픽공원 내부2,EV
,올림픽공원(5),승강기)엘리베이터-올림픽공원 외부4,EV
,방이,승강기)에스컬레이터-방이 외부1,ES
,방이,승강기)에스컬레이터-방이 외부2,ES
,방이,승강기)엘리베이터-방이 내부1,EV
,방이,승강기)엘리베이터-방이 내부2,EV
,방이,승강기)엘리베이터-방이 외부3,EV
,방이,승강기)엘리베이터-방이 외부4,EV
,오금(5),승강기)에스컬레이터-오금(5) 3번 출입구 1호기,ES
,오금(5),승강기)에스컬레이터-오금(5) 3번 출입구 2호기,ES
,오금(5),승강기)에스컬레이터-오금(5) 5번 출입구 3호기,ES
,오금(5),승강기)에스컬레이터-오금(5) 내부 4호기,ES
,오금(5),승강기)에스컬레이터-오금(5) 내부 5호기,ES
,오금(5),승강기)에스컬레이터-오금(5) 내부 6호기,ES
,오금(5),승강기)에스컬레이터-오금(5) 내부 7호기,ES
,오금(5),승강기)엘리베이터-오금(5) 내부1,EV
,오금(5),승강기)엘리베이터-오금(5) 내부2,EV
,오금(5),승강기)엘리베이터-오금(5) 내부3,EV
,오금(5),승강기)엘리베이터-오금(5) 내부4,EV
,오금(5),승강기)엘리베이터-오금(5) 외부5,EV
,개롱,승강기)에스컬레이터-개롱 외부1,ES
,개롱,승강기)에스컬레이터-개롱 외부2,ES
,개롱,승강기)엘리베이터-개롱 내부1,EV
,개롱,승강기)엘리베이터-개롱 내부2,EV
,개롱,승강기)엘리베이터-개롱 외부3,EV
,거여,승강기)에스컬레이터-거여 내부 3호기,ES
,거여,승강기)에스컬레이터-거여 내부1,ES
,거여,승강기)에스컬레이터-거여 내부2,ES
,거여,승강기)엘리베이터-거여 내부1,EV
,거여,승강기)엘리베이터-거여 내부2,EV
,거여,승강기)엘리베이터-거여 외부3,EV
,마천,승강기)에스컬레이터-마천역 1번 출입구 5호기,ES
,마천,승강기)에스컬레이터-마천역 1번 출입구 6호기,ES
,마천,승강기)에스컬레이터-마천역 2번 출입구 10호기,ES
,마천,승강기)에스컬레이터-마천역 2번 출입구 9호기,ES
,마천,승강기)에스컬레이터-마천역 내부 1호기,ES
,마천,승강기)에스컬레이터-마천역 내부 2호기,ES
,마천,승강기)에스컬레이터-마천역 내부 3호기,ES
,마천,승강기)에스컬레이터-마천역 내부 4호기,ES
,마천,승강기)에스컬레이터-마천역 내부 7호기,ES
,마천,승강기)에스컬레이터-마천역 내부 8호기,ES
,마천,승강기)엘리베이터-마천역 1번출입구 3호기,EV
,마천,승강기)엘리베이터-마천역 내부 1호기,EV
,마천,승강기)엘리베이터-마천역 내부 엘리베이터 2호기,EV
,강일,승강기)에스컬레이터-강일역 1번 출입구 10호기,ES
,강일,승강기)에스컬레이터-강일역 1번 출입구 9호기,ES
,강일,승강기)에스컬레이터-강일역 2번 출입구 11호기,ES
,강일,승강기)에스컬레이터-강일역 2번 출입구 12호기,ES
,강일,승강기)에스컬레이터-강일역 3번 출입구 13호기,ES
,강일,승강기)에스컬레이터-강일역 3번 출입구 14호기,ES
,강일,승강기)에스컬레이터-강일역 4번 출입구 15호기,ES
,강일,승강기)에스컬레이터-강일역 4번 출입구 16호기,ES
,강일,승강기)에스컬레이터-강일역 내부 1호기,ES
,강일,승강기)에스컬레이터-강일역 내부 2호기,ES
,강일,승강기)에스컬레이터-강일역 내부 3호기,ES
,강일,승강기)에스컬레이터-강일역 내부 4호기,ES
,강일,승강기)에스컬레이터-강일역 내부 5호기,ES
,강일,승강기)에스컬레이터-강일역 내부 6호기,ES
,강일,승강기)에스컬레이터-강일역 내부 7호기,ES
,강일,승강기)에스컬레이터-강일역 내부 8호기,ES
,강일,승강기)엘리베이터-강일역 1번 출입구 외부 엘리베이터 5호기,EV
,강일,승강기)엘리베이터-강일역 2번 출입구 외부 엘리베이터 6호기,EV
,강일,승강기)엘리베이터-강일역 3번 출입구 외부 엘리베이터 7호기,EV
,강일,승강기)엘리베이터-강일역 4번 출입구 외부 엘리베이터 8호기,EV
,강일,승강기)엘리베이터-강일역 내부 엘리베이터 1호기,EV
,강일,승강기)엘리베이터-강일역 내부 엘리베이터 2호기,EV
,강일,승강기)엘리베이터-강일역 내부 엘리베이터 3호기,EV
,강일,승강기)엘리베이터-강일역 내부 엘리베이터 4호기,EV
,미사,승강기)에스컬레이터-미사 내부 10호기,ES
,미사,승강기)에스컬레이터-미사 내부 11호기,ES
,미사,승강기)에스컬레이터-미사 내부 12호기,ES
,미사,승강기)에스컬레이터-미사 내부 13호기,ES
,미사,승강기)에스컬레이터-미사 내부 14호기,ES
,미사,승강기)에스컬레이터-미사 내부 15호기,ES
,미사,승강기)에스컬레이터-미사 내부 16호기,ES
,미사,승강기)에스컬레이터-미사 내부 17호기,ES
,미사,승강기)에스컬레이터-미사 내부 18호기,ES
,미사,승강기)에스컬레이터-미사 내부 19호기,ES
,미사,승강기)에스컬레이터-미사 내부 1호기,ES
,미사,승강기)에스컬레이터-미사 내부 20호기,ES
,미사,승강기)에스컬레이터-미사 내부 21호기,ES
,미사,승강기)에스컬레이터-미사 내부 22호기,ES
,미사,승강기)에스컬레이터-미사 내부 2호기,ES
,미사,승강기)에스컬레이터-미사 내부 3호기,ES
,미사,승강기)에스컬레이터-미사 내부 4호기,ES
,미사,승강기)에스컬레이터-미사 내부 5호기,ES
,미사,승강기)에스컬레이터-미사 내부 6호기,ES
,미사,승강기)에스컬레이터-미사 내부 7호기,ES
,미사,승강기)에스컬레이터-미사 내부 8호기,ES
,미사,승강기)에스컬레이터-미사 내부 9호기,ES
,미사,승강기)엘리베이터-미사역 1번 출입구 외부 3호기,EV
,하계,승강기)엘리베이터-하계 외부4,EV
,미사,승강기)엘리베이터-미사역 6번 출입구 외부 4호기,EV
,미사,승강기)엘리베이터-미사역 내부 1호기,EV
,미사,승강기)엘리베이터-미사역 내부 2호기,EV
,하남풍산,승강기)에스컬레이터-하남풍산 내부 10호기,ES
,하남풍산,승강기)에스컬레이터-하남풍산 내부 11호기,ES
,하남풍산,승강기)에스컬레이터-하남풍산 내부 12호기,ES
,하남풍산,승강기)에스컬레이터-하남풍산 내부 13호기,ES
,하남풍산,승강기)에스컬레이터-하남풍산 내부 14호기,ES
,하남풍산,승강기)에스컬레이터-하남풍산 내부 15호기,ES
,하남풍산,승강기)에스컬레이터-하남풍산 내부 16호기,ES
,하남풍산,승강기)에스컬레이터-하남풍산 내부 17호기,ES
,하남풍산,승강기)에스컬레이터-하남풍산 내부 18호기,ES
,하남풍산,승강기)에스컬레이터-하남풍산 내부 19호기,ES
,하남풍산,승강기)에스컬레이터-하남풍산 내부 1호기,ES
,하남풍산,승강기)에스컬레이터-하남풍산 내부 20호기,ES
,하남풍산,승강기)에스컬레이터-하남풍산 내부 21호기,ES
,하남풍산,승강기)에스컬레이터-하남풍산 내부 22호기,ES
,하남풍산,승강기)에스컬레이터-하남풍산 내부 23호기,ES
,하남풍산,승강기)에스컬레이터-하남풍산 내부 24호기,ES
,하남풍산,승강기)에스컬레이터-하남풍산 내부 2호기,ES
,하남풍산,승강기)에스컬레이터-하남풍산 내부 3호기,ES
,하남풍산,승강기)에스컬레이터-하남풍산 내부 4호기,ES
,하남풍산,승강기)에스컬레이터-하남풍산 내부 5호기,ES
,하남풍산,승강기)에스컬레이터-하남풍산 내부 6호기,ES
,하남풍산,승강기)에스컬레이터-하남풍산 내부 7호기,ES
,하남풍산,승강기)에스컬레이터-하남풍산 내부 8호기,ES
,하남풍산,승강기)에스컬레이터-하남풍산 내부 9호기,ES
,하남풍산,승강기)엘리베이터-하남풍산역 1번 출입구 외부 3호기,EV
,하남풍산,승강기)엘리베이터-하남풍산역 5번 출입구 외부 4호기,EV
,하남풍산,승강기)엘리베이터-하남풍산역 7번 출입구 외부 5호기,EV
,하남풍산,승강기)엘리베이터-하남풍산역 내부 1호기,EV
,하남풍산,승강기)엘리베이터-하남풍산역 내부 2호기,EV
,하남시청,승강)엘리베이터-하남시청역 엘리베이터 1호기,EV
,하남시청,승강)엘리베이터-하남시청역 엘리베이터 2호기,EV
,하남시청,승강)엘리베이터-하남시청역 엘리베이터 3호기,EV
,하남시청,승강)엘리베이터-하남시청역 엘리베이터 4호기,EV
,하남시청,승강기)에스컬레이터-하남시청역 내부 10호기,ES
,하남시청,승강기)에스컬레이터-하남시청역 내부 11호기,ES
,하남시청,승강기)에스컬레이터-하남시청역 내부 12호기,ES
,하남시청,승강기)에스컬레이터-하남시청역 내부 13호기,ES
,하남시청,승강기)에스컬레이터-하남시청역 내부 14호기,ES
,하남시청,승강기)에스컬레이터-하남시청역 내부 15호기,ES
,하남시청,승강기)에스컬레이터-하남시청역 내부 16호기,ES
,하남시청,승강기)에스컬레이터-하남시청역 내부 17호기,ES
,하남시청,승강기)에스컬레이터-하남시청역 내부 18호기,ES
,하남시청,승강기)에스컬레이터-하남시청역 내부 19호기,ES
,하남시청,승강기)에스컬레이터-하남시청역 내부 1호기,ES
,하남시청,승강기)에스컬레이터-하남시청역 내부 20호기,ES
,하남시청,승강기)에스컬레이터-하남시청역 내부 21호기,ES
,하남시청,승강기)에스컬레이터-하남시청역 내부 22호기,ES
,하남시청,승강기)에스컬레이터-하남시청역 내부 23호기,ES
,하남시청,승강기)에스컬레이터-하남시청역 내부 24호기,ES
,하남시청,승강기)에스컬레이터-하남시청역 내부 25호기,ES
,하남시청,승강기)에스컬레이터-하남시청역 내부 26호기,ES
,하남시청,승강기)에스컬레이터-하남시청역 내부 27호기,ES
,하남시청,승강기)에스컬레이터-하남시청역 내부 28호기,ES
,하남시청,승강기)에스컬레이터-하남시청역 내부 2호기,ES
,하남시청,승강기)에스컬레이터-하남시청역 내부 3호기,ES
,하남시청,승강기)에스컬레이터-하남시청역 내부 4호기,ES
,하남시청,승강기)에스컬레이터-하남시청역 내부 5호기,ES
,하남시청,승강기)에스컬레이터-하남시청역 내부 6호기,ES
,하남시청,승강기)에스컬레이터-하남시청역 내부 7호기,ES
,하남시청,승강기)에스컬레이터-하남시청역 내부 8호기,ES
,하남시청,승강기)에스컬레이터-하남시청역 내부 9호기,ES
,하남검단산,승강기)에스컬레이터-하남검단산역 1번 출입구 13호기,ES
,하남검단산,승강기)에스컬레이터-하남검단산역 1번 출입구 14호기,ES
,하남검단산,승강기)에스컬레이터-하남검단산역 2번 출입구 15호기,ES
,하남검단산,승강기)에스컬레이터-하남검단산역 2번 출입구 16호기,ES
,하남검단산,승강기)에스컬레이터-하남검단산역 3번 출입구 17호기,ES
,하남검단산,승강기)에스컬레이터-하남검단산역 3번 출입구 18호기,ES
,하남검단산,승강기)에스컬레이터-하남검단산역 4번 출입구 19호기,ES
,하남검단산,승강기)에스컬레이터-하남검단산역 4번 출입구 20호기,ES
,하남검단산,승강기)에스컬레이터-하남검단산역 내부 10호기,ES
,하남검단산,승강기)에스컬레이터-하남검단산역 내부 11호기,ES
,하남검단산,승강기)에스컬레이터-하남검단산역 내부 12호기,ES
,하남검단산,승강기)에스컬레이터-하남검단산역 내부 1호기,ES
,하남검단산,승강기)에스컬레이터-하남검단산역 내부 2호기,ES
,하남검단산,승강기)에스컬레이터-하남검단산역 내부 3호기,ES
,하남검단산,승강기)에스컬레이터-하남검단산역 내부 4호기,ES
,하남검단산,승강기)에스컬레이터-하남검단산역 내부 5호기,ES
,하남검단산,승강기)에스컬레이터-하남검단산역 내부 6호기,ES
,하남검단산,승강기)에스컬레이터-하남검단산역 내부 7호기,ES
,하남검단산,승강기)에스컬레이터-하남검단산역 내부 8호기,ES
,하남검단산,승강기)에스컬레이터-하남검단산역 내부 9호기,ES
,하남검단산,승강기)엘리베이터-하남검단산역 1번 출입구 외부 3호기,EV
,하남검단산,승강기)엘리베이터-하남검단산역 3번 출입구 외부 4호기,EV
,하남검단산,승강기)엘리베이터-하남검단산역 내부 1호기,EV
,하남검단산,승강기)엘리베이터-하남검단산역 내부 2호기,EV
,남구로,승강기)엘리베이터-남구로 내부 1호기,EV
,남구로,승강기)엘리베이터-남구로 내부 2호기,EV
,남구로,승강기)엘리베이터-남구로 외부 3호기,EV
,응암,승강기)에스컬레이터-응암 내부1,ES
,응암,승강기)에스컬레이터-응암 내부2,ES
,응암,승강기)에스컬레이터-응암 외부3,ES
,응암,승강기)에스컬레이터-응암 외부4,ES
,응암,승강기)엘리베이터-응암 내부1,EV
,응암,승강기)엘리베이터-응암 외부2,EV
,역촌,승강기)에스컬레이터-역촌 내부 1호기,ES
,역촌,승강기)에스컬레이터-역촌 내부 2호기,ES
,역촌,승강기)에스컬레이터-역촌 외부3,ES
,역촌,승강기)에스컬레이터-역촌 외부4,ES
,역촌,승강기)에스컬레이터-역촌 외부5,ES
,역촌,승강기)에스컬레이터-역촌 외부6,ES
,불광(6),승강기)에스컬레이터-불광(6) 내부 1호기,ES
,불광(6),승강기)에스컬레이터-불광(6) 내부 2호기,ES
,불광(6),승강기)에스컬레이터-불광(6) 내부 3호기,ES
,불광(6),승강기)에스컬레이터-불광(6) 내부 4호기,ES
,불광(6),승강기)에스컬레이터-불광(6) 내부10,ES
,불광(6),승강기)에스컬레이터-불광(6) 내부11,ES
,불광(6),승강기)에스컬레이터-불광(6) 내부12,ES
,불광(6),승강기)에스컬레이터-불광(6) 내부5,ES
,불광(6),승강기)에스컬레이터-불광(6) 내부6,ES
,불광(6),승강기)에스컬레이터-불광(6) 내부7,ES
,불광(6),승강기)에스컬레이터-불광(6) 내부8,ES
,불광(6),승강기)에스컬레이터-불광(6) 내부9,ES
,불광(6),승강기)엘리베이터-불광(6) 내부1,EV
,불광(6),승강기)엘리베이터-불광(6) 내부2,EV
,불광(6),승강기)엘리베이터-불광(6) 외부3,EV
,불광(6),승강기)휠체어리프트-불광(6) 내부 1,WL
,불광(6),승강기)휠체어리프트-불광(6) 내부 2,WL
,독바위,승강기)에스컬레이터-독바위 내부 3호기,ES
,독바위,승강기)에스컬레이터-독바위 내부 4호기,ES
,독바위,승강기)에스컬레이터-독바위 내부 5호기,ES
,독바위,승강기)에스컬레이터-독바위 내부 6호기,ES
,독바위,승강기)에스컬레이터-독바위 내부1,ES
,독바위,승강기)에스컬레이터-독바위 내부2,ES
,독바위,승강기)에스컬레이터-독바위 내부7,ES
,독바위,승강기)에스컬레이터-독바위 외부8,ES
,독바위,승강기)엘리베이터-독바위 내부1,EV
,독바위,승강기)엘리베이터-독바위 외부2,EV
,연신내(6),승강기)에스컬레이터-연신내(6) 내부 1호기,ES
,연신내(6),승강기)에스컬레이터-연신내(6) 내부 2호기,ES
,연신내(6),승강기)에스컬레이터-연신내(6) 내부 3호기,ES
,연신내(6),승강기)에스컬레이터-연신내(6) 내부 4호기,ES
,연신내(6),승강기)에스컬레이터-연신내(6) 내부 5호기,ES
,연신내(6),승강기)에스컬레이터-연신내(6) 내부 6호기,ES
,연신내(6),승강기)엘리베이터-연신내(6) 내부1,EV
,연신내(6),승강기)엘리베이터-연신내(6) 외부2,EV
,구산,승강기)에스컬레이터-구산 3번출입구 3호기,ES
,구산,승강기)에스컬레이터-구산 3번출입구 4호기,ES
,구산,승강기)에스컬레이터-구산 내부1,ES
,구산,승강기)에스컬레이터-구산 내부2,ES
,구산,승강기)엘리베이터-구산 내부 2호기,EV
,구산,승강기)엘리베이터-구산 외부1,EV
,새절,승강기)에스컬레이터-새절 내부1,ES
,새절,승강기)에스컬레이터-새절 내부2,ES
,새절,승강기)에스컬레이터-새절 내부3,ES
,새절,승강기)에스컬레이터-새절 내부4,ES
,새절,승강기)엘리베이터-새절 내부 3호기,EV
,새절,승강기)엘리베이터-새절 내부1,EV
,새절,승강기)엘리베이터-새절 외부2,EV
,증산,승강기)에스컬레이터-증산 내부1,ES
,증산,승강기)에스컬레이터-증산 내부2,ES
,증산,승강기)에스컬레이터-증산 내부3,ES
,증산,승강기)에스컬레이터-증산 내부4,ES
,증산,승강기)에스컬레이터-증산 내부5,ES
,증산,승강기)에스컬레이터-증산 내부6,ES
,증산,승강기)엘리베이터-증산 내부 3,EV
,증산,승강기)엘리베이터-증산 내부1,EV
,증산,승강기)엘리베이터-증산 내부2,EV
,디지털미디어시티(6),승강기)에스컬레이터-디지털미디어시티(6) 내부1,ES
,디지털미디어시티(6),승강기)에스컬레이터-디지털미디어시티(6) 내부2,ES
,디지털미디어시티(6),승강기)에스컬레이터-디지털미디어시티(6) 내부3,ES
,디지털미디어시티(6),승강기)에스컬레이터-디지털미디어시티(6) 내부4,ES
,디지털미디어시티(6),승강기)에스컬레이터-디지털미디어시티(6) 외부5,ES
,디지털미디어시티(6),승강기)에스컬레이터-디지털미디어시티(6) 외부6,ES
,디지털미디어시티(6),승강기)에스컬레이터-디지털미디어시티(6) 외부7,ES
,디지털미디어시티(6),승강기)에스컬레이터-디지털미디어시티(6) 외부8,ES
,디지털미디어시티(6),승강기)엘리베이터-디지털미디어시티(6) 내부1,EV
,디지털미디어시티(6),승강기)엘리베이터-디지털미디어시티(6) 내부2,EV
,디지털미디어시티(6),승강기)엘리베이터-디지털미디어시티(6) 외부3,EV
,디지털미디어시티(6),승강기)휠체어리프트-디지털미디어시티(6) 내부 1,WL
,디지털미디어시티(6),승강기)휠체어리프트-디지털미디어시티(6) 내부 2,WL
,월드컵경기장,승강기)에스컬레이터-월드컵경기장 외부1,ES
,월드컵경기장,승강기)에스컬레이터-월드컵경기장 외부10,ES
,월드컵경기장,승강기)에스컬레이터-월드컵경기장 외부11,ES
,월드컵경기장,승강기)에스컬레이터-월드컵경기장 외부12,ES
,월드컵경기장,승강기)에스컬레이터-월드컵경기장 외부2,ES
,월드컵경기장,승강기)에스컬레이터-월드컵경기장 외부3,ES
,월드컵경기장,승강기)에스컬레이터-월드컵경기장 외부4,ES
,월드컵경기장,승강기)에스컬레이터-월드컵경기장 외부5,ES
,월드컵경기장,승강기)에스컬레이터-월드컵경기장 외부6,ES
,월드컵경기장,승강기)에스컬레이터-월드컵경기장 외부7,ES
,월드컵경기장,승강기)에스컬레이터-월드컵경기장 외부8,ES
,월드컵경기장,승강기)에스컬레이터-월드컵경기장 외부9,ES
,월드컵경기장,승강기)엘리베이터-월드컵경기장 내부1,EV
,월드컵경기장,승강기)엘리베이터-월드컵경기장 내부2,EV
,월드컵경기장,승강기)엘리베이터-월드컵경기장 외부3,EV
,마포구청,승강기)에스컬레이터-마포구청 12,ES
,마포구청,승강기)에스컬레이터-마포구청 내부10,ES
,마포구청,승강기)에스컬레이터-마포구청 내부11,ES
,마포구청,승강기)에스컬레이터-마포구청 외부1,ES
,마포구청,승강기)에스컬레이터-마포구청 외부2,ES
,마포구청,승강기)에스컬레이터-마포구청 외부3,ES
,마포구청,승강기)에스컬레이터-마포구청 외부4,ES
,마포구청,승강기)에스컬레이터-마포구청 외부5,ES
,마포구청,승강기)에스컬레이터-마포구청 외부6,ES
,마포구청,승강기)에스컬레이터-마포구청 외부7,ES
,마포구청,승강기)에스컬레이터-마포구청 외부8,ES
,마포구청,승강기)에스컬레이터-마포구청 외부9,ES
,마포구청,승강기)엘리베이터-마포구청 내부1,EV
,마포구청,승강기)엘리베이터-마포구청 내부2,EV
,마포구청,승강기)엘리베이터-마포구청 외부3,EV
,마포구청,승강기)엘리베이터-마포구청 외부4,EV
,망원,승강기)에스컬레이터-망원 내부1,ES
,망원,승강기)에스컬레이터-망원 내부2,ES
,망원,승강기)엘리베이터-망원 내부1,EV
,망원,승강기)엘리베이터-망원 외부2,EV
,합정(6),승강기)에스컬레이터-합정(6) 5번출구 10호기,ES
,합정(6),승강기)에스컬레이터-합정(6) 8번출구 15호기,ES
,합정(6),승강기)에스컬레이터-합정(6) 8번출구 16호기,ES
,합정(6),승강기)에스컬레이터-합정(6) 내부 1호기,ES
,합정(6),승강기)에스컬레이터-합정(6) 내부 2호기,ES
,합정(6),승강기)에스컬레이터-합정(6) 내부 3호기,ES
,합정(6),승강기)에스컬레이터-합정(6) 내부 4호기,ES
,합정(6),승강기)에스컬레이터-합정(6) 내부 5호기,ES
,합정(6),승강기)에스컬레이터-합정(6) 내부 6호기,ES
,합정(6),승강기)에스컬레이터-합정(6) 내부 7호기,ES
,합정(6),승강기)에스컬레이터-합정(6) 내부 8호기,ES
,합정(6),승강기)에스컬레이터-합정(6) 내부 9호기,ES
,합정(6),승강기)엘리베이터-합정(6) 내부1,EV
,합정(6),승강기)엘리베이터-합정(6) 내부2,EV
,합정(6),승강기)엘리베이터-합정(6) 외부3,EV
,합정(6),승강기)휠체어리프트-합정(6) 내부 1,WL
,상수,승강기)에스컬레이터-상수 내부1,ES
,상수,승강기)에스컬레이터-상수 내부2,ES
,상수,승강기)에스컬레이터-상수 내부3,ES
,상수,승강기)에스컬레이터-상수 내부4,ES
,상수,승강기)에스컬레이터-상수 내부5,ES
,상수,승강기)에스컬레이터-상수 내부6,ES
,상수,승강기)에스컬레이터-상수 내부7,ES
,상수,승강기)에스컬레이터-상수 내부8,ES
,상수,승강기)에스컬레이터-상수 외부10,ES
,상수,승강기)에스컬레이터-상수 외부9,ES
,상수,승강기)엘리베이터-상수 내부 3호기,EV
,상수,승강기)엘리베이터-상수 내부1,EV
,상수,승강기)엘리베이터-상수 내부2,EV
,광흥창,승강기)에스컬레이터-광흥창 내부1,ES
,광흥창,승강기)에스컬레이터-광흥창 내부2,ES
,광흥창,승강기)에스컬레이터-광흥창 내부3,ES
,광흥창,승강기)에스컬레이터-광흥창 내부4,ES
,광흥창,승강기)에스컬레이터-광흥창 내부5,ES
,광흥창,승강기)에스컬레이터-광흥창 내부6,ES
,광흥창,승강기)에스컬레이터-광흥창 내부7,ES
,광흥창,승강기)에스컬레이터-광흥창 외부8,ES
,광흥창,승강기)에스컬레이터-광흥창 외부9,ES
,광흥창,승강기)엘리베이터-광흥창 내부2,EV
,광흥창,승강기)엘리베이터-광흥창 외부1,EV
,광흥창,승강기)엘리베이터-광흥창 외부3,EV
,대흥,승강기)에스컬레이터-대흥 내부1,ES
,대흥,승강기)에스컬레이터-대흥 내부2,ES
,대흥,승강기)에스컬레이터-대흥 내부3,ES
,대흥,승강기)에스컬레이터-대흥 내부4,ES
,대흥,승강기)에스컬레이터-대흥 외부5,ES
,대흥,승강기)에스컬레이터-대흥 외부6,ES
,대흥,승강기)엘리베이터-대흥 내부1,EV
,대흥,승강기)엘리베이터-대흥 내부2,EV
,대흥,승강기)엘리베이터-대흥 외부 E/L 3호기,EV
,공덕(6),승강기)에스컬레이터-공덕(6) 내부1,ES
,공덕(6),승강기)에스컬레이터-공덕(6) 내부2,ES
,공덕(6),승강기)에스컬레이터-공덕(6) 내부3,ES
,공덕(6),승강기)에스컬레이터-공덕(6) 내부4,ES
,공덕(6),승강기)에스컬레이터-공덕(6) 내부5,ES
,공덕(6),승강기)에스컬레이터-공덕(6) 내부6,ES
,공덕(6),승강기)엘리베이터-공덕(6) 내부1,EV
,공덕(6),승강기)엘리베이터-공덕(6) 내부4,EV
,공덕(6),승강기)엘리베이터-공덕(6) 내부5,EV
,공덕(6),승강기)엘리베이터-공덕(6) 외부2,EV
,공덕(6),승강기)엘리베이터-공덕(6) 외부3,EV
,효창공원앞(6),승강기)에스컬레이터-효창공원앞(6) 내부1,ES
,효창공원앞(6),승강기)에스컬레이터-효창공원앞(6) 내부2,ES
,효창공원앞(6),승강기)에스컬레이터-효창공원앞(6) 내부5,ES
,효창공원앞(6),승강기)에스컬레이터-효창공원앞(6) 내부6,ES
,효창공원앞(6),승강기)에스컬레이터-효창공원앞(6) 외부3,ES
,효창공원앞(6),승강기)에스컬레이터-효창공원앞(6) 외부4,ES
,효창공원앞(6),승강기)엘리베이터-효창공원앞(6) 내부1,EV
,효창공원앞(6),승강기)엘리베이터-효창공원앞(6) 내부2,EV
,삼각지(전쟁기념관)(6),승강기)무빙워크-삼각지(6) 1,MW
,삼각지(전쟁기념관)(6),승강기)무빙워크-삼각지(6) 2,MW
,삼각지(전쟁기념관)(6),승강기)무빙워크-삼각지(6) 3,MW
,삼각지(전쟁기념관)(6),승강기)무빙워크-삼각지(6) 4,MW
,삼각지(전쟁기념관)(6),승강기)무빙워크-삼각지(6) 5,MW
,삼각지(전쟁기념관)(6),승강기)무빙워크-삼각지(6) 6,MW
,삼각지(전쟁기념관)(6),승강기)무빙워크-삼각지(6) 7,MW
,삼각지(전쟁기념관)(6),승강기)무빙워크-삼각지(6) 8,MW
,삼각지(전쟁기념관)(6),승강기)에스컬레이터-삼각지(6) 내부 1호기,ES
,삼각지(전쟁기념관)(6),승강기)에스컬레이터-삼각지(6) 내부 2호기,ES
,삼각지(전쟁기념관)(6),승강기)에스컬레이터-삼각지(6) 내부 3호기,ES
,삼각지(전쟁기념관)(6),승강기)에스컬레이터-삼각지(6) 내부 4호기,ES
,삼각지(전쟁기념관)(6),승강기)엘리베이터-삼각지(6) 내부1,EV
,삼각지(전쟁기념관)(6),승강기)엘리베이터-삼각지(6) 내부2,EV
,삼각지(전쟁기념관)(6),승강기)엘리베이터-삼각지(6) 내부5,EV
,삼각지(전쟁기념관)(6),승강기)엘리베이터-삼각지(6) 외부3,EV
,삼각지(전쟁기념관)(6),승강기)엘리베이터-삼각지(6) 외부4,EV
,녹사평,승강기)에스컬레이터-녹사평 내부1,ES
,녹사평,승강기)에스컬레이터-녹사평 내부2,ES
,녹사평,승강기)에스컬레이터-녹사평 내부3,ES
,녹사평,승강기)에스컬레이터-녹사평 내부4,ES
,녹사평,승강기)에스컬레이터-녹사평 내부5,ES
,녹사평,승강기)에스컬레이터-녹사평 내부6,ES
,녹사평,승강기)에스컬레이터-녹사평 내부7,ES
,녹사평,승강기)에스컬레이터-녹사평 내부8,ES
,녹사평,승강기)에스컬레이터-녹사평 내부9,ES
,녹사평,승강기)에스컬레이터-녹사평 외부 10호기,ES
,녹사평,승강기)에스컬레이터-녹사평 외부 11호기,ES
,녹사평,승강기)에스컬레이터-녹사평 외부12,ES
,녹사평,승강기)에스컬레이터-녹사평 외부13,ES
,녹사평,승강기)엘리베이터-녹사평 내부1,EV
,녹사평,승강기)엘리베이터-녹사평 내부2,EV
,녹사평,승강기)엘리베이터-녹사평 외부3,EV
,이태원,승강기)에스컬레이터-이태원 내부 1호기,ES
,이태원,승강기)에스컬레이터-이태원 내부 2호기,ES
,이태원,승강기)에스컬레이터-이태원 내부3,ES
,이태원,승강기)에스컬레이터-이태원 내부4,ES
,이태원,승강기)엘리베이터-이태원 내부1,EV
,이태원,승강기)엘리베이터-이태원 외부2,EV
,한강진,승강기)에스컬레이터-한강진 내부1,ES
,한강진,승강기)에스컬레이터-한강진 내부2,ES
,한강진,승강기)에스컬레이터-한강진 외부3,ES
,한강진,승강기)에스컬레이터-한강진 외부4,ES
,한강진,승강기)엘리베이터-한강진 내부1,EV
,한강진,승강기)엘리베이터-한강진 내부2,EV
,한강진,승강기)엘리베이터-한강진 외부3,EV
,버티고개,승강기)에스컬레이터-버티고개 내부 1호기,ES
,버티고개,승강기)에스컬레이터-버티고개 내부 2호기,ES
,버티고개,승강기)에스컬레이터-버티고개 외부3,ES
,버티고개,승강기)에스컬레이터-버티고개 외부4,ES
,버티고개,승강기)엘리베이터-버티고개 내부1,EV
,버티고개,승강기)엘리베이터-버티고개 내부2,EV
,버티고개,승강기)엘리베이터-버티고개 내부3,EV
,버티고개,승강기)엘리베이터-버티고개 내부4,EV
,버티고개,승강기)엘리베이터-버티고개 외부5,EV
,약수(6),"승강기)에스컬레이터-약수(6) 내부(7,8번출입구) 5호기",ES
,약수(6),"승강기)에스컬레이터-약수(6) 내부(7,8번출입구) 6호기",ES
,약수(6),승강기)에스컬레이터-약수(6) 내부1,ES
,약수(6),승강기)에스컬레이터-약수(6) 내부2,ES
,약수(6),승강기)에스컬레이터-약수(6) 내부3,ES
,약수(6),승강기)에스컬레이터-약수(6) 내부4,ES
,약수(6),승강기)에스컬레이터-약수(6) 내부7,ES
,약수(6),승강기)에스컬레이터-약수(6) 내부8,ES
,약수(6),승강기)에스컬레이터-약수(6) 내부9,ES
,약수(6),승강기)에스컬레이터-약수(6) 외부10,ES
,약수(6),승강기)에스컬레이터-약수(6) 외부11,ES
,약수(6),승강기)엘리베이터-약수(6) 내부1,EV
,약수(6),승강기)엘리베이터-약수(6) 내부2,EV
,약수(6),승강기)엘리베이터-약수(6) 내부3,EV
,약수(6),승강기)엘리베이터-약수(6) 내부4,EV
,청구(6),승강기)에스컬레이터-청구(6) 내부1,ES
,청구(6),승강기)에스컬레이터-청구(6) 내부2,ES
,청구(6),승강기)에스컬레이터-청구(6) 내부3,ES
,청구(6),승강기)에스컬레이터-청구(6) 내부4,ES
,청구(6),승강기)에스컬레이터-청구(6) 내부5,ES
,청구(6),승강기)에스컬레이터-청구(6) 내부6,ES
,청구(6),승강기)에스컬레이터-청구(6) 내부7,ES
,청구(6),승강기)에스컬레이터-청구(6) 내부8,ES
,청구(6),승강기)에스컬레이터-청구(6) 외부10,ES
,청구(6),승강기)에스컬레이터-청구(6) 외부9,ES
,청구(6),승강기)엘리베이터-청구(6) 내부1,EV
,청구(6),승강기)엘리베이터-청구(6) 내부2,EV
,청구(6),승강기)엘리베이터-청구(6) 내부3,EV
,청구(6),승강기)엘리베이터-청구(6) 외부4,EV
,청구(6),승강기)엘리베이터-청구(6) 외부5,EV
,신당(6),승강기)무빙워크-신당(6) 1,MW
,신당(6),승강기)무빙워크-신당(6) 2,MW
,신당(6),승강기)에스컬레이터-신당(6) 내부 1,ES
,신당(6),승강기)에스컬레이터-신당(6) 내부 10,ES
,신당(6),승강기)에스컬레이터-신당(6) 내부 11,ES
,신당(6),승강기)에스컬레이터-신당(6) 내부 12,ES
,신당(6),승강기)에스컬레이터-신당(6) 내부 13,ES
,신당(6),승강기)에스컬레이터-신당(6) 내부 14,ES
,신당(6),승강기)에스컬레이터-신당(6) 내부 2,ES
,신당(6),승강기)에스컬레이터-신당(6) 내부 3,ES
,신당(6),승강기)에스컬레이터-신당(6) 내부 4,ES
,신당(6),승강기)에스컬레이터-신당(6) 내부 5,ES
,신당(6),승강기)에스컬레이터-신당(6) 내부 6,ES
,신당(6),승강기)에스컬레이터-신당(6) 내부 9,ES
,신당(6),승강기)에스컬레이터-신당(6) 외부 7,ES
,신당(6),승강기)에스컬레이터-신당(6) 외부 8,ES
,신당(6),승강기)엘리베이터-신당(6) 내부1,EV
,신당(6),승강기)휠체어리프트-신당(6) 내부 1,WL
,신당(6),승강기)휠체어리프트-신당(6) 내부 2,WL
,신당(6),승강기)휠체어리프트-신당(6) 내부 3,WL
,신당(6),승강기)휠체어리프트-신당(6) 내부 4,WL
,신당(6),승강기)휠체어리프트-신당(6) 외부 5,WL
,동묘앞(6),승강기)에스컬레이터-동묘앞(6) 내부1,ES
,동묘앞(6),승강기)에스컬레이터-동묘앞(6) 내부11,ES
,동묘앞(6),승강기)에스컬레이터-동묘앞(6) 내부12,ES
,동묘앞(6),승강기)에스컬레이터-동묘앞(6) 내부2,ES
,동묘앞(6),승강기)에스컬레이터-동묘앞(6) 내부3,ES
,동묘앞(6),승강기)에스컬레이터-동묘앞(6) 내부4,ES
,동묘앞(6),승강기)에스컬레이터-동묘앞(6) 내부5,ES
,동묘앞(6),승강기)에스컬레이터-동묘앞(6) 내부6,ES
,동묘앞(6),승강기)에스컬레이터-동묘앞(6) 내부7,ES
,동묘앞(6),승강기)에스컬레이터-동묘앞(6) 내부8,ES
,동묘앞(6),승강기)에스컬레이터-동묘앞(6) 외부10,ES
,동묘앞(6),승강기)에스컬레이터-동묘앞(6) 외부9,ES
,동묘앞(6),승강기)엘리베이터-동묘앞(6) 내부1,EV
,동묘앞(6),승강기)엘리베이터-동묘앞(6) 내부2,EV
,동묘앞(6),승강기)휠체어리프트-동묘앞(6) 내부 1,WL
,동묘앞(6),승강기)휠체어리프트-동묘앞(6) 외부 2,WL
,창신,승강기)에스컬레이터-창신 내부1,ES
,창신,승강기)에스컬레이터-창신 내부2,ES
,창신,승강기)에스컬레이터-창신 내부3,ES
,창신,승강기)엘리베이터-창신 2번 출입구 외부 3호기,EV
,창신,승강기)엘리베이터-창신 내부1,EV
,창신,승강기)엘리베이터-창신 외부2,EV
,보문(6),승강기)에스컬레이터-보문(6) 내부1,ES
,보문(6),승강기)에스컬레이터-보문(6) 내부2,ES
,보문(6),승강기)엘리베이터-보문(6) 내부1,EV
,안암,승강기)에스컬레이터-안암 내부1,ES
,안암,승강기)에스컬레이터-안암 내부2,ES
,안암,승강기)에스컬레이터-안암 내부3,ES
,안암,승강기)에스컬레이터-안암 내부4,ES
,안암,승강기)에스컬레이터-안암 내부5,ES
,안암,승강기)에스컬레이터-안암 내부6,ES
,안암,승강기)엘리베이터-안암 내부1,EV
,안암,승강기)엘리베이터-안암 내부2,EV
,안암,승강기)엘리베이터-안암 외부3,EV
,고려대,승강기)에스컬레이터-고려대 내부1,ES
,고려대,승강기)에스컬레이터-고려대 내부10,ES
,고려대,승강기)에스컬레이터-고려대 내부11,ES
,고려대,승강기)에스컬레이터-고려대 내부12,ES
,고려대,승강기)에스컬레이터-고려대 내부2,ES
,고려대,승강기)에스컬레이터-고려대 내부3,ES
,고려대,승강기)에스컬레이터-고려대 내부4,ES
,고려대,승강기)에스컬레이터-고려대 내부9,ES
,고려대,승강기)에스컬레이터-고려대 외부5,ES
,고려대,승강기)에스컬레이터-고려대 외부6,ES
,고려대,승강기)에스컬레이터-고려대 외부7,ES
,고려대,승강기)에스컬레이터-고려대 외부8,ES
,고려대,승강기)엘리베이터-고려대 내부1,EV
,고려대,승강기)엘리베이터-고려대 내부2,EV
,고려대,승강기)엘리베이터-고려대 외부3,EV
,고려대,승강기)엘리베이터-고려대 외부4,EV
,월곡,승강기)에스컬레이터-월곡 내부1,ES
,월곡,승강기)에스컬레이터-월곡 내부10,ES
,월곡,승강기)에스컬레이터-월곡 내부2,ES
,월곡,승강기)에스컬레이터-월곡 내부7,ES
,월곡,승강기)에스컬레이터-월곡 내부8,ES
,월곡,승강기)에스컬레이터-월곡 내부9,ES
,월곡,승강기)에스컬레이터-월곡 외부11,ES
,월곡,승강기)에스컬레이터-월곡 외부12,ES
,월곡,승강기)에스컬레이터-월곡 외부3,ES
,월곡,승강기)에스컬레이터-월곡 외부4,ES
,월곡,승강기)에스컬레이터-월곡 외부5,ES
,월곡,승강기)에스컬레이터-월곡 외부6,ES
,월곡,승강기)엘리베이터-월곡 내부1,EV
,월곡,승강기)엘리베이터-월곡 내부2,EV
,월곡,승강기)엘리베이터-월곡 외부3,EV
,월곡,승강기)휠체어리프트-월곡 내부 1,WL
,상월곡,승강기)에스컬레이터-상월곡 내부1,ES
,상월곡,승강기)에스컬레이터-상월곡 내부2,ES
,상월곡,승강기)에스컬레이터-상월곡 내부3,ES
,상월곡,승강기)에스컬레이터-상월곡 내부4,ES
,상월곡,승강기)에스컬레이터-상월곡 외부5,ES
,상월곡,승강기)에스컬레이터-상월곡 외부6,ES
,상월곡,승강기)엘리베이터-상월곡 내부 2호기,EV
,상월곡,승강기)엘리베이터-상월곡 내부 3호기,EV
,상월곡,승강기)엘리베이터-상월곡 외부1,EV
,돌곶이,승강기)에스컬레이터-돌곶이 내부1,ES
,돌곶이,승강기)에스컬레이터-돌곶이 내부4,ES
,돌곶이,승강기)에스컬레이터-돌곶이 외부2,ES
,돌곶이,승강기)에스컬레이터-돌곶이 외부3,ES
,돌곶이,승강기)엘리베이터-돌곶이 내부1,EV
,돌곶이,승강기)엘리베이터-돌곶이 내부2,EV
,돌곶이,승강기)엘리베이터-돌곶이 외부3,EV
,석계(6),승강기)무빙워크-석계(6) 1,MW
,석계(6),승강기)무빙워크-석계(6) 2,MW
,석계(6),승강기)에스컬레이터-석계(6) 내부1,ES
,석계(6),승강기)에스컬레이터-석계(6) 내부10,ES
,석계(6),승강기)에스컬레이터-석계(6) 내부11,ES
,석계(6),승강기)에스컬레이터-석계(6) 내부12,ES
,석계(6),승강기)에스컬레이터-석계(6) 내부2,ES
,석계(6),승강기)에스컬레이터-석계(6) 내부3,ES
,석계(6),승강기)에스컬레이터-석계(6) 내부4,ES
,석계(6),승강기)에스컬레이터-석계(6) 내부5,ES
,석계(6),승강기)에스컬레이터-석계(6) 내부6,ES
,석계(6),승강기)에스컬레이터-석계(6) 내부9,ES
,석계(6),승강기)에스컬레이터-석계(6) 외부13,ES
,석계(6),승강기)에스컬레이터-석계(6) 외부14,ES
,석계(6),승강기)에스컬레이터-석계(6) 외부7,ES
,석계(6),승강기)에스컬레이터-석계(6) 외부8,ES
,석계(6),승강기)엘리베이터-석계(6) 내부1,EV
,석계(6),승강기)엘리베이터-석계(6) 내부2,EV
,석계(6),승강기)엘리베이터-석계(6) 외부3,EV
,석계(6),승강기)엘리베이터-석계(6) 외부4,EV
,석계(6),승강기)휠체어리프트-석계(6) 내부 1,WL
,석계(6),승강기)휠체어리프트-석계(6) 내부 2,WL
,태릉입구(6),승강기)에스컬레이터-태릉입구(6) 1번출입구 16호기,ES
,면목,승강기)에스컬레이터-면목 내부 1호기,ES
,태릉입구(6),승강기)에스컬레이터-태릉입구(6) 1번출입구 17호기,ES
,태릉입구(6),승강기)에스컬레이터-태릉입구(6) 내부1,ES
,태릉입구(6),승강기)에스컬레이터-태릉입구(6) 내부12,ES
,태릉입구(6),승강기)에스컬레이터-태릉입구(6) 내부13,ES
,태릉입구(6),승강기)에스컬레이터-태릉입구(6) 내부2,ES
,태릉입구(6),승강기)에스컬레이터-태릉입구(6) 내부3,ES
,태릉입구(6),승강기)에스컬레이터-태릉입구(6) 내부4,ES
,태릉입구(6),승강기)에스컬레이터-태릉입구(6) 내부5,ES
,태릉입구(6),승강기)에스컬레이터-태릉입구(6) 내부6,ES
,태릉입구(6),승강기)에스컬레이터-태릉입구(6) 내부7,ES
,태릉입구(6),승강기)에스컬레이터-태릉입구(6) 내부8,ES
,태릉입구(6),승강기)에스컬레이터-태릉입구(6) 외부10,ES
,태릉입구(6),승강기)에스컬레이터-태릉입구(6) 외부11,ES
,태릉입구(6),승강기)에스컬레이터-태릉입구(6) 외부14,ES
,태릉입구(6),승강기)에스컬레이터-태릉입구(6) 외부15,ES
,태릉입구(6),승강기)엘리베이터-태릉입구(6) 내부1,EV
,태릉입구(6),승강기)엘리베이터-태릉입구(6) 내부2,EV
,태릉입구(6),승강기)엘리베이터-태릉입구(6) 외부3,EV
,태릉입구(6),승강기)엘리베이터-태릉입구(6) 외부4,EV
,화랑대,승강기)에스컬레이터-화랑대 외부1,ES
,화랑대,승강기)에스컬레이터-화랑대 외부2,ES
,화랑대,승강기)에스컬레이터-화랑대 외부3,ES
,화랑대,승강기)에스컬레이터-화랑대 외부4,ES
,화랑대,승강기)엘리베이터-화랑대 내부1,EV
,화랑대,승강기)엘리베이터-화랑대 내부2,EV
,화랑대,승강기)엘리베이터-화랑대 외부3,EV
,화랑대,승강기)엘리베이터-화랑대 외부4,EV
,화랑대,승강기)엘리베이터-화랑대 외부5,EV
,봉화산,승강기)에스컬레이터-봉화산 내부1,ES
,봉화산,승강기)에스컬레이터-봉화산 내부2,ES
,봉화산,승강기)에스컬레이터-봉화산 외부3,ES
,봉화산,승강기)에스컬레이터-봉화산 외부4,ES
,봉화산,승강기)엘리베이터-봉화산 내부 3호기,EV
,봉화산,승강기)엘리베이터-봉화산 내부 4호기,EV
,봉화산,승강기)엘리베이터-봉화산 외부1,EV
,봉화산,승강기)엘리베이터-봉화산 외부2,EV
,신내(6),승강기)에스컬레이터-신내 1호기,ES
,신내(6),승강기)에스컬레이터-신내 2호기,ES
,신내(6),승강기)엘리베이터-신내 외부1,EV
,장암,승강기)엘리베이터-장암 외부1,EV
,장암,승강기)엘리베이터-장암 외부2,EV
,도봉산(7),승강기)엘리베이터-도봉산(7) 내부3,EV
,도봉산(7),승강기)엘리베이터-도봉산(7) 내부4,EV
,도봉산(7),승강기)엘리베이터-도봉산(7) 외부1,EV
,도봉산(7),승강기)엘리베이터-도봉산(7) 외부2,EV
,도봉산(7),승강기)엘리베이터-도봉산(7) 외부5,EV
,수락산,승강기)에스컬레이터-수락산 1번 출입구 외부 3호기,ES
,수락산,승강기)에스컬레이터-수락산 3번 출입구 외부 1호기,ES
,수락산,승강기)에스컬레이터-수락산 3번 출입구 외부 2호기,ES
,수락산,승강기)에스컬레이터-수락산 4번 출입구 외부 5호기,ES
,수락산,승강기)에스컬레이터-수락산 4번 출입구 외부 6호기,ES
,수락산,승강기)에스컬레이터-수락산 6번 출입구 외부 4호기,ES
,수락산,승강기)에스컬레이터-수락산 내부 7호기,ES
,수락산,승강기)엘리베이터-수락산 외부1,EV
,수락산,승강기)엘리베이터-수락산역 내부 2호기,EV
,수락산,승강기)엘리베이터-수락산역 내부 3호기,EV
,마들,승강기)에스컬레이터-마들 3번 출입구 외부 3호기,ES
,마들,승강기)에스컬레이터-마들 3번 출입구 외부 4호기,ES
,마들,승강기)에스컬레이터-마들 6번 출입구 외부 5호기,ES
,마들,승강기)에스컬레이터-마들 6번 출입구 외부 6호기,ES
,마들,승강기)에스컬레이터-마들 내부 1호기,ES
,마들,승강기)에스컬레이터-마들 내부 2호기,ES
,마들,승강기)에스컬레이터-마들 내부 7호기,ES
,마들,승강기)에스컬레이터-마들 내부 8호기,ES
,마들,승강기)엘리베이터-마들 내부1,EV
,마들,승강기)엘리베이터-마들 외부2,EV
,마들,승강기)엘리베이터-마들 외부3,EV
,마들,승강기)엘리베이터-마들 외부4,EV
,마들,승강기)휠체어리프트-마들 내부 1,WL
,노원(7),승강기)에스컬레이터-노원(7) 내부 1호기,ES
,노원(7),승강기)에스컬레이터-노원(7) 내부 2호기,ES
,노원(7),승강기)에스컬레이터-노원(7) 내부 3호기,ES
,노원(7),승강기)에스컬레이터-노원(7) 내부 4호기,ES
,노원(7),승강기)에스컬레이터-노원(7) 내부 5호기,ES
,노원(7),승강기)에스컬레이터-노원(7) 내부 6호기,ES
,노원(7),승강기)에스컬레이터-노원(7) 내부 7호기,ES
,노원(7),승강기)에스컬레이터-노원(7) 내부 8호기,ES
,노원(7),승강기)에스컬레이터-노원(7) 내부 9호기,ES
,노원(7),승강기)에스컬레이터-노원(7) 외부 10호기,ES
,노원(7),승강기)에스컬레이터-노원(7) 외부 11호기,ES
,노원(7),승강기)에스컬레이터-노원(7) 외부 12호기,ES
,노원(7),승강기)에스컬레이터-노원(7) 외부 13호기,ES
,노원(7),승강기)에스컬레이터-노원(7) 외부 14호기,ES
,노원(7),승강기)에스컬레이터-노원(7) 외부 15호기,ES
,노원(7),승강기)엘리베이터-노원(7) 3번 출구측 외부2,EV
,노원(7),승강기)엘리베이터-노원(7) 5번 출구측 외부4,EV
,노원(7),승강기)엘리베이터-노원(7) 6번 출구측 외부3,EV
,노원(7),승강기)엘리베이터-노원(7) 내부1,EV
,중계,승강기)에스컬레이터-중계 내부 5호기,ES
,중계,승강기)에스컬레이터-중계 내부 6호기,ES
,중계,승강기)에스컬레이터-중계 외부 1호기,ES
,중계,승강기)에스컬레이터-중계 외부 2호기,ES
,중계,승강기)에스컬레이터-중계 외부 3호기,ES
,중계,승강기)에스컬레이터-중계 외부 4호기,ES
,중계,승강기)에스컬레이터-중계 외부 7호기,ES
,중계,승강기)에스컬레이터-중계 외부 8호기,ES
,중계,승강기)에스컬레이터-중계역 6번출입구 E/S 1200형 10호기,ES
,중계,승강기)에스컬레이터-중계역 6번출입구 E/S 1200형 9호기,ES
,중계,승강기)엘리베이터-중계 내부1,EV
,중계,승강기)엘리베이터-중계 외부2,EV
,중계,승강기)엘리베이터-중계 외부3,EV
,하계,승강기)에스컬레이터-하계 2번 출입구 외부 1호기,ES
,하계,승강기)에스컬레이터-하계 2번 출입구 외부 2호기,ES
,하계,승강기)에스컬레이터-하계 3번 출입구 외부 5호기,ES
,하계,승강기)에스컬레이터-하계 3번 출입구 외부 6호기,ES
,하계,승강기)에스컬레이터-하계 4번 출입구 외부 3호기,ES
,하계,승강기)에스컬레이터-하계 4번 출입구 외부 4호기,ES
,하계,승강기)엘리베이터-하계 내부2,EV
,공릉,승강기)에스컬레이터-공릉 1번 출입구 7호기,ES
,공릉,승강기)에스컬레이터-공릉 1번 출입구 8호기,ES
,공릉,승강기)에스컬레이터-공릉 내부 1호기,ES
,공릉,승강기)에스컬레이터-공릉 내부 2호기,ES
,공릉,승강기)에스컬레이터-공릉 내부 3호기,ES
,공릉,승강기)에스컬레이터-공릉 내부 4호기,ES
,공릉,승강기)에스컬레이터-공릉 외부 5호기,ES
,공릉,승강기)에스컬레이터-공릉 외부 6호기,ES
,공릉,승강기)엘리베이터-공릉 내부1,EV
,공릉,승강기)엘리베이터-공릉 내부2,EV
,공릉,승강기)엘리베이터-공릉 외부3,EV
,태릉입구(7),승강기)에스컬레이터-태릉입구(7) 4번 출입구 외부 7호기,ES
,태릉입구(7),승강기)에스컬레이터-태릉입구(7) 4번 출입구 외부 8호기,ES
,태릉입구(7),승강기)에스컬레이터-태릉입구(7) 내부 1호기,ES
,태릉입구(7),승강기)에스컬레이터-태릉입구(7) 내부 2호기,ES
,태릉입구(7),승강기)에스컬레이터-태릉입구(7) 내부 3호기,ES
,태릉입구(7),승강기)에스컬레이터-태릉입구(7) 내부 4호기,ES
,태릉입구(7),승강기)에스컬레이터-태릉입구(7) 내부(대합실) 5호기,ES
,태릉입구(7),승강기)에스컬레이터-태릉입구(7) 내부(대합실) 6호기,ES
,태릉입구(7),승강기)엘리베이터-태릉입구(7) 내부1,EV
,태릉입구(7),승강기)엘리베이터-태릉입구(7) 외부2,EV
,먹골,승강기)에스컬레이터-먹골 2번 출입구 외부 1호기,ES
,먹골,승강기)에스컬레이터-먹골 2번 출입구 외부 2호기,ES
,먹골,승강기)에스컬레이터-먹골 5번 출입구 외부 5호기,ES
,먹골,승강기)에스컬레이터-먹골 5번 출입구 외부 6호기,ES
,먹골,승강기)에스컬레이터-먹골 7번 출입구 외부 3호기,ES
,먹골,승강기)에스컬레이터-먹골 7번 출입구 외부 4호기,ES
,먹골,승강기)엘리베이터-먹골 내부1,EV
,먹골,승강기)엘리베이터-먹골 내부2,EV
,먹골,승강기)엘리베이터-먹골 외부3,EV
,중화,승강기)에스컬레이터-중화 3번 출입구 외부 5호기,ES
,중화,승강기)에스컬레이터-중화 3번 출입구 외부 6호기,ES
,중화,승강기)에스컬레이터-중화 내부 1호기,ES
,중화,승강기)에스컬레이터-중화 내부 2호기,ES
,중화,승강기)에스컬레이터-중화 내부 3호기,ES
,중화,승강기)에스컬레이터-중화 내부 4호기,ES
,중화,승강기)엘리베이터-중화 내부1,EV
,중화,승강기)엘리베이터-중화 내부2,EV
,중화,승강기)엘리베이터-중화 외부3,EV
,상봉(7),승강기)에스컬레이터-상봉(7) 1번 출입구 외부 1호기,ES
,상봉(7),승강기)에스컬레이터-상봉(7) 1번 출입구 외부 2호기,ES
,상봉(7),승강기)에스컬레이터-상봉(7) 2번 출입구 외부 3호기,ES
,상봉(7),승강기)에스컬레이터-상봉(7) 2번 출입구 외부 4호기,ES
,상봉(7),승강기)에스컬레이터-상봉(7) 3번 출입구 외부 5호기,ES
,상봉(7),승강기)에스컬레이터-상봉(7) 3번 출입구 외부 6호기,ES
,상봉(7),승강기)엘리베이터-상봉(7) 내부1,EV
,상봉(7),승강기)엘리베이터-상봉(7) 내부2,EV
,상봉(7),승강기)엘리베이터-상봉(7) 내부3,EV
,상봉(7),승강기)엘리베이터-상봉(7) 내부4,EV
,상봉(7),승강기)엘리베이터-상봉(7) 외부5,EV
,면목,승강기)에스컬레이터-면목 2번 출입구 외부 5호기,ES
,면목,승강기)에스컬레이터-면목 2번 출입구 외부 6호기,ES
,면목,승강기)에스컬레이터-면목 3번 출입구 외부 3호기,ES
,면목,승강기)에스컬레이터-면목 3번 출입구 외부 4호기,ES
,사가정,승강기)에스컬레이터-사가정 1번 출입구 외부 3호기,ES
,사가정,승강기)에스컬레이터-사가정 1번 출입구 외부 4호기,ES
,사가정,승강기)에스컬레이터-사가정 2번 출입구 외부 10호기,ES
,사가정,승강기)에스컬레이터-사가정 2번 출입구 외부 9호기,ES
,사가정,승강기)에스컬레이터-사가정 3번 출입구 외부 5호기,ES
,사가정,승강기)에스컬레이터-사가정 3번 출입구 외부 6호기,ES
,사가정,승강기)에스컬레이터-사가정 4번 출입구 외부 7호기,ES
,사가정,승강기)에스컬레이터-사가정 4번 출입구 외부 8호기,ES
,사가정,승강기)에스컬레이터-사가정 내부 1호기,ES
,사가정,승강기)에스컬레이터-사가정 내부 2호기,ES
,사가정,승강기)엘리베이터-사가정 내부1,EV
,사가정,승강기)엘리베이터-사가정 내부2,EV
,사가정,승강기)엘리베이터-사가정 외부3,EV
,용마산,승강기)에스컬레이터-용마산 1번 출입구 외부 5호기,ES
,용마산,승강기)에스컬레이터-용마산 1번 출입구 외부 6호기,ES
,용마산,승강기)에스컬레이터-용마산 3번 출입구 외부 7호기,ES
,용마산,승강기)에스컬레이터-용마산 3번 출입구 외부 8호기,ES
,용마산,승강기)에스컬레이터-용마산 내부 1호기,ES
,용마산,승강기)에스컬레이터-용마산 내부 2호기,ES
,용마산,승강기)에스컬레이터-용마산 내부 3호기,ES
,용마산,승강기)에스컬레이터-용마산 내부 4호기,ES
,용마산,승강기)엘리베이터-용마산 내부1,EV
,용마산,승강기)엘리베이터-용마산 내부2,EV
,용마산,승강기)엘리베이터-용마산 외부3,EV
,중곡,승강기)에스컬레이터-중곡 2번 출입구 외부 3호기,ES
,중곡,승강기)에스컬레이터-중곡 2번 출입구 외부 4호기,ES
,중곡,승강기)에스컬레이터-중곡 3번 출입구 외부 1호기,ES
,중곡,승강기)에스컬레이터-중곡 3번 출입구 외부 2호기,ES
,중곡,승강기)엘리베이터-중곡 내부1,EV
,중곡,승강기)엘리베이터-중곡 내부2,EV
,중곡,승강기)엘리베이터-중곡 외부3,EV
,군자(7),승강기)에스컬레이터-군자(7) 내부 1호기,ES
,군자(7),승강기)에스컬레이터-군자(7) 내부 2호기,ES
,군자(7),승강기)에스컬레이터-군자(7) 내부 3호기,ES
,군자(7),승강기)에스컬레이터-군자(7) 내부 4호기,ES
,군자(7),승강기)에스컬레이터-군자(7) 내부 5호기,ES
,군자(7),승강기)에스컬레이터-군자(7) 내부 6호기,ES
,군자(7),승강기)엘리베이터-군자(7) 7번출구측 외부1,EV
,어린이대공원,승강기)에스컬레이터-어린이대공원 1번 출입구 외부 5호기,ES
,어린이대공원,승강기)에스컬레이터-어린이대공원 1번 출입구 외부 6호기,ES
,어린이대공원,승강기)에스컬레이터-어린이대공원 3번 출입구 외부 3호기,ES
,어린이대공원,승강기)에스컬레이터-어린이대공원 3번 출입구 외부 4호기,ES
,어린이대공원,승강기)에스컬레이터-어린이대공원 5번 출입구 외부 1호기,ES
,어린이대공원,승강기)에스컬레이터-어린이대공원 5번 출입구 외부 2호기,ES
,어린이대공원,승강기)엘리베이터-어린이대공원 내부1,EV
,어린이대공원,승강기)엘리베이터-어린이대공원 내부2,EV
,어린이대공원,승강기)엘리베이터-어린이대공원 외부3,EV
,어린이대공원,승강기)엘리베이터-어린이대공원 외부4,EV
,건대입구(7),승강기)에스컬레이터-건대입구(7) 3번 출입구 외부 10호기,ES
,건대입구(7),승강기)에스컬레이터-건대입구(7) 3번 출입구 외부 11호기,ES
,건대입구(7),승강기)에스컬레이터-건대입구(7) 내부 1호기,ES
,건대입구(7),승강기)에스컬레이터-건대입구(7) 내부 2호기,ES
,건대입구(7),승강기)에스컬레이터-건대입구(7) 내부 3호기,ES
,건대입구(7),승강기)에스컬레이터-건대입구(7) 내부 4호기,ES
,건대입구(7),승강기)에스컬레이터-건대입구(7) 내부 5호기,ES
,건대입구(7),승강기)에스컬레이터-건대입구(7) 내부 6호기,ES
,건대입구(7),승강기)에스컬레이터-건대입구(7) 내부 7호기,ES
,건대입구(7),승강기)에스컬레이터-건대입구(7) 내부 8호기,ES
,건대입구(7),승강기)에스컬레이터-건대입구(7) 내부 9호기,ES
,건대입구(7),승강기)엘리베이터-건대입구(7) 내부1,EV
,건대입구(7),승강기)엘리베이터-건대입구(7) 내부2,EV
,건대입구(7),승강기)휠체어리프트-건대입구(7) 외부 3,WL
,자양(뚝섬한강공원),승강기)에스컬레이터-자양역 1번 출입구 외부 1호기,ES
,자양(뚝섬한강공원),승강기)에스컬레이터-자양역 1번 출입구 외부 2호기,ES
,자양(뚝섬한강공원),승강기)에스컬레이터-자양역 4번 출입구 외부 3호기,ES
,자양(뚝섬한강공원),승강기)에스컬레이터-자양역 4번 출입구 외부 4호기,ES
,자양(뚝섬한강공원),승강기)엘리베이터-자양역 내부2,EV
,자양(뚝섬한강공원),승강기)엘리베이터-자양역 내부3,EV
,자양(뚝섬한강공원),승강기)엘리베이터-자양역 외부1,EV
,청담,승강기)에스컬레이터-청담 10번 출입구 외부 5호기,ES
,청담,승강기)에스컬레이터-청담 10번 출입구 외부 6호기,ES
,청담,승강기)에스컬레이터-청담 1번 출입구 외부 7호기,ES
,청담,승강기)에스컬레이터-청담 1번 출입구 외부 8호기,ES
,청담,승강기)에스컬레이터-청담 2번 출입구 외부 10호기,ES
,청담,승강기)에스컬레이터-청담 2번 출입구 외부 9호기,ES
,청담,승강기)에스컬레이터-청담 4번 출입구 외부 3호기,ES
,청담,승강기)에스컬레이터-청담 4번 출입구 외부 4호기,ES
,청담,승강기)에스컬레이터-청담 6번 출입구 외부 11호기,ES
,청담,승강기)에스컬레이터-청담 6번 출입구 외부 12호기,ES
,청담,승강기)에스컬레이터-청담 7번 출입구 외부 13호기,ES
,청담,승강기)에스컬레이터-청담 7번 출입구 외부 14호기,ES
,청담,승강기)에스컬레이터-청담 9번 출입구 외부 15호기,ES
,청담,승강기)에스컬레이터-청담 9번 출입구 외부 16호기,ES
,청담,승강기)에스컬레이터-청담 내부 1호기,ES
,청담,승강기)에스컬레이터-청담 내부 2호기,ES
,청담,승강기)엘리베이터-청담 내부 E/L 3호기,EV
,청담,승강기)엘리베이터-청담 내부 E/L 4호기,EV
,청담,승강기)엘리베이터-청담 외부1,EV
,청담,승강기)엘리베이터-청담 외부2,EV
,강남구청(7),승강기)에스컬레이터-강남구청(7) 내부 1호기,ES
,강남구청(7),승강기)에스컬레이터-강남구청(7) 내부 2호기,ES
,강남구청(7),승강기)에스컬레이터-강남구청(7) 내부 3호기,ES
,강남구청(7),승강기)에스컬레이터-강남구청(7) 내부 4호기,ES
,강남구청(7),승강기)에스컬레이터-강남구청(7) 내부 5호기,ES
,강남구청(7),승강기)에스컬레이터-강남구청(7) 내부 6호기,ES
,강남구청(7),승강기)에스컬레이터-강남구청(7) 내부 7호기,ES
,강남구청(7),승강기)엘리베이터-강남구청(7) 내부1,EV
,강남구청(7),승강기)엘리베이터-강남구청(7) 내부2,EV
,학동,승강기)에스컬레이터-학동 10번 출입구 외부 7호기,ES
,학동,승강기)에스컬레이터-학동 10번 출입구 외부 8호기,ES
,학동,승강기)에스컬레이터-학동 1번 출입구 외부 5호기,ES
,학동,승강기)에스컬레이터-학동 1번 출입구 외부 6호기,ES
,학동,승강기)에스컬레이터-학동 내부 10호기,ES
,학동,승강기)에스컬레이터-학동 내부 1호기,ES
,학동,승강기)에스컬레이터-학동 내부 2호기,ES
,학동,승강기)에스컬레이터-학동 내부 3호기,ES
,학동,승강기)에스컬레이터-학동 내부 4호기,ES
,학동,승강기)에스컬레이터-학동 내부 9호기,ES
,학동,승강기)엘리베이터-학동 내부1,EV
,학동,승강기)엘리베이터-학동 내부2,EV
,학동,승강기)엘리베이터-학동 외부3,EV
,논현,승강기)에스컬레이터-논현 내부 10호기,ES
,논현,승강기)에스컬레이터-논현 내부 11호기,ES
,논현,승강기)에스컬레이터-논현 내부 1호기,ES
,논현,승강기)에스컬레이터-논현 내부 2호기,ES
,논현,승강기)에스컬레이터-논현 내부 3호기,ES
,논현,승강기)에스컬레이터-논현 내부 4호기,ES
,논현,승강기)에스컬레이터-논현 내부 5호기,ES
,논현,승강기)에스컬레이터-논현 내부 6호기,ES
,논현,승강기)에스컬레이터-논현 내부 7호기,ES
,논현,승강기)에스컬레이터-논현 내부 8호기,ES
,논현,승강기)에스컬레이터-논현 내부 9호기,ES
,논현,승강기)에스컬레이터-논현 외부 2번 출입구 12호기,ES
,논현,승강기)에스컬레이터-논현 외부 2번 출입구 13호기,ES
,논현,승강기)에스컬레이터-논현 외부 3번 출입구 16호기,ES
,논현,승강기)에스컬레이터-논현 외부 3번 출입구 17호기,ES
,논현,승강기)에스컬레이터-논현 외부 6번 출입구 18호기,ES
,논현,승강기)에스컬레이터-논현 외부 6번 출입구 19호기,ES
,논현,승강기)에스컬레이터-논현 외부 7번 출입구 14호기,ES
,논현,승강기)에스컬레이터-논현 외부 7번 출입구 15호기,ES
,논현,승강기)엘리베이터-논현 내부1,EV
,논현,승강기)엘리베이터-논현 내부2,EV
,논현,승강기)엘리베이터-논현 외부3,EV
,반포,승강기)에스컬레이터-반포 1번 출입구 외부 1호기,ES
,반포,승강기)에스컬레이터-반포 1번 출입구 외부 2호기,ES
,반포,승강기)에스컬레이터-반포 6번 출입구 외부 3호기,ES
,반포,승강기)에스컬레이터-반포 6번 출입구 외부 4호기,ES
,반포,승강기)에스컬레이터-반포 내부 5호기,ES
,반포,승강기)에스컬레이터-반포 내부 6호기,ES
,반포,승강기)엘리베이터-반포 내부1,EV
,반포,승강기)엘리베이터-반포 내부2,EV
,반포,승강기)엘리베이터-반포 외부3,EV
,반포,승강기)엘리베이터-반포 외부4,EV
,반포,승강기)휠체어리프트-반포 내부 1,WL
,고속터미널(7),승강기)에스컬레이터-고속터미널(7) 내부 10호기,ES
,고속터미널(7),승강기)에스컬레이터-고속터미널(7) 내부 11호기,ES
,고속터미널(7),승강기)에스컬레이터-고속터미널(7) 내부 12호기,ES
,고속터미널(7),승강기)에스컬레이터-고속터미널(7) 내부 13호기,ES
,고속터미널(7),승강기)에스컬레이터-고속터미널(7) 내부 14호기,ES
,고속터미널(7),승강기)에스컬레이터-고속터미널(7) 내부 15호기,ES
,고속터미널(7),승강기)에스컬레이터-고속터미널(7) 내부 16호기,ES
,고속터미널(7),승강기)에스컬레이터-고속터미널(7) 내부 17호기,ES
,고속터미널(7),승강기)에스컬레이터-고속터미널(7) 내부 18호기,ES
,고속터미널(7),승강기)에스컬레이터-고속터미널(7) 내부 19호기,ES
,고속터미널(7),승강기)에스컬레이터-고속터미널(7) 내부 1호기,ES
,고속터미널(7),승강기)에스컬레이터-고속터미널(7) 내부 20호기,ES
,고속터미널(7),승강기)에스컬레이터-고속터미널(7) 내부 21호기,ES
,고속터미널(7),승강기)에스컬레이터-고속터미널(7) 내부 2호기,ES
,고속터미널(7),승강기)에스컬레이터-고속터미널(7) 내부 3호기,ES
,고속터미널(7),승강기)에스컬레이터-고속터미널(7) 내부 4호기,ES
,고속터미널(7),승강기)에스컬레이터-고속터미널(7) 내부 5호기,ES
,고속터미널(7),승강기)에스컬레이터-고속터미널(7) 내부 6호기,ES
,고속터미널(7),승강기)에스컬레이터-고속터미널(7) 내부 7호기,ES
,고속터미널(7),승강기)에스컬레이터-고속터미널(7) 내부 8호기,ES
,고속터미널(7),승강기)에스컬레이터-고속터미널(7) 내부 9호기,ES
,고속터미널(7),승강기)엘리베이터-고속터미널(7) 내부1,EV
,고속터미널(7),승강기)엘리베이터-고속터미널(7) 내부2,EV
,고속터미널(7),승강기)엘리베이터_고속터미널(7)역 4번출구 E/L 3호기 15인승(P2,EV
,고속터미널(7),승강기)휠체어리프트-고속터미널(7) 내부 1,WL
,고속터미널(7),승강기)휠체어리프트-고속터미널(7) 내부 2,WL
,고속터미널(7),승강기)휠체어리프트-고속터미널(7) 내부 3,WL
,고속터미널(7),승강기)휠체어리프트-고속터미널(7) 내부 4,WL
,내방,승강기)에스컬레이터-내방 2번 출입구 외부 1호기,ES
,내방,승강기)에스컬레이터-내방 2번 출입구 외부 2호기,ES
,내방,승강기)에스컬레이터-내방 4번 출입구 외부 3호기,ES
,내방,승강기)에스컬레이터-내방 4번 출입구 외부 4호기,ES
,내방,승강기)에스컬레이터-내방 6번 출입구 외부 5호기,ES
,내방,승강기)에스컬레이터-내방 6번 출입구 외부 6호기,ES
,내방,승강기)에스컬레이터-내방 7번 출입구 외부 7호기,ES
,내방,승강기)에스컬레이터-내방 7번 출입구 외부 8호기,ES
,내방,승강기)에스컬레이터-내방 내부 10호기,ES
,내방,승강기)에스컬레이터-내방 내부 9호기,ES
,내방,승강기)엘리베이터-내방 내부1,EV
,내방,승강기)엘리베이터-내방 내부2,EV
,내방,승강기)엘리베이터-내방 내부3,EV
,내방,승강기)엘리베이터-내방 외부4,EV
,내방,승강기)엘리베이터-내방 외부5,EV
,이수(7),승강기)무빙워크-이수(7) 1,MW
,이수(7),승강기)무빙워크-이수(7) 2,MW
,이수(7),승강기)에스컬레이터-이수(7) 10번 출입구 22호기,ES
,이수(7),승강기)에스컬레이터-이수(7) 10번 출입구 23호기,ES
,이수(7),승강기)에스컬레이터-이수(7) 12번 출입구 20호기,ES
,이수(7),승강기)에스컬레이터-이수(7) 12번 출입구 21호기,ES
,이수(7),승강기)에스컬레이터-이수(7) 3번 출입구 18호기,ES
,이수(7),승강기)에스컬레이터-이수(7) 3번 출입구 19호기,ES
,이수(7),승강기)에스컬레이터-이수(7) 6번 출입구 14호기,ES
,이수(7),승강기)에스컬레이터-이수(7) 6번 출입구 15호기,ES
,이수(7),승강기)에스컬레이터-이수(7) 7번 출입구 16호기,ES
,이수(7),승강기)에스컬레이터-이수(7) 7번 출입구 17호기,ES
,이수(7),승강기)에스컬레이터-이수(7) 내부 10호기,ES
,이수(7),승강기)에스컬레이터-이수(7) 내부 11호기,ES
,이수(7),승강기)에스컬레이터-이수(7) 내부 12호기,ES
,이수(7),승강기)에스컬레이터-이수(7) 내부 13호기,ES
,이수(7),승강기)에스컬레이터-이수(7) 내부 1호기,ES
,이수(7),승강기)에스컬레이터-이수(7) 내부 2호기,ES
,이수(7),승강기)에스컬레이터-이수(7) 내부 3호기,ES
,이수(7),승강기)에스컬레이터-이수(7) 내부 4호기,ES
,이수(7),승강기)에스컬레이터-이수(7) 내부 5호기,ES
,이수(7),승강기)에스컬레이터-이수(7) 내부 6호기,ES
,이수(7),승강기)에스컬레이터-이수(7) 내부 7호기,ES
,이수(7),승강기)에스컬레이터-이수(7) 내부 8호기,ES
,이수(7),승강기)에스컬레이터-이수(7) 내부 9호기,ES
,이수(7),승강기)엘리베이터-이수(7) 내부1,EV
,이수(7),승강기)엘리베이터-이수(7) 내부2,EV
,이수(7),승강기)엘리베이터-이수(7) 외부3,EV
,이수(7),승강기)휠체어리프트-이수(7) 내부 1,WL
,이수(7),승강기)휠체어리프트-이수(7) 내부 2,WL
,남성,승강기)에스컬레이터-남성 1번 출입구 외부 2호기,ES
,남성,승강기)에스컬레이터-남성 1번 출입구 외부 3호기,ES
,남성,승강기)에스컬레이터-남성 2번 출입구 내부 11호기,ES
,남성,승강기)에스컬레이터-남성 2번 출입구 내부 12호기,ES
,남성,승강기)에스컬레이터-남성 2번 출입구 외부 13호기,ES
,남성,승강기)에스컬레이터-남성 2번 출입구 외부 14호기,ES
,남성,승강기)에스컬레이터-남성 3번 출입구 외부 10호기,ES
,남성,승강기)에스컬레이터-남성 3번 출입구 외부 9호기,ES
,남성,승강기)에스컬레이터-남성 4번 출입구 외부 4호기,ES
,남성,승강기)에스컬레이터-남성 4번 출입구 외부 5호기,ES
,남성,승강기)에스컬레이터-남성 내부 1호기,ES
,남성,승강기)에스컬레이터-남성 내부 6호기,ES
,남성,승강기)에스컬레이터-남성 내부 7호기,ES
,남성,승강기)에스컬레이터-남성 내부 8호기,ES
,남성,승강기)엘리베이터-남성 2번 출입구 외부4,EV
,남성,승강기)엘리베이터-남성 내부1,EV
,남성,승강기)엘리베이터-남성 내부2,EV
,남성,승강기)엘리베이터-남성 외부3,EV
,숭실대입구,승강기)에스컬레이터-숭실대입구 1번 출입구 외부 7호기,ES
,숭실대입구,승강기)에스컬레이터-숭실대입구 1번 출입구 외부 8호기,ES
,숭실대입구,승강기)에스컬레이터-숭실대입구 3번 출입구 외부 11호기,ES
,숭실대입구,승강기)에스컬레이터-숭실대입구 3번 출입구 외부 12호기,ES
,숭실대입구,승강기)에스컬레이터-숭실대입구 4번 출입구 외부 10호기,ES
,숭실대입구,승강기)에스컬레이터-숭실대입구 4번 출입구 외부 9호기,ES
,숭실대입구,승강기)에스컬레이터-숭실대입구 내부 1호기,ES
,숭실대입구,승강기)에스컬레이터-숭실대입구 내부 2호기,ES
,숭실대입구,승강기)에스컬레이터-숭실대입구 내부 3호기,ES
,숭실대입구,승강기)에스컬레이터-숭실대입구 내부 4호기,ES
,숭실대입구,승강기)에스컬레이터-숭실대입구 내부 5호기,ES
,숭실대입구,승강기)에스컬레이터-숭실대입구 내부 6호기,ES
,숭실대입구,승강기)엘리베이터-숭실대입구 내부1,EV
,숭실대입구,승강기)엘리베이터-숭실대입구 내부2,EV
,숭실대입구,승강기)엘리베이터-숭실대입구 외부3,EV
,숭실대입구,승강기)엘리베이터-숭실대입구 외부4,EV
,상도,승강기)에스컬레이터-상도 2번 출입구 6호기,ES
,상도,승강기)에스컬레이터-상도 2번 출입구 7호기,ES
,상도,승강기)에스컬레이터-상도 4번 출입구 10호기,ES
,상도,승강기)에스컬레이터-상도 4번 출입구 11호기,ES
,상도,승강기)에스컬레이터-상도 5번 출입구 8호기,ES
,상도,승강기)에스컬레이터-상도 5번 출입구 9호기,ES
,상도,승강기)에스컬레이터-상도 내부 1호기,ES
,상도,승강기)에스컬레이터-상도 내부 2호기,ES
,상도,승강기)에스컬레이터-상도 내부 3호기,ES
,상도,승강기)에스컬레이터-상도 내부 4호기,ES
,상도,승강기)에스컬레이터-상도 내부 5호기,ES
,상도,승강기)엘리베이터-상도 내부1,EV
,상도,승강기)엘리베이터-상도 내부2,EV
,상도,승강기)엘리베이터-상도 외부3,EV
,장승배기,승강기)에스컬레이터-장승배기 1번 출입구 외부 5호기,ES
,장승배기,승강기)에스컬레이터-장승배기 1번 출입구 외부 6호기,ES
,장승배기,승강기)에스컬레이터-장승배기 2번 출입구 외부 8호기,ES
,장승배기,승강기)에스컬레이터-장승배기 6번 출입구 외부 10호기,ES
,장승배기,승강기)에스컬레이터-장승배기 6번 출입구 외부 9호기,ES
,장승배기,승강기)에스컬레이터-장승배기 내부 11호기,ES
,장승배기,승강기)에스컬레이터-장승배기 내부 12호기,ES
,장승배기,승강기)에스컬레이터-장승배기 내부 13호기,ES
,장승배기,승강기)에스컬레이터-장승배기 내부 14호기,ES
,장승배기,승강기)에스컬레이터-장승배기 내부 1호기,ES
,장승배기,승강기)에스컬레이터-장승배기 내부 2호기,ES
,장승배기,승강기)에스컬레이터-장승배기 내부 3호기,ES
,장승배기,승강기)에스컬레이터-장승배기 내부 4호기,ES
,장승배기,승강기)에스컬레이터-장승배기 내부 7호기,ES
,장승배기,승강기)엘리베이터-장승배기 내부1,EV
,장승배기,승강기)엘리베이터-장승배기 내부2,EV
,장승배기,승강기)엘리베이터-장승배기 외부3,EV
,신대방삼거리,승강기)에스컬레이터-신대방삼거리 1번 출입구 5호기,ES
,신대방삼거리,승강기)에스컬레이터-신대방삼거리 1번 출입구 6호기,ES
,신대방삼거리,승강기)에스컬레이터-신대방삼거리 3번 출입구 7호기,ES
,신대방삼거리,승강기)에스컬레이터-신대방삼거리 3번 출입구 8호기,ES
,신대방삼거리,승강기)에스컬레이터-신대방삼거리 내부 10호기,ES
,신대방삼거리,승강기)에스컬레이터-신대방삼거리 내부 11호기,ES
,신대방삼거리,승강기)에스컬레이터-신대방삼거리 내부 12호기,ES
,신대방삼거리,승강기)에스컬레이터-신대방삼거리 내부 1호기,ES
,신대방삼거리,승강기)에스컬레이터-신대방삼거리 내부 2호기,ES
,신대방삼거리,승강기)에스컬레이터-신대방삼거리 내부 3호기,ES
,신대방삼거리,승강기)에스컬레이터-신대방삼거리 내부 4호기,ES
,신대방삼거리,승강기)에스컬레이터-신대방삼거리 내부 9호기,ES
,신대방삼거리,승강기)엘리베이터-신대방삼거리 내부1,EV
,신대방삼거리,승강기)엘리베이터-신대방삼거리 내부2,EV
,신대방삼거리,승강기)엘리베이터-신대방삼거리 내부3,EV
,신대방삼거리,승강기)엘리베이터-신대방삼거리 외부4,EV
,보라매,승강기)에스컬레이터-보라매 8번 출입구 2호기,ES
,보라매,승강기)에스컬레이터-보라매 8번 출입구 3호기,ES
,보라매,승강기)에스컬레이터-보라매 내부 1호기,ES
,보라매,승강기)에스컬레이터-보라매 내부 4호기,ES
,보라매,승강기)엘리베이터-보라매 내부1,EV
,보라매,승강기)엘리베이터-보라매 외부2,EV
,신풍,승강기)에스컬레이터-신풍 1번 출입구 외부 1호기,ES
,신풍,승강기)에스컬레이터-신풍 1번 출입구 외부 2호기,ES
,신풍,승강기)에스컬레이터-신풍 3번 출입구 외부 3호기[P2410043],ES
,신풍,승강기)에스컬레이터-신풍 3번 출입구 외부 4호기[P2410043],ES
,신풍,승강기)엘리베이터-신풍 내부1,EV
,신풍,승강기)엘리베이터-신풍 내부2,EV
,신풍,승강기)엘리베이터-신풍 외부3,EV
,신풍,승강기)엘리베이터-신풍 외부4,EV
,대림(7),승강기)에스컬레이터-대림(7) 10번 출입구 외부 5호기,ES
,대림(7),승강기)에스컬레이터-대림(7) 10번 출입구 외부 6호기,ES
,대림(7),승강기)에스컬레이터-대림(7) 11번 출입구 외부 12호기,ES
,대림(7),승강기)에스컬레이터-대림(7) 11번 출입구 외부 13호기,ES
,대림(7),승강기)에스컬레이터-대림(7) 내부 10호기,ES
,대림(7),승강기)에스컬레이터-대림(7) 내부 11호기,ES
,대림(7),승강기)에스컬레이터-대림(7) 내부 1호기,ES
,대림(7),승강기)에스컬레이터-대림(7) 내부 2호기,ES
,대림(7),승강기)에스컬레이터-대림(7) 내부 3호기,ES
,대림(7),승강기)에스컬레이터-대림(7) 내부 4호기,ES
,대림(7),승강기)에스컬레이터-대림(7) 내부 7호기,ES
,대림(7),승강기)에스컬레이터-대림(7) 내부 8호기,ES
,대림(7),승강기)에스컬레이터-대림(7) 내부 9호기,ES
,대림(7),승강기)엘리베이터-대림(7) 내부1,EV
,대림(7),승강기)엘리베이터-대림(7) 내부2,EV
,대림(7),승강기)엘리베이터-대림(7) 외부3,EV
,대림(7),승강기)휠체어리프트-대림(7) 내부 1,WL
,남구로,승강기)에스컬레이터-남구로 2번 출입구 10호기,ES
,남구로,승강기)에스컬레이터-남구로 2번 출입구 9호기,ES
,남구로,승강기)에스컬레이터-남구로 5번 출입구 11호기,ES
,남구로,승강기)에스컬레이터-남구로 5번 출입구 12호기,ES
,남구로,승강기)에스컬레이터-남구로 내부 1호기,ES
,남구로,승강기)에스컬레이터-남구로 내부 2호기,ES
,남구로,승강기)에스컬레이터-남구로 내부 3호기,ES
,남구로,승강기)에스컬레이터-남구로 내부 4호기,ES
,남구로,승강기)에스컬레이터-남구로 내부 5호기,ES
,남구로,승강기)에스컬레이터-남구로 내부 6호기,ES
,남구로,승강기)에스컬레이터-남구로 내부 7호기,ES
,남구로,승강기)에스컬레이터-남구로 내부 8호기,ES
,남구로,승강기)휠체어리프트-남구로 내부 10,WL
,남구로,승강기)휠체어리프트-남구로 내부 2,WL
,남구로,승강기)휠체어리프트-남구로 내부 4,WL
,남구로,승강기)휠체어리프트-남구로 내부 6,WL
,남구로,승강기)휠체어리프트-남구로 내부 9,WL
,남구로,승강기)휠체어리프트-남구로 외부 11,WL
,가산디지털단지(7),승강기)에스컬레이터-가산디지털단지(7) 7번 출입구 7호기,ES
,가산디지털단지(7),승강기)에스컬레이터-가산디지털단지(7) 7번 출입구 8호기,ES
,가산디지털단지(7),승강기)에스컬레이터-가산디지털단지(7) 8번 출입구 17호기,ES
,가산디지털단지(7),승강기)에스컬레이터-가산디지털단지(7) 8번 출입구 18호기,ES
,가산디지털단지(7),승강기)에스컬레이터-가산디지털단지(7) 내부 10호기,ES
,가산디지털단지(7),승강기)에스컬레이터-가산디지털단지(7) 내부 11호기,ES
,가산디지털단지(7),승강기)에스컬레이터-가산디지털단지(7) 내부 12호기,ES
,가산디지털단지(7),승강기)에스컬레이터-가산디지털단지(7) 내부 1호기,ES
,가산디지털단지(7),승강기)에스컬레이터-가산디지털단지(7) 내부 2호기,ES
,가산디지털단지(7),승강기)에스컬레이터-가산디지털단지(7) 내부 3호기,ES
,가산디지털단지(7),승강기)에스컬레이터-가산디지털단지(7) 내부 4호기,ES
,가산디지털단지(7),승강기)에스컬레이터-가산디지털단지(7) 내부 5호기,ES
,가산디지털단지(7),승강기)에스컬레이터-가산디지털단지(7) 내부 6호기,ES
,가산디지털단지(7),승강기)에스컬레이터-가산디지털단지(7) 내부 9호기,ES
,가산디지털단지(7),승강기)에스컬레이터-가산디지털단지역 4번출입구 E/S 1200형 19호기,ES
,가산디지털단지(7),승강기)에스컬레이터-가산디지털단지역 4번출입구 E/S 1200형 20호기,ES
,가산디지털단지(7),승강기)에스컬레이터-가산디지털단지역 9번출입구 E/S 1000형 21호기,ES
,가산디지털단지(7),승강기)에스컬레이터-가산디지털단지역 9번출입구 E/S 1000형 22호기,ES
,가산디지털단지(7),승강기)엘리베이터-가산디지털단지(7) 내부1,EV
,가산디지털단지(7),승강기)엘리베이터-가산디지털단지(7) 내부2,EV
,가산디지털단지(7),승강기)엘리베이터-가산디지털단지(7) 내부3,EV
,가산디지털단지(7),승강기)엘리베이터-가산디지털단지(7) 외부4,EV
,가산디지털단지(7),승강기)휠체어리프트-가산디지털단지(7) 내부 1,WL
,가산디지털단지(7),승강기)휠체어리프트-가산디지털단지(7) 내부 3,WL
,가산디지털단지(7),승강기)휠체어리프트-가산디지털단지(7) 내부 4,WL
,철산,승강기)에스컬레이터-철산 1번 출입구 외부 3호기,ES
,철산,승강기)에스컬레이터-철산 1번 출입구 외부 4호기,ES
,철산,승강기)에스컬레이터-철산 2번 출구 외부 1호기[P2410042],ES
,철산,승강기)에스컬레이터-철산 2번 출구 외부 2호기[P2410042],ES
,철산,승강기)에스컬레이터-철산 4번 출입구 외부 5호기,ES
,철산,승강기)에스컬레이터-철산 4번 출입구 외부 6호기,ES
,철산,승강기)엘리베이터-철산 내부1,EV
,철산,승강기)엘리베이터-철산 내부2,EV
,철산,승강기)엘리베이터-철산 외부3,EV
,철산,승강기)엘리베이터-철산 외부4,EV
,광명사거리,승강기)에스컬레이터-광명사거리역 9번출구 1호기,ES
,광명사거리,승강기)에스컬레이터-광명사거리역 9번출구 2호기,ES
,광명사거리,승강기)엘리베이터-광명사거리 내부 E/L 3호기,EV
,광명사거리,승강기)엘리베이터-광명사거리 내부1,EV
,광명사거리,승강기)엘리베이터-광명사거리 외부2,EV
,천왕,승강기)에스컬레이터-천왕 외부 1호기,ES
,천왕,승강기)에스컬레이터-천왕 외부 2호기,ES
,천왕,승강기)에스컬레이터-천왕 외부 3호기,ES
,천왕,승강기)에스컬레이터-천왕 외부 4호기,ES
,천왕,승강기)에스컬레이터-천왕 외부 5호기,ES
,천왕,승강기)에스컬레이터-천왕 외부 6호기,ES
,천왕,승강기)엘리베이터-천왕 내부1,EV
,천왕,승강기)엘리베이터-천왕 내부2,EV
,천왕,승강기)엘리베이터-천왕 외부3,EV
,천왕,승강기)엘리베이터-천왕 외부4,EV
,온수(7),승강기)무빙워크-온수(7) 1,MW
,온수(7),승강기)무빙워크-온수(7) 2,MW
,온수(7),승강기)에스컬레이터-온수(7) 2번 출입구 10호기,ES
,온수(7),승강기)에스컬레이터-온수(7) 2번 출입구 9호기,ES
,온수(7),승강기)에스컬레이터-온수(7) 5번 출입구 11호기,ES
,온수(7),승강기)에스컬레이터-온수(7) 5번 출입구 12호기,ES
,온수(7),승강기)에스컬레이터-온수(7) 내부 13호기,ES
,온수(7),승강기)에스컬레이터-온수(7) 내부 14호기,ES
,온수(7),승강기)에스컬레이터-온수(7) 내부 15호기,ES
,온수(7),승강기)에스컬레이터-온수(7) 내부 16호기,ES
,온수(7),승강기)에스컬레이터-온수(7) 내부 1호기,ES
,온수(7),승강기)에스컬레이터-온수(7) 내부 2호기,ES
,온수(7),승강기)에스컬레이터-온수(7) 내부 3호기,ES
,온수(7),승강기)에스컬레이터-온수(7) 내부 4호기,ES
,온수(7),승강기)에스컬레이터-온수(7) 내부 5호기,ES
,온수(7),승강기)에스컬레이터-온수(7) 내부 6호기,ES
,온수(7),승강기)에스컬레이터-온수(7) 내부 7호기,ES
,온수(7),승강기)에스컬레이터-온수(7) 내부 8호기,ES
,온수(7),승강기)엘리베이터-온수(7) 내부1,EV
,온수(7),승강기)엘리베이터-온수(7) 내부2,EV
,온수(7),승강기)엘리베이터-온수(7) 외부3,EV
,온수(7),승강기)휠체어리프트-온수(7) 외부 5,WL
,암사역사공원,승강기)에스컬레이터-암사역사공원 1번출입구 5호기,ES
,암사역사공원,승강기)에스컬레이터-암사역사공원 1번출입구 6호기,ES
,암사역사공원,승강기)에스컬레이터-암사역사공원 2번출입구 10호기,ES
,암사역사공원,승강기)에스컬레이터-암사역사공원 2번출입구 7호기,ES
,암사역사공원,승강기)에스컬레이터-암사역사공원 2번출입구 8호기,ES
,암사역사공원,승강기)에스컬레이터-암사역사공원 2번출입구 9호기,ES
,암사역사공원,승강기)에스컬레이터-암사역사공원 3번출입구 11호기,ES
,암사역사공원,승강기)에스컬레이터-암사역사공원 3번출입구 12호기,ES
,암사역사공원,승강기)에스컬레이터-암사역사공원 내부 1호기,ES
,암사역사공원,승강기)에스컬레이터-암사역사공원 내부 2호기,ES
,암사역사공원,승강기)에스컬레이터-암사역사공원 내부 3호기,ES
,암사역사공원,승강기)에스컬레이터-암사역사공원 내부 4호기,ES
,암사역사공원,승강기)엘리베이터-암사역사공원 1번출입구 3호기,EV
,암사역사공원,승강기)엘리베이터-암사역사공원 3번출입구 4호기,EV
,암사역사공원,승강기)엘리베이터-암사역사공원 내부 1호기,EV
,암사역사공원,승강기)엘리베이터-암사역사공원 내부 2호기,EV
,암사,승강기)에스컬레이터-암사 1번 출입구 외부 1호기[P2310024],ES
,암사,승강기)에스컬레이터-암사 1번 출입구 외부 2호기[P2310024],ES
,암사,승강기)에스컬레이터-암사 4번출구 외부 800형 3호기[P2510001],ES
,암사,승강기)에스컬레이터-암사 4번출구 외부 800형 4호기[P2510001],ES
,암사,승강기)엘리베이터-암사 내부 1호기,EV
,암사,승강기)엘리베이터-암사 내부 2호기,EV
,암사,승강기)엘리베이터-암사 외부 3호기,EV
,천호(8),승강기)엘리베이터-천호(8) 내부 2호기,EV
,천호(8),승강기)엘리베이터-천호(8) 외부 1호기,EV
,강동구청,승강기)에스컬레이터-강동구청 내부 1호기,ES
,강동구청,승강기)에스컬레이터-강동구청 내부 2호기,ES
,강동구청,승강기)에스컬레이터-강동구청 내부 3호기,ES
,강동구청,승강기)에스컬레이터-강동구청 내부 4호기,ES
,강동구청,승강기)에스컬레이터-강동구청 내부 5호기,ES
,강동구청,승강기)엘리베이터-강동구청 내부 1호기,EV
,강동구청,승강기)엘리베이터-강동구청 내부 2호기,EV
,강동구청,승강기)엘리베이터-강동구청 외부 3호기,EV
,몽촌토성,승강기)에스컬레이터-몽촌토성 5번 출입구 7호기,ES
,몽촌토성,승강기)에스컬레이터-몽촌토성 5번 출입구 8호기,ES
,몽촌토성,승강기)에스컬레이터-몽촌토성 내부 1호기,ES
,몽촌토성,승강기)에스컬레이터-몽촌토성 내부 2호기,ES
,몽촌토성,승강기)에스컬레이터-몽촌토성 내부 3호기,ES
,몽촌토성,승강기)에스컬레이터-몽촌토성 내부 4호기,ES
,몽촌토성,승강기)에스컬레이터-몽촌토성 내부 5호기,ES
,몽촌토성,승강기)에스컬레이터-몽촌토성 내부 6호기,ES
,몽촌토성,승강기)엘리베이터-몽촌토성 내부 1호기,EV
,몽촌토성,승강기)엘리베이터-몽촌토성 내부 2호기,EV
,몽촌토성,승강기)엘리베이터-몽촌토성 내부 3호기,EV
,몽촌토성,승강기)엘리베이터-몽촌토성 외부 4호기,EV
,잠실(8),승강기)에스컬레이터-잠실(8) 건물측관리 14호기,ES
,잠실(8),승강기)에스컬레이터-잠실(8) 내부 1호기,ES
,잠실(8),승강기)에스컬레이터-잠실(8) 내부 2호기,ES
,잠실(8),승강기)에스컬레이터-잠실(8) 내부 3호기,ES
,잠실(8),승강기)에스컬레이터-잠실(8) 내부 4호기,ES
,잠실(8),승강기)에스컬레이터-잠실(8) 내부 5호기,ES
,잠실(8),승강기)엘리베이터-잠실(8) 내부 1호기,EV
,잠실(8),승강기)엘리베이터-잠실(8) 내부 2호기,EV
,잠실(8),승강기)엘리베이터-잠실(8) 외부 3호기,EV
,석촌(8),승강기)엘리베이터-석촌 내부 1호기,EV
,석촌(8),승강기)엘리베이터-석촌 내부 2호기,EV
,석촌(8),승강기)엘리베이터-석촌 외부 3호기,EV
,송파,승강기)에스컬레이터-송파 3번출구측 외부 1호기,ES
,송파,승강기)에스컬레이터-송파 3번출구측 외부 2호기,ES
,송파,승강기)에스컬레이터-송파 4번출구측 외부 3호기,ES
,송파,승강기)에스컬레이터-송파 4번출구측 외부 4호기,ES
,송파,승강기)엘리베이터-송파 내부 1호기,EV
,송파,승강기)엘리베이터-송파 내부 2호기,EV
,송파,승강기)엘리베이터-송파 연결통로 외부 4호기,EV
,송파,승강기)엘리베이터-송파 외부 3호기,EV
,가락시장(8),승강기)에스컬레이터-가락시장(8) 1번 출구 5호기,ES
,가락시장(8),승강기)에스컬레이터-가락시장(8) 1번 출구 6호기,ES
,가락시장(8),승강기)에스컬레이터-가락시장(8) 2번 출구 7호기,ES
,가락시장(8),승강기)에스컬레이터-가락시장(8) 2번 출구 8호기,ES
,가락시장(8),승강기)에스컬레이터-가락시장(8) 5번 출구 10호기,ES
,가락시장(8),승강기)에스컬레이터-가락시장(8) 5번 출구 9호기,ES
,가락시장(8),승강기)에스컬레이터-가락시장(8) 6번 출구 11호기,ES
,가락시장(8),승강기)에스컬레이터-가락시장(8) 6번 출구 12호기,ES
,가락시장(8),승강기)에스컬레이터-가락시장(8) 내부 1호기,ES
,가락시장(8),승강기)에스컬레이터-가락시장(8) 내부 2호기,ES
,가락시장(8),승강기)에스컬레이터-가락시장(8) 내부 3호기,ES
,가락시장(8),승강기)에스컬레이터-가락시장(8) 내부 4호기,ES
,가락시장(8),승강기)엘리베이터-가락시장(8) 내부 1호기,EV
,가락시장(8),승강기)엘리베이터-가락시장(8) 내부 2호기,EV
,가락시장(8),승강기)엘리베이터-가락시장(8) 내부 3호기,EV
,가락시장(8),승강기)엘리베이터-가락시장(8) 내부 4호기,EV
,가락시장(8),승강기)엘리베이터-가락시장(8) 외부 5호기,EV
,가락시장(8),승강기)엘리베이터-가락시장(8) 외부 6호기,EV
,문정,승강기)에스컬레이터-문정 2번 출입구 외부 1호기,ES
,문정,승강기)에스컬레이터-문정 2번 출입구 외부 2호기,ES
,문정,승강기)에스컬레이터-문정 3번 출입구 외부 3호기,ES
,문정,승강기)에스컬레이터-문정 3번 출입구 외부 4호기,ES
,문정,승강기)에스컬레이터-문정 내부 5호기,ES
,문정,승강기)에스컬레이터-문정 내부 6호기,ES
,문정,승강기)에스컬레이터-문정 외부 4번 출입구 7호기,ES
,문정,승강기)에스컬레이터-문정 외부 4번 출입구 8호기,ES
,문정,승강기)엘리베이터-문정 4번 출입구 외부 4호기,EV
,문정,승강기)엘리베이터-문정 내부 1호기,EV
,문정,승강기)엘리베이터-문정 내부 2호기,EV
,문정,승강기)엘리베이터-문정 외부 3호기,EV
,장지,승강기)에스컬레이터-장지 3번 출입구 5호기,ES
,장지,승강기)에스컬레이터-장지 3번 출입구 6호기,ES
,장지,승강기)에스컬레이터-장지 내부 1호기,ES
,장지,승강기)에스컬레이터-장지 내부 2호기,ES
,장지,승강기)에스컬레이터-장지 내부 3호기,ES
,장지,승강기)에스컬레이터-장지 내부 4호기,ES
,장지,승강기)에스컬레이터-장지역 1번 출입구 7호기,ES
,장지,승강기)에스컬레이터-장지역 1번 출입구 8호기,ES
,장지,승강기)엘리베이터-장지 내부 1호기,EV
,장지,승강기)엘리베이터-장지 내부 2호기,EV
,장지,승강기)엘리베이터-장지 외부 3호기,EV
,장지,승강기)엘리베이터-장지 외부 4호기,EV
,복정(8),승강기)에스컬레이터-복정(8) 1-1번 출입구 4호기,ES
,복정(8),승강기)에스컬레이터-복정(8) 1-1번 출입구 5호기,ES
,복정(8),승강기)에스컬레이터-복정(8) 2번 출입구 2호기,ES
,복정(8),승강기)에스컬레이터-복정(8) 2번 출입구 3호기,ES
,복정(8),승강기)에스컬레이터-복정(8) 내부 1호기,ES
,복정(8),승강기)엘리베이터-복정(8) 내부 1호기,EV
,복정(8),승강기)엘리베이터_복정(8)역 1번출구 E/L 2호기,EV
,산성,승강기)에스컬레이터-산성 2번 출입구 12호기,ES
,산성,승강기)에스컬레이터-산성 2번 출입구 13호기,ES
,산성,승강기)에스컬레이터-산성 내부 1200형 10호기,ES
,산성,승강기)에스컬레이터-산성 내부 1200형 11호기,ES
,산성,승강기)에스컬레이터-산성 내부 1200형 1호기,ES
,산성,승강기)에스컬레이터-산성 내부 1200형 2호기,ES
,산성,승강기)에스컬레이터-산성 내부 1200형 3호기,ES
,산성,승강기)에스컬레이터-산성 내부 1200형 4호기,ES
,산성,승강기)에스컬레이터-산성 내부 1200형 5호기,ES
,산성,승강기)에스컬레이터-산성 내부 1200형 6호기,ES
,산성,승강기)에스컬레이터-산성 내부 1200형 7호기,ES
,산성,승강기)에스컬레이터-산성 내부 1200형 8호기,ES
,산성,승강기)에스컬레이터-산성 내부 1200형 9호기,ES
,산성,승강기)엘리베이터-산성 내부 1호기,EV
,산성,승강기)엘리베이터-산성 내부 2호기,EV
,산성,승강기)엘리베이터-산성 외부 4호기,EV
,산성,승강기)엘리베이터-산성(8) 경사형 내부 3호기,EV
,남한산성입구,승강기)에스컬레이터-남한산성입구 1번 출입구 외부 1호기,ES
,남한산성입구,승강기)에스컬레이터-남한산성입구 1번 출입구 외부 2호기,ES
,남한산성입구,승강기)에스컬레이터-남한산성입구 내부 3호기,ES
,남한산성입구,승강기)에스컬레이터-남한산성입구 내부 4호기,ES
,남한산성입구,승강기)엘리베이터-남한산성입구 내부 1호기,EV
,남한산성입구,승강기)엘리베이터-남한산성입구 외부 2호기,EV
,단대오거리,승강기)에스컬레이터-단대오거리 1번 출입구 외부 1호기,ES
,단대오거리,승강기)에스컬레이터-단대오거리 1번 출입구 외부 2호기,ES
,단대오거리,승강기)에스컬레이터-단대오거리 3번 출입구 외부 5호기,ES
,단대오거리,승강기)에스컬레이터-단대오거리 3번 출입구 외부 6호기,ES
,단대오거리,승강기)에스컬레이터-단대오거리 내부 3호기,ES
,단대오거리,승강기)에스컬레이터-단대오거리 내부 4호기,ES
,단대오거리,승강기)엘리베이터-단대오거리 내부 1호기,EV
,단대오거리,승강기)엘리베이터-단대오거리 내부 2호기,EV
,단대오거리,승강기)엘리베이터-단대오거리 외부 3호기,EV
,신흥,승강기)엘리베이터-신흥 내부 1호기,EV
,신흥,승강기)엘리베이터-신흥 내부 2호기,EV
,수진,승강기)엘리베이터-수진 내부 1호기,EV
,수진,승강기)엘리베이터-수진 내부 2호기,EV
,수진,승강기)엘리베이터-수진 외부 3호기,EV
,모란(8),승강기)에스컬레이터-모란(8) 내부 1호기,ES
,모란(8),승강기)에스컬레이터-모란(8) 내부 2호기,ES
,모란(8),승강기)엘리베이터-모란(8) 내부 1호기,EV
,모란(8),승강기)엘리베이터-모란(8) 내부 2호기,EV
,모란(8),승강기)엘리베이터-모란(8) 외부 3호기,EV
,남위례,승강기)에스컬레이터-남위례 1번 출입구 외부 1호기,ES
,남위례,승강기)에스컬레이터-남위례 1번 출입구 외부 2호기,ES
,남위례,승강기)에스컬레이터-남위례 5번 출입구 외부 7호기,ES
,남위례,승강기)에스컬레이터-남위례 내부 3호기,ES
,남위례,승강기)에스컬레이터-남위례 내부 4호기,ES
,남위례,승강기)에스컬레이터-남위례 내부 5호기,ES
,남위례,승강기)에스컬레이터-남위례 내부 6호기,ES
,남위례,승강기)엘리베이터-남위례 내부 1호기,EV
,남위례,승강기)엘리베이터-남위례 내부 2호기,EV
,남위례,승강기)엘리베이터-남위례 내부 3호기,EV
