사용월,호선명,지하철역,유임승차인원,무임승차인원,유임하차인원,무임하차인원,작업일자
202412,1호선,동묘앞,155654,157569,160983,158444,20250103
202412,1호선,서울역,1496624,231782,1403500,217616,20250103
202412,1호선,시청,689635,148888,684140,143883,20250103
202412,1호선,종각,1010431,179003,977469,167898,20250103
202412,1호선,종로3가,497844,314812,452394,287056,20250103
202412,1호선,종로5가,458015,250472,446780,244497,20250103
202412,1호선,동대문,252373,133914,246241,133772,20250103
202412,1호선,신설동,302848,126462,289710,121883,20250103
202412,1호선,제기동,240025,271548,229286,291781,20250103
202412,1호선,청량리(서울시립대입구),405925,291292,403185,289536,20250103
202412,2호선,뚝섬,688604,67614,719535,67769,20250103
202412,2호선,성수,1375880,105498,1488651,106041,20250103
202412,2호선,건대입구,1066688,102048,1127077,106227,20250103
202412,2호선,구의(광진구청),648139,117634,627702,117942,20250103
202412,2호선,강변(동서울터미널),766156,121142,712636,115929,20250103
202412,2호선,잠실나루,338812,92899,325962,92064,20250103
202412,2호선,잠실(송파구청),2442975,241917,2420022,233981,20250103
202412,2호선,잠실새내,606073,122947,598402,121380,20250103
202412,2호선,종합운동장,200621,50200,224194,52076,20250103
202412,2호선,삼성(무역센터),1549003,138582,1548465,127448,20250103
202412,2호선,선릉,1381021,245404,1224475,215631,20250103
202412,2호선,역삼,1239880,156707,1403406,160139,20250103
202412,2호선,강남,2217530,171790,2200980,151258,20250103
202412,2호선,교대(법원.검찰청),735182,166582,889228,199787,20250103
202412,2호선,서초,570340,105074,554973,106167,20250103
202412,2호선,방배,419176,84721,434386,83951,20250103
202412,2호선,사당,1128699,258251,1211574,241295,20250103
202412,2호선,낙성대(강감찬),711502,117902,681838,119254,20250103
202412,2호선,서울대입구(관악구청),1210564,190295,1164985,179676,20250103
202412,2호선,봉천,570567,159216,520849,158585,20250103
202412,2호선,신림,1477335,214369,1436955,214640,20250103
202412,2호선,신대방,625399,139464,590520,139523,20250103
202412,2호선,구로디지털단지,1469799,216429,1448852,216126,20250103
202412,2호선,대림(구로구청),596223,142429,605769,146435,20250103
202412,2호선,신도림,1356483,255030,1324426,240945,20250103
202412,2호선,문래,594379,95436,618513,95530,20250103
202412,2호선,영등포구청,553787,113693,575488,113158,20250103
202412,2호선,당산,506562,67078,589365,72272,20250103
202412,2호선,합정,942019,73736,1041933,75895,20250103
202412,2호선,홍대입구,2282202,109227,2483706,106825,20250103
202412,2호선,신촌,1071180,137085,1091174,134801,20250103
202412,2호선,이대,446233,52036,490606,55860,20250103
202412,2호선,아현,262311,68736,243591,67950,20250103
202412,2호선,충정로(경기대입구),252685,48633,271336,49527,20250103
202412,2호선,용답,71832,18415,70649,18273,20250103
202412,2호선,신답,38283,9613,43186,10182,20250103
202412,2호선,신설동,80254,34854,77457,36656,20250103
202412,2호선,도림천,29757,8654,31361,9849,20250103
202412,2호선,양천구청,146664,56494,155397,57299,20250103
202412,2호선,용두(동대문구청),51711,25271,52072,26635,20250103
202412,2호선,신정네거리,227933,78049,234152,80079,20250103
202412,2호선,시청,728396,77391,667467,67462,20250103
202412,2호선,을지로입구,1460314,127287,1466229,117047,20250103
202412,2호선,을지로3가,674616,81296,664419,79903,20250103
202412,2호선,을지로4가,338976,79832,340995,80225,20250103
202412,2호선,동대문역사문화공원(DDP),414426,62597,485709,67905,20250103
202412,2호선,신당,369514,96571,394468,98567,20250103
202412,2호선,상왕십리,362740,73500,352715,74874,20250103
202412,2호선,왕십리(성동구청),433232,57419,399709,52321,20250103
202412,2호선,한양대,306882,14737,332091,15907,20250103
202412,3호선,홍제,389856,150659,367265,147972,20250103
202412,3호선,지축,186363,39357,184646,37841,20250103
202412,3호선,구파발,522875,143136,508044,136175,20250103
202412,3호선,연신내,773893,268869,741081,260862,20250103
202412,3호선,불광,355758,151077,376015,167958,20250103
202412,3호선,녹번,372930,84012,335037,83026,20250103
202412,3호선,무악재,93820,33541,91333,35993,20250103
202412,3호선,독립문,159743,73499,165072,73625,20250103
202412,3호선,경복궁(정부서울청사),679463,100361,705469,100094,20250103
202412,3호선,안국,712449,115681,739255,123356,20250103
202412,3호선,종로3가,261262,70976,301948,80382,20250103
202412,3호선,을지로3가,307534,54397,307469,51166,20250103
202412,3호선,충무로,428,6,0,0,20250103
202412,3호선,동대입구,287253,44230,315537,48605,20250103
202412,3호선,약수,293900,86478,294775,81862,20250103
202412,3호선,금호,185585,56603,174636,55856,20250103
202412,3호선,옥수,204564,63624,212962,64056,20250103
202412,3호선,압구정,804050,150579,871217,148845,20250103
202412,3호선,신사,767108,77408,808191,75234,20250103
202412,3호선,잠원,120388,34317,114869,32867,20250103
202412,3호선,고속터미널,1427029,245590,1377362,228510,20250103
202412,3호선,교대(법원.검찰청),401860,98353,227545,53980,20250103
202412,3호선,남부터미널(예술의전당),816073,139162,825649,139591,20250103
202412,3호선,양재(서초구청),929768,167339,997096,169049,20250103
202412,3호선,매봉,290948,80609,282154,75708,20250103
202412,3호선,도곡,145724,34368,147629,32575,20250103
202412,3호선,대치,273482,76273,269488,74569,20250103
202412,3호선,학여울,61203,21427,63601,21134,20250103
202412,3호선,대청,254985,66506,238218,64267,20250103
202412,3호선,일원,245009,73108,234788,72504,20250103
202412,3호선,수서,458853,131509,454819,127310,20250103
202412,3호선,가락시장,196715,88056,195190,85929,20250103
202412,3호선,경찰병원,168060,49111,167343,51090,20250103
202412,3호선,오금,156143,36248,139817,34506,20250103
202412,4호선,창동,575780,240461,611156,247077,20250103
202412,4호선,쌍문,705107,192896,641371,189088,20250103
202412,4호선,수유(강북구청),840596,207727,840896,209443,20250103
202412,4호선,미아(서울사이버대학),353651,126286,332079,126857,20250103
202412,4호선,미아사거리,616278,196834,603615,197161,20250103
202412,4호선,길음,518562,129753,513867,129286,20250103
202412,4호선,성신여대입구(돈암),597666,98375,572627,97256,20250103
202412,4호선,한성대입구(삼선교),355565,78515,342361,77463,20250103
202412,4호선,혜화,1052566,136650,1056243,133382,20250103
202412,4호선,동대문,419647,154468,443111,150054,20250103
202412,4호선,동대문역사문화공원(DDP),546914,70256,475468,62453,20250103
202412,4호선,충무로,765734,128343,793984,131160,20250103
202412,4호선,명동,1073413,92923,1172291,97980,20250103
202412,4호선,회현(남대문시장),631059,211986,664966,212162,20250103
202412,4호선,서울역,340419,44249,643502,60461,20250103
202412,4호선,숙대입구(갈월),412502,60196,396714,56042,20250103
202412,4호선,삼각지,182630,26692,215667,28466,20250103
202412,4호선,신용산,584436,61977,628722,62744,20250103
202412,4호선,이촌(국립중앙박물관),249828,56219,269337,59474,20250103
202412,4호선,동작(현충원),28433,12756,32278,13049,20250103
202412,4호선,총신대입구(이수),423492,169727,465621,177752,20250103
202412,4호선,사당,690653,113231,647205,125376,20250103
202412,4호선,남태령,43978,9303,43026,9017,20250103
202412,4호선,당고개,211170,80477,174872,79353,20250103
202412,4호선,상계,451501,138983,413617,135891,20250103
202412,4호선,노원,539484,119644,623302,118719,20250103
202412,5호선,을지로4가,142860,44715,144172,43151,20250103
202412,5호선,동대문역사문화공원(DDP),82105,9861,94269,10936,20250103
202412,5호선,하남검단산,152120,58805,144000,58121,20250103
202412,5호선,청구,87839,24922,85729,21435,20250103
202412,5호선,신금호,149758,41267,156620,46559,20250103
202412,5호선,행당,187592,54603,165321,49762,20250103
202412,5호선,왕십리(성동구청),117564,28070,142778,29455,20250103
202412,5호선,마장,135745,46665,127688,45860,20250103
202412,5호선,답십리,391309,91285,349494,87763,20250103
202412,5호선,장한평,477134,108578,467730,110749,20250103
202412,5호선,군자(능동),317505,47831,351634,52545,20250103
202412,5호선,아차산(어린이대공원후문),337699,113340,326666,110251,20250103
202412,5호선,광나루(장신대),279400,71908,263615,71355,20250103
202412,5호선,천호(풍납토성),458495,165681,441287,164706,20250103
202412,5호선,강동,440201,123158,425885,119554,20250103
202412,5호선,길동,175454,89058,180665,91001,20250103
202412,5호선,굽은다리(강동구민회관앞),219600,92592,212147,87384,20250103
202412,5호선,명일,180358,74974,178023,76119,20250103
202412,5호선,고덕,233915,83050,222664,80751,20250103
202412,5호선,상일동,338299,101837,316527,100630,20250103
202412,5호선,둔촌동,218555,83596,217624,83976,20250103
202412,5호선,올림픽공원(한국체대),120810,41479,103210,36031,20250103
202412,5호선,방이,166772,56506,172447,56879,20250103
202412,5호선,오금,86348,24528,87016,23496,20250103
202412,5호선,개롱,143627,56905,148252,58472,20250103
202412,5호선,거여,230594,75062,221393,72593,20250103
202412,5호선,마천,158597,60670,137937,62030,20250103
202412,5호선,강일,135462,49232,121672,47377,20250103
202412,5호선,미사,455126,99944,461113,99099,20250103
202412,5호선,하남시청(덕풍?신장),177238,86369,162689,86175,20250103
202412,5호선,하남풍산,102100,38904,101818,38299,20250103
202412,5호선,방화,148678,58407,140868,57573,20250103
202412,5호선,개화산,139251,45595,131968,43505,20250103
202412,5호선,김포공항,345877,57842,214585,46619,20250103
202412,5호선,송정,143006,54648,135571,52246,20250103
202412,5호선,마곡,288257,51167,293665,50152,20250103
202412,5호선,발산,576145,123620,599692,119437,20250103
202412,5호선,우장산,336936,107501,328159,111360,20250103
202412,5호선,화곡,690284,162925,639744,156075,20250103
202412,5호선,까치산,663433,168167,628837,169610,20250103
202412,5호선,신정(은행정),328852,69493,265569,67155,20250103
202412,5호선,목동,400802,92336,428660,94316,20250103
202412,5호선,오목교(목동운동장앞),545205,99831,576387,98628,20250103
202412,5호선,양평,194752,33077,188165,32446,20250103
202412,5호선,영등포구청,119155,22052,116888,21629,20250103
202412,5호선,영등포시장,296713,88102,291315,89578,20250103
202412,5호선,신길,151771,14706,153379,15161,20250103
202412,5호선,여의도,891398,69170,974532,69418,20250103
202412,5호선,여의나루,375461,35951,449486,34139,20250103
202412,5호선,마포,384881,73297,384243,72602,20250103
202412,5호선,공덕,383305,57881,406514,55380,20250103
202412,5호선,애오개,149507,41765,148381,40238,20250103
202412,5호선,충정로(경기대입구),126010,18911,127293,18825,20250103
202412,5호선,서대문,510742,79460,513829,75103,20250103
202412,5호선,광화문(세종문화회관),987223,142916,1040468,143852,20250103
202412,5호선,종로3가,383590,105103,377420,105986,20250103
202412,6호선,망원,400180,88481,429521,91632,20250103
202412,6호선,신내,11,1,0,0,20250103
202412,6호선,봉화산(서울의료원),205330,55750,189871,54994,20250103
202412,6호선,화랑대(서울여대입구),294616,55064,231343,50453,20250103
202412,6호선,태릉입구,141600,36306,156023,36137,20250103
202412,6호선,석계,290692,87161,299387,86618,20250103
202412,6호선,돌곶이,240974,64706,216900,64124,20250103
202412,6호선,상월곡(한국과학기술연구원),148631,43862,129748,42321,20250103
202412,6호선,월곡(동덕여대),272963,73650,265885,73240,20250103
202412,6호선,고려대(종암),228317,37325,216845,37079,20250103
202412,6호선,안암(고대병원앞),340272,41188,337342,40194,20250103
202412,6호선,보문,209651,34544,195251,32621,20250103
202412,6호선,창신,85866,21074,70815,20307,20250103
202412,6호선,동묘앞,205321,74898,211605,69784,20250103
202412,6호선,신당,237352,43188,240072,41684,20250103
202412,6호선,청구,93304,21067,88780,22451,20250103
202412,6호선,약수,95206,23233,90461,23214,20250103
202412,6호선,버티고개,51717,14697,50275,16992,20250103
202412,6호선,한강진,316838,26225,370509,26411,20250103
202412,6호선,이태원,336818,31640,372855,31801,20250103
202412,6호선,녹사평(용산구청),136982,18653,144585,18335,20250103
202412,6호선,삼각지,219228,23000,192644,19505,20250103
202412,6호선,효창공원앞,182258,41180,165741,38110,20250103
202412,6호선,공덕,493207,88716,475241,82959,20250103
202412,6호선,대흥(서강대앞),226643,50392,239862,49721,20250103
202412,6호선,광흥창(서강),233161,59584,219824,58503,20250103
202412,6호선,상수,303066,22434,343963,22805,20250103
202412,6호선,합정,392520,46169,384507,41905,20250103
202412,6호선,마포구청,346698,87233,315496,80038,20250103
202412,6호선,월드컵경기장(성산),87347,50210,92940,48775,20250103
202412,6호선,디지털미디어시티,369383,65262,403636,66091,20250103
202412,6호선,증산(명지대앞),211900,75875,209093,76562,20250103
202412,6호선,새절(신사),284940,94094,261114,93716,20250103
202412,6호선,구산,190906,58316,126370,60811,20250103
202412,6호선,연신내,63,7,0,0,20250103
202412,6호선,독바위,60298,21377,59207,26127,20250103
202412,6호선,불광,101131,46413,99621,37694,20250103
202412,6호선,역촌,76957,35182,98523,35437,20250103
202412,6호선,응암,406498,132728,400737,131244,20250103
202412,7호선,자양(뚝섬한강공원),192813,47835,186671,47579,20250103
202412,7호선,도봉산,214558,49994,242387,73499,20250103
202412,7호선,수락산,273746,112298,264058,114314,20250103
202412,7호선,마들,297394,103680,275859,101976,20250103
202412,7호선,노원,478508,150321,505971,148648,20250103
202412,7호선,중계,332846,102093,300888,99839,20250103
202412,7호선,하계,426234,125084,394815,120342,20250103
202412,7호선,공릉(서울과학기술대),291034,83192,283962,84077,20250103
202412,7호선,태릉입구,210168,50036,196374,46780,20250103
202412,7호선,먹골,230909,73017,227186,74660,20250103
202412,7호선,중화,247764,70743,243242,70762,20250103
202412,7호선,상봉,457017,87587,444997,83964,20250103
202412,7호선,면목,343115,103354,311803,105053,20250103
202412,7호선,사가정,372476,113508,379774,116587,20250103
202412,7호선,용마산(용마폭포공원),133027,37628,125825,41008,20250103
202412,7호선,대림(구로구청),240783,50654,244494,50299,20250103
202412,7호선,중곡,256920,71145,238468,71639,20250103
202412,7호선,군자(능동),359542,92428,279099,78581,20250103
202412,7호선,어린이대공원(세종대),428326,46891,431976,46538,20250103
202412,7호선,건대입구,362034,69572,383538,63979,20250103
202412,7호선,청담,438349,83450,489845,80901,20250103
202412,7호선,강남구청,406128,56876,458066,57352,20250103
202412,7호선,학동,581042,69749,609484,66550,20250103
202412,7호선,논현,487181,48616,514159,47671,20250103
202412,7호선,장암,65498,14407,26496,10669,20250103
202412,7호선,반포,152712,42256,144765,40418,20250103
202412,7호선,고속터미널,492770,87917,378138,78684,20250103
202412,7호선,내방,346012,79734,351903,76616,20250103
202412,7호선,이수,421776,90727,405861,85262,20250103
202412,7호선,남성,254928,81344,239146,82215,20250103
202412,7호선,숭실대입구(살피재),330131,68809,327515,70729,20250103
202412,7호선,상도,293132,70062,285839,67160,20250103
202412,7호선,장승배기,206743,73062,197199,73555,20250103
202412,7호선,신대방삼거리,342166,97513,321936,100430,20250103
202412,7호선,보라매,169238,35646,174115,36324,20250103
202412,7호선,신풍,267317,81863,247881,80494,20250103
202412,7호선,남구로,354761,66614,374504,67282,20250103
202412,7호선,가산디지털단지,1062074,100257,1064234,94603,20250103
202412,7호선,철산,519938,121562,532113,121343,20250103
202412,7호선,광명사거리,453072,167595,437078,172519,20250103
202412,7호선,천왕,273550,65357,259343,66343,20250103
202412,7호선,온수(성공회대입구),242241,46458,219756,44114,20250103
202412,7호선,까치울,0,1,0,0,20250103
202412,8호선,잠실(송파구청),551721,99940,648023,98025,20250103
202412,8호선,석촌,210518,60726,254620,63570,20250103
202412,8호선,송파,221476,74854,218533,74405,20250103
202412,8호선,가락시장,198478,75958,226557,76998,20250103
202412,8호선,문정,557914,71253,579269,71509,20250103
202412,8호선,장지,436142,97082,398808,91165,20250103
202412,8호선,복정,243687,46744,205210,42082,20250103
202412,8호선,산성,146928,37083,144577,39994,20250103
202412,8호선,남한산성입구(성남법원.검찰청),318848,82187,284788,77977,20250103
202412,8호선,단대오거리,281492,80797,265412,78921,20250103
202412,8호선,신흥,114520,45359,117571,46461,20250103
202412,8호선,수진,123627,49355,110641,48677,20250103
202412,8호선,모란,102272,62330,82790,48134,20250103
202412,8호선,남위례,184941,40318,183795,39084,20250103
202412,8호선,암사역사공원,141220,32877,122495,31873,20250103
202412,8호선,암사,382486,116380,345486,115801,20250103
202412,8호선,천호(풍납토성),423287,112675,493311,112113,20250103
202412,8호선,강동구청,244062,76892,251307,77732,20250103
202412,8호선,몽촌토성(평화의문),180484,41223,188501,40608,20250103
202412,9호선,노들,112200,36226,89296,33459,20250103
202412,9호선,흑석(중앙대입구),218613,63123,222899,62884,20250103
202412,9호선,동작(현충원),43687,12564,41819,11264,20250103
202412,9호선,구반포,33882,10878,32206,10410,20250103
202412,9호선,신반포,101146,31648,95665,31644,20250103
202412,9호선,사평,98585,26964,92882,26813,20250103
202412,9호선,고속터미널,423787,78663,608199,95811,20250103
202412,9호선,개화,66068,12985,43610,10323,20250103
202412,9호선,신논현,918463,61017,946535,60021,20250103
202412,9호선,김포공항,183567,19823,311541,28873,20250103
202412,9호선,공항시장,67176,26842,72016,28620,20250103
202412,9호선,신방화,162869,50970,156536,51573,20250103
202412,9호선,마곡나루(서울식물원),389233,42057,380431,41160,20250103
202412,9호선,양천향교,248429,50541,253841,50103,20250103
202412,9호선,가양,521541,150515,511419,147669,20250103
202412,9호선,증미,186612,40538,177866,40448,20250103
202412,9호선,등촌,275841,94033,259872,94970,20250103
202412,9호선,염창,447262,85361,425869,82859,20250103
202412,9호선,신목동,105823,28786,91718,27123,20250103
202412,9호선,선유도,216072,35525,198885,34599,20250103
202412,9호선,당산,524733,80690,520996,74839,20250103
202412,9호선,국회의사당,566980,77592,561248,71795,20250103
202412,9호선,여의도,912310,65182,881686,60335,20250103
202412,9호선,샛강,199298,33190,192007,32680,20250103
202412,9호선,노량진,746861,102697,741160,100746,20250103
202412,9호선2~3단계,종합운동장,131721,22947,130172,21103,20250103
202412,9호선2~3단계,언주,302304,34259,305666,33940,20250103
202412,9호선2~3단계,선정릉,260926,31801,285970,32881,20250103
202412,9호선2~3단계,삼성중앙,190815,31253,199661,30703,20250103
202412,9호선2~3단계,봉은사,596387,63059,632814,60101,20250103
202412,9호선2~3단계,삼전,197388,47157,185160,46208,20250103
202412,9호선2~3단계,석촌고분,172115,46412,168061,46435,20250103
202412,9호선2~3단계,석촌,250626,45678,222570,39983,20250103
202412,9호선2~3단계,송파나루,149251,33645,158409,35878,20250103
202412,9호선2~3단계,한성백제,75349,19857,66541,18071,20250103
202412,9호선2~3단계,올림픽공원(한국체대),234796,30129,242432,30419,20250103
202412,9호선2~3단계,둔촌오륜,47770,12870,45979,13281,20250103
202412,9호선2~3단계,중앙보훈병원,268583,88074,228173,85675,20250103
202412,경강선,성남,25706,6619,22115,6776,20250103
202412,경강선,판교,149292,22040,146470,19380,20250103
202412,경강선,이매,25160,6790,21030,6132,20250103
202412,경강선,삼동,57099,14853,51003,14892,20250103
202412,경강선,경기광주,190215,35810,178742,36234,20250103
202412,경강선,초월,90751,17953,82855,17259,20250103
202412,경강선,곤지암,55698,15162,52600,14797,20250103
202412,경강선,신둔도예촌,35732,9276,32936,8796,20250103
202412,경강선,이천,77534,15767,81262,16546,20250103
202412,경강선,부발,63025,11090,60848,10890,20250103
202412,경강선,세종대왕릉,6242,3800,6156,3758,20250103
202412,경강선,여주,70741,21023,68276,20800,20250103
202412,경부선,신길,247988,49768,225863,46956,20250103
202412,경부선,서울역,285795,17309,106664,4777,20250103
202412,경부선,남영,245511,41310,257476,42190,20250103
202412,경부선,용산,1245778,145239,1258638,144232,20250103
202412,경부선,노량진,257639,54527,281209,55245,20250103
202412,경부선,대방,262391,62698,285159,66470,20250103
202412,경부선,영등포,1058342,321408,1059407,320204,20250103
202412,경부선,신도림,90441,25975,96383,31460,20250103
202412,경부선,구로,423098,115677,446689,112449,20250103
202412,경부선,가산디지털단지,459399,43402,516842,47214,20250103
202412,경부선,금천구청,237573,85018,241141,86569,20250103
202412,경부선,석수,197558,51889,179747,49802,20250103
202412,경부선,관악,155138,58103,148470,56828,20250103
202412,경부선,안양,559692,133513,549699,137260,20250103
202412,경부선,명학,205603,45684,201763,44290,20250103
202412,경부선,금정,692324,144033,710468,145484,20250103
202412,경부선,군포,158750,39916,155416,38797,20250103
202412,경부선,의왕,217409,46311,214905,45776,20250103
202412,경부선,성균관대,400155,67486,390993,67217,20250103
202412,경부선,화서,319875,54557,308747,52967,20250103
202412,경부선,수원,1074725,176603,1142773,180805,20250103
202412,경부선,독산,401333,71879,407660,73409,20250103
202412,경부선,세류,88627,19388,82443,18740,20250103
202412,경부선,병점,400954,77792,399314,77300,20250103
202412,경부선,세마,82036,16989,76262,15793,20250103
202412,경부선,오산대,93530,18437,83929,17173,20250103
202412,경부선,오산,273204,54312,270663,54494,20250103
202412,경부선,진위,39750,10087,36016,9887,20250103
202412,경부선,송탄,119350,22827,115389,22075,20250103
202412,경부선,서정리,221812,38105,207894,37390,20250103
202412,경부선,평택지제,117515,14938,111791,14549,20250103
202412,경부선,평택,356424,75434,351835,74089,20250103
202412,경부선,성환,128897,22255,124508,21827,20250103
202412,경부선,직산,25776,5691,25172,5335,20250103
202412,경부선,두정,207965,31064,219544,31507,20250103
202412,경부선,천안,163863,59319,155131,58202,20250103
202412,경부선,당정,150044,34741,141608,33284,20250103
202412,경부선,서동탄,35779,7694,31296,7322,20250103
202412,경부선,광명,107432,13031,87423,12064,20250103
202412,경원선,청산,2384,1899,1668,1647,20250103
202412,경원선,이촌(국립중앙박물관),85885,33121,66091,27335,20250103
202412,경원선,전곡,24519,11775,21563,10740,20250103
202412,경원선,서빙고,53375,19383,54271,18977,20250103
202412,경원선,한남,72716,26230,73621,24921,20250103
202412,경원선,옥수,1621,181,1110,81,20250103
202412,경원선,응봉,33182,16626,27459,14984,20250103
202412,경원선,왕십리(성동구청),434751,85062,434183,85965,20250103
202412,경원선,청량리(서울시립대입구),384581,156572,392192,164473,20250103
202412,경원선,외대앞,245565,48867,235946,48656,20250103
202412,경원선,신이문,172817,70625,156959,69086,20250103
202412,경원선,석계,156702,63499,180800,67961,20250103
202412,경원선,광운대,190359,60157,185096,59097,20250103
202412,경원선,월계,140824,63894,125726,60986,20250103
202412,경원선,녹천,88293,37693,71261,34371,20250103
202412,경원선,창동,77,3,0,0,20250103
202412,경원선,방학,178464,115605,171570,112524,20250103
202412,경원선,도봉,97986,73406,90295,72487,20250103
202412,경원선,도봉산,127912,110147,68743,83648,20250103
202412,경원선,망월사,168041,75785,168425,77452,20250103
202412,경원선,회룡,225564,162071,219541,159767,20250103
202412,경원선,의정부,461572,127759,471576,128609,20250103
202412,경원선,가능,130291,59086,123223,59006,20250103
202412,경원선,녹양,88887,40127,82996,37340,20250103
202412,경원선,양주,162905,58764,156868,56792,20250103
202412,경원선,덕계,140868,39139,126237,37636,20250103
202412,경원선,연천,13231,15497,11726,15394,20250103
202412,경원선,덕정,148018,37273,136891,37150,20250103
202412,경원선,지행,149331,48308,149756,48300,20250103
202412,경원선,동두천중앙,52208,35240,49999,34619,20250103
202412,경원선,보산,34793,13964,31587,13296,20250103
202412,경원선,동두천,37033,18321,35478,18295,20250103
202412,경원선,소요산,11173,35379,11862,35403,20250103
202412,경의선,야당,218630,44201,222808,43694,20250103
202412,경의선,신촌,19890,3224,26567,4226,20250103
202412,경의선,검암,1,0,0,0,20250103
202412,경의선,계양,9,0,0,0,20250103
202412,경의선,디지털미디어시티,68871,13420,62310,14543,20250103
202412,경의선,홍대입구,63548,6124,80842,6718,20250103
202412,경의선,공덕,111755,18047,84982,16402,20250103
202412,경의선,서울역,92990,17211,120033,20297,20250103
202412,경의선,운천,34,115,14,90,20250103
202412,경의선,임진강,278,143,179,141,20250103
202412,경의선,문산,120894,45372,116195,44965,20250103
202412,경의선,파주,30781,7180,23342,6341,20250103
202412,경의선,월롱,49343,8884,41657,9104,20250103
202412,경의선,금촌,149075,50559,141188,50252,20250103
202412,경의선,금릉,129259,32270,119521,31394,20250103
202412,경의선,운정,185211,45100,168787,43695,20250103
202412,경의선,탄현,182011,44242,170324,43437,20250103
202412,경의선,일산,244468,74790,236064,75109,20250103
202412,경의선,풍산,142372,43735,132088,42530,20250103
202412,경의선,백마,171069,41125,163787,40601,20250103
202412,경의선,곡산,12254,5669,12531,5713,20250103
202412,경의선,능곡,102666,34619,93545,33197,20250103
202412,경의선,행신,194356,42390,189720,42898,20250103
202412,경의선,강매,72038,19584,59183,18005,20250103
202412,경의선,한국항공대,56418,8421,51385,8116,20250103
202412,경의선,수색,67845,18560,70444,18773,20250103
202412,경의선,가좌,119988,46398,115295,46131,20250103
202412,경의선,서강대,51911,12293,52517,11274,20250103
202412,경의선,효창공원앞,76044,16933,86586,18818,20250103
202412,경인선,개봉,458744,177017,449316,182012,20250103
202412,경인선,오류동,236053,97578,219439,94923,20250103
202412,경인선,역곡,590111,166603,583490,171488,20250103
202412,경인선,부천,713061,245727,711763,249074,20250103
202412,경인선,송내,621796,145978,610486,143814,20250103
202412,경인선,부평,723675,167585,771925,171068,20250103
202412,경인선,백운,153040,64003,145032,63297,20250103
202412,경인선,동암,347453,116259,346617,117284,20250103
202412,경인선,주안,460112,104353,408406,93567,20250103
202412,경인선,제물포,240348,72336,227620,71544,20250103
202412,경인선,동인천,289286,126688,267167,124513,20250103
202412,경인선,인천,77050,34082,57889,31048,20250103
202412,경인선,구일,227212,55001,261518,55484,20250103
202412,경인선,소사,162955,64826,153875,63155,20250103
202412,경인선,부개,179476,73877,164535,72408,20250103
202412,경인선,온수(성공회대입구),130453,54847,122707,52927,20250103
202412,경인선,도원,62373,30555,61894,31890,20250103
202412,경인선,간석,119330,49663,112197,47915,20250103
202412,경인선,중동,188098,80435,171257,78749,20250103
202412,경인선,도화,79498,41667,71800,40065,20250103
202412,경춘선,별내,51209,20378,45961,18189,20250103
202412,경춘선,백양리,7508,1228,5904,1209,20250103
202412,경춘선,굴봉산,1531,1430,2428,1405,20250103
202412,경춘선,가평,41732,15281,40474,14855,20250103
202412,경춘선,상천,3148,3671,2850,3420,20250103
202412,경춘선,청평,33503,19851,32169,19313,20250103
202412,경춘선,대성리,9353,5528,8771,5087,20250103
202412,경춘선,마석,77107,37221,73613,36555,20250103
202412,경춘선,천마산,26468,18287,23240,18003,20250103
202412,경춘선,평내호평,132709,50860,128210,48823,20250103
202412,경춘선,금곡,25525,16208,24393,15646,20250103
202412,경춘선,사릉,42696,16150,40919,15806,20250103
202412,경춘선,퇴계원,67475,30647,60094,28993,20250103
202412,경춘선,갈매,55745,20984,47376,19614,20250103
202412,경춘선,신내,60356,20952,55049,20242,20250103
202412,경춘선,춘천,34595,14910,30765,12729,20250103
202412,경춘선,남춘천,66569,25789,67387,26181,20250103
202412,경춘선,김유정,7083,4594,7183,4639,20250103
202412,경춘선,강촌,8023,4368,7732,4334,20250103
202412,공항철도 1호선,청라국제도시,209601,16919,198012,16905,20250103
202412,공항철도 1호선,검암,171188,17174,171546,17395,20250103
202412,공항철도 1호선,계양,353897,41687,334328,40341,20250103
202412,공항철도 1호선,김포공항,257699,24259,156049,15442,20250103
202412,공항철도 1호선,마곡나루(서울식물원),289094,17755,282841,17963,20250103
202412,공항철도 1호선,디지털미디어시티,364464,33389,343517,31672,20250103
202412,공항철도 1호선,홍대입구,477909,22096,463328,20745,20250103
202412,공항철도 1호선,공덕,81433,9764,111953,12545,20250103
202412,공항철도 1호선,서울역,391862,38775,355592,34775,20250103
202412,공항철도 1호선,인천공항1터미널,423312,37098,411405,32552,20250103
202412,공항철도 1호선,운서,267994,32391,283145,32185,20250103
202412,공항철도 1호선,인천공항2터미널,217423,21388,181014,18148,20250103
202412,공항철도 1호선,영종,106814,23896,107531,23753,20250103
202412,공항철도 1호선,공항화물청사,46726,9915,59496,9976,20250103
202412,과천선,과천,148450,53249,135676,50574,20250103
202412,과천선,범계,723279,137266,723245,134369,20250103
202412,과천선,평촌,437554,74745,418785,74088,20250103
202412,과천선,인덕원,622705,139909,630383,144630,20250103
202412,과천선,정부과천청사,304945,65383,321410,64244,20250103
202412,과천선,대공원,59649,28426,61028,29802,20250103
202412,과천선,경마공원,91616,82082,92428,81475,20250103
202412,과천선,선바위,195396,36714,158733,34839,20250103
202412,분당선,태평,295459,99427,269484,103637,20250103
202412,분당선,가천대,239178,29987,245022,30480,20250103
202412,분당선,선정릉,166363,32752,174955,32060,20250103
202412,분당선,강남구청,222433,41718,260718,46188,20250103
202412,분당선,압구정로데오,525116,50161,586768,48393,20250103
202412,분당선,서울숲,316551,30456,327123,30068,20250103
202412,분당선,수원,208057,36606,195315,33877,20250103
202412,분당선,복정,100,0,0,0,20250103
202412,분당선,수서,426512,80781,444793,84996,20250103
202412,분당선,대모산입구,129168,38888,122602,38186,20250103
202412,분당선,개포동,96106,34893,98906,35629,20250103
202412,분당선,선릉,294833,49474,455413,66991,20250103
202412,분당선,한티,361147,74225,383825,76115,20250103
202412,분당선,도곡,160205,57917,165988,56029,20250103
202412,분당선,구룡,72509,27822,70507,27877,20250103
202412,분당선,매교,124220,28434,121903,28400,20250103
202412,분당선,수원시청,366177,55798,400420,57558,20250103
202412,분당선,매탄권선,135087,26179,130000,25316,20250103
202412,분당선,망포,395710,48080,375796,46624,20250103
202412,분당선,영통,232882,36915,230391,36480,20250103
202412,분당선,청명,111594,24149,107002,23768,20250103
202412,분당선,상갈,119278,34634,112966,34228,20250103
202412,분당선,기흥,262011,50831,242191,50172,20250103
202412,분당선,신갈,107049,33418,103289,33023,20250103
202412,분당선,구성,155546,44559,157144,44360,20250103
202412,분당선,죽전,323742,79911,369009,87808,20250103
202412,분당선,보정,51690,21333,46066,20506,20250103
202412,분당선,이매,122662,42623,118265,42459,20250103
202412,분당선,오리,247558,79211,210474,70307,20250103
202412,분당선,미금,326583,119165,338152,124857,20250103
202412,분당선,정자,453635,76805,476460,76677,20250103
202412,분당선,수내,307276,83551,308126,82142,20250103
202412,분당선,서현,584160,139154,595470,135231,20250103
202412,분당선,야탑,578829,181036,617346,183287,20250103
202412,분당선,모란,429430,180264,428235,196339,20250103
202412,서해선,김포공항,78173,11724,108866,20228,20250103
202412,서해선,부천종합운동장,73258,9643,62216,7981,20250103
202412,서해선,원종,101964,43678,100424,44620,20250103
202412,수인선,인하대,162129,32202,147365,30613,20250103
202412,수인선,송도,48952,23934,43176,22542,20250103
202412,수인선,연수,105369,35250,103445,35619,20250103
202412,수인선,원인재,98143,37995,104244,38313,20250103
202412,수인선,남동인더스파크,49799,7047,57701,7327,20250103
202412,수인선,호구포,84853,23964,88575,23377,20250103
202412,수인선,인천,18767,13881,33646,17720,20250103
202412,수인선,소래포구,97162,48480,90420,47143,20250103
202412,수인선,월곶,65825,19887,57706,19534,20250103
202412,수인선,달월,1517,898,1418,482,20250103
202412,수인선,사리,123421,21219,104407,19085,20250103
202412,수인선,야목,8790,2497,7285,2083,20250103
202412,수인선,어천,34190,7891,31314,8587,20250103
202412,수인선,오목천,106453,18079,88985,17309,20250103
202412,수인선,고색,133612,23171,129004,21759,20250103
202412,수인선,인천논현,120199,39432,128210,39863,20250103
202412,수인선,신포,38539,15881,39263,15888,20250103
202412,수인선,숭의,85930,32319,77195,30638,20250103
202412,신림선,샛강,73860,16106,108111,15803,20250103
202412,신림선,관악산(서울대),57130,31464,56153,31368,20250103
202412,신림선,서울대벤처타운,227034,71166,201180,70966,20250103
202412,신림선,서원,81249,26941,68485,25749,20250103
202412,신림선,신림,48019,21180,58256,23253,20250103
202412,신림선,당곡,105109,43079,100531,42711,20250103
202412,신림선,보라매병원,160899,59786,169561,58342,20250103
202412,신림선,보라매공원,46778,18063,50477,19427,20250103
202412,신림선,보라매,104244,28531,95272,25943,20250103
202412,신림선,서울지방병무청,65131,27766,70702,30154,20250103
202412,신림선,대방,80203,21930,57448,17593,20250103
202412,안산선,상록수,377813,80476,379010,81912,20250103
202412,안산선,반월,95663,34661,91846,34293,20250103
202412,안산선,산본,377948,117522,402113,120039,20250103
202412,안산선,대야미,114407,33511,100387,31224,20250103
202412,안산선,한대앞,241486,48427,240128,50066,20250103
202412,안산선,중앙,499299,77251,524838,76741,20250103
202412,안산선,고잔,225848,42537,216480,40977,20250103
202412,안산선,초지,129811,20776,128403,20869,20250103
202412,안산선,오이도,199521,36640,198148,36059,20250103
202412,안산선,안산,328877,42678,307545,40574,20250103
202412,안산선,신길온천,52666,11048,45855,10565,20250103
202412,안산선,정왕,252661,32701,253959,33809,20250103
202412,안산선,수리산,86134,33074,68259,30361,20250103
202412,우이신설선,북한산우이,54522,38698,47319,40304,20250103
202412,우이신설선,솔밭공원,48580,30942,42537,31543,20250103
202412,우이신설선,4.19민주묘지,64183,39233,62159,35516,20250103
202412,우이신설선,가오리,74371,50435,70714,52114,20250103
202412,우이신설선,화계,59469,49267,53989,49071,20250103
202412,우이신설선,삼양,37168,30560,38267,33551,20250103
202412,우이신설선,삼양사거리,39679,38113,39038,37929,20250103
202412,우이신설선,솔샘,132322,43674,119852,45564,20250103
202412,우이신설선,북한산보국문,144506,48725,130233,47453,20250103
202412,우이신설선,정릉,95889,51534,84023,48630,20250103
202412,우이신설선,성신여대입구(돈암),78379,34478,90163,32986,20250103
202412,우이신설선,보문,34545,17140,34180,17576,20250103
202412,우이신설선,신설동,37889,35186,38210,30873,20250103
202412,일산선,원흥,268567,70502,252201,67708,20250103
202412,일산선,지축,17,1,0,0,20250103
202412,일산선,삼송,481676,105106,456923,105269,20250103
202412,일산선,원당,250727,86311,234816,85382,20250103
202412,일산선,화정,392559,134772,403002,137286,20250103
202412,일산선,대곡,99311,16488,81053,14442,20250103
202412,일산선,백석,226803,83963,231442,84088,20250103
202412,일산선,마두,157293,75400,159375,76443,20250103
202412,일산선,정발산,172409,60857,178979,57656,20250103
202412,일산선,주엽,190049,101255,191112,104373,20250103
202412,일산선,대화,367591,94511,286436,86519,20250103
202412,장항선,봉명,27353,11623,27386,11290,20250103
202412,장항선,쌍용(나사렛대),64855,16487,62166,15890,20250103
202412,장항선,아산,112562,14501,98496,13349,20250103
202412,장항선,탕정,49403,7521,43891,6948,20250103
202412,장항선,배방,31676,7317,31279,7094,20250103
202412,장항선,온양온천,90025,66750,90932,67041,20250103
202412,장항선,신창(순천향대),45146,6390,43722,5791,20250103
202412,중앙선,아신,9032,6027,8874,5962,20250103
202412,중앙선,회기,661075,131936,624658,129985,20250103
202412,중앙선,중랑,108507,50908,102539,50508,20250103
202412,중앙선,상봉,129448,45346,130732,44831,20250103
202412,중앙선,망우,150736,74485,142572,75706,20250103
202412,중앙선,양원,64440,22786,61375,23066,20250103
202412,중앙선,구리,191729,59011,202788,61321,20250103
202412,중앙선,도농,215427,69164,193175,66402,20250103
202412,중앙선,양정,9104,5638,7887,4850,20250103
202412,중앙선,덕소,113121,49366,112911,50176,20250103
202412,중앙선,도심,51402,20088,37729,18092,20250103
202412,중앙선,팔당,14964,7574,15989,7430,20250103
202412,중앙선,운길산,8982,8393,8217,8404,20250103
202412,중앙선,양수,32753,21268,31927,21094,20250103
202412,중앙선,신원,2211,4862,1999,4640,20250103
202412,중앙선,국수,11370,9257,10756,9216,20250103
202412,중앙선,오빈,4181,4221,4063,4248,20250103
202412,중앙선,양평,62030,34031,63046,34523,20250103
202412,중앙선,원덕,4314,5787,4103,5516,20250103
202412,중앙선,용문,28628,30707,28912,30694,20250103
202412,중앙선,지평,531,719,794,705,20250103
202411,1호선,서울역,1506393,233380,1411588,224348,20241203
202411,1호선,시청,704896,120647,708269,117887,20241203
202411,1호선,종각,978768,157055,958724,144655,20241203
202411,1호선,종로3가,508256,295127,461718,269232,20241203
202411,1호선,종로5가,471135,239830,460067,232287,20241203
202411,1호선,동대문,251672,127914,245198,127303,20241203
202411,1호선,신설동,308519,124824,294788,120636,20241203
202411,1호선,제기동,247670,270903,236098,291955,20241203
202411,1호선,청량리(서울시립대입구),415180,285637,405340,286382,20241203
202411,1호선,동묘앞,163322,165250,169832,166396,20241203
202411,2호선,시청,742279,70516,699009,64153,20241203
202411,2호선,을지로입구,1377083,112698,1403268,103111,20241203
202411,2호선,을지로3가,663131,78724,652725,76703,20241203
202411,2호선,을지로4가,344286,76638,343255,76340,20241203
202411,2호선,동대문역사문화공원(DDP),404239,60415,471221,64860,20241203
202411,2호선,신당,365421,94947,385666,96884,20241203
202411,2호선,상왕십리,365812,72844,353255,74625,20241203
202411,2호선,왕십리(성동구청),437185,54812,393543,49318,20241203
202411,2호선,한양대,376232,14835,411441,16238,20241203
202411,2호선,뚝섬,702893,69768,727626,69485,20241203
202411,2호선,성수,1289538,104552,1411380,104990,20241203
202411,2호선,건대입구,1044371,99910,1092227,103288,20241203
202411,2호선,구의(광진구청),648441,113538,624862,114558,20241203
202411,2호선,강변(동서울터미널),760040,123097,710045,119442,20241203
202411,2호선,잠실나루,353300,94449,339103,94007,20241203
202411,2호선,잠실(송파구청),2200836,230996,2184886,219730,20241203
202411,2호선,잠실새내,595894,121232,580421,119132,20241203
202411,2호선,종합운동장,208234,55839,233661,57957,20241203
202411,2호선,삼성(무역센터),1497749,127231,1516018,117360,20241203
202411,2호선,선릉,1390027,247110,1224763,217022,20241203
202411,2호선,역삼,1264147,152214,1444963,155681,20241203
202411,2호선,강남,2144116,164478,2138290,143909,20241203
202411,2호선,교대(법원.검찰청),739878,161142,894300,191463,20241203
202411,2호선,서초,563806,100340,552087,100843,20241203
202411,2호선,방배,441158,84353,457229,82991,20241203
202411,2호선,사당,1053667,228841,1172170,220361,20241203
202411,2호선,낙성대(강감찬),718721,114153,689781,115578,20241203
202411,2호선,서울대입구(관악구청),1226714,184465,1183868,174118,20241203
202411,2호선,봉천,568316,156142,519255,156122,20241203
202411,2호선,신림,1458974,204882,1414594,204720,20241203
202411,2호선,신대방,627978,136797,596181,136631,20241203
202411,2호선,구로디지털단지,1462750,212837,1443892,212506,20241203
202411,2호선,대림(구로구청),597989,140660,609654,144755,20241203
202411,2호선,신도림,1332370,246805,1315668,233933,20241203
202411,2호선,문래,589657,95116,613039,95522,20241203
202411,2호선,영등포구청,553894,109860,573407,108558,20241203
202411,2호선,당산,498090,64037,572214,68635,20241203
202411,2호선,합정,919598,72399,1010712,74330,20241203
202411,2호선,홍대입구,2133723,104290,2325691,102464,20241203
202411,2호선,신촌,1067272,130506,1096483,128587,20241203
202411,2호선,이대,486806,52748,541299,56604,20241203
202411,2호선,아현,269893,67732,248993,66597,20241203
202411,2호선,충정로(경기대입구),255034,48180,273907,48751,20241203
202411,2호선,용답,74963,18510,74635,18582,20241203
202411,2호선,신답,38567,9790,43259,10494,20241203
202411,2호선,신설동,83281,34778,78052,36387,20241203
202411,2호선,도림천,29368,8807,31188,9930,20241203
202411,2호선,양천구청,151266,57044,160460,57569,20241203
202411,2호선,신정네거리,228741,77110,236132,78875,20241203
202411,2호선,용두(동대문구청),51663,25312,50975,26872,20241203
202411,3호선,지축,189435,40574,189119,39182,20241203
202411,3호선,구파발,533373,142782,513309,134663,20241203
202411,3호선,연신내,761833,264029,726513,256402,20241203
202411,3호선,불광,362224,149035,384464,166068,20241203
202411,3호선,녹번,379367,84491,341360,83195,20241203
202411,3호선,홍제,403676,149064,379781,146280,20241203
202411,3호선,무악재,98452,34464,94195,36876,20241203
202411,3호선,독립문,169485,78305,179395,79056,20241203
202411,3호선,경복궁(정부서울청사),778051,109127,796444,110595,20241203
202411,3호선,안국,776981,120309,804216,126693,20241203
202411,3호선,종로3가,276120,69239,311018,76665,20241203
202411,3호선,을지로3가,304487,50992,303795,48180,20241203
202411,3호선,충무로,315,5,0,0,20241203
202411,3호선,동대입구,334650,48204,376042,53546,20241203
202411,3호선,약수,303821,86343,300073,80671,20241203
202411,3호선,금호,188083,56505,173767,55367,20241203
202411,3호선,옥수,211629,64311,217580,64361,20241203
202411,3호선,압구정,785204,148217,847908,147142,20241203
202411,3호선,신사,748723,73905,792447,71957,20241203
202411,3호선,잠원,124857,34969,117303,33336,20241203
202411,3호선,고속터미널,1337338,228787,1300300,216680,20241203
202411,3호선,교대(법원.검찰청),405811,94010,235114,53392,20241203
202411,3호선,남부터미널(예술의전당),786804,137989,801153,139494,20241203
202411,3호선,양재(서초구청),940415,160949,1009024,161024,20241203
202411,3호선,매봉,293482,78734,283459,73479,20241203
202411,3호선,도곡,150875,32514,152531,31051,20241203
202411,3호선,대치,299965,75693,294614,73405,20241203
202411,3호선,학여울,60244,20457,62280,19727,20241203
202411,3호선,대청,260908,66375,241459,64006,20241203
202411,3호선,일원,253324,73550,242629,73830,20241203
202411,3호선,수서,463639,132835,459934,128459,20241203
202411,3호선,가락시장,195442,86066,192142,83641,20241203
202411,3호선,경찰병원,170996,46791,168713,48627,20241203
202411,3호선,오금,163787,35660,146474,33919,20241203
202411,4호선,당고개,212826,79909,175580,78428,20241203
202411,4호선,상계,456898,137730,422109,134125,20241203
202411,4호선,노원,528978,116852,612500,115418,20241203
202411,4호선,창동,581190,242482,616892,251251,20241203
202411,4호선,쌍문,700917,188921,637880,184736,20241203
202411,4호선,수유(강북구청),838086,201208,833876,202374,20241203
202411,4호선,미아(서울사이버대학),358169,124328,337781,125572,20241203
202411,4호선,미아사거리,613992,193826,598198,193768,20241203
202411,4호선,길음,537587,129167,536889,128837,20241203
202411,4호선,성신여대입구(돈암),605948,95510,577815,94668,20241203
202411,4호선,한성대입구(삼선교),375034,79862,361868,78013,20241203
202411,4호선,혜화,1033760,139119,1044327,137816,20241203
202411,4호선,동대문,438256,151935,456134,148437,20241203
202411,4호선,동대문역사문화공원(DDP),541044,67443,470443,60128,20241203
202411,4호선,충무로,820095,126497,840404,129432,20241203
202411,4호선,명동,1064558,88475,1139878,90729,20241203
202411,4호선,회현(남대문시장),641082,209154,678808,207006,20241203
202411,4호선,서울역,356507,44962,675043,64249,20241203
202411,4호선,숙대입구(갈월),427287,58359,417182,54159,20241203
202411,4호선,삼각지,177370,26304,210305,28133,20241203
202411,4호선,신용산,564407,61529,611860,62663,20241203
202411,4호선,이촌(국립중앙박물관),213043,54111,235183,56842,20241203
202411,4호선,동작(현충원),33226,14494,35726,14626,20241203
202411,4호선,총신대입구(이수),418729,168483,459947,176095,20241203
202411,4호선,사당,707284,107076,628738,112988,20241203
202411,4호선,남태령,35247,9234,28537,8589,20241203
202411,5호선,마포,367981,69696,373634,69031,20241203
202411,5호선,하남검단산,146755,59589,139841,58126,20241203
202411,5호선,하남시청(덕풍?신장),176300,84733,162145,85378,20241203
202411,5호선,하남풍산,101630,37699,101431,37410,20241203
202411,5호선,미사,448820,98773,456622,97682,20241203
202411,5호선,강일,137568,49336,123984,46800,20241203
202411,5호선,마천,164962,61170,143120,62539,20241203
202411,5호선,거여,234119,73460,224200,70816,20241203
202411,5호선,개롱,147400,56219,151642,57395,20241203
202411,5호선,오금,88442,23893,89869,22802,20241203
202411,5호선,방이,173718,55087,177079,55219,20241203
202411,5호선,올림픽공원(한국체대),133515,42615,121080,37833,20241203
202411,5호선,둔촌동,200874,75939,199905,76621,20241203
202411,5호선,상일동,340361,101000,318835,99617,20241203
202411,5호선,고덕,234767,81687,225286,80002,20241203
202411,5호선,명일,180477,73528,179393,74424,20241203
202411,5호선,굽은다리(강동구민회관앞),211918,86691,203416,81770,20241203
202411,5호선,길동,173468,86707,177261,88799,20241203
202411,5호선,강동,443631,119114,430803,117204,20241203
202411,5호선,천호(풍납토성),444390,157051,433275,157167,20241203
202411,5호선,광나루(장신대),295061,72539,281243,71025,20241203
202411,5호선,아차산(어린이대공원후문),354761,112017,344382,108995,20241203
202411,5호선,군자(능동),317319,45180,348539,48253,20241203
202411,5호선,장한평,475945,105651,464609,107462,20241203
202411,5호선,답십리,394272,88852,350555,84997,20241203
202411,5호선,마장,135760,45663,126340,44488,20241203
202411,5호선,왕십리(성동구청),113780,27027,136561,27174,20241203
202411,5호선,행당,189225,54734,166146,49818,20241203
202411,5호선,신금호,152887,41316,158886,46802,20241203
202411,5호선,청구,91233,24401,87442,20971,20241203
202411,5호선,동대문역사문화공원(DDP),81700,9063,92884,10165,20241203
202411,5호선,을지로4가,146569,43002,148112,42596,20241203
202411,5호선,종로3가,389474,96639,393063,98162,20241203
202411,5호선,광화문(세종문화회관),903746,108294,961412,106714,20241203
202411,5호선,서대문,512106,77241,520331,73333,20241203
202411,5호선,충정로(경기대입구),123744,17287,126728,17558,20241203
202411,5호선,애오개,153280,41073,149996,39399,20241203
202411,5호선,공덕,376508,54301,397834,51397,20241203
202411,5호선,여의나루,370192,34014,437150,33036,20241203
202411,5호선,여의도,790339,60130,824989,56598,20241203
202411,5호선,신길,138379,13852,142063,14588,20241203
202411,5호선,영등포시장,276025,82255,279439,84736,20241203
202411,5호선,영등포구청,118238,21517,116739,21626,20241203
202411,5호선,양평,196611,32903,188840,31854,20241203
202411,5호선,오목교(목동운동장앞),531747,95064,567568,94118,20241203
202411,5호선,목동,404661,89831,435914,91622,20241203
202411,5호선,신정(은행정),328183,68290,265040,66321,20241203
202411,5호선,까치산,661112,166082,628125,167685,20241203
202411,5호선,화곡,687003,159135,635334,152381,20241203
202411,5호선,우장산,339325,106189,332733,110066,20241203
202411,5호선,발산,563747,117391,588356,113631,20241203
202411,5호선,마곡,287944,50036,293151,48775,20241203
202411,5호선,송정,140670,53526,131400,50967,20241203
202411,5호선,김포공항,325032,53789,201182,43744,20241203
202411,5호선,개화산,138716,44512,131638,42499,20241203
202411,5호선,방화,149340,58371,141329,57554,20241203
202411,6호선,태릉입구,144140,36100,162763,36740,20241203
202411,6호선,화랑대(서울여대입구),314371,55181,247810,50114,20241203
202411,6호선,응암,404669,131850,398187,130473,20241203
202411,6호선,역촌,76429,35226,97720,34888,20241203
202411,6호선,불광,100885,45496,101530,37926,20241203
202411,6호선,독바위,60857,21916,60192,26758,20241203
202411,6호선,봉화산(서울의료원),206635,54967,190891,53728,20241203
202411,6호선,연신내,108,5,0,0,20241203
202411,6호선,구산,192643,58238,126007,59860,20241203
202411,6호선,새절(신사),290330,94473,265434,94508,20241203
202411,6호선,증산(명지대앞),214530,75577,212532,76436,20241203
202411,6호선,디지털미디어시티,376936,65311,407886,65883,20241203
202411,6호선,월드컵경기장(성산),146036,72002,179194,71899,20241203
202411,6호선,마포구청,361458,89386,322835,81088,20241203
202411,6호선,망원,395333,89941,423098,93984,20241203
202411,6호선,합정,383890,45486,378299,41540,20241203
202411,6호선,상수,303959,22659,345516,22751,20241203
202411,6호선,광흥창(서강),222214,59912,209959,58716,20241203
202411,6호선,대흥(서강대앞),240742,51167,254676,50415,20241203
202411,6호선,공덕,483118,86034,475370,81245,20241203
202411,6호선,효창공원앞,193537,40984,177658,37862,20241203
202411,6호선,삼각지,227958,22522,199125,18914,20241203
202411,6호선,녹사평(용산구청),145675,19518,152698,19474,20241203
202411,6호선,이태원,334250,31919,370455,32105,20241203
202411,6호선,한강진,294071,17716,351148,17970,20241203
202411,6호선,버티고개,52418,14987,50259,17106,20241203
202411,6호선,약수,91659,21837,90118,21791,20241203
202411,6호선,청구,94740,20680,90189,22098,20241203
202411,6호선,신당,228102,41129,232563,40019,20241203
202411,6호선,동묘앞,207441,74456,214279,69541,20241203
202411,6호선,창신,88654,20942,72247,19734,20241203
202411,6호선,보문,213665,34646,198817,32655,20241203
202411,6호선,안암(고대병원앞),379303,39591,376017,38691,20241203
202411,6호선,고려대(종암),251947,38102,239546,37636,20241203
202411,6호선,월곡(동덕여대),286653,74045,278089,73537,20241203
202411,6호선,신내,8,0,0,0,20241203
202411,6호선,상월곡(한국과학기술연구원),152450,44588,135046,42588,20241203
202411,6호선,돌곶이,247096,64225,220765,63276,20241203
202411,6호선,석계,295158,85066,304485,84992,20241203
202411,7호선,광명사거리,450832,161695,436317,167890,20241203
202411,7호선,천왕,275452,65305,262487,66237,20241203
202411,7호선,온수(성공회대입구),254935,46053,236069,43459,20241203
202411,7호선,까치울,1,1,0,0,20241203
202411,7호선,용마산(용마폭포공원),136167,37027,131321,40370,20241203
202411,7호선,가산디지털단지,1088968,99910,1089418,94177,20241203
202411,7호선,남구로,358814,65196,377799,66282,20241203
202411,7호선,대림(구로구청),233720,49243,236353,48614,20241203
202411,7호선,신풍,268142,79103,246424,77356,20241203
202411,7호선,보라매,171042,33023,177513,33678,20241203
202411,7호선,신대방삼거리,347410,96788,324294,99435,20241203
202411,7호선,장승배기,207092,71467,198118,72617,20241203
202411,7호선,상도,315819,69258,309743,66400,20241203
202411,7호선,숭실대입구(살피재),385311,69602,379908,71140,20241203
202411,7호선,남성,263739,80887,246266,81410,20241203
202411,7호선,이수,411712,86905,398390,81718,20241203
202411,7호선,내방,351827,79375,353302,76040,20241203
202411,7호선,고속터미널,483326,87813,375187,76511,20241203
202411,7호선,반포,156117,40976,148037,38692,20241203
202411,7호선,논현,488584,47069,512332,46357,20241203
202411,7호선,학동,597013,70065,625347,66182,20241203
202411,7호선,강남구청,415514,57509,468156,58989,20241203
202411,7호선,청담,459922,83577,506724,80516,20241203
202411,7호선,자양(뚝섬한강공원),223918,50220,216938,49918,20241203
202411,7호선,건대입구,363985,66773,381881,61018,20241203
202411,7호선,어린이대공원(세종대),484600,48242,491065,48261,20241203
202411,7호선,군자(능동),359735,89288,277957,76799,20241203
202411,7호선,중곡,259390,69977,239294,70916,20241203
202411,7호선,철산,524830,115359,536825,114576,20241203
202411,7호선,사가정,376856,111142,386053,113829,20241203
202411,7호선,면목,351353,102120,319168,103338,20241203
202411,7호선,상봉,448513,82472,436470,78326,20241203
202411,7호선,중화,249385,68867,242948,68997,20241203
202411,7호선,먹골,229410,70722,225754,72472,20241203
202411,7호선,태릉입구,218602,48682,206221,45570,20241203
202411,7호선,공릉(서울과학기술대),306157,80593,296619,81102,20241203
202411,7호선,하계,437467,123249,407787,118611,20241203
202411,7호선,장암,69511,14619,29604,11164,20241203
202411,7호선,도봉산,227076,56680,256246,79952,20241203
202411,7호선,수락산,273603,110276,264386,111643,20241203
202411,7호선,마들,303051,103530,282204,101817,20241203
202411,7호선,노원,461837,140095,492908,139569,20241203
202411,7호선,중계,342935,103688,312776,100776,20241203
202411,8호선,암사역사공원,143639,33195,125428,32289,20241203
202411,8호선,암사,383054,115700,345146,114244,20241203
202411,8호선,천호(풍납토성),409878,108434,478149,106722,20241203
202411,8호선,강동구청,243939,74333,250072,75525,20241203
202411,8호선,몽촌토성(평화의문),197511,42238,198735,41478,20241203
202411,8호선,잠실(송파구청),479202,91142,569718,89688,20241203
202411,8호선,석촌,201923,60933,242620,63810,20241203
202411,8호선,송파,218804,73002,214356,72241,20241203
202411,8호선,가락시장,187486,72447,212540,74201,20241203
202411,8호선,문정,569273,70400,594827,70456,20241203
202411,8호선,장지,434379,94814,395383,88975,20241203
202411,8호선,복정,258592,48165,217625,43868,20241203
202411,8호선,산성,156039,38412,155226,41571,20241203
202411,8호선,남한산성입구(성남법원.검찰청),342208,82207,308473,77802,20241203
202411,8호선,단대오거리,291517,79661,271448,77171,20241203
202411,8호선,신흥,114516,43002,117589,44145,20241203
202411,8호선,수진,123954,47746,111693,46854,20241203
202411,8호선,모란,100532,62329,80699,48706,20241203
202411,8호선,남위례,191069,40078,192286,38788,20241203
202411,9호선,개화,69521,13991,46694,11621,20241203
202411,9호선,신논현,873846,58867,891120,57853,20241203
202411,9호선,사평,95791,26987,90856,26670,20241203
202411,9호선,고속터미널,412872,75790,583087,91684,20241203
202411,9호선,신반포,103189,32284,98805,32347,20241203
202411,9호선,구반포,30848,9502,29715,9158,20241203
202411,9호선,동작(현충원),44330,15264,37832,13559,20241203
202411,9호선,흑석(중앙대입구),240450,62643,243744,62832,20241203
202411,9호선,노들,115115,35899,92206,33114,20241203
202411,9호선,노량진,726482,94653,720524,94289,20241203
202411,9호선,샛강,163383,31851,158787,31885,20241203
202411,9호선,여의도,840753,58014,802414,53860,20241203
202411,9호선,국회의사당,426920,67514,441013,61226,20241203
202411,9호선,당산,495267,76095,487007,70662,20241203
202411,9호선,선유도,220318,35039,202524,33950,20241203
202411,9호선,신목동,107956,28299,94089,26555,20241203
202411,9호선,염창,449972,83864,430466,81963,20241203
202411,9호선,등촌,274044,91732,257488,92882,20241203
202411,9호선,증미,190157,40642,181263,40469,20241203
202411,9호선,가양,527212,148859,516945,146350,20241203
202411,9호선,양천향교,250779,49920,254163,50116,20241203
202411,9호선,마곡나루(서울식물원),376836,41500,370613,40091,20241203
202411,9호선,신방화,161456,50494,154713,50428,20241203
202411,9호선,공항시장,67266,25846,71234,28050,20241203
202411,9호선,김포공항,177209,19399,302313,28347,20241203
202411,9호선2~3단계,삼성중앙,196205,32404,202563,31837,20241203
202411,9호선2~3단계,선정릉,264099,31494,289124,32630,20241203
202411,9호선2~3단계,언주,307102,33729,312663,33437,20241203
202411,9호선2~3단계,중앙보훈병원,266807,87179,228557,84722,20241203
202411,9호선2~3단계,둔촌오륜,30497,8564,28960,9256,20241203
202411,9호선2~3단계,올림픽공원(한국체대),254478,32503,266610,32794,20241203
202411,9호선2~3단계,한성백제,82968,20661,70046,18008,20241203
202411,9호선2~3단계,송파나루,139039,31823,145989,33847,20241203
202411,9호선2~3단계,석촌,246323,46215,220441,40919,20241203
202411,9호선2~3단계,석촌고분,171450,45661,164349,45907,20241203
202411,9호선2~3단계,삼전,199111,46239,185107,44787,20241203
202411,9호선2~3단계,종합운동장,127250,23880,126415,21826,20241203
202411,9호선2~3단계,봉은사,591863,58372,628164,55363,20241203
202411,경강선,삼동,63193,15443,55888,15410,20241203
202411,경강선,이매,27026,6948,22418,6571,20241203
202411,경강선,판교,154381,21034,148148,17805,20241203
202411,경강선,성남,27403,6689,23150,6854,20241203
202411,경강선,여주,76911,22483,76095,22729,20241203
202411,경강선,세종대왕릉,6661,4332,6793,4503,20241203
202411,경강선,부발,66265,11433,63822,11666,20241203
202411,경강선,이천,79385,15473,84286,16867,20241203
202411,경강선,신둔도예촌,39314,9332,35818,8985,20241203
202411,경강선,곤지암,63902,16662,61941,17064,20241203
202411,경강선,초월,96941,18280,88459,17661,20241203
202411,경강선,경기광주,205531,37345,195014,37491,20241203
202411,경부선,세마,88496,17432,82226,16515,20241203
202411,경부선,오산대,103391,21441,94475,20304,20241203
202411,경부선,오산,287351,53890,285568,54102,20241203
202411,경부선,진위,43626,10167,37999,9628,20241203
202411,경부선,송탄,125408,23619,121624,22939,20241203
202411,경부선,서정리,235110,37664,217413,36673,20241203
202411,경부선,평택지제,124041,15165,118455,14956,20241203
202411,경부선,평택,371890,73900,370095,73045,20241203
202411,경부선,성환,153726,22048,146637,21881,20241203
202411,경부선,직산,27302,5956,26804,5594,20241203
202411,경부선,두정,226374,30612,242943,31182,20241203
202411,경부선,천안,185926,59825,170366,59364,20241203
202411,경부선,당정,163101,34863,153438,32939,20241203
202411,경부선,서동탄,37881,7900,32160,7444,20241203
202411,경부선,광명,114202,13244,94277,12608,20241203
202411,경부선,명학,222294,46487,218017,45170,20241203
202411,경부선,안양,604987,129271,598533,133476,20241203
202411,경부선,관악,165133,58687,157722,56810,20241203
202411,경부선,석수,208652,52295,190114,49564,20241203
202411,경부선,금천구청,246070,84422,247974,85572,20241203
202411,경부선,가산디지털단지,475146,43329,541176,47153,20241203
202411,경부선,구로,428934,112751,448383,109107,20241203
202411,경부선,신길,217061,49364,183529,45710,20241203
202411,경부선,신도림,96836,27552,101925,33004,20241203
202411,경부선,영등포,982488,290510,1006371,290669,20241203
202411,경부선,대방,251225,60273,284486,63418,20241203
202411,경부선,노량진,250295,51252,261822,49046,20241203
202411,경부선,용산,1218798,153650,1235600,153870,20241203
202411,경부선,남영,256790,40297,274676,41422,20241203
202411,경부선,서울역,302240,20465,108799,5312,20241203
202411,경부선,금정,711873,141524,724224,142914,20241203
202411,경부선,군포,170025,39786,165725,38829,20241203
202411,경부선,의왕,231273,46323,228241,45870,20241203
202411,경부선,성균관대,428780,65179,417910,65216,20241203
202411,경부선,화서,314206,53366,302765,51684,20241203
202411,경부선,수원,1096534,172725,1162213,175397,20241203
202411,경부선,독산,422253,71999,427935,73974,20241203
202411,경부선,세류,91487,18670,83988,18175,20241203
202411,경부선,병점,428176,75758,426257,75170,20241203
202411,경원선,동두천,43298,19309,42940,20107,20241203
202411,경원선,연천,14330,20774,13555,21594,20241203
202411,경원선,전곡,24635,14232,22477,12594,20241203
202411,경원선,청산,2550,2296,2028,2028,20241203
202411,경원선,소요산,18632,59504,19132,58973,20241203
202411,경원선,보산,37903,14827,34949,14204,20241203
202411,경원선,동두천중앙,55685,37231,53672,36903,20241203
202411,경원선,지행,156484,48976,159017,49147,20241203
202411,경원선,덕정,164475,39776,154185,40034,20241203
202411,경원선,덕계,150564,39708,137440,38469,20241203
202411,경원선,양주,174099,61946,163307,59653,20241203
202411,경원선,녹양,91066,40419,86568,38517,20241203
202411,경원선,가능,139123,60784,131626,59998,20241203
202411,경원선,의정부,465627,127134,480190,128440,20241203
202411,경원선,회룡,233039,163320,229309,161310,20241203
202411,경원선,망월사,191034,77791,190821,79271,20241203
202411,경원선,도봉산,138601,120363,78440,94661,20241203
202411,경원선,도봉,103454,75825,95738,74277,20241203
202411,경원선,방학,187006,116687,179093,114251,20241203
202411,경원선,창동,126,4,0,0,20241203
202411,경원선,녹천,93730,40235,76203,36270,20241203
202411,경원선,월계,157946,66885,141357,63739,20241203
202411,경원선,광운대,217090,61399,209342,59697,20241203
202411,경원선,석계,165923,64901,189184,69277,20241203
202411,경원선,신이문,180920,71591,164070,69820,20241203
202411,경원선,외대앞,282759,50112,273705,49784,20241203
202411,경원선,청량리(서울시립대입구),403132,159932,412238,168740,20241203
202411,경원선,왕십리(성동구청),445175,82948,441597,84240,20241203
202411,경원선,응봉,38326,17803,31254,16002,20241203
202411,경원선,옥수,1915,210,1283,117,20241203
202411,경원선,한남,78982,26939,78210,25396,20241203
202411,경원선,서빙고,59770,20441,60100,19920,20241203
202411,경원선,이촌(국립중앙박물관),90277,33636,67929,27920,20241203
202411,경의선,풍산,146865,45352,137377,44107,20241203
202411,경의선,신촌,23944,3779,30481,4723,20241203
202411,경의선,효창공원앞,81746,17512,90054,19498,20241203
202411,경의선,서강대,60094,12524,59376,11472,20241203
202411,경의선,가좌,132001,48686,125908,48657,20241203
202411,경의선,수색,76804,19584,79000,19973,20241203
202411,경의선,한국항공대,81271,9445,75150,9327,20241203
202411,경의선,강매,76884,20506,64547,19133,20241203
202411,경의선,행신,205657,42909,204370,44029,20241203
202411,경의선,능곡,110117,36013,101457,35522,20241203
202411,경의선,곡산,13061,6339,13580,6385,20241203
202411,경의선,백마,180739,42788,175671,42590,20241203
202411,경의선,일산,256243,78454,249315,78982,20241203
202411,경의선,탄현,191863,46594,182591,45852,20241203
202411,경의선,야당,225254,45495,231566,44774,20241203
202411,경의선,운정,198866,47117,183903,46020,20241203
202411,경의선,금릉,135131,33167,127327,32253,20241203
202411,경의선,금촌,156748,51867,149567,52332,20241203
202411,경의선,월롱,55111,9731,47711,10045,20241203
202411,경의선,파주,35710,7830,27722,6977,20241203
202411,경의선,문산,126128,52212,123281,52316,20241203
202411,경의선,임진강,550,410,432,401,20241203
202411,경의선,운천,41,140,20,109,20241203
202411,경의선,서울역,108100,19606,133422,22739,20241203
202411,경의선,공덕,108934,17230,86947,16443,20241203
202411,경의선,홍대입구,65305,5930,78410,6810,20241203
202411,경의선,디지털미디어시티,73038,13873,67127,14908,20241203
202411,경의선,계양,4,0,0,0,20241203
202411,경의선,검암,2,0,0,0,20241203
202411,경인선,도화,83515,42357,74482,40602,20241203
202411,경인선,개봉,476836,175568,464271,181250,20241203
202411,경인선,오류동,247827,97996,228508,94977,20241203
202411,경인선,간석,122973,49789,116076,48144,20241203
202411,경인선,역곡,632973,164652,623616,169320,20241203
202411,경인선,부천,722813,242991,724344,247296,20241203
202411,경인선,송내,639912,145866,630723,144498,20241203
202411,경인선,부평,715603,159572,764437,163290,20241203
202411,경인선,백운,158199,65169,151206,64788,20241203
202411,경인선,동암,353843,114789,355333,116027,20241203
202411,경인선,주안,472884,99086,425578,88638,20241203
202411,경인선,제물포,256305,71645,243255,71445,20241203
202411,경인선,동인천,294183,121659,271247,119033,20241203
202411,경인선,인천,88143,40468,67729,36764,20241203
202411,경인선,구일,191904,49238,203065,48305,20241203
202411,경인선,소사,174310,64377,166564,63300,20241203
202411,경인선,부개,186683,74564,171050,72070,20241203
202411,경인선,도원,70733,31164,70070,31803,20241203
202411,경인선,온수(성공회대입구),142073,55236,131963,53467,20241203
202411,경인선,중동,196236,81069,178745,79252,20241203
202411,경춘선,남춘천,73623,29201,73805,31189,20241203
202411,경춘선,춘천,43166,19010,37777,15248,20241203
202411,경춘선,김유정,9324,5069,10347,5365,20241203
202411,경춘선,강촌,12744,5811,12350,5822,20241203
202411,경춘선,백양리,1381,1192,1413,1251,20241203
202411,경춘선,굴봉산,1604,2007,1674,1989,20241203
202411,경춘선,가평,59956,21844,58961,21573,20241203
202411,경춘선,상천,4638,5801,4185,5620,20241203
202411,경춘선,청평,37460,21136,36780,20902,20241203
202411,경춘선,대성리,15994,6782,17938,6424,20241203
202411,경춘선,마석,86702,39146,83734,38873,20241203
202411,경춘선,천마산,29130,19651,25810,19404,20241203
202411,경춘선,평내호평,144643,53461,139669,51858,20241203
202411,경춘선,금곡,28706,18102,27716,17894,20241203
202411,경춘선,사릉,48379,17645,46262,17691,20241203
202411,경춘선,퇴계원,73098,33504,65789,31834,20241203
202411,경춘선,별내,58362,23274,52014,20526,20241203
202411,경춘선,갈매,60620,22538,52066,21013,20241203
202411,경춘선,신내,63417,21625,57518,21140,20241203
202411,공항철도 1호선,서울역,422940,40520,376441,37058,20241203
202411,공항철도 1호선,디지털미디어시티,379963,33157,355581,30830,20241203
202411,공항철도 1호선,마곡나루(서울식물원),291770,17327,281393,17452,20241203
202411,공항철도 1호선,김포공항,261718,25059,153808,15842,20241203
202411,공항철도 1호선,계양,358160,41480,337803,39854,20241203
202411,공항철도 1호선,검암,173092,18131,177297,18800,20241203
202411,공항철도 1호선,청라국제도시,210105,17110,199202,16744,20241203
202411,공항철도 1호선,운서,261443,32433,275510,32399,20241203
202411,공항철도 1호선,공항화물청사,47836,10053,58676,10049,20241203
202411,공항철도 1호선,인천공항1터미널,418399,40944,410848,37037,20241203
202411,공항철도 1호선,인천공항2터미널,212031,20931,182056,17725,20241203
202411,공항철도 1호선,영종,105672,23895,106650,23843,20241203
202411,공항철도 1호선,공덕,80540,9567,108141,11653,20241203
202411,공항철도 1호선,홍대입구,453201,21737,433670,19578,20241203
202411,과천선,대공원,106815,52695,107917,54383,20241203
202411,과천선,과천,153737,53349,137803,50513,20241203
202411,과천선,정부과천청사,312394,65339,327353,64857,20241203
202411,과천선,인덕원,644397,136839,650642,140947,20241203
202411,과천선,평촌,453951,73773,436491,73901,20241203
202411,과천선,범계,727099,133037,728357,129957,20241203
202411,과천선,선바위,191404,37210,161859,35713,20241203
202411,과천선,경마공원,99270,84929,99444,83980,20241203
202411,분당선,오리,263782,81606,224277,72341,20241203
202411,분당선,이매,131657,42927,125913,42551,20241203
202411,분당선,보정,56594,22252,49356,20932,20241203
202411,분당선,죽전,347816,80493,383825,84872,20241203
202411,분당선,서울숲,369001,38554,382370,37373,20241203
202411,분당선,수원,210157,34567,186686,32273,20241203
202411,분당선,복정,151,4,0,0,20241203
202411,분당선,수서,443810,83261,463598,88026,20241203
202411,분당선,대모산입구,136602,39823,128988,39144,20241203
202411,분당선,개포동,100155,34241,101041,34618,20241203
202411,분당선,구룡,78660,28919,76111,28745,20241203
202411,분당선,도곡,167254,57596,171692,55095,20241203
202411,분당선,한티,391606,75633,422523,77499,20241203
202411,분당선,선릉,304923,50404,473438,67532,20241203
202411,분당선,매교,134840,28773,134401,29556,20241203
202411,분당선,수원시청,384588,55628,415635,56622,20241203
202411,분당선,매탄권선,145234,26540,139712,25584,20241203
202411,분당선,망포,418347,48007,398569,46114,20241203
202411,분당선,영통,249287,36981,246997,36559,20241203
202411,분당선,기흥,285909,50297,262234,49254,20241203
202411,분당선,상갈,130038,34852,124045,34327,20241203
202411,분당선,구성,166939,45346,169896,45280,20241203
202411,분당선,청명,122444,24775,116951,24620,20241203
202411,분당선,신갈,111716,33794,108874,33501,20241203
202411,분당선,압구정로데오,528134,50840,591371,48834,20241203
202411,분당선,강남구청,231125,43627,273018,47407,20241203
202411,분당선,선정릉,175570,34072,183385,33654,20241203
202411,분당선,가천대,311708,30162,314022,30684,20241203
202411,분당선,태평,300762,98289,276846,102218,20241203
202411,분당선,모란,438815,183412,443535,200786,20241203
202411,분당선,야탑,594601,176536,635294,178425,20241203
202411,분당선,서현,582978,137141,598783,133612,20241203
202411,분당선,수내,316551,82691,317652,81183,20241203
202411,분당선,정자,466730,75899,489188,75849,20241203
202411,분당선,미금,333602,119880,347538,125855,20241203
202411,서해선,김포공항,77784,11370,105708,18906,20241203
202411,서해선,원종,105830,43423,103442,44293,20241203
202411,서해선,부천종합운동장,72531,9315,61486,7712,20241203
202411,수인선,고색,145837,23190,141525,21464,20241203
202411,수인선,호구포,93041,24742,95436,24527,20241203
202411,수인선,인천논현,128129,40620,137549,40933,20241203
202411,수인선,남동인더스파크,56792,7906,63275,7987,20241203
202411,수인선,인천,20568,14166,37589,18978,20241203
202411,수인선,신포,42270,15594,42352,15719,20241203
202411,수인선,숭의,93146,33328,85446,31704,20241203
202411,수인선,인하대,195834,33456,181982,31810,20241203
202411,수인선,송도,52031,24344,46503,23561,20241203
202411,수인선,연수,114177,36387,111415,35885,20241203
202411,수인선,원인재,101437,38107,106296,38390,20241203
202411,수인선,소래포구,107661,64750,101642,63160,20241203
202411,수인선,월곶,71767,20330,63871,19977,20241203
202411,수인선,달월,1808,1126,1525,588,20241203
202411,수인선,사리,134768,22589,117454,20840,20241203
202411,수인선,야목,9259,2843,7973,2378,20241203
202411,수인선,어천,38041,8690,34644,9425,20241203
202411,수인선,오목천,127308,19037,104903,18261,20241203
202411,신림선,샛강,67809,16059,83328,14968,20241203
202411,신림선,관악산(서울대),69101,39253,70155,39664,20241203
202411,신림선,서울대벤처타운,225394,70666,196883,70394,20241203
202411,신림선,서원,80100,27094,66090,25624,20241203
202411,신림선,신림,45174,20220,55664,22426,20241203
202411,신림선,당곡,103199,41577,99128,41736,20241203
202411,신림선,보라매병원,159475,58327,168384,57263,20241203
202411,신림선,보라매공원,49236,18859,53467,20060,20241203
202411,신림선,보라매,103596,26744,92517,24139,20241203
202411,신림선,서울지방병무청,66512,26580,71691,29027,20241203
202411,신림선,대방,74074,20909,53810,16979,20241203
202411,안산선,정왕,286378,32947,286497,34310,20241203
202411,안산선,산본,388259,114659,411474,116308,20241203
202411,안산선,대야미,118934,35342,105105,33088,20241203
202411,안산선,반월,99362,34927,94941,34653,20241203
202411,안산선,상록수,398868,78507,401919,79791,20241203
202411,안산선,한대앞,262626,48961,261697,50464,20241203
202411,안산선,중앙,512313,76974,539528,75544,20241203
202411,안산선,고잔,239724,43575,231795,42218,20241203
202411,안산선,초지,140327,21522,139700,22086,20241203
202411,안산선,안산,343485,43598,322665,41503,20241203
202411,안산선,신길온천,56279,11659,49592,11183,20241203
202411,안산선,수리산,92013,34016,73688,31344,20241203
202411,안산선,오이도,210943,38408,210340,38248,20241203
202411,우이신설선,북한산보국문,152037,48595,137681,47722,20241203
202411,우이신설선,북한산우이,70470,41075,62415,42707,20241203
202411,우이신설선,솔밭공원,49660,31727,44234,32727,20241203
202411,우이신설선,4.19민주묘지,76986,40305,75827,35941,20241203
202411,우이신설선,가오리,75634,51667,72391,53039,20241203
202411,우이신설선,화계,61325,49709,55800,49928,20241203
202411,우이신설선,삼양,37153,31211,38154,33973,20241203
202411,우이신설선,삼양사거리,39708,39885,39423,39593,20241203
202411,우이신설선,솔샘,133344,43808,121237,45624,20241203
202411,우이신설선,정릉,99139,51058,86127,48058,20241203
202411,우이신설선,성신여대입구(돈암),79094,34082,90530,31824,20241203
202411,우이신설선,보문,34885,17175,34708,17306,20241203
202411,우이신설선,신설동,39464,35063,39707,31102,20241203
202411,일산선,지축,75,1,0,0,20241203
202411,일산선,마두,160329,75505,161857,76664,20241203
202411,일산선,백석,221743,82370,227166,82151,20241203
202411,일산선,대곡,82178,15579,60152,13303,20241203
202411,일산선,화정,387343,132049,398580,134319,20241203
202411,일산선,원당,254322,87956,238219,87171,20241203
202411,일산선,삼송,477040,103497,452680,104163,20241203
202411,일산선,원흥,272595,70957,258263,67766,20241203
202411,일산선,대화,356659,92664,277835,85421,20241203
202411,일산선,주엽,192036,100645,194173,103165,20241203
202411,일산선,정발산,162759,60818,168906,57510,20241203
202411,장항선,신창(순천향대),69458,7105,65414,6597,20241203
202411,장항선,온양온천,99985,63945,101741,64635,20241203
202411,장항선,배방,33998,7732,33472,7415,20241203
202411,장항선,탕정,52195,7746,46368,7158,20241203
202411,장항선,아산,130296,15818,114193,14622,20241203
202411,장항선,쌍용(나사렛대),72277,17175,69645,16485,20241203
202411,장항선,봉명,29379,11622,29404,11250,20241203
202411,중앙선,상봉,136587,46253,136013,44857,20241203
202411,중앙선,중랑,114746,53235,108656,52726,20241203
202411,중앙선,회기,728921,133396,689397,131211,20241203
202411,중앙선,용문,35397,43103,36427,43160,20241203
202411,중앙선,덕소,119894,49364,118861,49963,20241203
202411,중앙선,도심,54991,22052,41674,19795,20241203
202411,중앙선,팔당,18029,9550,19428,9729,20241203
202411,중앙선,운길산,13684,12966,13188,13128,20241203
202411,중앙선,양수,37411,25392,36598,25308,20241203
202411,중앙선,신원,2859,3107,2326,2781,20241203
202411,중앙선,국수,12370,9999,11804,10137,20241203
202411,중앙선,아신,10536,6700,10763,6708,20241203
202411,중앙선,오빈,4641,4469,4709,4611,20241203
202411,중앙선,양평,66783,37895,68517,38621,20241203
202411,중앙선,원덕,4920,6120,4875,6029,20241203
202411,중앙선,지평,682,1005,907,1019,20241203
202411,중앙선,양정,10186,6879,8599,6205,20241203
202411,중앙선,도농,231920,70132,211098,67415,20241203
202411,중앙선,구리,204811,60123,216314,61839,20241203
202411,중앙선,양원,70612,24214,68748,24728,20241203
202411,중앙선,망우,160695,76981,153298,77468,20241203
202410,1호선,동묘앞,169167,175134,177809,177898,20241103
202410,1호선,서울역,1479842,247854,1383881,238567,20241103
202410,1호선,시청,705315,140635,722224,139726,20241103
202410,1호선,종각,968038,168194,947571,153881,20241103
202410,1호선,종로3가,523067,314434,468707,286503,20241103
202410,1호선,종로5가,478549,264459,468453,257493,20241103
202410,1호선,동대문,259000,136685,255355,136002,20241103
202410,1호선,신설동,307507,130432,297152,126891,20241103
202410,1호선,제기동,248172,298189,237547,321631,20241103
202410,1호선,청량리(서울시립대입구),424052,302708,407760,302367,20241103
202410,2호선,신정네거리,223151,81137,230623,82688,20241103
202410,2호선,시청,725719,75302,686332,69916,20241103
202410,2호선,을지로입구,1356538,114346,1378245,104680,20241103
202410,2호선,을지로3가,649314,78390,644955,77043,20241103
202410,2호선,을지로4가,344157,79540,343110,79304,20241103
202410,2호선,동대문역사문화공원(DDP),419944,63156,488839,68644,20241103
202410,2호선,신당,361522,98348,379886,100425,20241103
202410,2호선,상왕십리,356181,74572,345007,75961,20241103
202410,2호선,왕십리(성동구청),425759,55822,379058,51137,20241103
202410,2호선,한양대,356110,15734,393069,17073,20241103
202410,2호선,뚝섬,713678,71101,736837,70528,20241103
202410,2호선,성수,1287720,107048,1429635,107530,20241103
202410,2호선,건대입구,1034625,102295,1072960,105740,20241103
202410,2호선,구의(광진구청),635429,115844,610171,116340,20241103
202410,2호선,강변(동서울터미널),747427,131988,691436,127386,20241103
202410,2호선,잠실나루,350508,96218,337191,95989,20241103
202410,2호선,잠실(송파구청),2168208,243582,2132630,227843,20241103
202410,2호선,잠실새내,591805,124373,574463,122319,20241103
202410,2호선,종합운동장,293883,62269,341766,66767,20241103
202410,2호선,삼성(무역센터),1396228,125724,1421976,116554,20241103
202410,2호선,선릉,1333349,249171,1173657,219673,20241103
202410,2호선,역삼,1215446,151371,1400983,155997,20241103
202410,2호선,강남,2102192,165608,2098456,144903,20241103
202410,2호선,교대(법원.검찰청),715352,158095,866019,187737,20241103
202410,2호선,서초,555593,97417,531584,94566,20241103
202410,2호선,방배,429895,83433,444133,82296,20241103
202410,2호선,사당,1029574,237515,1145540,230242,20241103
202410,2호선,낙성대(강감찬),720375,122763,694802,124709,20241103
202410,2호선,서울대입구(관악구청),1208113,192546,1164110,182727,20241103
202410,2호선,봉천,562829,163482,511213,162674,20241103
202410,2호선,신림,1448889,214759,1402131,214511,20241103
202410,2호선,신대방,627973,143264,596234,142631,20241103
202410,2호선,구로디지털단지,1442432,221314,1423036,221399,20241103
202410,2호선,대림(구로구청),598747,146271,608860,149921,20241103
202410,2호선,신도림,1284635,254005,1271860,239594,20241103
202410,2호선,문래,565004,95424,590374,95319,20241103
202410,2호선,영등포구청,535858,112466,558659,112227,20241103
202410,2호선,당산,500222,67770,575452,73056,20241103
202410,2호선,합정,925293,75065,1013884,77177,20241103
202410,2호선,홍대입구,2163254,108498,2364679,106434,20241103
202410,2호선,신촌,1056908,134842,1081417,131694,20241103
202410,2호선,이대,476107,55153,525455,59400,20241103
202410,2호선,아현,265938,70207,243989,68600,20241103
202410,2호선,충정로(경기대입구),244855,49654,261244,50065,20241103
202410,2호선,용답,74135,19408,72769,19265,20241103
202410,2호선,신답,38095,10670,42216,10950,20241103
202410,2호선,신설동,82108,34855,76094,36276,20241103
202410,2호선,도림천,28994,9297,30338,10618,20241103
202410,2호선,양천구청,146407,58317,155043,58826,20241103
202410,2호선,용두(동대문구청),50907,26413,50582,27482,20241103
202410,3호선,동대입구,329398,46655,373777,50627,20241103
202410,3호선,지축,191162,42521,189931,41020,20241103
202410,3호선,구파발,535995,150232,517792,142160,20241103
202410,3호선,연신내,767535,278876,729363,269768,20241103
202410,3호선,불광,364055,154363,385349,172409,20241103
202410,3호선,녹번,372615,87437,334621,85808,20241103
202410,3호선,홍제,401369,156874,375404,153374,20241103
202410,3호선,무악재,97562,35772,94477,38234,20241103
202410,3호선,독립문,174945,83815,186623,85485,20241103
202410,3호선,경복궁(정부서울청사),781444,115148,822590,116091,20241103
202410,3호선,안국,781274,122219,809660,128230,20241103
202410,3호선,종로3가,285456,72074,331367,80661,20241103
202410,3호선,을지로3가,301473,50652,297067,47382,20241103
202410,3호선,충무로,310,3,0,0,20241103
202410,3호선,약수,302636,89043,297976,83395,20241103
202410,3호선,금호,185110,58619,170418,57476,20241103
202410,3호선,옥수,212329,67628,217057,67037,20241103
202410,3호선,압구정,767273,153191,830135,153002,20241103
202410,3호선,신사,737047,75423,780736,72854,20241103
202410,3호선,잠원,121807,35282,115557,33688,20241103
202410,3호선,고속터미널,1325131,237425,1261249,223671,20241103
202410,3호선,교대(법원.검찰청),393606,92426,227800,53435,20241103
202410,3호선,남부터미널(예술의전당),751979,138404,765999,140515,20241103
202410,3호선,양재(서초구청),893735,162480,968759,163262,20241103
202410,3호선,매봉,282093,78969,272879,73206,20241103
202410,3호선,도곡,142895,32140,142640,30661,20241103
202410,3호선,대치,304426,77252,296315,74904,20241103
202410,3호선,학여울,51445,18565,52958,17876,20241103
202410,3호선,일원,245702,74796,234838,74742,20241103
202410,3호선,수서,440871,135095,440914,131028,20241103
202410,3호선,가락시장,185701,86371,182562,84267,20241103
202410,3호선,경찰병원,167874,47725,165990,49442,20241103
202410,3호선,대청,253784,73294,236464,71264,20241103
202410,3호선,오금,159739,36421,142828,34359,20241103
202410,4호선,길음,526498,134906,523539,133792,20241103
202410,4호선,당고개,212228,84738,175250,82803,20241103
202410,4호선,상계,454335,141371,418233,137522,20241103
202410,4호선,노원,527825,123350,607499,122325,20241103
202410,4호선,창동,576820,246192,611471,253003,20241103
202410,4호선,쌍문,697742,195906,633398,192083,20241103
202410,4호선,남태령,33782,9503,26586,8714,20241103
202410,4호선,수유(강북구청),836943,210150,826978,211169,20241103
202410,4호선,미아(서울사이버대학),354934,129937,333082,131339,20241103
202410,4호선,미아사거리,606932,201774,591074,202795,20241103
202410,4호선,성신여대입구(돈암),599089,98760,571881,97742,20241103
202410,4호선,한성대입구(삼선교),372656,82540,362292,80731,20241103
202410,4호선,혜화,995719,138741,1008936,135695,20241103
202410,4호선,동대문,455785,166926,474102,161806,20241103
202410,4호선,동대문역사문화공원(DDP),557911,69566,488339,62212,20241103
202410,4호선,충무로,807955,127342,836104,130363,20241103
202410,4호선,명동,1074123,88532,1151277,91306,20241103
202410,4호선,회현(남대문시장),639214,228847,674099,228603,20241103
202410,4호선,서울역,347326,46131,657545,66777,20241103
202410,4호선,숙대입구(갈월),415327,60567,405246,56401,20241103
202410,4호선,삼각지,171907,26989,207812,29526,20241103
202410,4호선,신용산,558557,62266,603476,62899,20241103
202410,4호선,이촌(국립중앙박물관),233819,57258,268945,60861,20241103
202410,4호선,동작(현충원),45021,17101,47919,17224,20241103
202410,4호선,총신대입구(이수),414445,173092,455967,181829,20241103
202410,4호선,사당,703829,110924,620987,116003,20241103
202410,5호선,방이,164650,57271,167599,56869,20241103
202410,5호선,하남검단산,146983,62555,137642,61229,20241103
202410,5호선,하남시청(덕풍?신장),173851,87383,160356,87664,20241103
202410,5호선,하남풍산,99615,38334,99024,38229,20241103
202410,5호선,미사,447680,102109,454471,100672,20241103
202410,5호선,강일,135034,51025,121568,48594,20241103
202410,5호선,마천,162354,64412,141222,65809,20241103
202410,5호선,거여,228424,75370,219214,72803,20241103
202410,5호선,개롱,141680,56626,146078,57963,20241103
202410,5호선,오금,85984,24419,87116,23535,20241103
202410,5호선,올림픽공원(한국체대),121115,45559,109263,40502,20241103
202410,5호선,둔촌동,199116,78104,196216,78645,20241103
202410,5호선,상일동,332950,102721,310761,100895,20241103
202410,5호선,고덕,229108,85686,219329,83557,20241103
202410,5호선,명일,177479,76184,176750,77440,20241103
202410,5호선,굽은다리(강동구민회관앞),209596,89998,200035,84910,20241103
202410,5호선,길동,171062,88422,174127,90332,20241103
202410,5호선,강동,436962,124608,424195,121939,20241103
202410,5호선,천호(풍납토성),435151,160934,424569,161594,20241103
202410,5호선,광나루(장신대),289970,75246,276084,74046,20241103
202410,5호선,아차산(어린이대공원후문),371080,117793,361447,115051,20241103
202410,5호선,군자(능동),312358,47516,341135,51115,20241103
202410,5호선,장한평,469157,112111,458071,113721,20241103
202410,5호선,답십리,386042,92729,343623,88667,20241103
202410,5호선,마장,134349,46295,123247,44771,20241103
202410,5호선,왕십리(성동구청),112182,27549,134104,28068,20241103
202410,5호선,행당,185908,56475,162499,50894,20241103
202410,5호선,신금호,150130,42589,156710,48477,20241103
202410,5호선,청구,90509,25538,86720,21689,20241103
202410,5호선,동대문역사문화공원(DDP),79885,9048,91468,10138,20241103
202410,5호선,을지로4가,147507,44791,150217,44925,20241103
202410,5호선,종로3가,414967,101531,427547,104304,20241103
202410,5호선,광화문(세종문화회관),915313,120584,978639,121774,20241103
202410,5호선,서대문,496289,79540,499268,74788,20241103
202410,5호선,충정로(경기대입구),114553,16988,115759,17434,20241103
202410,5호선,애오개,155824,42282,150945,40801,20241103
202410,5호선,공덕,369344,55004,385872,52093,20241103
202410,5호선,마포,368373,70689,380926,70212,20241103
202410,5호선,여의나루,464022,37640,574197,38642,20241103
202410,5호선,여의도,764283,62171,816956,58426,20241103
202410,5호선,신길,140460,14368,139293,14930,20241103
202410,5호선,영등포시장,267289,83763,268980,85728,20241103
202410,5호선,영등포구청,114617,22329,112379,22182,20241103
202410,5호선,양평,188246,33485,180827,32705,20241103
202410,5호선,오목교(목동운동장앞),523164,97130,556966,96370,20241103
202410,5호선,목동,404531,94011,433600,95321,20241103
202410,5호선,신정(은행정),325091,70422,264021,67951,20241103
202410,5호선,까치산,658125,173832,622113,175218,20241103
202410,5호선,화곡,679812,165926,626474,158846,20241103
202410,5호선,우장산,334684,109859,326209,114137,20241103
202410,5호선,발산,546963,119820,574983,115551,20241103
202410,5호선,마곡,281645,50730,287796,49748,20241103
202410,5호선,송정,139497,55815,130592,53163,20241103
202410,5호선,김포공항,317793,54659,195349,44553,20241103
202410,5호선,개화산,134670,46750,127624,44987,20241103
202410,5호선,방화,146325,62407,137889,61236,20241103
202410,6호선,합정,390195,47940,382887,43286,20241103
202410,6호선,상수,305797,23362,344086,23595,20241103
202410,6호선,광흥창(서강),221549,60864,206836,59576,20241103
202410,6호선,대흥(서강대앞),234519,52667,245591,51795,20241103
202410,6호선,공덕,481844,88466,469503,83252,20241103
202410,6호선,효창공원앞,196803,44790,180097,41230,20241103
202410,6호선,삼각지,232164,23417,199763,18876,20241103
202410,6호선,녹사평(용산구청),154126,20635,161569,20243,20241103
202410,6호선,이태원,353939,33182,391333,33469,20241103
202410,6호선,한강진,320568,18835,383611,19040,20241103
202410,6호선,버티고개,51128,15487,49033,17832,20241103
202410,6호선,약수,90619,22780,89250,22414,20241103
202410,6호선,청구,95471,21486,91009,23075,20241103
202410,6호선,신당,219889,41989,227257,40394,20241103
202410,6호선,동묘앞,206541,76590,213567,71650,20241103
202410,6호선,창신,87345,21089,71767,20009,20241103
202410,6호선,응암,402056,138786,393834,136564,20241103
202410,6호선,역촌,77264,36969,98056,36961,20241103
202410,6호선,불광,100855,47130,102215,39172,20241103
202410,6호선,독바위,61371,23427,61043,28756,20241103
202410,6호선,연신내,135,7,0,0,20241103
202410,6호선,구산,191469,62201,124020,63321,20241103
202410,6호선,새절(신사),287328,99804,262887,100214,20241103
202410,6호선,보문,210076,36202,194573,34147,20241103
202410,6호선,증산(명지대앞),215140,80112,212356,81041,20241103
202410,6호선,디지털미디어시티,371549,67597,399181,68409,20241103
202410,6호선,신내,14,0,0,0,20241103
202410,6호선,봉화산(서울의료원),203414,56711,188751,56005,20241103
202410,6호선,화랑대(서울여대입구),307607,56782,241913,51511,20241103
202410,6호선,태릉입구,139825,38889,160684,39199,20241103
202410,6호선,석계,290731,89505,297860,89473,20241103
202410,6호선,돌곶이,241615,67199,216900,66003,20241103
202410,6호선,상월곡(한국과학기술연구원),157624,46165,144037,44185,20241103
202410,6호선,월곡(동덕여대),295236,77586,281894,77232,20241103
202410,6호선,고려대(종암),241458,39293,229236,38799,20241103
202410,6호선,안암(고대병원앞),358976,40948,359889,40509,20241103
202410,6호선,월드컵경기장(성산),179392,109281,205214,109369,20241103
202410,6호선,마포구청,360814,93421,317319,84083,20241103
202410,6호선,망원,401645,94573,430519,97296,20241103
202410,7호선,광명사거리,442770,168961,426832,175078,20241103
202410,7호선,천왕,270336,66935,257539,67833,20241103
202410,7호선,남성,259544,82679,242305,83285,20241103
202410,7호선,온수(성공회대입구),250475,47761,231242,45769,20241103
202410,7호선,이수,403003,88954,388822,83917,20241103
202410,7호선,내방,342177,79870,342413,76464,20241103
202410,7호선,고속터미널,462167,88637,364857,78258,20241103
202410,7호선,반포,154491,42260,146830,39817,20241103
202410,7호선,논현,480771,47959,502070,47041,20241103
202410,7호선,학동,577980,69094,607966,65953,20241103
202410,7호선,강남구청,403818,57179,454489,58527,20241103
202410,7호선,청담,454031,84571,499088,81202,20241103
202410,7호선,자양(뚝섬한강공원),310192,58602,304363,57869,20241103
202410,7호선,건대입구,354585,67132,371665,61684,20241103
202410,7호선,어린이대공원(세종대),486447,51470,495197,51280,20241103
202410,7호선,군자(능동),356198,95258,274656,81010,20241103
202410,7호선,중곡,255243,72270,233434,72877,20241103
202410,7호선,용마산(용마폭포공원),138435,39158,136002,42741,20241103
202410,7호선,사가정,375187,116200,383281,117865,20241103
202410,7호선,면목,351523,107284,317604,107740,20241103
202410,7호선,상봉,441784,85014,428703,81268,20241103
202410,7호선,중화,246828,71356,240161,71202,20241103
202410,7호선,먹골,227444,74193,223021,76019,20241103
202410,7호선,태릉입구,216950,51552,204737,48756,20241103
202410,7호선,공릉(서울과학기술대),293421,83858,287754,84232,20241103
202410,7호선,하계,424405,128766,392754,123305,20241103
202410,7호선,중계,337218,107171,308495,104187,20241103
202410,7호선,노원,449494,145124,480979,144946,20241103
202410,7호선,마들,297638,107101,276650,105474,20241103
202410,7호선,수락산,272657,115986,265733,117358,20241103
202410,7호선,도봉산,226984,61131,259419,86747,20241103
202410,7호선,장암,69462,16507,28776,12737,20241103
202410,7호선,숭실대입구(살피재),379049,72203,378155,73773,20241103
202410,7호선,상도,300074,70720,292880,67648,20241103
202410,7호선,장승배기,203280,74480,193933,75121,20241103
202410,7호선,신대방삼거리,342303,101217,319940,103632,20241103
202410,7호선,보라매,167276,33412,172901,34937,20241103
202410,7호선,신풍,258495,81440,237522,79543,20241103
202410,7호선,대림(구로구청),235813,49862,236894,49024,20241103
202410,7호선,남구로,351056,67578,369805,68771,20241103
202410,7호선,가산디지털단지,1041865,100087,1054314,95381,20241103
202410,7호선,철산,516159,123649,527105,122135,20241103
202410,8호선,잠실(송파구청),453845,91333,545929,91155,20241103
202410,8호선,남위례,185980,40487,184975,38912,20241103
202410,8호선,모란,96407,67796,77793,53367,20241103
202410,8호선,수진,120523,49847,108686,48853,20241103
202410,8호선,신흥,111256,44372,114397,46248,20241103
202410,8호선,단대오거리,280963,83429,263951,80687,20241103
202410,8호선,남한산성입구(성남법원.검찰청),333849,86618,302216,81893,20241103
202410,8호선,산성,152031,40161,151905,43749,20241103
202410,8호선,복정,250383,49807,211257,45257,20241103
202410,8호선,장지,422788,97194,385921,91396,20241103
202410,8호선,문정,545252,70779,570527,70045,20241103
202410,8호선,가락시장,176048,72190,201016,73508,20241103
202410,8호선,송파,209793,74595,203544,73619,20241103
202410,8호선,석촌,196979,62762,236758,65862,20241103
202410,8호선,몽촌토성(평화의문),192694,43732,196014,42974,20241103
202410,8호선,강동구청,237447,75678,243047,76585,20241103
202410,8호선,천호(풍납토성),401081,112335,466148,109539,20241103
202410,8호선,암사,380646,123798,341561,121277,20241103
202410,8호선,암사역사공원,143026,36602,129799,36883,20241103
202410,9호선,양천향교,243352,52286,245845,51733,20241103
202410,9호선,노량진,722413,97378,719425,97494,20241103
202410,9호선,샛강,169251,33536,159014,33006,20241103
202410,9호선,여의도,799692,58344,783463,54609,20241103
202410,9호선,국회의사당,415130,65979,428142,59640,20241103
202410,9호선,당산,484020,78211,477249,72179,20241103
202410,9호선,선유도,221084,37509,206394,37106,20241103
202410,9호선,신목동,105619,28455,91647,26844,20241103
202410,9호선,염창,443949,86087,424197,84323,20241103
202410,9호선,등촌,266442,93570,249743,94822,20241103
202410,9호선,증미,185215,41992,176607,41900,20241103
202410,9호선,가양,509084,152730,499197,150472,20241103
202410,9호선,노들,139612,38162,116324,34995,20241103
202410,9호선,마곡나루(서울식물원),370435,45116,366024,44147,20241103
202410,9호선,신방화,158134,52660,152345,52805,20241103
202410,9호선,공항시장,66628,27240,69668,29258,20241103
202410,9호선,김포공항,174274,19100,288909,27584,20241103
202410,9호선,개화,67770,15385,46459,12528,20241103
202410,9호선,신논현,863544,59276,879093,57630,20241103
202410,9호선,사평,91800,27169,86865,27491,20241103
202410,9호선,고속터미널,427658,78060,595048,94561,20241103
202410,9호선,신반포,105078,32463,102312,32847,20241103
202410,9호선,구반포,29786,9947,28866,9682,20241103
202410,9호선,동작(현충원),46207,15561,39384,13911,20241103
202410,9호선,흑석(중앙대입구),229474,63870,232588,63578,20241103
202410,9호선2~3단계,종합운동장,131918,24726,129193,22552,20241103
202410,9호선2~3단계,봉은사,559641,59792,592045,56938,20241103
202410,9호선2~3단계,삼성중앙,187507,31799,193567,31131,20241103
202410,9호선2~3단계,선정릉,252946,30861,276952,31804,20241103
202410,9호선2~3단계,언주,298529,33942,304003,33535,20241103
202410,9호선2~3단계,둔촌오륜,29959,9179,29040,10116,20241103
202410,9호선2~3단계,올림픽공원(한국체대),234778,36073,242492,36415,20241103
202410,9호선2~3단계,한성백제,77501,20952,66722,18380,20241103
202410,9호선2~3단계,송파나루,134524,33213,142188,35203,20241103
202410,9호선2~3단계,석촌,246632,48116,218326,42779,20241103
202410,9호선2~3단계,중앙보훈병원,260481,90336,222922,87692,20241103
202410,9호선2~3단계,석촌고분,167348,46375,159745,46879,20241103
202410,9호선2~3단계,삼전,193118,47162,177561,45851,20241103
202410,경강선,판교,147241,21709,141974,18161,20241103
202410,경강선,삼동,58985,16201,53062,16295,20241103
202410,경강선,경기광주,200871,39896,189509,40138,20241103
202410,경강선,초월,91786,19264,84745,18641,20241103
202410,경강선,곤지암,60869,18743,59905,19295,20241103
202410,경강선,신둔도예촌,39098,10459,35629,10112,20241103
202410,경강선,이천,78338,18465,83588,19775,20241103
202410,경강선,부발,63827,12748,62866,12715,20241103
202410,경강선,세종대왕릉,6833,5227,6925,5485,20241103
202410,경강선,여주,78781,26775,78212,26874,20241103
202410,경강선,성남,24181,6697,20718,7112,20241103
202410,경강선,이매,26587,7475,21774,7165,20241103
202410,경부선,평택,373321,80605,372013,79365,20241103
202410,경부선,광명,109675,14292,91121,13647,20241103
202410,경부선,서동탄,38294,8894,32739,8355,20241103
202410,경부선,당정,159432,36803,151139,35139,20241103
202410,경부선,천안,183635,64149,169703,63323,20241103
202410,경부선,두정,227717,31830,243080,32516,20241103
202410,경부선,직산,27087,6508,26633,6045,20241103
202410,경부선,성환,160457,23915,153192,23581,20241103
202410,경부선,평택지제,121163,16102,115845,15966,20241103
202410,경부선,서정리,227045,40784,216110,39912,20241103
202410,경부선,송탄,126483,24713,122478,24112,20241103
202410,경부선,진위,43266,11267,38650,10904,20241103
202410,경부선,오산,286058,58274,284334,58499,20241103
202410,경부선,오산대,101342,23227,94131,22104,20241103
202410,경부선,세마,87309,18943,81228,17941,20241103
202410,경부선,병점,421420,80241,419510,79665,20241103
202410,경부선,세류,89623,19867,82967,19265,20241103
202410,경부선,독산,419220,76867,422380,78198,20241103
202410,경부선,수원,1098997,185955,1156756,188452,20241103
202410,경부선,화서,315825,56895,307081,55436,20241103
202410,경부선,성균관대,416755,68317,407056,68252,20241103
202410,경부선,의왕,226570,50997,224993,50573,20241103
202410,경부선,군포,165489,41845,160545,40703,20241103
202410,경부선,금정,701076,149084,709803,150283,20241103
202410,경부선,명학,219542,48295,214155,46139,20241103
202410,경부선,안양,605048,139184,595310,143530,20241103
202410,경부선,관악,164343,62502,157377,59976,20241103
202410,경부선,석수,209958,55648,191829,53231,20241103
202410,경부선,금천구청,247913,90166,249441,91120,20241103
202410,경부선,가산디지털단지,468004,45703,526599,49213,20241103
202410,경부선,구로,424952,116035,441541,111831,20241103
202410,경부선,신길,221192,51877,180057,48522,20241103
202410,경부선,신도림,95320,29665,99897,35657,20241103
202410,경부선,영등포,972475,306168,996789,307886,20241103
202410,경부선,대방,260743,63681,285823,66626,20241103
202410,경부선,노량진,261525,54227,263893,51446,20241103
202410,경부선,용산,1217455,162641,1238306,163389,20241103
202410,경부선,남영,251641,42221,269011,43934,20241103
202410,경부선,서울역,291417,20957,105512,5395,20241103
202410,경원선,동두천,44342,20668,42819,21626,20241103
202410,경원선,이촌(국립중앙박물관),110088,36644,79462,30125,20241103
202410,경원선,서빙고,59159,22580,55671,21957,20241103
202410,경원선,한남,82167,28581,81506,27218,20241103
202410,경원선,옥수,1852,225,1224,129,20241103
202410,경원선,응봉,39840,18816,32869,16939,20241103
202410,경원선,왕십리(성동구청),434152,84801,432839,85369,20241103
202410,경원선,청량리(서울시립대입구),389446,172209,401678,181629,20241103
202410,경원선,외대앞,274456,52785,265860,52547,20241103
202410,경원선,신이문,182101,75451,164635,73372,20241103
202410,경원선,석계,166148,69829,189155,74289,20241103
202410,경원선,광운대,207000,63733,199192,62122,20241103
202410,경원선,월계,156968,70017,140308,67015,20241103
202410,경원선,녹천,93368,42913,75929,38477,20241103
202410,경원선,창동,117,4,0,0,20241103
202410,경원선,방학,190037,124428,182175,120516,20241103
202410,경원선,도봉,104538,80473,97023,78611,20241103
202410,경원선,도봉산,145779,132133,83000,104061,20241103
202410,경원선,망월사,193240,80855,193731,82700,20241103
202410,경원선,회룡,237933,174503,233421,171456,20241103
202410,경원선,의정부,467507,138693,480286,139517,20241103
202410,경원선,가능,140460,66852,133352,66537,20241103
202410,경원선,녹양,92550,44061,87981,41941,20241103
202410,경원선,양주,182052,76730,171366,74535,20241103
202410,경원선,덕계,155125,43162,141628,41511,20241103
202410,경원선,덕정,166621,43031,156258,43114,20241103
202410,경원선,지행,160879,53018,164125,52942,20241103
202410,경원선,동두천중앙,58105,40787,55108,40343,20241103
202410,경원선,보산,38105,16252,35693,15570,20241103
202410,경원선,소요산,19479,65057,19683,63862,20241103
202410,경원선,청산,2834,2665,2253,2298,20241103
202410,경원선,전곡,27136,19901,24656,18255,20241103
202410,경원선,연천,16757,33029,15887,33987,20241103
202410,경의선,능곡,112312,39305,103596,38576,20241103
202410,경의선,검암,2,0,0,0,20241103
202410,경의선,계양,7,0,0,0,20241103
202410,경의선,김포공항,1,0,0,0,20241103
202410,경의선,디지털미디어시티,74282,14884,69569,16195,20241103
202410,경의선,홍대입구,70586,6288,84131,7305,20241103
202410,경의선,공덕,112298,18135,88209,17596,20241103
202410,경의선,서울역,108961,21039,134744,23663,20241103
202410,경의선,운천,43,139,17,123,20241103
202410,경의선,임진강,703,609,734,629,20241103
202410,경의선,문산,129638,53976,126265,53564,20241103
202410,경의선,파주,37085,9027,28809,8097,20241103
202410,경의선,월롱,55055,10529,48861,10940,20241103
202410,경의선,금촌,158876,55346,152321,55704,20241103
202410,경의선,금릉,137868,35139,129904,33951,20241103
202410,경의선,운정,201144,49855,184621,48487,20241103
202410,경의선,야당,231533,48099,235627,47144,20241103
202410,경의선,탄현,193985,48608,185631,47892,20241103
202410,경의선,일산,257511,82819,249995,83197,20241103
202410,경의선,풍산,147824,47941,138384,46527,20241103
202410,경의선,백마,183639,44956,177660,44543,20241103
202410,경의선,곡산,13865,6971,14304,7212,20241103
202410,경의선,행신,207863,43447,205989,44370,20241103
202410,경의선,강매,78783,22270,66033,20750,20241103
202410,경의선,한국항공대,79894,10540,74379,10540,20241103
202410,경의선,수색,77527,21204,78747,21219,20241103
202410,경의선,가좌,133581,52277,125659,52412,20241103
202410,경의선,서강대,61524,13446,60687,12448,20241103
202410,경의선,효창공원앞,81053,18200,90100,20452,20241103
202410,경의선,신촌,25665,3960,31586,4951,20241103
202410,경인선,송내,640090,152019,630145,150637,20241103
202410,경인선,부천,732475,251559,729540,255774,20241103
202410,경인선,역곡,639302,173174,631403,178864,20241103
202410,경인선,오류동,254609,104197,231960,101110,20241103
202410,경인선,개봉,476121,184589,460319,189915,20241103
202410,경인선,도화,85048,44983,75681,43471,20241103
202410,경인선,중동,196094,86224,178973,84078,20241103
202410,경인선,온수(성공회대입구),145689,59306,133998,56838,20241103
202410,경인선,도원,73157,33281,72374,34596,20241103
202410,경인선,간석,125469,54182,118204,52490,20241103
202410,경인선,부개,186666,79304,170631,77039,20241103
202410,경인선,소사,178455,68393,166634,66027,20241103
202410,경인선,구일,161794,53043,160469,51936,20241103
202410,경인선,인천,100497,52182,78174,47919,20241103
202410,경인선,동인천,301948,138052,279066,134225,20241103
202410,경인선,제물포,256250,75649,244083,75112,20241103
202410,경인선,주안,472393,106622,424592,95027,20241103
202410,경인선,동암,358316,123866,359226,125151,20241103
202410,경인선,백운,161018,69755,154751,69765,20241103
202410,경인선,부평,722203,169712,769155,173151,20241103
202410,경춘선,가평,58381,27276,57601,26997,20241103
202410,경춘선,굴봉산,2008,2744,1983,2634,20241103
202410,경춘선,백양리,1782,1607,1823,1622,20241103
202410,경춘선,신내,62330,22921,56056,22405,20241103
202410,경춘선,강촌,13752,7137,12678,7050,20241103
202410,경춘선,별내,60271,24156,53112,21428,20241103
202410,경춘선,춘천,45931,23728,40034,18332,20241103
202410,경춘선,남춘천,73812,33060,73675,35861,20241103
202410,경춘선,김유정,11289,6295,12697,6778,20241103
202410,경춘선,퇴계원,73166,34984,65947,33791,20241103
202410,경춘선,사릉,50091,19855,47217,19657,20241103
202410,경춘선,금곡,28877,19354,27793,19016,20241103
202410,경춘선,평내호평,146599,57077,141789,54987,20241103
202410,경춘선,갈매,62444,23731,53581,22054,20241103
202410,경춘선,천마산,30056,20946,26758,20914,20241103
202410,경춘선,마석,88495,42232,85798,42164,20241103
202410,경춘선,대성리,13134,7726,12973,7414,20241103
202410,경춘선,청평,38276,24569,37116,24170,20241103
202410,경춘선,상천,4984,7000,4513,6905,20241103
202410,공항철도 1호선,운서,265857,35117,280241,35469,20241103
202410,공항철도 1호선,영종,107318,26448,109611,26467,20241103
202410,공항철도 1호선,인천공항2터미널,215730,20901,183595,17584,20241103
202410,공항철도 1호선,인천공항1터미널,438752,45133,415829,40546,20241103
202410,공항철도 1호선,공항화물청사,47683,10154,52990,10095,20241103
202410,공항철도 1호선,청라국제도시,208240,17690,198098,17494,20241103
202410,공항철도 1호선,검암,174821,20069,181769,21608,20241103
202410,공항철도 1호선,계양,359188,44790,338657,42590,20241103
202410,공항철도 1호선,김포공항,262617,25166,156740,16284,20241103
202410,공항철도 1호선,마곡나루(서울식물원),287105,20517,277809,19842,20241103
202410,공항철도 1호선,디지털미디어시티,365431,32533,343447,30551,20241103
202410,공항철도 1호선,홍대입구,470132,22576,444625,20442,20241103
202410,공항철도 1호선,공덕,80618,9941,106226,11720,20241103
202410,공항철도 1호선,서울역,425011,42417,379653,38684,20241103
202410,과천선,평촌,435451,76325,418214,75549,20241103
202410,과천선,범계,708273,139166,711320,136052,20241103
202410,과천선,인덕원,620773,141190,630468,145723,20241103
202410,과천선,경마공원,89858,79052,89971,78228,20241103
202410,과천선,선바위,190601,39994,161075,38551,20241103
202410,과천선,정부과천청사,298518,65904,312798,65752,20241103
202410,과천선,과천,150546,54841,134588,51700,20241103
202410,과천선,대공원,159941,57795,161816,59661,20241103
202410,분당선,수원,215640,39467,197653,37038,20241103
202410,분당선,복정,170,6,0,0,20241103
202410,분당선,수서,430050,85245,449195,90401,20241103
202410,분당선,대모산입구,136350,41233,125754,40245,20241103
202410,분당선,개포동,100937,36309,101172,36962,20241103
202410,분당선,가천대,304496,31031,313358,31535,20241103
202410,분당선,태평,299229,102531,274043,106911,20241103
202410,분당선,모란,440555,197924,436968,216140,20241103
202410,분당선,선정릉,172402,31158,180506,31088,20241103
202410,분당선,야탑,577959,186319,617292,188278,20241103
202410,분당선,서현,565125,142322,580664,138495,20241103
202410,분당선,매교,129480,30487,127844,30794,20241103
202410,분당선,수원시청,367749,56748,399151,57987,20241103
202410,분당선,매탄권선,138319,27138,132889,26392,20241103
202410,분당선,망포,400656,49300,381683,47594,20241103
202410,분당선,이매,130779,45441,122494,45164,20241103
202410,분당선,보정,53477,22933,47172,21765,20241103
202410,분당선,죽전,344191,84875,378325,88944,20241103
202410,분당선,구성,154702,48203,158055,47747,20241103
202410,분당선,신갈,105777,34655,103350,34583,20241103
202410,분당선,기흥,277128,52319,258531,51699,20241103
202410,분당선,상갈,129448,36962,123172,36181,20241103
202410,분당선,청명,115271,25832,110837,26154,20241103
202410,분당선,영통,239298,38037,241135,37881,20241103
202410,분당선,구룡,80268,29732,77152,29510,20241103
202410,분당선,수내,310061,86747,311553,85003,20241103
202410,분당선,정자,450864,78616,475035,78169,20241103
202410,분당선,미금,328295,124337,340218,131392,20241103
202410,분당선,오리,254205,82241,215312,71975,20241103
202410,분당선,강남구청,226551,43480,268373,47567,20241103
202410,분당선,압구정로데오,531795,51371,599070,49595,20241103
202410,분당선,서울숲,385647,40051,398537,39154,20241103
202410,분당선,도곡,160569,58580,164895,56592,20241103
202410,분당선,한티,390980,77170,416994,79090,20241103
202410,분당선,선릉,300362,51111,465877,68391,20241103
202410,서해선,김포공항,78089,11548,103889,19167,20241103
202410,서해선,부천종합운동장,72097,9535,59608,7756,20241103
202410,서해선,원종,104620,45911,102219,46744,20241103
202410,수인선,인하대,194706,36093,182943,34618,20241103
202410,수인선,사리,133615,24428,114736,22429,20241103
202410,수인선,야목,9112,3234,7888,2856,20241103
202410,수인선,어천,37645,9626,35223,10561,20241103
202410,수인선,오목천,124732,20492,104667,19761,20241103
202410,수인선,고색,140524,24774,134584,23023,20241103
202410,수인선,인천,22857,16413,41411,22164,20241103
202410,수인선,신포,42746,16838,43036,16937,20241103
202410,수인선,숭의,94179,36091,85972,34019,20241103
202410,수인선,송도,53994,26915,48047,26109,20241103
202410,수인선,연수,115211,39010,112763,38496,20241103
202410,수인선,원인재,100792,39486,104296,39360,20241103
202410,수인선,남동인더스파크,54892,7634,61218,7703,20241103
202410,수인선,호구포,91196,25422,94291,25322,20241103
202410,수인선,인천논현,126728,42756,136443,43069,20241103
202410,수인선,소래포구,116473,82363,111695,80898,20241103
202410,수인선,월곶,71820,22981,64114,22771,20241103
202410,수인선,달월,1701,1225,1536,689,20241103
202410,신림선,보라매공원,46876,19477,51241,20530,20241103
202410,신림선,보라매병원,148745,59218,157761,58769,20241103
202410,신림선,당곡,99587,43458,95208,42956,20241103
202410,신림선,신림,44076,21088,54824,23626,20241103
202410,신림선,서원,77521,27747,64256,26898,20241103
202410,신림선,서울대벤처타운,218850,73195,192182,72718,20241103
202410,신림선,관악산(서울대),69121,44107,71296,43717,20241103
202410,신림선,대방,74360,20354,48325,16301,20241103
202410,신림선,서울지방병무청,64958,27563,68824,29846,20241103
202410,신림선,보라매,100174,28420,89526,25348,20241103
202410,신림선,샛강,67084,16962,82995,16023,20241103
202410,안산선,상록수,396109,83115,399306,84512,20241103
202410,안산선,한대앞,260775,53194,259849,54689,20241103
202410,안산선,고잔,238025,46796,228684,44976,20241103
202410,안산선,중앙,508879,80812,532864,80214,20241103
202410,안산선,수리산,88775,35427,71372,33318,20241103
202410,안산선,오이도,216218,45882,204768,43402,20241103
202410,안산선,정왕,281998,34483,281910,35604,20241103
202410,안산선,신길온천,55181,12511,48769,11953,20241103
202410,안산선,안산,337235,45105,316405,42974,20241103
202410,안산선,산본,381516,122607,405741,123606,20241103
202410,안산선,초지,138560,23099,139244,23088,20241103
202410,안산선,대야미,118728,38586,104851,36277,20241103
202410,안산선,반월,96253,37589,92979,37052,20241103
202410,우이신설선,정릉,96471,53283,83637,49704,20241103
202410,우이신설선,솔밭공원,48376,33437,42913,34961,20241103
202410,우이신설선,북한산우이,72802,43653,64518,45216,20241103
202410,우이신설선,신설동,39872,35823,39600,31530,20241103
202410,우이신설선,보문,33946,17765,33911,18026,20241103
202410,우이신설선,성신여대입구(돈암),77233,35381,89294,33655,20241103
202410,우이신설선,4.19민주묘지,76124,43086,74269,38349,20241103
202410,우이신설선,북한산보국문,147925,51020,134718,49902,20241103
202410,우이신설선,솔샘,130630,45194,118450,46972,20241103
202410,우이신설선,삼양사거리,38671,41683,38837,41136,20241103
202410,우이신설선,삼양,35998,32067,36508,34974,20241103
202410,우이신설선,화계,60844,52131,55359,52203,20241103
202410,우이신설선,가오리,75339,53284,71973,54523,20241103
202410,일산선,화정,394043,139660,404387,142442,20241103
202410,일산선,대화,386479,96347,313528,88985,20241103
202410,일산선,주엽,200485,106652,201197,109298,20241103
202410,일산선,정발산,182872,75708,191488,72652,20241103
202410,일산선,마두,162019,79809,163639,80784,20241103
202410,일산선,백석,223469,86899,227343,86155,20241103
202410,일산선,대곡,81770,16986,60547,14586,20241103
202410,일산선,원당,255714,94679,239451,93734,20241103
202410,일산선,삼송,479683,109520,453968,109677,20241103
202410,일산선,지축,79,0,0,0,20241103
202410,일산선,원흥,273882,75230,261142,71958,20241103
202410,장항선,탕정,52458,8000,46869,7411,20241103
202410,장항선,봉명,29226,12353,29194,11903,20241103
202410,장항선,쌍용(나사렛대),73715,17991,70756,17279,20241103
202410,장항선,아산,127474,15891,111114,15016,20241103
202410,장항선,배방,33649,8090,32987,7720,20241103
202410,장항선,온양온천,97753,66548,99190,66690,20241103
202410,장항선,신창(순천향대),68880,8061,65374,7477,20241103
202410,중앙선,신원,3700,4290,2806,3872,20241103
202410,중앙선,양수,40716,29431,39411,28876,20241103
202410,중앙선,운길산,19386,19564,18114,19870,20241103
202410,중앙선,팔당,20110,11784,21994,11662,20241103
202410,중앙선,도심,56153,23827,43078,21739,20241103
202410,중앙선,지평,866,1200,1012,1344,20241103
202410,중앙선,용문,37368,50021,37380,49439,20241103
202410,중앙선,원덕,5440,7604,5315,7384,20241103
202410,중앙선,양평,69658,43546,70738,44415,20241103
202410,중앙선,오빈,5115,5269,5040,5405,20241103
202410,중앙선,아신,11189,8299,11333,8190,20241103
202410,중앙선,국수,12909,11150,12206,11235,20241103
202410,중앙선,덕소,122052,53318,120802,53693,20241103
202410,중앙선,양정,10548,8602,8929,7710,20241103
202410,중앙선,도농,234939,75532,213626,72992,20241103
202410,중앙선,구리,216822,70365,226118,71937,20241103
202410,중앙선,양원,71150,26141,69548,26147,20241103
202410,중앙선,망우,161301,82340,153832,83546,20241103
202410,중앙선,상봉,136600,49581,135378,47501,20241103
202410,중앙선,중랑,116469,56814,110611,55879,20241103
202410,중앙선,회기,704955,141761,667700,138752,20241103
202409,1호선,청량리(서울시립대입구),381778,277511,368984,278380,20241003
202409,1호선,시청,583651,94039,584557,91987,20241003
202409,1호선,종로3가,442571,268843,400093,246528,20241003
202409,1호선,종로5가,422143,226730,414312,221662,20241003
202409,1호선,동대문,246236,117428,243039,116713,20241003
202409,1호선,신설동,277533,116384,268361,112849,20241003
202409,1호선,제기동,220134,271226,210029,294849,20241003
202409,1호선,서울역,1314401,197979,1250269,188735,20241003
202409,1호선,종각,843839,136353,840970,126379,20241003
202409,1호선,동묘앞,149702,155354,153670,155952,20241003
202409,2호선,구의(광진구청),569991,101273,546812,101459,20241003
202409,2호선,신대방,566470,125335,537372,124914,20241003
202409,2호선,신림,1312864,189547,1265977,189626,20241003
202409,2호선,봉천,509799,144004,465223,142866,20241003
202409,2호선,서울대입구(관악구청),1100942,168295,1063657,159255,20241003
202409,2호선,낙성대(강감찬),649682,107068,626026,108456,20241003
202409,2호선,선릉,1193410,215728,1049555,189988,20241003
202409,2호선,역삼,1101569,131373,1260646,135591,20241003
202409,2호선,강남,1914424,144305,1907587,126245,20241003
202409,2호선,교대(법원.검찰청),649599,140012,777189,164870,20241003
202409,2호선,서초,497989,87446,485493,87127,20241003
202409,2호선,방배,387173,72519,401278,71637,20241003
202409,2호선,사당,915211,199602,1014806,189290,20241003
202409,2호선,삼성(무역센터),1256978,110558,1275772,102388,20241003
202409,2호선,종합운동장,397181,52466,460166,55137,20241003
202409,2호선,잠실새내,547469,110190,531526,109147,20241003
202409,2호선,잠실(송파구청),1937534,204944,1907404,196540,20241003
202409,2호선,잠실나루,308014,82894,295041,82807,20241003
202409,2호선,강변(동서울터미널),693915,110341,652654,106570,20241003
202409,2호선,건대입구,931098,86941,978777,90142,20241003
202409,2호선,성수,1088575,92324,1217543,92574,20241003
202409,2호선,뚝섬,600005,60999,622948,61182,20241003
202409,2호선,한양대,332161,13057,366160,14070,20241003
202409,2호선,왕십리(성동구청),390595,50081,347674,45913,20241003
202409,2호선,상왕십리,325050,65873,315541,67334,20241003
202409,2호선,신당,322770,87528,341328,89365,20241003
202409,2호선,동대문역사문화공원(DDP),366287,53080,427151,57730,20241003
202409,2호선,을지로4가,304150,71503,302611,71326,20241003
202409,2호선,을지로3가,578133,68894,574979,68156,20241003
202409,2호선,을지로입구,1209813,96725,1228295,89817,20241003
202409,2호선,시청,612088,54659,571338,50379,20241003
202409,2호선,구로디지털단지,1290716,192323,1275032,192760,20241003
202409,2호선,대림(구로구청),540878,127189,551306,131018,20241003
202409,2호선,신도림,1167067,220935,1153665,207921,20241003
202409,2호선,문래,502604,84450,523447,84035,20241003
202409,2호선,영등포구청,477468,97240,495745,96179,20241003
202409,2호선,당산,436094,56883,504397,61330,20241003
202409,2호선,합정,819056,65077,897749,66223,20241003
202409,2호선,홍대입구,1948632,94950,2123276,92506,20241003
202409,2호선,신촌,968603,115907,989987,113635,20241003
202409,2호선,이대,432867,48645,481756,52145,20241003
202409,2호선,아현,238753,63101,219631,61730,20241003
202409,2호선,충정로(경기대입구),216954,44202,231974,44607,20241003
202409,2호선,용답,68544,17579,67742,17090,20241003
202409,2호선,신답,33687,9067,37423,9553,20241003
202409,2호선,신설동,73022,31722,68645,33665,20241003
202409,2호선,도림천,25910,8586,26704,9586,20241003
202409,2호선,양천구청,130733,50405,139033,51154,20241003
202409,2호선,신정네거리,202702,70273,208091,71537,20241003
202409,2호선,용두(동대문구청),45521,24144,44956,25412,20241003
202409,3호선,지축,168004,36835,166513,35354,20241003
202409,3호선,구파발,479865,132453,461219,125139,20241003
202409,3호선,연신내,696024,248799,659321,240217,20241003
202409,3호선,불광,327702,137484,344695,154185,20241003
202409,3호선,녹번,336699,77142,301638,76183,20241003
202409,3호선,홍제,358000,136523,335445,134053,20241003
202409,3호선,무악재,87124,32348,84280,34412,20241003
202409,3호선,독립문,145466,71114,153270,71599,20241003
202409,3호선,경복궁(정부서울청사),626861,86067,649267,83906,20241003
202409,3호선,안국,643249,99764,668228,104525,20241003
202409,3호선,종로3가,241834,63099,282142,70437,20241003
202409,3호선,을지로3가,263297,44539,260106,41853,20241003
202409,3호선,충무로,266,4,0,0,20241003
202409,3호선,동대입구,283279,38767,322181,41477,20241003
202409,3호선,약수,273122,79323,268606,74255,20241003
202409,3호선,금호,167346,51259,153897,50596,20241003
202409,3호선,옥수,187503,59017,192011,58672,20241003
202409,3호선,압구정,685243,133066,741646,132291,20241003
202409,3호선,신사,656707,63649,696469,61260,20241003
202409,3호선,잠원,108126,30764,101742,29100,20241003
202409,3호선,고속터미널,1252999,211745,1203629,199367,20241003
202409,3호선,교대(법원.검찰청),354906,79599,206137,45754,20241003
202409,3호선,남부터미널(예술의전당),695139,120411,704808,121352,20241003
202409,3호선,양재(서초구청),800893,139695,867667,140228,20241003
202409,3호선,매봉,251905,69208,242305,64051,20241003
202409,3호선,도곡,126418,27939,125947,26273,20241003
202409,3호선,대치,286945,68778,275797,66546,20241003
202409,3호선,학여울,47239,15762,48971,15242,20241003
202409,3호선,대청,226053,59913,209803,58278,20241003
202409,3호선,일원,218527,66097,209183,66612,20241003
202409,3호선,수서,404838,117486,404303,114054,20241003
202409,3호선,가락시장,166209,78391,162109,77100,20241003
202409,3호선,경찰병원,152436,43075,151180,44136,20241003
202409,3호선,오금,144155,31589,128034,29638,20241003
202409,4호선,노원,492606,111236,574353,113215,20241003
202409,4호선,남태령,31127,8522,23617,7757,20241003
202409,4호선,사당,627933,94343,561231,99239,20241003
202409,4호선,총신대입구(이수),373966,153630,409904,161302,20241003
202409,4호선,동작(현충원),31939,13152,35429,13160,20241003
202409,4호선,이촌(국립중앙박물관),196924,49249,218997,51880,20241003
202409,4호선,신용산,489241,55727,532202,56197,20241003
202409,4호선,삼각지,150048,22779,181727,24458,20241003
202409,4호선,숙대입구(갈월),372394,54444,361209,50184,20241003
202409,4호선,서울역,302984,39437,575176,52248,20241003
202409,4호선,회현(남대문시장),527128,174206,555305,174581,20241003
202409,4호선,명동,950841,73530,1025310,75822,20241003
202409,4호선,충무로,724200,109060,747089,110663,20241003
202409,4호선,동대문역사문화공원(DDP),488231,59578,429486,54050,20241003
202409,4호선,동대문,389935,133216,406063,130001,20241003
202409,4호선,혜화,872611,123069,894683,120969,20241003
202409,4호선,한성대입구(삼선교),335269,73210,323924,71401,20241003
202409,4호선,성신여대입구(돈암),556464,86719,532108,86107,20241003
202409,4호선,길음,480520,118858,479220,117939,20241003
202409,4호선,미아사거리,559738,179176,541659,179223,20241003
202409,4호선,미아(서울사이버대학),319306,114828,302437,115848,20241003
202409,4호선,수유(강북구청),766839,185937,756799,186399,20241003
202409,4호선,쌍문,637348,171767,578329,168001,20241003
202409,4호선,창동,525173,225675,558032,234527,20241003
202409,4호선,상계,413944,125357,380432,121233,20241003
202409,4호선,당고개,193457,76173,160583,74477,20241003
202409,5호선,거여,206898,65856,198863,63416,20241003
202409,5호선,개롱,126240,50489,131883,51697,20241003
202409,5호선,오금,75855,21362,76956,20615,20241003
202409,5호선,방이,152550,49808,156254,49531,20241003
202409,5호선,올림픽공원(한국체대),127061,40477,115945,36189,20241003
202409,5호선,둔촌동,174725,67660,172217,68104,20241003
202409,5호선,상일동,297752,89493,277327,88110,20241003
202409,5호선,고덕,203715,75591,195350,73701,20241003
202409,5호선,명일,158738,67477,158864,68313,20241003
202409,5호선,굽은다리(강동구민회관앞),190487,81148,182411,75851,20241003
202409,5호선,길동,153168,78639,156318,80359,20241003
202409,5호선,강동,392335,110059,382477,107648,20241003
202409,5호선,천호(풍납토성),390035,141224,379513,142413,20241003
202409,5호선,광나루(장신대),251976,65127,240063,64263,20241003
202409,5호선,아차산(어린이대공원후문),317049,102139,306047,98880,20241003
202409,5호선,군자(능동),276828,40752,302754,42872,20241003
202409,5호선,장한평,418509,96803,408337,98526,20241003
202409,5호선,답십리,342962,80828,307390,77905,20241003
202409,5호선,마장,121329,42521,112917,41417,20241003
202409,5호선,마포,315838,62613,320783,61595,20241003
202409,5호선,공덕,323362,47339,341835,45156,20241003
202409,5호선,애오개,139886,37471,136805,35818,20241003
202409,5호선,충정로(경기대입구),102541,14403,106211,14760,20241003
202409,5호선,서대문,438351,68621,444936,64617,20241003
202409,5호선,광화문(세종문화회관),774083,87170,818348,85553,20241003
202409,5호선,종로3가,337911,89379,348436,91607,20241003
202409,5호선,을지로4가,127116,39309,129794,38736,20241003
202409,5호선,동대문역사문화공원(DDP),72156,8035,82438,9047,20241003
202409,5호선,청구,80950,23364,77675,19573,20241003
202409,5호선,신금호,137002,37831,142630,42914,20241003
202409,5호선,행당,167706,50161,146999,44895,20241003
202409,5호선,방화,137285,55935,129695,55226,20241003
202409,5호선,개화산,121415,42147,115387,40350,20241003
202409,5호선,김포공항,296303,53159,184476,44705,20241003
202409,5호선,왕십리(성동구청),101166,25201,120946,25529,20241003
202409,5호선,송정,125583,49129,118063,46888,20241003
202409,5호선,마곡,254992,44378,261537,43421,20241003
202409,5호선,발산,484869,104000,508841,100225,20241003
202409,5호선,우장산,306230,97769,299311,101990,20241003
202409,5호선,화곡,609931,146525,562650,139369,20241003
202409,5호선,까치산,594222,154929,562492,155627,20241003
202409,5호선,신정(은행정),292952,63093,238081,60575,20241003
202409,5호선,목동,362714,80698,389089,82032,20241003
202409,5호선,오목교(목동운동장앞),478479,84776,512562,84473,20241003
202409,5호선,양평,167436,29045,161943,28549,20241003
202409,5호선,영등포구청,100324,19321,98684,19246,20241003
202409,5호선,영등포시장,234774,73221,238496,74733,20241003
202409,5호선,신길,119837,11651,121648,12100,20241003
202409,5호선,여의도,644174,51549,693753,48537,20241003
202409,5호선,여의나루,381080,30635,421824,29977,20241003
202409,5호선,마천,146121,56822,127298,57865,20241003
202409,5호선,강일,118369,43736,105918,41848,20241003
202409,5호선,미사,395877,86451,402963,85837,20241003
202409,5호선,하남풍산,89108,34133,87944,33496,20241003
202409,5호선,하남시청(덕풍?신장),157406,76397,144609,76717,20241003
202409,5호선,하남검단산,132918,55202,125294,54484,20241003
202409,6호선,망원,361335,82767,389230,86371,20241003
202409,6호선,신내,14,0,0,0,20241003
202409,6호선,봉화산(서울의료원),186493,50946,172376,49760,20241003
202409,6호선,화랑대(서울여대입구),275443,49071,216800,44575,20241003
202409,6호선,태릉입구,123530,33194,143737,33257,20241003
202409,6호선,석계,267498,79700,273129,79731,20241003
202409,6호선,돌곶이,218091,61023,195131,59429,20241003
202409,6호선,상월곡(한국과학기술연구원),144329,41585,132576,40169,20241003
202409,6호선,월곡(동덕여대),269741,68583,258154,67683,20241003
202409,6호선,고려대(종암),218589,34229,208550,33588,20241003
202409,6호선,안암(고대병원앞),344414,35506,350185,35113,20241003
202409,6호선,보문,189945,31044,175522,29019,20241003
202409,6호선,창신,78125,19255,63847,18140,20241003
202409,6호선,동묘앞,180738,66007,188547,62316,20241003
202409,6호선,신당,197677,36585,204203,35699,20241003
202409,6호선,청구,85482,19094,81153,20725,20241003
202409,6호선,약수,81282,20330,79651,19988,20241003
202409,6호선,버티고개,44886,14173,42664,15761,20241003
202409,6호선,한강진,275788,15833,329883,15945,20241003
202409,6호선,이태원,308745,28746,345354,28742,20241003
202409,6호선,녹사평(용산구청),132055,17470,136136,16803,20241003
202409,6호선,삼각지,200855,19118,172898,15816,20241003
202409,6호선,효창공원앞,165579,36557,151478,33554,20241003
202409,6호선,공덕,421969,76274,416469,71773,20241003
202409,6호선,대흥(서강대앞),214967,46919,227707,46196,20241003
202409,6호선,광흥창(서강),198044,54013,187853,52917,20241003
202409,6호선,상수,278219,20681,319371,20913,20241003
202409,6호선,합정,346947,40618,344370,37291,20241003
202409,6호선,마포구청,327753,79601,286923,72771,20241003
202409,6호선,월드컵경기장(성산),201129,58500,247172,57505,20241003
202409,6호선,디지털미디어시티,337714,57927,357252,58222,20241003
202409,6호선,증산(명지대앞),196011,71011,193116,70903,20241003
202409,6호선,새절(신사),259061,87899,235769,87807,20241003
202409,6호선,구산,173495,54337,115560,56542,20241003
202409,6호선,연신내,110,2,0,0,20241003
202409,6호선,독바위,55922,21234,56112,26195,20241003
202409,6호선,불광,91403,44453,91755,36788,20241003
202409,6호선,역촌,71554,34882,90196,33847,20241003
202409,6호선,응암,365595,121229,356489,119359,20241003
202409,7호선,천왕,244906,60588,234219,60495,20241003
202409,7호선,온수(성공회대입구),226460,41945,208969,39629,20241003
202409,7호선,상동,1,0,0,0,20241003
202409,7호선,가산디지털단지,945186,87277,948921,82452,20241003
202409,7호선,남구로,322749,61397,338300,62086,20241003
202409,7호선,대림(구로구청),229947,47259,230924,46251,20241003
202409,7호선,신풍,229172,70334,209648,68761,20241003
202409,7호선,보라매,149237,29858,153930,30723,20241003
202409,7호선,신대방삼거리,311307,91535,291408,93925,20241003
202409,7호선,장승배기,181881,67456,174774,68056,20241003
202409,7호선,상도,271899,63770,268765,60486,20241003
202409,7호선,숭실대입구(살피재),347614,63960,346227,65710,20241003
202409,7호선,남성,235314,75071,220206,75543,20241003
202409,7호선,이수,364803,79191,354518,75484,20241003
202409,7호선,내방,307296,71361,309518,68395,20241003
202409,7호선,고속터미널,440913,78496,332411,68739,20241003
202409,7호선,반포,137740,37568,131179,35528,20241003
202409,7호선,논현,423621,42041,443866,41451,20241003
202409,7호선,학동,514727,62241,540688,59468,20241003
202409,7호선,강남구청,354791,49794,398860,51416,20241003
202409,7호선,청담,399891,74672,441076,71612,20241003
202409,7호선,자양(뚝섬한강공원),270302,53196,262155,52998,20241003
202409,7호선,건대입구,328600,61741,343915,56882,20241003
202409,7호선,어린이대공원(세종대),429630,43245,439335,42510,20241003
202409,7호선,군자(능동),323659,83440,248591,71815,20241003
202409,7호선,중곡,231095,64342,212152,64898,20241003
202409,7호선,용마산(용마폭포공원),123569,35112,119418,38545,20241003
202409,7호선,사가정,336818,103038,344847,104158,20241003
202409,7호선,면목,317419,96390,288613,97520,20241003
202409,7호선,상봉,399422,75141,388940,71971,20241003
202409,7호선,중화,223900,63874,217598,63452,20241003
202409,7호선,먹골,209552,66116,205271,67887,20241003
202409,7호선,태릉입구,198464,45404,187605,42354,20241003
202409,7호선,공릉(서울과학기술대),266865,73299,262841,73923,20241003
202409,7호선,하계,382750,111757,354266,106677,20241003
202409,7호선,중계,300780,94260,273574,91566,20241003
202409,7호선,노원,423251,130220,446416,126894,20241003
202409,7호선,마들,264928,92537,246002,91036,20241003
202409,7호선,수락산,248569,102131,241804,103032,20241003
202409,7호선,도봉산,201560,51606,228223,71948,20241003
202409,7호선,장암,61862,13631,24933,10434,20241003
202409,7호선,철산,465642,109377,475814,108176,20241003
202409,7호선,광명사거리,400724,153579,387733,160094,20241003
202409,8호선,신흥,101452,40973,104568,42672,20241003
202409,8호선,남위례,161646,33190,160768,32254,20241003
202409,8호선,모란,87906,60920,71002,48375,20241003
202409,8호선,수진,109043,45335,97610,44183,20241003
202409,8호선,단대오거리,254255,74056,238691,71675,20241003
202409,8호선,남한산성입구(성남법원.검찰청),302434,75542,272886,70482,20241003
202409,8호선,산성,136264,34809,136430,37982,20241003
202409,8호선,복정,224386,41492,189219,37736,20241003
202409,8호선,장지,376518,84404,343963,79534,20241003
202409,8호선,문정,480769,60118,503375,59741,20241003
202409,8호선,가락시장,154328,67221,177481,68805,20241003
202409,8호선,송파,189743,66473,184477,65296,20241003
202409,8호선,석촌,176234,53780,210171,56212,20241003
202409,8호선,잠실(송파구청),425512,82846,504121,82169,20241003
202409,8호선,몽촌토성(평화의문),166723,36725,169559,35443,20241003
202409,8호선,강동구청,214774,66716,219892,67122,20241003
202409,8호선,천호(풍납토성),359466,97785,417882,95139,20241003
202409,8호선,암사,348873,110321,313121,109612,20241003
202409,8호선,암사역사공원,116395,29251,104099,28776,20241003
202409,9호선,신논현,786005,51539,798893,50585,20241003
202409,9호선,개화,62400,13779,42680,11332,20241003
202409,9호선,김포공항,161755,19110,275237,27205,20241003
202409,9호선,공항시장,59862,24342,64267,26531,20241003
202409,9호선,신방화,146552,48099,141452,48440,20241003
202409,9호선,마곡나루(서울식물원),326426,36710,321764,35405,20241003
202409,9호선,양천향교,216995,46758,221017,46729,20241003
202409,9호선,가양,458175,137472,446075,134574,20241003
202409,9호선,증미,166201,38459,159576,38389,20241003
202409,9호선,등촌,241782,86084,228613,86846,20241003
202409,9호선,염창,400078,76094,381046,74463,20241003
202409,9호선,신목동,95146,24506,82845,23228,20241003
202409,9호선,선유도,195332,30895,183100,30041,20241003
202409,9호선,당산,441490,68389,436124,63688,20241003
202409,9호선,국회의사당,363182,57856,380063,52620,20241003
202409,9호선,여의도,701771,51109,680590,47374,20241003
202409,9호선,샛강,135606,28808,135105,28629,20241003
202409,9호선,노량진,640683,86544,638453,86437,20241003
202409,9호선,노들,109648,33558,89575,30716,20241003
202409,9호선,흑석(중앙대입구),207841,56961,210997,57058,20241003
202409,9호선,동작(현충원),45177,15320,38604,13787,20241003
202409,9호선,구반포,25883,9182,25058,8938,20241003
202409,9호선,신반포,91570,28829,90012,28802,20241003
202409,9호선,고속터미널,390165,68295,546065,81913,20241003
202409,9호선,사평,83822,24465,79988,24735,20241003
202409,9호선2~3단계,중앙보훈병원,235419,81333,201599,78962,20241003
202409,9호선2~3단계,언주,269795,30304,274167,30005,20241003
202409,9호선2~3단계,선정릉,224734,27476,243876,28629,20241003
202409,9호선2~3단계,삼성중앙,170329,28650,175945,28152,20241003
202409,9호선2~3단계,봉은사,500257,53582,527159,51328,20241003
202409,9호선2~3단계,종합운동장,124887,21382,122287,19631,20241003
202409,9호선2~3단계,석촌고분,151515,42161,146281,42292,20241003
202409,9호선2~3단계,석촌,219852,42073,193953,37419,20241003
202409,9호선2~3단계,송파나루,125913,30438,135255,32009,20241003
202409,9호선2~3단계,한성백제,70017,18650,62184,16912,20241003
202409,9호선2~3단계,올림픽공원(한국체대),255184,27884,266081,28815,20241003
202409,9호선2~3단계,둔촌오륜,27127,8266,24914,9025,20241003
202409,9호선2~3단계,삼전,175473,41570,162771,40201,20241003
202409,경강선,부발,58535,10740,57145,10692,20241003
202409,경강선,성남,22620,6036,19633,6340,20241003
202409,경강선,여주,74389,21290,73438,21244,20241003
202409,경강선,세종대왕릉,6595,4193,6549,4276,20241003
202409,경강선,이천,76198,15320,80747,16554,20241003
202409,경강선,신둔도예촌,36250,8655,33342,8309,20241003
202409,경강선,곤지암,54630,14980,53990,15415,20241003
202409,경강선,초월,82825,16452,76648,15878,20241003
202409,경강선,경기광주,183165,33597,173902,34045,20241003
202409,경강선,삼동,52738,14001,47401,13927,20241003
202409,경강선,이매,25071,6406,20403,6020,20241003
202409,경강선,판교,136044,18771,131081,16002,20241003
202409,경부선,성균관대,374987,57914,367706,57730,20241003
202409,경부선,석수,188006,46656,170504,44635,20241003
202409,경부선,관악,146257,52724,139570,50812,20241003
202409,경부선,안양,541846,118649,532187,122656,20241003
202409,경부선,명학,191320,40875,188959,39863,20241003
202409,경부선,금정,625509,126496,634925,128278,20241003
202409,경부선,군포,147996,36517,144329,35239,20241003
202409,경부선,의왕,194260,42216,192159,42249,20241003
202409,경부선,화서,294148,48155,287543,46898,20241003
202409,경부선,수원,1037922,157350,1091966,159715,20241003
202409,경부선,독산,377126,66324,381591,68502,20241003
202409,경부선,세류,83091,16712,76387,16290,20241003
202409,경부선,병점,381130,68458,379568,67987,20241003
202409,경부선,세마,76147,16112,70786,15052,20241003
202409,경부선,오산대,89180,17286,82168,16549,20241003
202409,경부선,오산,266112,50303,264869,51015,20241003
202409,경부선,진위,38878,8791,35048,8320,20241003
202409,경부선,송탄,117292,21269,113696,20699,20241003
202409,경부선,서정리,203941,34551,195742,34121,20241003
202409,경부선,평택지제,109986,13362,104710,13056,20241003
202409,경부선,평택,354646,68617,354141,67181,20241003
202409,경부선,성환,148009,20798,142698,20772,20241003
202409,경부선,직산,24730,5620,24360,5233,20241003
202409,경부선,두정,211588,28123,228223,28819,20241003
202409,경부선,천안,179316,56130,164131,54871,20241003
202409,경부선,당정,141573,31226,134600,29774,20241003
202409,경부선,서동탄,34554,7510,29653,7093,20241003
202409,경부선,광명,100115,11781,81847,11438,20241003
202409,경부선,영등포,897957,273437,920564,274168,20241003
202409,경부선,대방,221108,55667,250231,57676,20241003
202409,경부선,노량진,212161,44400,209036,41962,20241003
202409,경부선,용산,1124917,140653,1136515,139248,20241003
202409,경부선,남영,225594,36781,240938,37928,20241003
202409,경부선,서울역,278662,15897,100430,4131,20241003
202409,경부선,신도림,83565,24498,90250,29639,20241003
202409,경부선,신길,188634,44499,155715,41741,20241003
202409,경부선,구로,382513,99986,395299,96672,20241003
202409,경부선,가산디지털단지,393588,36761,451129,40485,20241003
202409,경부선,금천구청,219384,76361,221409,77243,20241003
202409,경원선,동두천,39865,19000,38952,19693,20241003
202409,경원선,소요산,14411,50878,14522,50167,20241003
202409,경원선,청산,2978,2259,2286,1950,20241003
202409,경원선,도봉산,125225,104801,69783,81885,20241003
202409,경원선,전곡,24088,12606,22248,11913,20241003
202409,경원선,연천,14838,24180,13734,24357,20241003
202409,경원선,망월사,172539,69962,172354,71472,20241003
202409,경원선,회룡,214451,151301,208460,149231,20241003
202409,경원선,의정부,432497,120379,444408,121755,20241003
202409,경원선,가능,127220,58975,120968,58648,20241003
202409,경원선,이촌(국립중앙박물관),85736,31294,63208,25931,20241003
202409,경원선,서빙고,48157,19371,44695,18743,20241003
202409,경원선,한남,72955,25448,71507,24352,20241003
202409,경원선,옥수,1784,173,1196,91,20241003
202409,경원선,응봉,35656,16884,28898,14985,20241003
202409,경원선,왕십리(성동구청),406371,78521,403961,79803,20241003
202409,경원선,청량리(서울시립대입구),361754,146406,373723,157054,20241003
202409,경원선,보산,33574,14430,31714,13592,20241003
202409,경원선,외대앞,246602,46699,240511,46505,20241003
202409,경원선,녹양,82424,37934,78276,36333,20241003
202409,경원선,양주,164262,63231,155286,61143,20241003
202409,경원선,덕계,137398,36500,123470,35220,20241003
202409,경원선,덕정,149107,36725,139343,36579,20241003
202409,경원선,지행,146086,46710,149340,46682,20241003
202409,경원선,동두천중앙,53150,35624,50778,35082,20241003
202409,경원선,월계,144423,61336,129301,58485,20241003
202409,경원선,광운대,189967,57204,183287,55712,20241003
202409,경원선,석계,151499,59196,172213,63848,20241003
202409,경원선,도봉,94915,71190,87999,69757,20241003
202409,경원선,신이문,167530,68100,150930,66184,20241003
202409,경원선,방학,169772,109202,162677,106136,20241003
202409,경원선,창동,77,2,0,0,20241003
202409,경원선,녹천,85410,37417,69183,33887,20241003
202409,경의선,운정,180424,41633,164300,40666,20241003
202409,경의선,신촌,22524,3470,27778,4324,20241003
202409,경의선,효창공원앞,73012,15967,80389,17831,20241003
202409,경의선,서강대,55158,11738,55438,10958,20241003
202409,경의선,가좌,119776,44446,113197,44188,20241003
202409,경의선,수색,69456,18446,70639,18423,20241003
202409,경의선,한국항공대,72462,9168,67502,9075,20241003
202409,경의선,강매,68939,18195,57287,17065,20241003
202409,경의선,행신,189921,36384,188191,37105,20241003
202409,경의선,능곡,100631,34147,92889,33824,20241003
202409,경의선,곡산,12542,5800,12705,5850,20241003
202409,경의선,백마,164675,38113,158576,37768,20241003
202409,경의선,풍산,133004,41530,124339,40356,20241003
202409,경의선,일산,232996,69914,225998,70323,20241003
202409,경의선,탄현,174916,41807,167143,41168,20241003
202409,경의선,야당,210683,41381,213881,40420,20241003
202409,경의선,금릉,124633,30552,117333,29816,20241003
202409,경의선,금촌,146941,46550,142038,46751,20241003
202409,경의선,월롱,48294,8870,43084,9438,20241003
202409,경의선,파주,33899,7898,26670,7106,20241003
202409,경의선,문산,118589,45487,115599,45363,20241003
202409,경의선,임진강,767,782,810,670,20241003
202409,경의선,운천,73,140,33,128,20241003
202409,경의선,서울역,94567,16598,117019,18758,20241003
202409,경의선,공덕,98732,15256,78022,14591,20241003
202409,경의선,홍대입구,60370,5471,72977,6101,20241003
202409,경의선,디지털미디어시티,67330,12660,61954,13631,20241003
202409,경의선,계양,9,0,0,0,20241003
202409,경의선,검암,2,0,0,0,20241003
202409,경인선,도화,78416,40129,69751,38660,20241003
202409,경인선,개봉,431963,161408,417957,166911,20241003
202409,경인선,오류동,229804,90270,208944,87433,20241003
202409,경인선,역곡,576314,152202,568725,157096,20241003
202409,경인선,부천,676409,231805,673569,235270,20241003
202409,경인선,송내,573535,128791,563819,128300,20241003
202409,경인선,부평,685686,151032,730793,156653,20241003
202409,경인선,백운,147224,61859,139834,61467,20241003
202409,경인선,동암,327174,109108,328235,110587,20241003
202409,경인선,주안,435535,94456,390943,84532,20241003
202409,경인선,제물포,231951,66546,221296,65684,20241003
202409,경인선,동인천,272328,118278,252869,115981,20241003
202409,경인선,인천,88599,43301,68327,39425,20241003
202409,경인선,구일,161607,47766,165362,47355,20241003
202409,경인선,소사,158749,57778,149728,56167,20241003
202409,경인선,부개,170300,69379,156369,67252,20241003
202409,경인선,간석,113814,47577,107572,45970,20241003
202409,경인선,도원,64904,29038,64713,30148,20241003
202409,경인선,온수(성공회대입구),131865,51707,120455,49660,20241003
202409,경인선,중동,176641,76202,161129,74668,20241003
202409,경춘선,김유정,8222,4667,8749,4917,20241003
202409,경춘선,신내,55309,19813,50061,19148,20241003
202409,경춘선,갈매,55505,20499,47426,19050,20241003
202409,경춘선,별내,54710,21452,48072,19223,20241003
202409,경춘선,퇴계원,66605,30360,59616,29191,20241003
202409,경춘선,사릉,45297,17098,42938,17074,20241003
202409,경춘선,금곡,26679,17110,25315,16684,20241003
202409,경춘선,평내호평,131102,49038,127033,47306,20241003
202409,경춘선,천마산,27095,18191,23891,18231,20241003
202409,경춘선,마석,80067,37164,77549,37266,20241003
202409,경춘선,대성리,17719,6745,18091,6422,20241003
202409,경춘선,청평,36182,21065,34324,20938,20241003
202409,경춘선,상천,4444,5898,3996,5763,20241003
202409,경춘선,가평,50529,19935,49537,19612,20241003
202409,경춘선,굴봉산,1665,2371,1566,2374,20241003
202409,경춘선,백양리,1494,1566,1345,1492,20241003
202409,경춘선,강촌,11421,5467,10829,5499,20241003
202409,경춘선,남춘천,68355,26919,68906,27901,20241003
202409,경춘선,춘천,40515,17432,35896,14789,20241003
202409,공항철도 1호선,영종,98614,22611,99545,22444,20241003
202409,공항철도 1호선,서울역,401160,34740,355702,31387,20241003
202409,공항철도 1호선,공덕,73469,8892,98373,10573,20241003
202409,공항철도 1호선,홍대입구,415335,19573,399316,18132,20241003
202409,공항철도 1호선,디지털미디어시티,329120,27874,305793,26513,20241003
202409,공항철도 1호선,마곡나루(서울식물원),254999,15519,244627,15583,20241003
202409,공항철도 1호선,김포공항,259691,23552,150988,14974,20241003
202409,공항철도 1호선,계양,326416,37750,307704,36104,20241003
202409,공항철도 1호선,검암,158727,17157,164000,17305,20241003
202409,공항철도 1호선,청라국제도시,189664,15818,180849,15669,20241003
202409,공항철도 1호선,운서,245535,30865,260921,31232,20241003
202409,공항철도 1호선,공항화물청사,44119,9558,56697,9477,20241003
202409,공항철도 1호선,인천공항1터미널,427619,41439,407165,39259,20241003
202409,공항철도 1호선,인천공항2터미널,211486,21598,179102,18943,20241003
202409,과천선,인덕원,541115,119647,550368,124180,20241003
202409,과천선,선바위,168966,34534,143171,33229,20241003
202409,과천선,경마공원,81195,70154,81949,69874,20241003
202409,과천선,대공원,79580,38130,80601,39261,20241003
202409,과천선,과천,133278,47819,119058,45181,20241003
202409,과천선,정부과천청사,260082,58774,271589,58440,20241003
202409,과천선,범계,627134,119052,627660,116892,20241003
202409,과천선,평촌,383017,66322,366484,65810,20241003
202409,분당선,대모산입구,124056,37757,115045,37128,20241003
202409,분당선,매교,116673,25849,114659,26152,20241003
202409,분당선,수원시청,330026,47853,359531,49278,20241003
202409,분당선,매탄권선,124212,23681,118030,22872,20241003
202409,분당선,망포,359490,42515,342479,40945,20241003
202409,분당선,영통,220005,34022,221077,33883,20241003
202409,분당선,청명,103046,22374,99782,22600,20241003
202409,분당선,상갈,116357,31748,111300,30941,20241003
202409,분당선,기흥,250183,45932,234329,45623,20241003
202409,분당선,신갈,96027,30432,93515,30235,20241003
202409,분당선,구성,138076,39955,140235,40152,20241003
202409,분당선,죽전,314029,74055,349819,79602,20241003
202409,분당선,보정,48591,20123,42913,18925,20241003
202409,분당선,이매,120806,39340,113082,38558,20241003
202409,분당선,오리,231886,73873,189077,63584,20241003
202409,분당선,미금,297785,110291,310060,115855,20241003
202409,분당선,정자,401875,68067,419906,68294,20241003
202409,분당선,수내,283739,75912,286286,74598,20241003
202409,분당선,서현,523353,125424,538461,121777,20241003
202409,분당선,야탑,522029,160789,554490,161838,20241003
202409,분당선,모란,401372,177739,401012,195104,20241003
202409,분당선,태평,278072,91279,253125,94227,20241003
202409,분당선,가천대,277046,28040,285511,28394,20241003
202409,분당선,선정릉,154331,30908,161947,30151,20241003
202409,분당선,강남구청,200706,38183,237305,41689,20241003
202409,분당선,압구정로데오,461540,45601,519388,43859,20241003
202409,분당선,서울숲,311175,32002,317196,31279,20241003
202409,분당선,수원,204664,34271,186903,32088,20241003
202409,분당선,복정,150,3,0,0,20241003
202409,분당선,수서,392592,74512,409078,78428,20241003
202409,분당선,개포동,92479,32006,93232,32853,20241003
202409,분당선,구룡,69746,26843,67355,26589,20241003
202409,분당선,도곡,144522,50527,148285,49077,20241003
202409,분당선,한티,368110,70918,390180,72446,20241003
202409,분당선,선릉,269929,43763,417377,58370,20241003
202409,서해선,김포공항,74404,10682,96627,17233,20241003
202409,서해선,부천종합운동장,64604,8415,53471,6520,20241003
202409,서해선,원종,93264,39307,91182,40248,20241003
202409,수인선,어천,33526,8163,31844,8827,20241003
202409,수인선,야목,8661,2973,7231,2498,20241003
202409,수인선,사리,119972,20900,102453,18963,20241003
202409,수인선,달월,1449,926,1372,579,20241003
202409,수인선,월곶,66381,20160,58822,19965,20241003
202409,수인선,소래포구,112125,67348,109757,66093,20241003
202409,수인선,인천논현,116298,37275,124925,37857,20241003
202409,수인선,호구포,82754,22733,85271,22477,20241003
202409,수인선,남동인더스파크,49502,6642,55535,6815,20241003
202409,수인선,원인재,90901,34593,94502,35050,20241003
202409,수인선,연수,105519,33952,103122,33878,20241003
202409,수인선,송도,45873,21734,40705,21073,20241003
202409,수인선,인하대,176083,31142,166609,29863,20241003
202409,수인선,숭의,84003,31194,76055,29512,20241003
202409,수인선,신포,37897,14690,38061,14702,20241003
202409,수인선,인천,21471,15282,36923,19566,20241003
202409,수인선,고색,122901,21164,117695,19674,20241003
202409,수인선,오목천,112892,18179,96076,17682,20241003
202409,신림선,당곡,93075,39706,88979,38951,20241003
202409,신림선,샛강,56279,14600,68605,13850,20241003
202409,신림선,대방,65116,17627,47669,14970,20241003
202409,신림선,서울지방병무청,59746,25321,64033,27255,20241003
202409,신림선,보라매,88735,24840,79642,22117,20241003
202409,신림선,보라매공원,43371,17269,46315,18012,20241003
202409,신림선,보라매병원,135194,53031,143099,52590,20241003
202409,신림선,신림,41008,18411,50285,21064,20241003
202409,신림선,서원,72106,25267,60724,24672,20241003
202409,신림선,서울대벤처타운,200615,64579,177073,63780,20241003
202409,신림선,관악산(서울대),61039,37036,62906,37120,20241003
202409,안산선,산본,340388,106258,363520,107457,20241003
202409,안산선,대야미,106033,33517,92868,31453,20241003
202409,안산선,반월,86656,32597,83665,32219,20241003
202409,안산선,수리산,79433,31666,63533,29341,20241003
202409,안산선,상록수,359423,71717,361685,72855,20241003
202409,안산선,한대앞,236812,44901,235793,46596,20241003
202409,안산선,중앙,457739,68277,483843,67851,20241003
202409,안산선,고잔,212254,38279,202556,36730,20241003
202409,안산선,초지,123805,19118,124285,19337,20241003
202409,안산선,안산,334678,38952,316785,37493,20241003
202409,안산선,신길온천,49250,10897,43658,10357,20241003
202409,안산선,정왕,263774,30933,264301,32129,20241003
202409,안산선,오이도,197451,37481,194944,37465,20241003
202409,우이신설선,솔샘,118324,40824,106811,42440,20241003
202409,우이신설선,북한산우이,58715,36492,51712,37738,20241003
202409,우이신설선,솔밭공원,44583,30031,39736,31546,20241003
202409,우이신설선,4.19민주묘지,68204,37910,67505,33740,20241003
202409,우이신설선,가오리,69714,50774,66938,51964,20241003
202409,우이신설선,화계,55460,46527,50396,46806,20241003
202409,우이신설선,삼양,31248,28998,31678,31428,20241003
202409,우이신설선,삼양사거리,35184,37646,34803,37200,20241003
202409,우이신설선,북한산보국문,135075,44165,123080,43237,20241003
202409,우이신설선,정릉,86253,47094,74933,43387,20241003
202409,우이신설선,성신여대입구(돈암),72483,31500,83675,30320,20241003
202409,우이신설선,보문,31435,16068,31065,16288,20241003
202409,우이신설선,신설동,34473,31059,34162,28086,20241003
202409,일산선,대화,298285,83918,227957,77601,20241003
202409,일산선,원흥,246058,65776,234022,63015,20241003
202409,일산선,지축,53,1,0,0,20241003
202409,일산선,삼송,435283,97481,411018,97780,20241003
202409,일산선,원당,224187,80801,209960,80594,20241003
202409,일산선,화정,350409,121591,359599,123187,20241003
202409,일산선,대곡,72630,14320,52955,12511,20241003
202409,일산선,백석,200838,76741,205000,76418,20241003
202409,일산선,마두,145552,69285,147367,70702,20241003
202409,일산선,정발산,148495,56532,154431,54045,20241003
202409,일산선,주엽,176709,93136,177352,95294,20241003
202409,장항선,신창(순천향대),64378,7457,62601,6797,20241003
202409,장항선,봉명,26220,10393,26240,10067,20241003
202409,장항선,쌍용(나사렛대),66132,14687,63375,14090,20241003
202409,장항선,아산,118809,13321,102492,12517,20241003
202409,장항선,배방,30048,6632,29539,6405,20241003
202409,장항선,온양온천,89831,53918,91516,54382,20241003
202409,장항선,탕정,45743,6812,41578,6377,20241003
202409,중앙선,상봉,123850,43567,122522,41751,20241003
202409,중앙선,팔당,17247,9939,18392,9711,20241003
202409,중앙선,도심,50714,20624,38759,18757,20241003
202409,중앙선,덕소,110217,46158,108957,46632,20241003
202409,중앙선,양정,9322,7608,7737,6960,20241003
202409,중앙선,도농,212350,64702,190493,62501,20241003
202409,중앙선,구리,199611,60472,207425,61797,20241003
202409,중앙선,양원,63971,22525,62129,22705,20241003
202409,중앙선,망우,146198,71233,139418,71668,20241003
202409,중앙선,중랑,106304,49900,100793,49314,20241003
202409,중앙선,회기,646916,118939,614988,115717,20241003
202409,중앙선,지평,865,1062,1004,1090,20241003
202409,중앙선,용문,33035,38831,32610,38556,20241003
202409,중앙선,원덕,5214,6390,4836,6138,20241003
202409,중앙선,양평,63711,36327,63940,36895,20241003
202409,중앙선,오빈,4769,4528,4592,4610,20241003
202409,중앙선,아신,10142,7252,10768,7471,20241003
202409,중앙선,국수,11924,9455,11200,9580,20241003
202409,중앙선,신원,2948,4146,2416,3815,20241003
202409,중앙선,양수,36055,24018,35255,23954,20241003
202409,중앙선,운길산,12939,11232,11981,11415,20241003
202408,1호선,동묘앞,143866,138732,144748,138584,20240903
202408,1호선,종로3가,441611,260927,405377,240111,20240903
202408,1호선,종각,930928,138968,928840,129406,20240903
202408,1호선,시청,606007,98200,610797,95669,20240903
202408,1호선,서울역,1407719,199799,1321125,190124,20240903
202408,1호선,청량리(서울시립대입구),376838,278510,364622,283470,20240903
202408,1호선,제기동,224270,248075,212464,263675,20240903
202408,1호선,동대문,223591,114899,216447,113569,20240903
202408,1호선,종로5가,436990,227270,426999,220774,20240903
202408,1호선,신설동,283898,115092,275451,112469,20240903
202408,2호선,신대방,590432,127652,558274,127332,20240903
202408,2호선,시청,664335,57348,620202,52671,20240903
202408,2호선,을지로입구,1291467,99577,1319526,92561,20240903
202408,2호선,을지로3가,625372,68400,623457,66163,20240903
202408,2호선,을지로4가,325558,71567,320688,69607,20240903
202408,2호선,동대문역사문화공원(DDP),379213,53404,438835,57805,20240903
202408,2호선,신당,330386,88592,349134,90513,20240903
202408,2호선,상왕십리,335684,67843,327831,69463,20240903
202408,2호선,왕십리(성동구청),387795,50688,360320,46786,20240903
202408,2호선,한양대,198675,12081,210258,12766,20240903
202408,2호선,뚝섬,624695,61845,654511,62204,20240903
202408,2호선,성수,1121166,93937,1238211,94377,20240903
202408,2호선,건대입구,932728,88126,997043,91230,20240903
202408,2호선,구의(광진구청),600038,102652,577017,103209,20240903
202408,2호선,강변(동서울터미널),743280,110188,707227,107744,20240903
202408,2호선,잠실나루,321432,84088,307227,83365,20240903
202408,2호선,잠실(송파구청),2172606,216928,2127004,210660,20240903
202408,2호선,잠실새내,575636,111934,569761,110030,20240903
202408,2호선,종합운동장,444894,50972,496166,53130,20240903
202408,2호선,삼성(무역센터),1463111,122646,1476291,113383,20240903
202408,2호선,선릉,1322055,233681,1163207,205894,20240903
202408,2호선,역삼,1229925,135873,1405059,139743,20240903
202408,2호선,강남,2153301,149637,2131810,129818,20240903
202408,2호선,교대(법원.검찰청),692801,136195,827526,157599,20240903
202408,2호선,서초,522258,80004,499970,79046,20240903
202408,2호선,방배,351251,70033,362892,69106,20240903
202408,2호선,사당,962413,185576,1069206,179990,20240903
202408,2호선,낙성대(강감찬),678830,109625,646662,110860,20240903
202408,2호선,서울대입구(관악구청),1126524,175720,1099600,165680,20240903
202408,2호선,봉천,537615,150455,493500,150546,20240903
202408,2호선,신림,1390669,196631,1335762,194784,20240903
202408,2호선,구로디지털단지,1381162,200215,1365741,202012,20240903
202408,2호선,대림(구로구청),553529,127649,563073,131383,20240903
202408,2호선,신도림,1232944,229008,1212202,215756,20240903
202408,2호선,문래,536176,88147,558179,87115,20240903
202408,2호선,영등포구청,506955,99290,524985,97255,20240903
202408,2호선,당산,426134,53533,496620,58376,20240903
202408,2호선,합정,883412,64508,972065,65160,20240903
202408,2호선,홍대입구,2097624,95277,2269589,92668,20240903
202408,2호선,신촌,948728,119648,972607,117407,20240903
202408,2호선,이대,380375,48873,416820,51903,20240903
202408,2호선,아현,240858,64376,219319,63325,20240903
202408,2호선,충정로(경기대입구),228692,45142,242183,45257,20240903
202408,2호선,용답,63688,17745,61380,17539,20240903
202408,2호선,신답,35401,9041,39526,9680,20240903
202408,2호선,신설동,74802,30717,71049,32761,20240903
202408,2호선,도림천,28299,8730,29134,9553,20240903
202408,2호선,양천구청,133595,49592,141400,50441,20240903
202408,2호선,신정네거리,208249,71704,216107,73008,20240903
202408,2호선,용두(동대문구청),47643,22643,47019,23761,20240903
202408,3호선,약수,283463,80925,277964,75306,20240903
202408,3호선,구파발,490912,134620,482179,130515,20240903
202408,3호선,연신내,724966,252251,682601,243001,20240903
202408,3호선,불광,330768,140072,349820,156938,20240903
202408,3호선,녹번,344370,77612,306181,75737,20240903
202408,3호선,홍제,357533,135840,333841,134671,20240903
202408,3호선,무악재,91130,32609,85180,34662,20240903
202408,3호선,독립문,152339,67887,153063,66374,20240903
202408,3호선,경복궁(정부서울청사),578245,76792,590087,73055,20240903
202408,3호선,안국,644247,95389,661100,99842,20240903
202408,3호선,종로3가,251009,63670,285961,70205,20240903
202408,3호선,을지로3가,277508,44813,279439,42248,20240903
202408,3호선,충무로,321,6,0,0,20240903
202408,3호선,동대입구,225238,34625,247893,35819,20240903
202408,3호선,지축,174406,35916,173420,34445,20240903
202408,3호선,금호,171795,52045,158448,51107,20240903
202408,3호선,옥수,189487,58380,196874,57914,20240903
202408,3호선,압구정,737758,127687,797452,125938,20240903
202408,3호선,신사,707864,66323,750814,63386,20240903
202408,3호선,잠원,111677,31086,107589,29447,20240903
202408,3호선,고속터미널,1300052,228590,1243798,215744,20240903
202408,3호선,교대(법원.검찰청),370443,76373,215780,46863,20240903
202408,3호선,남부터미널(예술의전당),725983,117411,738745,118540,20240903
202408,3호선,양재(서초구청),851180,136908,923053,137714,20240903
202408,3호선,매봉,268892,69707,260226,64314,20240903
202408,3호선,도곡,132573,29427,130194,26713,20240903
202408,3호선,대치,307670,68589,293614,66297,20240903
202408,3호선,학여울,74429,17160,76569,16812,20240903
202408,3호선,대청,237236,60639,219954,58941,20240903
202408,3호선,일원,228560,66456,219694,66673,20240903
202408,3호선,수서,419577,116508,417694,113089,20240903
202408,3호선,가락시장,171436,75526,165749,73971,20240903
202408,3호선,경찰병원,162950,44242,162884,45304,20240903
202408,3호선,오금,150441,31372,133022,29318,20240903
202408,4호선,남태령,32367,8603,25700,7893,20240903
202408,4호선,당고개,197274,81817,163895,80130,20240903
202408,4호선,상계,416024,122469,379798,118793,20240903
202408,4호선,노원,646427,149881,733399,154470,20240903
202408,4호선,창동,531622,222289,563724,230341,20240903
202408,4호선,쌍문,647466,173547,588582,170131,20240903
202408,4호선,수유(강북구청),765298,188937,761390,189087,20240903
202408,4호선,미아(서울사이버대학),310489,115486,292059,116576,20240903
202408,4호선,미아사거리,572104,184849,556070,185579,20240903
202408,4호선,길음,459093,120103,443026,119916,20240903
202408,4호선,성신여대입구(돈암),514943,87346,502759,87470,20240903
202408,4호선,한성대입구(삼선교),299088,72015,285373,69131,20240903
202408,4호선,혜화,909898,123691,930746,121384,20240903
202408,4호선,사당,654563,94766,567185,94992,20240903
202408,4호선,동대문,398416,134826,417533,130541,20240903
202408,4호선,동대문역사문화공원(DDP),509775,60607,442204,54216,20240903
202408,4호선,충무로,706584,107487,733544,108070,20240903
202408,4호선,명동,931074,69772,1009560,71479,20240903
202408,4호선,회현(남대문시장),546985,183190,571043,182753,20240903
202408,4호선,서울역,322247,40376,616588,53009,20240903
202408,4호선,숙대입구(갈월),346217,54980,340211,50866,20240903
202408,4호선,삼각지,160587,22270,192889,23146,20240903
202408,4호선,신용산,520173,55504,564377,56242,20240903
202408,4호선,이촌(국립중앙박물관),224341,48399,242261,50858,20240903
202408,4호선,동작(현충원),27024,11091,30075,10982,20240903
202408,4호선,총신대입구(이수),386495,149009,420761,156792,20240903
202408,5호선,충정로(경기대입구),108257,14880,110627,15192,20240903
202408,5호선,방화,140784,58801,133067,58224,20240903
202408,5호선,개화산,127333,42633,121650,40836,20240903
202408,5호선,김포공항,303834,65100,196617,55618,20240903
202408,5호선,송정,131778,50134,123061,48091,20240903
202408,5호선,마곡,281083,45737,286005,44899,20240903
202408,5호선,발산,515326,104621,539982,101315,20240903
202408,5호선,우장산,311804,99732,304615,103764,20240903
202408,5호선,화곡,635145,149602,586300,142724,20240903
202408,5호선,까치산,620772,158149,588277,158992,20240903
202408,5호선,신정(은행정),304285,64693,247369,62916,20240903
202408,5호선,목동,375793,81565,402228,83006,20240903
202408,5호선,오목교(목동운동장앞),504837,88003,538804,87638,20240903
202408,5호선,양평,178960,30563,173374,29840,20240903
202408,5호선,영등포구청,106859,20002,104028,19638,20240903
202408,5호선,영등포시장,249111,76635,250402,78060,20240903
202408,5호선,신길,129584,12425,130461,12691,20240903
202408,5호선,여의도,728196,54927,773628,51275,20240903
202408,5호선,여의나루,353048,30625,406577,30172,20240903
202408,5호선,마포,338531,63078,346573,61918,20240903
202408,5호선,공덕,341158,46755,363523,44268,20240903
202408,5호선,애오개,147860,38828,145204,37029,20240903
202408,5호선,서대문,454992,69172,462183,64726,20240903
202408,5호선,광화문(세종문화회관),814315,88266,863330,86497,20240903
202408,5호선,종로3가,343628,90255,351902,93054,20240903
202408,5호선,을지로4가,132039,38477,137232,38601,20240903
202408,5호선,동대문역사문화공원(DDP),78266,8331,89075,9472,20240903
202408,5호선,청구,82717,23969,81717,20427,20240903
202408,5호선,신금호,139232,38562,143863,43611,20240903
202408,5호선,행당,172875,51384,152632,46265,20240903
202408,5호선,왕십리(성동구청),104563,25708,127088,25969,20240903
202408,5호선,마장,119626,41737,109560,40711,20240903
202408,5호선,답십리,355872,83150,318102,80080,20240903
202408,5호선,장한평,438261,99238,428681,101249,20240903
202408,5호선,군자(능동),282696,37622,309434,41941,20240903
202408,5호선,아차산(어린이대공원후문),312064,98799,304453,97264,20240903
202408,5호선,광나루(장신대),269738,65914,250684,62959,20240903
202408,5호선,천호(풍납토성),418570,150850,402410,152454,20240903
202408,5호선,강동,411801,114240,400472,111222,20240903
202408,5호선,길동,160962,80101,165447,82050,20240903
202408,5호선,굽은다리(강동구민회관앞),200340,84593,194931,79972,20240903
202408,5호선,명일,167236,67261,168475,69290,20240903
202408,5호선,고덕,213506,77031,206592,75363,20240903
202408,5호선,상일동,310089,90776,291799,89612,20240903
202408,5호선,둔촌동,181931,67766,180096,68297,20240903
202408,5호선,올림픽공원(한국체대),119375,40406,109331,35088,20240903
202408,5호선,방이,157170,49996,161451,49176,20240903
202408,5호선,오금,78190,21902,79706,20916,20240903
202408,5호선,개롱,128971,53383,134179,54961,20240903
202408,5호선,거여,211278,66443,203929,64594,20240903
202408,5호선,마천,147055,57568,128702,58756,20240903
202408,5호선,강일,120339,42808,108821,41823,20240903
202408,5호선,미사,416012,86472,423927,86018,20240903
202408,5호선,하남풍산,93262,34147,93443,33992,20240903
202408,5호선,하남시청(덕풍?신장),158754,75556,146909,75489,20240903
202408,5호선,하남검단산,137978,56649,129661,55870,20240903
202408,6호선,응암,370952,121147,363562,120597,20240903
202408,6호선,역촌,74270,36944,91955,35844,20240903
202408,6호선,불광,97471,48060,96657,39094,20240903
202408,6호선,독바위,58639,21983,58029,26704,20240903
202408,6호선,연신내,103,3,0,0,20240903
202408,6호선,구산,177718,55910,122398,59086,20240903
202408,6호선,새절(신사),262093,89694,236687,89821,20240903
202408,6호선,증산(명지대앞),199285,72380,195392,72837,20240903
202408,6호선,디지털미디어시티,342608,57360,371437,57585,20240903
202408,6호선,월드컵경기장(성산),129622,52220,150784,50795,20240903
202408,6호선,마포구청,329132,80999,295156,75003,20240903
202408,6호선,망원,366850,80990,395883,84946,20240903
202408,6호선,합정,365217,40346,356564,37214,20240903
202408,6호선,상수,271534,20505,311146,20537,20240903
202408,6호선,광흥창(서강),206251,53974,196265,52732,20240903
202408,6호선,대흥(서강대앞),198380,46494,208576,46011,20240903
202408,6호선,공덕,445514,76651,435343,73102,20240903
202408,6호선,효창공원앞,162013,36734,141025,33801,20240903
202408,6호선,삼각지,203497,20342,176060,16164,20240903
202408,6호선,녹사평(용산구청),131761,17021,134394,16318,20240903
202408,6호선,이태원,306530,28157,349591,28237,20240903
202408,6호선,한강진,267984,15498,318621,15121,20240903
202408,6호선,버티고개,45127,14316,44081,15803,20240903
202408,6호선,약수,83195,21046,82193,21020,20240903
202408,6호선,청구,88780,19876,82810,21124,20240903
202408,6호선,신당,203235,38257,206998,37489,20240903
202408,6호선,동묘앞,176397,64264,181751,61935,20240903
202408,6호선,창신,75703,20180,58552,18876,20240903
202408,6호선,보문,187433,31172,171323,29170,20240903
202408,6호선,안암(고대병원앞),265617,37225,263732,36273,20240903
202408,6호선,고려대(종암),191391,34392,180906,33524,20240903
202408,6호선,월곡(동덕여대),247492,70390,242017,69754,20240903
202408,6호선,상월곡(한국과학기술연구원),136885,41858,119790,40730,20240903
202408,6호선,돌곶이,221116,64363,198876,63227,20240903
202408,6호선,석계,264353,81218,266750,80909,20240903
202408,6호선,태릉입구,121653,34031,135790,34503,20240903
202408,6호선,화랑대(서울여대입구),257409,49681,200413,44447,20240903
202408,6호선,봉화산(서울의료원),192096,52020,177869,51265,20240903
202408,6호선,신내,16,0,0,0,20240903
202408,7호선,장암,62853,15794,26102,12781,20240903
202408,7호선,도봉산,195562,51307,222385,72815,20240903
202408,7호선,수락산,259324,107063,254855,107870,20240903
202408,7호선,마들,270228,94154,249302,92584,20240903
202408,7호선,노원,532815,157089,559980,153326,20240903
202408,7호선,중계,303978,91640,272600,88659,20240903
202408,7호선,하계,382086,113444,350985,108360,20240903
202408,7호선,공릉(서울과학기술대),255182,73771,250731,73883,20240903
202408,7호선,태릉입구,191291,47207,180368,44518,20240903
202408,7호선,먹골,217711,69211,213887,70666,20240903
202408,7호선,중화,227619,66349,219706,65669,20240903
202408,7호선,상봉,420070,74056,406187,70655,20240903
202408,7호선,면목,310426,98577,284330,100465,20240903
202408,7호선,사가정,345285,103312,349613,104777,20240903
202408,7호선,용마산(용마폭포공원),125678,35931,119416,38942,20240903
202408,7호선,중곡,238154,65762,220119,67067,20240903
202408,7호선,군자(능동),342780,88089,264303,74799,20240903
202408,7호선,어린이대공원(세종대),340999,41286,332347,40643,20240903
202408,7호선,건대입구,315075,64263,329276,59354,20240903
202408,7호선,자양(뚝섬한강공원),219351,50043,210572,49877,20240903
202408,7호선,청담,424004,76320,469032,72881,20240903
202408,7호선,강남구청,383018,50290,430201,51729,20240903
202408,7호선,학동,563984,63859,589533,60436,20240903
202408,7호선,논현,453512,43773,473228,42786,20240903
202408,7호선,반포,143002,39859,136514,37472,20240903
202408,7호선,고속터미널,443870,78298,342695,70275,20240903
202408,7호선,내방,322044,72568,325881,69876,20240903
202408,7호선,이수,385927,80734,377920,77880,20240903
202408,7호선,남성,242541,77945,224954,78351,20240903
202408,7호선,숭실대입구(살피재),275900,64186,271997,65967,20240903
202408,7호선,상도,250531,64937,242288,61672,20240903
202408,7호선,장승배기,189483,70332,182144,71186,20240903
202408,7호선,신대방삼거리,321600,96813,301281,99967,20240903
202408,7호선,보라매,152756,30565,157186,31025,20240903
202408,7호선,신풍,237024,74123,217023,72444,20240903
202408,7호선,대림(구로구청),226264,49115,230166,48881,20240903
202408,7호선,남구로,339027,63071,356945,63679,20240903
202408,7호선,가산디지털단지,1036982,93937,1032433,88272,20240903
202408,7호선,철산,482756,115359,493376,113925,20240903
202408,7호선,광명사거리,408581,153845,396500,160878,20240903
202408,7호선,천왕,252468,60382,240150,60839,20240903
202408,7호선,온수(성공회대입구),219186,42589,200027,40182,20240903
202408,8호선,남위례,163557,32111,164199,30999,20240903
202408,8호선,암사역사공원,78786,22136,71907,21961,20240903
202408,8호선,암사,384088,115385,340881,113948,20240903
202408,8호선,천호(풍납토성),375321,100025,436516,97419,20240903
202408,8호선,강동구청,223760,66869,230041,67501,20240903
202408,8호선,몽촌토성(평화의문),165894,31573,169233,30432,20240903
202408,8호선,잠실(송파구청),462854,90889,542095,88855,20240903
202408,8호선,석촌,187113,56355,219085,58409,20240903
202408,8호선,송파,199089,67126,194181,66401,20240903
202408,8호선,가락시장,159480,63674,179612,63753,20240903
202408,8호선,문정,516822,62050,540421,61757,20240903
202408,8호선,장지,401501,87632,370484,83029,20240903
202408,8호선,복정,223389,40517,186366,36574,20240903
202408,8호선,산성,139298,34549,139860,37299,20240903
202408,8호선,남한산성입구(성남법원.검찰청),279806,76375,245448,71806,20240903
202408,8호선,단대오거리,250136,75208,242876,74298,20240903
202408,8호선,신흥,106469,43320,108976,45227,20240903
202408,8호선,수진,112329,47762,99724,46126,20240903
202408,8호선,모란,88650,63028,72177,50375,20240903
202408,9호선,고속터미널,392032,72900,560932,87221,20240903
202408,9호선,신논현,859388,52453,873074,51832,20240903
202408,9호선,사평,88984,25064,85329,25220,20240903
202408,9호선,신반포,90420,27405,89162,27431,20240903
202408,9호선,구반포,25572,8568,24923,8262,20240903
202408,9호선,동작(현충원),40544,10949,34034,9315,20240903
202408,9호선,흑석(중앙대입구),177725,55853,184973,55916,20240903
202408,9호선,노들,107461,33920,87745,31000,20240903
202408,9호선,노량진,650662,84515,638068,84001,20240903
202408,9호선,샛강,146002,29161,147316,28595,20240903
202408,9호선,여의도,791504,53804,755830,49879,20240903
202408,9호선,국회의사당,386396,57187,405011,51962,20240903
202408,9호선,당산,478694,71273,475496,66196,20240903
202408,9호선,선유도,207828,31690,194692,31258,20240903
202408,9호선,신목동,97905,23641,86073,22636,20240903
202408,9호선,염창,421644,76871,401056,74641,20240903
202408,9호선,등촌,257650,87681,244258,88099,20240903
202408,9호선,증미,181213,39332,173974,39674,20240903
202408,9호선,가양,479764,138712,467586,136260,20240903
202408,9호선,양천향교,229845,48630,234634,48130,20240903
202408,9호선,마곡나루(서울식물원),349763,36323,344309,34953,20240903
202408,9호선,신방화,152114,50671,148093,51075,20240903
202408,9호선,공항시장,63427,25828,67915,27770,20240903
202408,9호선,김포공항,183836,24213,289612,32393,20240903
202408,9호선,개화,63885,13448,42668,11160,20240903
202408,9호선2~3단계,선정릉,240743,28871,259222,29507,20240903
202408,9호선2~3단계,언주,296516,32589,300739,32345,20240903
202408,9호선2~3단계,중앙보훈병원,249126,83976,213422,81474,20240903
202408,9호선2~3단계,둔촌오륜,28913,8166,26616,8866,20240903
202408,9호선2~3단계,올림픽공원(한국체대),222801,24299,222285,24827,20240903
202408,9호선2~3단계,한성백제,71319,17722,63486,16332,20240903
202408,9호선2~3단계,송파나루,139711,30889,153146,32625,20240903
202408,9호선2~3단계,석촌,232319,44304,205297,39455,20240903
202408,9호선2~3단계,석촌고분,162238,44627,157176,45082,20240903
202408,9호선2~3단계,삼전,187679,42884,175027,41786,20240903
202408,9호선2~3단계,종합운동장,133908,22153,135675,20663,20240903
202408,9호선2~3단계,봉은사,596845,59871,624602,56532,20240903
202408,9호선2~3단계,삼성중앙,184157,29774,192766,29455,20240903
202408,경강선,경기광주,187381,33596,177082,34078,20240903
202408,경강선,초월,82696,16092,77398,15596,20240903
202408,경강선,곤지암,51248,14726,49914,15253,20240903
202408,경강선,이매,24751,6136,20708,5937,20240903
202408,경강선,신둔도예촌,35523,8687,32717,8319,20240903
202408,경강선,이천,74487,14928,79261,16058,20240903
202408,경강선,부발,58988,10581,57796,10499,20240903
202408,경강선,삼동,54715,14186,49549,14371,20240903
202408,경강선,세종대왕릉,6533,4030,6356,4002,20240903
202408,경강선,여주,67189,21504,67042,21707,20240903
202408,경강선,성남,22933,6491,20052,6853,20240903
202408,경강선,판교,141651,20349,140051,17143,20240903
202408,경부선,오산대,85167,17205,78269,16333,20240903
202408,경부선,오산,250816,50168,248346,50549,20240903
202408,경부선,진위,37682,9421,33798,8887,20240903
202408,경부선,송탄,114646,21558,111237,21141,20240903
202408,경부선,서정리,200230,37108,188456,36287,20240903
202408,경부선,평택지제,109646,13223,104401,13009,20240903
202408,경부선,평택,325187,68508,319173,67420,20240903
202408,경부선,성환,87317,20678,85996,20406,20240903
202408,경부선,직산,23703,5307,23128,4976,20240903
202408,경부선,두정,169762,28917,172661,29558,20240903
202408,경부선,천안,140310,58490,138914,58265,20240903
202408,경부선,당정,130649,31096,124309,29576,20240903
202408,경부선,서동탄,35008,7524,29782,7135,20240903
202408,경부선,광명,102028,12354,83237,11530,20240903
202408,경부선,세류,81192,16704,74954,16206,20240903
202408,경부선,군포,151055,36480,147418,35203,20240903
202408,경부선,서울역,300454,16656,107084,4217,20240903
202408,경부선,남영,224554,36860,234803,37598,20240903
202408,경부선,용산,1179070,143804,1198616,143381,20240903
202408,경부선,노량진,197240,37241,193864,34495,20240903
202408,경부선,대방,223274,55232,247063,56516,20240903
202408,경부선,영등포,955862,291993,978807,293064,20240903
202408,경부선,신도림,83668,23096,89091,28019,20240903
202408,경부선,신길,193467,44546,159261,41228,20240903
202408,경부선,구로,385889,99226,397793,96607,20240903
202408,경부선,가산디지털단지,403540,36776,471940,41013,20240903
202408,경부선,금천구청,218827,74945,220954,76386,20240903
202408,경부선,석수,187115,46209,169199,43984,20240903
202408,경부선,관악,148814,52380,142693,51356,20240903
202408,경부선,안양,476245,120438,467547,124252,20240903
202408,경부선,명학,179625,41652,176777,40217,20240903
202408,경부선,금정,635512,125317,645142,127190,20240903
202408,경부선,의왕,196254,41920,194800,41991,20240903
202408,경부선,성균관대,356913,58265,350380,58075,20240903
202408,경부선,화서,305163,47723,300507,46229,20240903
202408,경부선,수원,989620,160511,1043800,163486,20240903
202408,경부선,독산,388312,66240,395153,68559,20240903
202408,경부선,병점,351465,71304,348894,71043,20240903
202408,경부선,세마,76707,15842,71227,14985,20240903
202408,경원선,이촌(국립중앙박물관),82764,29809,62485,25025,20240903
202408,경원선,서빙고,44700,18109,41207,17461,20240903
202408,경원선,한남,75435,25748,74806,24160,20240903
202408,경원선,옥수,1597,132,1036,84,20240903
202408,경원선,응봉,34476,17032,28259,15219,20240903
202408,경원선,왕십리(성동구청),399385,80396,406065,81168,20240903
202408,경원선,청량리(서울시립대입구),373846,150412,383226,159632,20240903
202408,경원선,외대앞,198867,46181,188461,46206,20240903
202408,경원선,신이문,167726,67867,152227,66402,20240903
202408,경원선,석계,146842,58176,169222,63131,20240903
202408,경원선,광운대,160488,56885,150731,55148,20240903
202408,경원선,월계,116362,59246,105536,56913,20240903
202408,경원선,녹천,87246,36899,71051,33572,20240903
202408,경원선,창동,91,5,0,0,20240903
202408,경원선,방학,168915,108028,162482,105685,20240903
202408,경원선,도봉,95946,72760,88899,71290,20240903
202408,경원선,도봉산,121828,105990,65366,82524,20240903
202408,경원선,망월사,131464,68678,132208,69847,20240903
202408,경원선,회룡,212019,150566,204427,148731,20240903
202408,경원선,의정부,427499,122624,438842,124505,20240903
202408,경원선,가능,125276,59294,119720,58877,20240903
202408,경원선,녹양,82252,38230,77775,36871,20240903
202408,경원선,양주,152927,58327,145648,56052,20240903
202408,경원선,덕계,132287,35628,119045,34577,20240903
202408,경원선,덕정,129698,35911,120453,35976,20240903
202408,경원선,지행,141074,47499,142893,47268,20240903
202408,경원선,동두천중앙,52477,36107,49918,35691,20240903
202408,경원선,보산,32170,14463,29732,13978,20240903
202408,경원선,동두천,33943,20917,33101,21236,20240903
202408,경원선,소요산,14488,56314,14772,55481,20240903
202408,경원선,청산,2663,2233,2086,1944,20240903
202408,경원선,전곡,23678,13214,21652,11898,20240903
202408,경원선,연천,14715,29689,13749,30630,20240903
202408,경의선,신촌,21618,3613,26468,4254,20240903
202408,경의선,효창공원앞,69620,16474,80841,18308,20240903
202408,경의선,서강대,50558,11633,48799,10688,20240903
202408,경의선,가좌,118094,43873,112522,44069,20240903
202408,경의선,수색,70473,18452,72262,18597,20240903
202408,경의선,한국항공대,49609,9265,46135,9062,20240903
202408,경의선,강매,68933,17234,57200,16563,20240903
202408,경의선,행신,190867,35289,189587,35944,20240903
202408,경의선,능곡,98111,32968,91067,32580,20240903
202408,경의선,곡산,12372,5363,12721,5734,20240903
202408,경의선,백마,166348,36239,159988,35917,20240903
202408,경의선,풍산,133452,40987,125217,40163,20240903
202408,경의선,일산,228653,68000,222057,68450,20240903
202408,경의선,탄현,176476,40559,169428,39899,20240903
202408,경의선,야당,208027,39278,212744,38826,20240903
202408,경의선,운정,176683,40157,160531,39106,20240903
202408,경의선,금릉,124138,30513,116307,29825,20240903
202408,경의선,금촌,144825,44724,139823,44563,20240903
202408,경의선,월롱,46733,8703,40886,9235,20240903
202408,경의선,파주,25028,7533,19313,6856,20240903
202408,경의선,문산,118610,48576,114413,48332,20240903
202408,경의선,임진강,545,530,467,503,20240903
202408,경의선,운천,55,137,21,127,20240903
202408,경의선,서울역,99596,16596,121583,19033,20240903
202408,경의선,공덕,107033,15773,82507,14925,20240903
202408,경의선,홍대입구,63342,5782,77600,6284,20240903
202408,경의선,디지털미디어시티,67150,12866,60408,13658,20240903
202408,경의선,계양,6,1,0,0,20240903
202408,경인선,주안,428020,97086,382361,86334,20240903
202408,경인선,개봉,437834,162104,423600,168059,20240903
202408,경인선,오류동,231678,88823,211235,86752,20240903
202408,경인선,역곡,554696,150957,547523,156636,20240903
202408,경인선,부천,675463,234151,672871,238662,20240903
202408,경인선,송내,589081,129532,577972,129111,20240903
202408,경인선,부평,696691,153940,740964,159013,20240903
202408,경인선,백운,146412,61276,138951,61279,20240903
202408,경인선,동암,329941,107892,330663,109022,20240903
202408,경인선,제물포,215926,65789,205511,64763,20240903
202408,경인선,동인천,275846,122384,256285,121000,20240903
202408,경인선,인천,85596,43248,66039,38209,20240903
202408,경인선,구일,203553,45914,218215,44861,20240903
202408,경인선,소사,149934,56569,139749,55207,20240903
202408,경인선,부개,171902,69721,158164,67854,20240903
202408,경인선,간석,115960,47748,109157,46415,20240903
202408,경인선,도원,58169,27849,58490,29235,20240903
202408,경인선,온수(성공회대입구),124851,51139,115967,49051,20240903
202408,경인선,중동,176762,75205,162214,73854,20240903
202408,경인선,도화,75702,39928,68183,38976,20240903
202408,경춘선,신내,55695,19778,50258,19194,20240903
202408,경춘선,갈매,57471,20404,49381,19040,20240903
202408,경춘선,별내,63079,23735,55609,21091,20240903
202408,경춘선,퇴계원,67892,30431,61084,29588,20240903
202408,경춘선,사릉,42970,16342,41474,16348,20240903
202408,경춘선,금곡,25617,16464,24607,16084,20240903
202408,경춘선,평내호평,125593,47637,123125,46118,20240903
202408,경춘선,천마산,25131,17792,22378,17753,20240903
202408,경춘선,마석,75324,34764,73722,35167,20240903
202408,경춘선,대성리,23097,6667,23592,6318,20240903
202408,경춘선,청평,44700,20685,42928,20695,20240903
202408,경춘선,상천,4332,4848,3998,4794,20240903
202408,경춘선,가평,74499,18920,77325,18728,20240903
202408,경춘선,굴봉산,3056,2825,1860,2780,20240903
202408,경춘선,백양리,2180,1832,1525,1758,20240903
202408,경춘선,강촌,13599,6004,10866,6038,20240903
202408,경춘선,김유정,8364,4511,8507,4629,20240903
202408,경춘선,남춘천,60256,29505,61597,31334,20240903
202408,경춘선,춘천,30018,21318,26815,18039,20240903
202408,공항철도 1호선,서울역,408793,35505,370457,32140,20240903
202408,공항철도 1호선,공덕,78216,9185,104512,10822,20240903
202408,공항철도 1호선,홍대입구,461610,20009,446186,18664,20240903
202408,공항철도 1호선,디지털미디어시티,346333,28232,324273,26654,20240903
202408,공항철도 1호선,마곡나루(서울식물원),276002,15821,260890,15568,20240903
202408,공항철도 1호선,김포공항,271936,25028,159237,16400,20240903
202408,공항철도 1호선,계양,338389,37505,318861,36310,20240903
202408,공항철도 1호선,검암,164110,16566,169392,16781,20240903
202408,공항철도 1호선,청라국제도시,196227,14571,186281,14525,20240903
202408,공항철도 1호선,운서,257259,30918,274736,30934,20240903
202408,공항철도 1호선,공항화물청사,47585,10253,53918,10025,20240903
202408,공항철도 1호선,인천공항1터미널,454865,48117,416626,44919,20240903
202408,공항철도 1호선,인천공항2터미널,222851,35502,180733,31769,20240903
202408,공항철도 1호선,영종,103199,21926,104693,21947,20240903
202408,과천선,선바위,175034,32964,149083,32088,20240903
202408,과천선,경마공원,92256,81873,93468,82278,20240903
202408,과천선,대공원,85350,25909,90958,26656,20240903
202408,과천선,과천,137923,48657,124631,46248,20240903
202408,과천선,정부과천청사,269008,59122,277578,58373,20240903
202408,과천선,인덕원,560007,121005,572204,125195,20240903
202408,과천선,평촌,396936,68214,383201,67824,20240903
202408,과천선,범계,644667,122481,644516,119636,20240903
202408,분당선,선릉,298345,46924,459677,63496,20240903
202408,분당선,한티,400100,72103,420832,73525,20240903
202408,분당선,도곡,149577,48928,155052,47759,20240903
202408,분당선,구룡,67646,26888,66187,26897,20240903
202408,분당선,개포동,94918,31137,96275,31864,20240903
202408,분당선,대모산입구,126383,38242,118565,37763,20240903
202408,분당선,수서,406464,73811,426287,78015,20240903
202408,분당선,복정,184,1,0,0,20240903
202408,분당선,수원,202010,35117,186555,32965,20240903
202408,분당선,서울숲,317629,30014,324081,29330,20240903
202408,분당선,압구정로데오,497630,46359,559665,44224,20240903
202408,분당선,강남구청,217525,38597,254850,42012,20240903
202408,분당선,선정릉,168642,34250,176458,33158,20240903
202408,분당선,가천대,164564,28817,174468,29542,20240903
202408,분당선,태평,285259,95120,259321,97940,20240903
202408,분당선,모란,406759,177668,404592,195094,20240903
202408,분당선,야탑,544652,161191,578754,162617,20240903
202408,분당선,서현,561767,127754,576984,123404,20240903
202408,분당선,수내,306435,76649,309382,75594,20240903
202408,분당선,정자,430082,66887,447710,66681,20240903
202408,분당선,미금,315624,110913,325897,115436,20240903
202408,분당선,오리,243547,72797,206293,64068,20240903
202408,분당선,이매,119933,38360,113304,37493,20240903
202408,분당선,보정,50699,19767,44818,18317,20240903
202408,분당선,죽전,285853,71454,320532,77644,20240903
202408,분당선,구성,136981,38559,139931,38806,20240903
202408,분당선,신갈,99838,30991,97500,30855,20240903
202408,분당선,기흥,241733,46303,218745,45705,20240903
202408,분당선,상갈,118596,31681,114234,31171,20240903
202408,분당선,청명,105224,22458,99894,22180,20240903
202408,분당선,영통,217563,34674,216383,34726,20240903
202408,분당선,망포,373067,42812,355461,41190,20240903
202408,분당선,매탄권선,126015,24596,120868,23943,20240903
202408,분당선,수원시청,346607,49211,377602,50325,20240903
202408,분당선,매교,117853,25285,116384,25603,20240903
202408,서해선,김포공항,79244,12046,100464,19664,20240903
202408,서해선,원종,93563,39983,92300,40941,20240903
202408,서해선,부천종합운동장,65101,8145,53983,6538,20240903
202408,수인선,고색,123386,21455,115531,19835,20240903
202408,수인선,오목천,95380,17409,82577,17063,20240903
202408,수인선,어천,31330,7881,29635,8460,20240903
202408,수인선,야목,8674,2943,7185,2499,20240903
202408,수인선,사리,115589,20030,98722,18372,20240903
202408,수인선,달월,1496,1081,1281,555,20240903
202408,수인선,월곶,64003,20588,57211,20462,20240903
202408,수인선,소래포구,93518,47519,87009,46369,20240903
202408,수인선,인천논현,116109,37015,123822,37787,20240903
202408,수인선,호구포,82999,23062,86360,22885,20240903
202408,수인선,남동인더스파크,51628,7056,57220,7272,20240903
202408,수인선,원인재,88929,34264,91774,34572,20240903
202408,수인선,연수,101969,35304,100396,35378,20240903
202408,수인선,송도,45067,21272,40070,20809,20240903
202408,수인선,인하대,147873,31033,137626,29914,20240903
202408,수인선,숭의,82342,30789,74520,29131,20240903
202408,수인선,신포,36631,14836,37295,14760,20240903
202408,수인선,인천,20755,18349,36799,23273,20240903
202408,신림선,샛강,59520,14982,71903,14070,20240903
202408,신림선,대방,65712,18079,52180,15753,20240903
202408,신림선,서울지방병무청,64131,26080,69593,28633,20240903
202408,신림선,보라매,91570,25974,83133,23447,20240903
202408,신림선,보라매공원,45412,17907,48561,18434,20240903
202408,신림선,보라매병원,150178,57098,159534,56555,20240903
202408,신림선,당곡,100205,41763,97301,41685,20240903
202408,신림선,신림,44910,19674,54638,22442,20240903
202408,신림선,서원,77026,26497,65964,25793,20240903
202408,신림선,서울대벤처타운,204830,64975,183638,65652,20240903
202408,신림선,관악산(서울대),59219,41301,58301,40664,20240903
202408,안산선,산본,347964,107890,373833,110173,20240903
202408,안산선,대야미,106165,31807,92888,29817,20240903
202408,안산선,반월,87795,32032,84431,31959,20240903
202408,안산선,상록수,348054,71315,352639,72618,20240903
202408,안산선,한대앞,204937,44208,203820,45764,20240903
202408,안산선,중앙,456807,66955,479490,66407,20240903
202408,안산선,고잔,205534,36578,194926,35195,20240903
202408,안산선,초지,119562,18316,120207,18493,20240903
202408,안산선,안산,322956,39578,306019,37589,20240903
202408,안산선,신길온천,48196,10783,43176,10205,20240903
202408,안산선,정왕,223105,32400,225397,33622,20240903
202408,안산선,오이도,196516,39097,193986,39069,20240903
202408,안산선,수리산,80381,31445,63120,28675,20240903
202408,우이신설선,북한산우이,59113,40395,54993,41286,20240903
202408,우이신설선,솔밭공원,45057,30404,40416,32069,20240903
202408,우이신설선,4.19민주묘지,48813,38359,45888,34637,20240903
202408,우이신설선,가오리,71193,52555,68841,54279,20240903
202408,우이신설선,화계,55955,47583,50474,47955,20240903
202408,우이신설선,삼양,29684,28702,30408,31612,20240903
202408,우이신설선,삼양사거리,36101,38497,36165,38189,20240903
202408,우이신설선,솔샘,121177,40818,110276,42863,20240903
202408,우이신설선,북한산보국문,125642,43577,116229,43626,20240903
202408,우이신설선,정릉,82955,46972,73313,43404,20240903
202408,우이신설선,성신여대입구(돈암),70980,31925,82898,30521,20240903
202408,우이신설선,보문,30968,15862,30549,15759,20240903
202408,우이신설선,신설동,34476,30788,33530,26894,20240903
202408,일산선,화정,355787,120131,367002,122373,20240903
202408,일산선,대곡,69092,13981,53251,11909,20240903
202408,일산선,백석,208694,77791,211070,77092,20240903
202408,일산선,마두,150840,70922,152790,71918,20240903
202408,일산선,정발산,154884,58221,162415,55282,20240903
202408,일산선,주엽,183823,95363,184717,98204,20240903
202408,일산선,대화,301739,88382,240163,82085,20240903
202408,일산선,지축,80,1,0,0,20240903
202408,일산선,삼송,439733,94365,418953,95108,20240903
202408,일산선,원당,223098,78742,209631,78779,20240903
202408,일산선,원흥,247642,64640,234931,62411,20240903
202408,장항선,배방,27992,6753,27158,6487,20240903
202408,장항선,온양온천,83086,55634,83613,56570,20240903
202408,장항선,신창(순천향대),28472,8323,27977,7795,20240903
202408,장항선,봉명,25720,10667,25838,9988,20240903
202408,장항선,쌍용(나사렛대),48456,13989,46353,13144,20240903
202408,장항선,아산,98795,13044,87733,12423,20240903
202408,장항선,탕정,40680,6571,37332,6129,20240903
202408,중앙선,양평,63073,34766,63846,35527,20240903
202408,중앙선,원덕,4655,5877,4519,5591,20240903
202408,중앙선,용문,33385,48900,34309,48899,20240903
202408,중앙선,양수,34814,22545,34454,22613,20240903
202408,중앙선,회기,580691,119115,549415,116800,20240903
202408,중앙선,중랑,108050,50554,101316,50291,20240903
202408,중앙선,상봉,127561,42673,126273,41492,20240903
202408,중앙선,망우,147297,71585,139570,72355,20240903
202408,중앙선,양원,62817,21975,60832,22027,20240903
202408,중앙선,구리,235663,72142,242123,73342,20240903
202408,중앙선,도농,217427,63597,198911,61650,20240903
202408,중앙선,양정,9627,7227,7860,6367,20240903
202408,중앙선,덕소,108015,46359,106701,46875,20240903
202408,중앙선,도심,48524,19894,36967,18116,20240903
202408,중앙선,팔당,17029,8879,17963,8891,20240903
202408,중앙선,운길산,11242,9361,10429,9392,20240903
202408,중앙선,지평,760,1090,932,1134,20240903
202408,중앙선,신원,2473,2942,2086,2569,20240903
202408,중앙선,국수,11028,8686,10602,8736,20240903
202408,중앙선,아신,10094,6529,10009,6420,20240903
202408,중앙선,오빈,4728,4445,4643,4515,20240903
202407,1호선,서울역,1448788,209095,1366295,198181,20240803
202407,1호선,동묘앞,148067,146212,150264,147314,20240803
202407,1호선,청량리(서울시립대입구),399832,278559,381968,281373,20240803
202407,1호선,제기동,239978,249675,228808,265506,20240803
202407,1호선,신설동,303678,119799,294120,117300,20240803
202407,1호선,동대문,230882,124946,223755,125043,20240803
202407,1호선,종로5가,455951,243737,446910,237639,20240803
202407,1호선,종로3가,476755,278442,440368,257534,20240803
202407,1호선,종각,997215,148133,991450,138832,20240803
202407,1호선,시청,650741,91543,658399,87954,20240803
202407,2호선,잠실나루,355962,92189,342462,91886,20240803
202407,2호선,용두(동대문구청),51024,24195,50808,25797,20240803
202407,2호선,신정네거리,226726,75214,234918,77211,20240803
202407,2호선,양천구청,148862,53598,158382,54365,20240803
202407,2호선,도림천,30851,9453,31957,10541,20240803
202407,2호선,신설동,80022,31818,75545,33423,20240803
202407,2호선,신답,39219,9805,43701,10196,20240803
202407,2호선,용답,68631,18448,66526,18078,20240803
202407,2호선,충정로(경기대입구),253127,48333,267901,48554,20240803
202407,2호선,아현,261907,67530,238610,66286,20240803
202407,2호선,이대,407529,51594,445164,54831,20240803
202407,2호선,신촌,1017333,125325,1040399,123082,20240803
202407,2호선,홍대입구,2141148,101985,2321272,99479,20240803
202407,2호선,합정,924015,68902,1006778,69595,20240803
202407,2호선,당산,461168,58860,539728,64154,20240803
202407,2호선,영등포구청,548756,106348,568187,105035,20240803
202407,2호선,문래,586369,93920,607834,93300,20240803
202407,2호선,신도림,1297827,236978,1273818,221532,20240803
202407,2호선,대림(구로구청),591742,137403,602120,141314,20240803
202407,2호선,구로디지털단지,1485833,207677,1469185,208937,20240803
202407,2호선,신대방,625733,135057,597349,135370,20240803
202407,2호선,신림,1455804,205402,1394829,203565,20240803
202407,2호선,봉천,573055,159765,527832,159778,20240803
202407,2호선,서울대입구(관악구청),1199386,186830,1174332,175807,20240803
202407,2호선,낙성대(강감찬),722795,115678,692547,117654,20240803
202407,2호선,사당,1017194,207288,1115973,197819,20240803
202407,2호선,방배,377567,76113,391685,75259,20240803
202407,2호선,서초,563572,86633,543073,86192,20240803
202407,2호선,교대(법원.검찰청),759124,152786,912433,179214,20240803
202407,2호선,강남,2309366,162714,2275521,141866,20240803
202407,2호선,역삼,1348936,148587,1544453,152803,20240803
202407,2호선,선릉,1444263,250793,1271015,220385,20240803
202407,2호선,삼성(무역센터),1567870,126786,1593454,116862,20240803
202407,2호선,종합운동장,404923,52903,447621,55293,20240803
202407,2호선,잠실새내,610800,117808,598171,116492,20240803
202407,2호선,잠실(송파구청),2238572,222186,2210396,214825,20240803
202407,2호선,시청,719603,60341,683493,55269,20240803
202407,2호선,을지로입구,1357079,104020,1399542,97408,20240803
202407,2호선,을지로3가,675418,73712,673254,71366,20240803
202407,2호선,을지로4가,344917,76607,343637,74721,20240803
202407,2호선,동대문역사문화공원(DDP),398767,60461,464301,65382,20240803
202407,2호선,신당,350842,93088,370241,94813,20240803
202407,2호선,상왕십리,361523,72510,354431,74228,20240803
202407,2호선,왕십리(성동구청),413038,53601,379398,49183,20240803
202407,2호선,한양대,240104,13551,255835,14233,20240803
202407,2호선,뚝섬,665417,65825,698308,65992,20240803
202407,2호선,성수,1195867,102871,1321614,103333,20240803
202407,2호선,건대입구,982710,93102,1040946,96374,20240803
202407,2호선,구의(광진구청),634882,109972,611960,110708,20240803
202407,2호선,강변(동서울터미널),799070,119706,757934,116655,20240803
202407,3호선,고속터미널,1296737,228452,1235403,212695,20240803
202407,3호선,오금,163364,34112,143538,31767,20240803
202407,3호선,경찰병원,178571,48521,178781,49936,20240803
202407,3호선,가락시장,188307,80806,181775,78159,20240803
202407,3호선,수서,436527,122609,436631,119447,20240803
202407,3호선,일원,249254,71495,241292,71803,20240803
202407,3호선,대청,255558,65442,237938,63202,20240803
202407,3호선,학여울,49030,17806,50782,17589,20240803
202407,3호선,대치,311635,73038,301200,70783,20240803
202407,3호선,도곡,142951,28837,142281,26912,20240803
202407,3호선,매봉,298228,76530,290032,71233,20240803
202407,3호선,양재(서초구청),932539,150262,1013399,150985,20240803
202407,3호선,남부터미널(예술의전당),760191,126858,774008,128354,20240803
202407,3호선,교대(법원.검찰청),411202,87471,241941,52272,20240803
202407,3호선,잠원,120663,33826,113975,32149,20240803
202407,3호선,신사,762574,71821,804359,68869,20240803
202407,3호선,압구정,818831,137960,879127,135972,20240803
202407,3호선,옥수,203555,62047,210462,61810,20240803
202407,3호선,금호,185874,55110,170775,54033,20240803
202407,3호선,약수,301881,86118,297508,80775,20240803
202407,3호선,동대입구,252564,39639,272763,41386,20240803
202407,3호선,충무로,305,3,0,0,20240803
202407,3호선,을지로3가,297101,48818,301638,46139,20240803
202407,3호선,종로3가,267119,68629,303704,75499,20240803
202407,3호선,안국,676914,103085,695444,107281,20240803
202407,3호선,경복궁(정부서울청사),610118,85945,623942,81626,20240803
202407,3호선,독립문,153404,72468,155867,71534,20240803
202407,3호선,무악재,98153,34364,92507,36595,20240803
202407,3호선,지축,187703,38869,186392,37216,20240803
202407,3호선,홍제,386141,144532,360012,143154,20240803
202407,3호선,녹번,370619,81641,332360,80213,20240803
202407,3호선,불광,352922,145464,373343,162156,20240803
202407,3호선,연신내,765290,260728,721292,252140,20240803
202407,3호선,구파발,525451,137202,511781,132054,20240803
202407,4호선,상계,446333,129073,408568,125436,20240803
202407,4호선,남태령,33056,8836,27055,8228,20240803
202407,4호선,사당,677903,101209,593662,104414,20240803
202407,4호선,총신대입구(이수),417387,159596,453853,167242,20240803
202407,4호선,동작(현충원),28209,13117,31605,13162,20240803
202407,4호선,이촌(국립중앙박물관),228017,52998,247950,56375,20240803
202407,4호선,당고개,209734,80172,173129,78679,20240803
202407,4호선,신용산,555194,57182,599978,58012,20240803
202407,4호선,삼각지,168981,24011,198335,25433,20240803
202407,4호선,숙대입구(갈월),371001,57480,365009,53525,20240803
202407,4호선,서울역,340720,41731,617513,54494,20240803
202407,4호선,회현(남대문시장),588741,208839,614897,208463,20240803
202407,4호선,명동,915798,72686,988818,74877,20240803
202407,4호선,충무로,742417,119289,768974,119948,20240803
202407,4호선,동대문역사문화공원(DDP),528172,66134,463053,58841,20240803
202407,4호선,동대문,444828,159894,463712,154706,20240803
202407,4호선,혜화,927855,133066,946385,131260,20240803
202407,4호선,한성대입구(삼선교),321936,75866,309364,73732,20240803
202407,4호선,성신여대입구(돈암),540894,92796,524152,91875,20240803
202407,4호선,길음,497673,127056,482067,126578,20240803
202407,4호선,미아사거리,612186,191858,594721,192669,20240803
202407,4호선,미아(서울사이버대학),332320,122558,312772,124262,20240803
202407,4호선,수유(강북구청),804862,198397,804954,198193,20240803
202407,4호선,쌍문,693331,183666,628395,180240,20240803
202407,4호선,창동,566250,226642,599457,233696,20240803
202407,4호선,노원,699991,163970,791908,168749,20240803
202407,5호선,아차산(어린이대공원후문),329442,105460,320537,102968,20240803
202407,5호선,장한평,469698,103394,461927,105765,20240803
202407,5호선,답십리,385954,88572,344156,86043,20240803
202407,5호선,마장,127361,44881,116737,43401,20240803
202407,5호선,왕십리(성동구청),110534,27147,134323,27566,20240803
202407,5호선,행당,187145,53948,165031,48301,20240803
202407,5호선,신금호,152186,40605,157503,45848,20240803
202407,5호선,청구,90644,24735,89096,21071,20240803
202407,5호선,동대문역사문화공원(DDP),83396,8936,96266,10137,20240803
202407,5호선,을지로4가,144750,42784,147028,42704,20240803
202407,5호선,종로3가,361233,95699,365012,98696,20240803
202407,5호선,광화문(세종문화회관),875594,85882,927523,83581,20240803
202407,5호선,서대문,505795,74129,513294,70251,20240803
202407,5호선,충정로(경기대입구),121556,15914,123079,16070,20240803
202407,5호선,애오개,162298,41453,161200,39778,20240803
202407,5호선,공덕,374556,51437,399780,48909,20240803
202407,5호선,마포,366181,66973,375758,65952,20240803
202407,5호선,여의나루,339730,31173,401830,30378,20240803
202407,5호선,여의도,800940,58753,844551,54890,20240803
202407,5호선,신길,135215,13028,138652,13445,20240803
202407,5호선,영등포시장,263173,79530,267469,80683,20240803
202407,5호선,영등포구청,115387,21841,113915,20999,20240803
202407,5호선,양평,194010,32556,188905,31995,20240803
202407,5호선,오목교(목동운동장앞),541479,93762,574935,92906,20240803
202407,5호선,목동,403475,87721,433913,89287,20240803
202407,5호선,신정(은행정),330493,67061,268649,64817,20240803
202407,5호선,까치산,664211,164456,629856,165619,20240803
202407,5호선,화곡,684346,156870,633358,149732,20240803
202407,5호선,우장산,334620,101735,324995,105877,20240803
202407,5호선,발산,555599,112433,582037,109443,20240803
202407,5호선,마곡,309677,49979,314519,49076,20240803
202407,5호선,송정,139808,52493,131035,49972,20240803
202407,5호선,김포공항,287829,53032,203111,46230,20240803
202407,5호선,개화산,137073,43824,130272,42120,20240803
202407,5호선,방화,151354,59820,143686,59454,20240803
202407,5호선,하남검단산,144305,58239,135811,57712,20240803
202407,5호선,하남시청(덕풍?신장),170430,81328,157071,81302,20240803
202407,5호선,하남풍산,99800,36064,100049,35533,20240803
202407,5호선,미사,443008,92231,451930,91579,20240803
202407,5호선,강일,132687,46943,120102,45132,20240803
202407,5호선,마천,161588,61200,140346,62485,20240803
202407,5호선,거여,227722,71045,221907,69098,20240803
202407,5호선,개롱,142317,55894,146439,57144,20240803
202407,5호선,오금,86027,23424,87530,22460,20240803
202407,5호선,방이,167491,53341,174002,53691,20240803
202407,5호선,올림픽공원(한국체대),135336,47240,116784,39977,20240803
202407,5호선,둔촌동,196752,72444,196001,73272,20240803
202407,5호선,상일동,344092,96937,321003,95616,20240803
202407,5호선,고덕,240741,83043,232905,81344,20240803
202407,5호선,명일,189211,76523,192964,78955,20240803
202407,5호선,굽은다리(강동구민회관앞),215028,86603,207942,81643,20240803
202407,5호선,길동,167859,83308,171772,84586,20240803
202407,5호선,강동,428452,117314,417486,115031,20240803
202407,5호선,천호(풍납토성),439149,154984,424883,157035,20240803
202407,5호선,광나루(장신대),327274,76203,301162,73169,20240803
202407,5호선,군자(능동),299459,39454,329623,44946,20240803
202407,6호선,효창공원앞,176904,38413,156307,35219,20240803
202407,6호선,공덕,481876,83008,472135,78495,20240803
202407,6호선,대흥(서강대앞),213773,51367,224648,50589,20240803
202407,6호선,광흥창(서강),224452,57207,213638,56212,20240803
202407,6호선,상수,281623,22173,315602,22163,20240803
202407,6호선,합정,377713,43072,369663,39303,20240803
202407,6호선,망원,374734,86290,400683,90658,20240803
202407,6호선,마포구청,350546,85754,314825,79105,20240803
202407,6호선,월드컵경기장(성산),132694,52610,152492,50877,20240803
202407,6호선,디지털미디어시티,370241,60785,405023,61275,20240803
202407,6호선,증산(명지대앞),214890,77307,211713,77998,20240803
202407,6호선,새절(신사),285951,94008,256888,94540,20240803
202407,6호선,구산,189589,58929,131031,61671,20240803
202407,6호선,연신내,102,2,0,0,20240803
202407,6호선,독바위,62828,22307,61917,26964,20240803
202407,6호선,불광,102221,47031,102356,38137,20240803
202407,6호선,역촌,78504,37348,95163,35301,20240803
202407,6호선,응암,396694,127588,391464,126958,20240803
202407,6호선,보문,202041,33222,185886,31420,20240803
202407,6호선,석계,283170,85081,290923,85462,20240803
202407,6호선,태릉입구,131399,36272,147049,37117,20240803
202407,6호선,화랑대(서울여대입구),287725,52539,220666,47372,20240803
202407,6호선,봉화산(서울의료원),209420,54278,193829,53369,20240803
202407,6호선,신내,10,0,0,0,20240803
202407,6호선,안암(고대병원앞),289390,40213,288120,39176,20240803
202407,6호선,고려대(종암),210109,36812,199358,35908,20240803
202407,6호선,월곡(동덕여대),268657,73404,261545,72788,20240803
202407,6호선,상월곡(한국과학기술연구원),145904,43672,128330,42472,20240803
202407,6호선,돌곶이,236993,68288,213136,67208,20240803
202407,6호선,창신,82752,20751,65225,19295,20240803
202407,6호선,동묘앞,185290,68553,191988,65047,20240803
202407,6호선,신당,220753,41045,227610,40689,20240803
202407,6호선,청구,96580,21000,91618,22459,20240803
202407,6호선,약수,90235,22035,87303,21896,20240803
202407,6호선,버티고개,49056,14917,48390,16507,20240803
202407,6호선,한강진,287079,16678,336256,16330,20240803
202407,6호선,이태원,310012,29956,343772,30063,20240803
202407,6호선,녹사평(용산구청),139065,18289,140948,17916,20240803
202407,6호선,삼각지,209496,19593,185155,16256,20240803
202407,7호선,중곡,256810,68356,236789,69515,20240803
202407,7호선,장암,68958,15426,27645,12115,20240803
202407,7호선,도봉산,209091,53080,237828,74583,20240803
202407,7호선,수락산,267757,107865,262040,108934,20240803
202407,7호선,마들,290272,98848,269392,96573,20240803
202407,7호선,노원,570836,167434,602177,164437,20240803
202407,7호선,중계,333262,100364,300540,97059,20240803
202407,7호선,하계,412883,120877,380688,116492,20240803
202407,7호선,공릉(서울과학기술대),276427,79010,270680,79391,20240803
202407,7호선,태릉입구,210796,51545,196448,47302,20240803
202407,7호선,먹골,234785,72084,228744,73612,20240803
202407,7호선,중화,243512,69305,236354,68634,20240803
202407,7호선,상봉,446669,78951,430960,74752,20240803
202407,7호선,면목,334984,104289,317057,107750,20240803
202407,7호선,사가정,369186,109345,368708,110132,20240803
202407,7호선,용마산(용마폭포공원),133419,37299,125904,40271,20240803
202407,7호선,군자(능동),366115,94964,283545,80021,20240803
202407,7호선,어린이대공원(세종대),366098,45863,357945,45216,20240803
202407,7호선,건대입구,329281,67762,342546,62035,20240803
202407,7호선,자양(뚝섬한강공원),223567,53618,215164,53407,20240803
202407,7호선,청담,464596,82269,518115,78827,20240803
202407,7호선,강남구청,415467,54404,465207,55374,20240803
202407,7호선,학동,619275,68737,651955,65103,20240803
202407,7호선,논현,496544,47041,515149,46189,20240803
202407,7호선,반포,151414,41113,144902,39309,20240803
202407,7호선,고속터미널,446878,81513,359327,74287,20240803
202407,7호선,내방,351475,79157,356727,75871,20240803
202407,7호선,이수,412105,86604,401730,83068,20240803
202407,7호선,남성,258439,83033,240511,83372,20240803
202407,7호선,숭실대입구(살피재),295993,68844,292628,70986,20240803
202407,7호선,상도,269160,68939,260243,65307,20240803
202407,7호선,장승배기,203437,73481,196285,74745,20240803
202407,7호선,신대방삼거리,344006,99739,322800,103163,20240803
202407,7호선,보라매,166504,32930,172574,33812,20240803
202407,7호선,신풍,257965,79249,236377,77539,20240803
202407,7호선,대림(구로구청),234318,49944,237684,49140,20240803
202407,7호선,남구로,367978,65708,386162,66142,20240803
202407,7호선,가산디지털단지,1157309,102692,1159990,96735,20240803
202407,7호선,철산,516980,121833,525721,120565,20240803
202407,7호선,광명사거리,439339,159226,425023,165705,20240803
202407,7호선,천왕,278944,64428,264853,64843,20240803
202407,7호선,온수(성공회대입구),233666,45197,211381,42636,20240803
202407,7호선,까치울,1,0,0,0,20240803
202407,8호선,암사,443914,117897,383993,116104,20240803
202407,8호선,남위례,178738,35681,180186,34388,20240803
202407,8호선,모란,90960,59324,73548,45882,20240803
202407,8호선,수진,118900,49600,107289,48410,20240803
202407,8호선,신흥,113012,43525,116474,45708,20240803
202407,8호선,단대오거리,270325,79175,261472,77392,20240803
202407,8호선,남한산성입구(성남법원.검찰청),300832,80505,264227,75509,20240803
202407,8호선,산성,151397,36494,152159,39787,20240803
202407,8호선,복정,234457,41239,197395,37068,20240803
202407,8호선,장지,425206,91097,390067,86451,20240803
202407,8호선,문정,567566,66205,597798,65942,20240803
202407,8호선,가락시장,165584,63269,188926,64207,20240803
202407,8호선,송파,216670,70746,211906,70134,20240803
202407,8호선,석촌,185474,58575,221845,61664,20240803
202407,8호선,잠실(송파구청),429881,86170,507739,83468,20240803
202407,8호선,몽촌토성(평화의문),167629,33897,171814,32754,20240803
202407,8호선,강동구청,238045,69906,246635,71013,20240803
202407,8호선,천호(풍납토성),366271,94577,430534,91919,20240803
202407,9호선,증미,196845,41104,189242,41731,20240803
202407,9호선,가양,518874,145929,505389,143004,20240803
202407,9호선,양천향교,245652,52115,250616,51232,20240803
202407,9호선,신방화,163006,53090,158769,53475,20240803
202407,9호선,공항시장,66563,26685,71805,28555,20240803
202407,9호선,김포공항,198903,21059,295454,27642,20240803
202407,9호선,개화,68769,14160,45700,11503,20240803
202407,9호선,마곡나루(서울식물원),372194,38588,367218,37348,20240803
202407,9호선,신논현,897762,56260,902665,55625,20240803
202407,9호선,사평,96923,26520,92452,26703,20240803
202407,9호선,고속터미널,394293,74352,552921,88854,20240803
202407,9호선,신반포,95579,29797,92272,29347,20240803
202407,9호선,구반포,28784,9487,28009,9304,20240803
202407,9호선,동작(현충원),42441,11667,36147,10624,20240803
202407,9호선,흑석(중앙대입구),192352,61294,198761,60807,20240803
202407,9호선,노들,111988,35708,91241,32488,20240803
202407,9호선,노량진,679600,87090,666813,86035,20240803
202407,9호선,샛강,159346,31510,161143,31035,20240803
202407,9호선,여의도,845937,55837,812627,52140,20240803
202407,9호선,국회의사당,429167,63094,449397,57699,20240803
202407,9호선,당산,508290,76330,503507,70463,20240803
202407,9호선,선유도,225917,33866,212942,33402,20240803
202407,9호선,신목동,107143,25727,93403,24844,20240803
202407,9호선,염창,451870,81617,430729,79568,20240803
202407,9호선,등촌,276627,91668,261997,92424,20240803
202407,9호선2~3단계,삼전,198339,44524,184321,43282,20240803
202407,9호선2~3단계,언주,315758,34824,323079,34457,20240803
202407,9호선2~3단계,선정릉,260263,30685,280940,31349,20240803
202407,9호선2~3단계,삼성중앙,201214,30643,209663,30265,20240803
202407,9호선2~3단계,봉은사,612425,59435,649395,56529,20240803
202407,9호선2~3단계,종합운동장,137552,22894,135270,20950,20240803
202407,9호선2~3단계,석촌고분,170901,48205,164660,48854,20240803
202407,9호선2~3단계,석촌,245764,49056,215839,42930,20240803
202407,9호선2~3단계,송파나루,143079,32492,155596,34416,20240803
202407,9호선2~3단계,한성백제,74265,18787,66459,17240,20240803
202407,9호선2~3단계,올림픽공원(한국체대),187209,21639,190004,24622,20240803
202407,9호선2~3단계,둔촌오륜,31757,8999,29598,9800,20240803
202407,9호선2~3단계,중앙보훈병원,266274,89694,228230,87285,20240803
202407,경강선,이천,75931,15379,80183,16597,20240803
202407,경강선,판교,149976,21108,148704,17763,20240803
202407,경강선,이매,26189,6623,21909,6322,20240803
202407,경강선,삼동,59370,15442,53803,15456,20240803
202407,경강선,경기광주,198669,36149,187058,36635,20240803
202407,경강선,초월,85257,17060,80332,16675,20240803
202407,경강선,부발,58434,10778,57540,10523,20240803
202407,경강선,세종대왕릉,6710,4135,6688,4063,20240803
202407,경강선,여주,65622,20657,65968,20908,20240803
202407,경강선,성남,22654,6181,19775,6582,20240803
202407,경강선,신둔도예촌,35375,9005,32977,8783,20240803
202407,경강선,곤지암,52554,15257,51160,15555,20240803
202407,경부선,안양,501771,126357,492624,130265,20240803
202407,경부선,명학,198620,45336,194866,44441,20240803
202407,경부선,금정,688056,134805,695223,136129,20240803
202407,경부선,군포,165168,39033,162295,37947,20240803
202407,경부선,성환,96369,21269,94807,21126,20240803
202407,경부선,평택,326674,70873,321913,69458,20240803
202407,경부선,평택지제,114657,14093,110443,13829,20240803
202407,경부선,서정리,209758,38377,196897,37540,20240803
202407,경부선,송탄,116581,22571,113454,21963,20240803
202407,경부선,진위,39971,10625,36235,10091,20240803
202407,경부선,오산,254424,51546,254249,52035,20240803
202407,경부선,두정,172436,28722,173492,29452,20240803
202407,경부선,오산대,89707,18271,82087,17678,20240803
202407,경부선,세마,82614,17104,76972,16133,20240803
202407,경부선,병점,367933,73304,364692,72677,20240803
202407,경부선,세류,86698,17773,79573,17102,20240803
202407,경부선,독산,426241,71523,437832,73998,20240803
202407,경부선,수원,990562,162016,1044947,165337,20240803
202407,경부선,화서,319015,50562,311126,49426,20240803
202407,경부선,성균관대,375824,62303,369697,62631,20240803
202407,경부선,의왕,215126,46075,213332,45928,20240803
202407,경부선,광명,105869,12260,89226,12007,20240803
202407,경부선,서동탄,37876,7773,31957,7513,20240803
202407,경부선,당정,141668,33377,134426,31987,20240803
202407,경부선,천안,135134,55110,138716,54965,20240803
202407,경부선,서울역,288331,16172,105384,4257,20240803
202407,경부선,용산,1176948,138201,1197304,137452,20240803
202407,경부선,남영,244656,38314,255437,39513,20240803
202407,경부선,노량진,201468,37408,199595,34414,20240803
202407,경부선,대방,243410,59601,268697,61086,20240803
202407,경부선,영등포,988413,310458,1010832,310150,20240803
202407,경부선,신도림,91322,25410,95905,30981,20240803
202407,경부선,직산,25241,5513,24589,5211,20240803
202407,경부선,신길,210188,47289,172945,43952,20240803
202407,경부선,구로,416640,107874,430918,104595,20240803
202407,경부선,가산디지털단지,450070,40455,525034,44576,20240803
202407,경부선,금천구청,243121,82018,244672,83760,20240803
202407,경부선,석수,202538,50049,183530,48042,20240803
202407,경부선,관악,160526,57247,153647,55803,20240803
202407,경원선,보산,31498,14425,29561,13748,20240803
202407,경원선,이촌(국립중앙박물관),89281,32978,68009,27387,20240803
202407,경원선,서빙고,48007,19513,44501,18938,20240803
202407,경원선,한남,84330,27910,82719,26265,20240803
202407,경원선,옥수,1519,151,1102,84,20240803
202407,경원선,응봉,37819,18021,31415,16321,20240803
202407,경원선,왕십리(성동구청),425248,82534,429556,82908,20240803
202407,경원선,청량리(서울시립대입구),365803,147093,381357,157632,20240803
202407,경원선,외대앞,210600,48659,201113,48454,20240803
202407,경원선,신이문,181333,71373,164680,69683,20240803
202407,경원선,석계,156803,62181,182692,66123,20240803
202407,경원선,광운대,173168,58488,162844,57184,20240803
202407,경원선,월계,128329,64457,115984,62074,20240803
202407,경원선,녹천,95201,39337,77961,36160,20240803
202407,경원선,창동,101,2,0,0,20240803
202407,경원선,방학,181426,113534,174857,110374,20240803
202407,경원선,도봉,102182,76864,97532,75802,20240803
202407,경원선,도봉산,130688,108983,72279,86149,20240803
202407,경원선,망월사,139849,73426,140289,74276,20240803
202407,경원선,회룡,223982,159585,217596,156414,20240803
202407,경원선,의정부,435613,121630,444001,123487,20240803
202407,경원선,가능,129386,60511,123574,59947,20240803
202407,경원선,녹양,87350,39654,82099,37547,20240803
202407,경원선,양주,156131,59167,147599,56601,20240803
202407,경원선,덕계,135844,36981,121954,35560,20240803
202407,경원선,덕정,134717,37278,125639,37630,20240803
202407,경원선,지행,143082,47211,144477,47434,20240803
202407,경원선,동두천중앙,52433,35227,50605,34806,20240803
202407,경원선,동두천,31436,18683,29924,18800,20240803
202407,경원선,소요산,12572,45364,12535,44608,20240803
202407,경원선,청산,2608,2173,1920,1927,20240803
202407,경원선,전곡,22742,12356,20812,11184,20240803
202407,경원선,연천,13572,22094,12568,22942,20240803
202407,경의선,효창공원앞,75727,17326,87577,18978,20240803
202407,경의선,서강대,54011,11926,52580,10986,20240803
202407,경의선,가좌,127565,45934,120132,46244,20240803
202407,경의선,수색,79591,19529,81471,19875,20240803
202407,경의선,한국항공대,47387,9649,43639,9510,20240803
202407,경의선,강매,75841,19290,62419,17953,20240803
202407,경의선,행신,201598,37743,201018,38539,20240803
202407,경의선,능곡,105903,35428,98369,34853,20240803
202407,경의선,곡산,13517,6165,14277,6354,20240803
202407,경의선,백마,177980,39882,172655,39497,20240803
202407,경의선,풍산,141899,44242,133963,43709,20240803
202407,경의선,일산,246506,71299,240390,71699,20240803
202407,경의선,탄현,188058,43493,180877,43083,20240803
202407,경의선,야당,224032,42358,228595,41530,20240803
202407,경의선,신촌,23701,4109,30008,4825,20240803
202407,경의선,운정,186600,43225,171861,42145,20240803
202407,경의선,금릉,131995,32162,124723,31354,20240803
202407,경의선,금촌,151590,47372,146204,47490,20240803
202407,경의선,월롱,48695,9162,41965,9406,20240803
202407,경의선,파주,27944,7592,20185,6942,20240803
202407,경의선,문산,120844,45256,116353,44842,20240803
202407,경의선,임진강,475,414,322,376,20240803
202407,경의선,운천,56,134,19,106,20240803
202407,경의선,서울역,110243,17732,133804,21050,20240803
202407,경의선,공덕,113548,16737,88704,16015,20240803
202407,경의선,홍대입구,63770,5958,79254,6520,20240803
202407,경의선,디지털미디어시티,71741,13635,64144,14353,20240803
202407,경의선,김포공항,1,0,0,0,20240803
202407,경의선,계양,3,0,0,0,20240803
202407,경의선,검암,1,1,0,0,20240803
202407,경인선,개봉,469171,170496,452092,176327,20240803
202407,경인선,오류동,250353,95736,228694,94203,20240803
202407,경인선,역곡,588824,160276,581868,165843,20240803
202407,경인선,부천,703615,239002,700405,243250,20240803
202407,경인선,송내,632706,139337,621260,138042,20240803
202407,경인선,부평,727320,157647,770027,162052,20240803
202407,경인선,백운,158156,65713,150486,65460,20240803
202407,경인선,동암,350530,112554,350726,113490,20240803
202407,경인선,주안,451767,101113,404600,89873,20240803
202407,경인선,제물포,234573,70804,224022,70066,20240803
202407,경인선,동인천,293154,125150,272777,122918,20240803
202407,경인선,인천,80355,38819,61183,34941,20240803
202407,경인선,구일,240586,50392,259360,49685,20240803
202407,경인선,소사,159342,61185,150353,59857,20240803
202407,경인선,부개,184473,73905,170024,72442,20240803
202407,경인선,간석,124492,50763,117138,49412,20240803
202407,경인선,도원,73164,31751,73821,33423,20240803
202407,경인선,온수(성공회대입구),134235,54637,124858,52580,20240803
202407,경인선,중동,192825,80808,176398,79281,20240803
202407,경인선,도화,81607,43188,73658,41687,20240803
202407,경춘선,백양리,1567,1264,1109,1169,20240803
202407,경춘선,신내,59306,20586,53060,19780,20240803
202407,경춘선,갈매,65405,21337,55934,20015,20240803
202407,경춘선,별내,77623,24263,72859,23219,20240803
202407,경춘선,퇴계원,73268,31170,66317,29918,20240803
202407,경춘선,사릉,43737,16246,42387,16225,20240803
202407,경춘선,금곡,26086,16766,24985,16236,20240803
202407,경춘선,평내호평,129015,48562,125718,47078,20240803
202407,경춘선,천마산,25500,18358,22843,18366,20240803
202407,경춘선,마석,75817,35074,72967,34990,20240803
202407,경춘선,대성리,21827,6346,22331,6000,20240803
202407,경춘선,청평,40892,20239,39811,20202,20240803
202407,경춘선,상천,4147,4524,3832,4425,20240803
202407,경춘선,가평,57905,16949,58753,16531,20240803
202407,경춘선,굴봉산,2513,2385,1604,2297,20240803
202407,경춘선,강촌,10386,4981,8791,5154,20240803
202407,경춘선,김유정,7442,4004,7727,4127,20240803
202407,경춘선,남춘천,54849,25141,56259,26349,20240803
202407,경춘선,춘천,25871,16678,23033,14188,20240803
202407,공항철도 1호선,공덕,81837,9385,108449,11018,20240803
202407,공항철도 1호선,디지털미디어시티,378853,29962,356063,27996,20240803
202407,공항철도 1호선,마곡나루(서울식물원),304878,17416,289900,17271,20240803
202407,공항철도 1호선,김포공항,281581,22989,163286,14885,20240803
202407,공항철도 1호선,계양,355778,39041,335014,37470,20240803
202407,공항철도 1호선,검암,172311,17273,178145,17575,20240803
202407,공항철도 1호선,청라국제도시,208362,15634,196563,15412,20240803
202407,공항철도 1호선,운서,259107,32140,271910,32096,20240803
202407,공항철도 1호선,공항화물청사,49982,10694,55173,10623,20240803
202407,공항철도 1호선,인천공항1터미널,430404,40441,417387,37593,20240803
202407,공항철도 1호선,인천공항2터미널,204344,22883,176090,19861,20240803
202407,공항철도 1호선,영종,104771,23078,106296,22980,20240803
202407,공항철도 1호선,서울역,389752,35731,352996,32354,20240803
202407,공항철도 1호선,홍대입구,464958,20869,448273,19531,20240803
202407,과천선,대공원,95590,32053,103498,32964,20240803
202407,과천선,과천,147975,51657,134161,48861,20240803
202407,과천선,정부과천청사,296508,66262,308180,65408,20240803
202407,과천선,인덕원,613306,131078,628729,135568,20240803
202407,과천선,평촌,436099,73290,423274,72798,20240803
202407,과천선,범계,688597,127819,687371,125349,20240803
202407,과천선,선바위,187456,35365,160283,34210,20240803
202407,과천선,경마공원,89067,74674,88330,74530,20240803
202407,분당선,오리,262780,77358,224279,68459,20240803
202407,분당선,이매,129907,41738,122105,41360,20240803
202407,분당선,선릉,329878,51442,513283,69320,20240803
202407,분당선,한티,419179,76545,441778,78810,20240803
202407,분당선,도곡,168958,57067,171935,54950,20240803
202407,분당선,구룡,78662,29836,76816,29729,20240803
202407,분당선,개포동,102975,33847,104786,34821,20240803
202407,분당선,대모산입구,139372,40263,129647,39713,20240803
202407,분당선,수서,429528,78793,448110,82282,20240803
202407,분당선,복정,164,1,0,0,20240803
202407,분당선,수원,208524,35551,192325,32603,20240803
202407,분당선,서울숲,341238,32888,345248,32443,20240803
202407,분당선,압구정로데오,529620,50139,592607,47884,20240803
202407,분당선,강남구청,237305,41332,278844,45055,20240803
202407,분당선,선정릉,185436,36109,194902,35232,20240803
202407,분당선,가천대,179100,30122,186652,30455,20240803
202407,분당선,태평,298340,98231,272766,101820,20240803
202407,분당선,모란,429468,179943,423997,197663,20240803
202407,분당선,야탑,582398,169910,622513,171252,20240803
202407,분당선,서현,602549,134807,619378,130656,20240803
202407,분당선,수내,333426,81696,337452,80624,20240803
202407,분당선,정자,463863,73722,485474,73371,20240803
202407,분당선,미금,337251,116214,349129,121618,20240803
202407,분당선,매탄권선,135823,26165,130902,25471,20240803
202407,분당선,수원시청,363990,52307,396559,53582,20240803
202407,분당선,매교,126439,27615,124236,27672,20240803
202407,분당선,보정,55348,21311,49376,20082,20240803
202407,분당선,죽전,301754,73721,336812,80220,20240803
202407,분당선,구성,145407,43270,148303,42952,20240803
202407,분당선,신갈,108463,31619,105527,31750,20240803
202407,분당선,기흥,253839,48019,230370,46361,20240803
202407,분당선,상갈,124038,33893,119864,33190,20240803
202407,분당선,청명,112222,23817,107289,23599,20240803
202407,분당선,영통,230538,36578,230326,36634,20240803
202407,분당선,망포,406334,46672,388088,45273,20240803
202407,서해선,부천종합운동장,68246,8734,56804,6886,20240803
202407,서해선,김포공항,83334,11211,102886,17320,20240803
202407,서해선,원종,100416,41894,100425,43323,20240803
202407,수인선,호구포,89746,25295,93019,25004,20240803
202407,수인선,인천,20035,14809,34745,18630,20240803
202407,수인선,신포,40141,15705,40421,15922,20240803
202407,수인선,숭의,88821,33267,81205,31765,20240803
202407,수인선,인하대,154130,32984,144240,31891,20240803
202407,수인선,송도,48864,24313,43608,23605,20240803
202407,수인선,연수,109687,36191,108839,35905,20240803
202407,수인선,원인재,95110,36498,98008,36630,20240803
202407,수인선,남동인더스파크,56627,7780,63533,7909,20240803
202407,수인선,인천논현,123923,40065,132284,40407,20240803
202407,수인선,소래포구,95806,47055,87746,45825,20240803
202407,수인선,월곶,67760,20931,60702,20588,20240803
202407,수인선,달월,1974,1209,1391,597,20240803
202407,수인선,사리,127949,22149,108374,20118,20240803
202407,수인선,야목,9491,3184,8047,2778,20240803
202407,수인선,어천,34113,8401,31660,9181,20240803
202407,수인선,오목천,99065,18315,86014,17556,20240803
202407,수인선,고색,133005,21989,122800,20429,20240803
202407,신림선,샛강,67226,16192,80588,15261,20240803
202407,신림선,당곡,106289,42856,102928,42707,20240803
202407,신림선,신림,41136,19048,56137,22767,20240803
202407,신림선,서원,80787,27047,69392,26508,20240803
202407,신림선,서울대벤처타운,219852,69209,197766,68866,20240803
202407,신림선,관악산(서울대),58535,38595,58194,38571,20240803
202407,신림선,대방,69728,18729,54687,16392,20240803
202407,신림선,보라매,100188,27038,90276,24471,20240803
202407,신림선,보라매공원,49649,19324,52901,20161,20240803
202407,신림선,보라매병원,163161,60645,173742,60415,20240803
202407,신림선,서울지방병무청,68863,26914,74928,29703,20240803
202407,안산선,정왕,236732,33595,239695,34934,20240803
202407,안산선,오이도,200524,37531,196534,37338,20240803
202407,안산선,수리산,86590,33931,68727,31342,20240803
202407,안산선,산본,373103,114613,398870,116467,20240803
202407,안산선,대야미,114167,34355,99655,32193,20240803
202407,안산선,반월,94393,34445,90903,34205,20240803
202407,안산선,상록수,363096,75376,368484,76646,20240803
202407,안산선,한대앞,221643,47391,220798,48946,20240803
202407,안산선,중앙,481037,70948,504782,70578,20240803
202407,안산선,고잔,219924,39686,208942,38248,20240803
202407,안산선,초지,126780,19818,126721,20115,20240803
202407,안산선,안산,333637,42140,312673,40150,20240803
202407,안산선,신길온천,50736,10950,45422,10437,20240803
202407,우이신설선,정릉,90227,49760,82149,46692,20240803
202407,우이신설선,북한산우이,56875,39897,50228,40989,20240803
202407,우이신설선,솔밭공원,48659,31645,43926,33175,20240803
202407,우이신설선,4.19민주묘지,51973,40437,49490,36506,20240803
202407,우이신설선,가오리,76594,54712,74665,56938,20240803
202407,우이신설선,화계,59441,49576,53820,49921,20240803
202407,우이신설선,삼양,32909,29872,33192,32861,20240803
202407,우이신설선,삼양사거리,38906,40104,39797,39940,20240803
202407,우이신설선,솔샘,131371,43845,121237,46034,20240803
202407,우이신설선,북한산보국문,135859,46957,126858,47083,20240803
202407,우이신설선,성신여대입구(돈암),75922,33869,87674,32569,20240803
202407,우이신설선,보문,32453,16854,32148,16750,20240803
202407,우이신설선,신설동,37358,33224,37064,29157,20240803
202407,일산선,원흥,268849,68598,254603,66308,20240803
202407,일산선,지축,58,1,0,0,20240803
202407,일산선,삼송,470074,99824,448769,100478,20240803
202407,일산선,원당,240728,85252,224470,85108,20240803
202407,일산선,화정,383539,127771,394620,130100,20240803
202407,일산선,대곡,73887,14488,56429,12616,20240803
202407,일산선,백석,218457,81491,221949,80411,20240803
202407,일산선,마두,160427,76083,162943,76988,20240803
202407,일산선,정발산,164705,57706,170554,54845,20240803
202407,일산선,주엽,196236,99818,196440,102469,20240803
202407,일산선,대화,349012,94616,273187,87218,20240803
202407,장항선,봉명,28961,11635,29022,11099,20240803
202407,장항선,쌍용(나사렛대),52343,15516,49956,14794,20240803
202407,장항선,아산,98872,13911,89081,13157,20240803
202407,장항선,탕정,43106,7103,39696,6556,20240803
202407,장항선,배방,30214,7184,29535,6944,20240803
202407,장항선,온양온천,85237,51674,85044,52669,20240803
202407,장항선,신창(순천향대),28900,7299,28964,6772,20240803
202407,중앙선,신원,2529,2983,2201,2715,20240803
202407,중앙선,회기,610577,124521,574685,121653,20240803
202407,중앙선,중랑,114672,52058,107374,51313,20240803
202407,중앙선,상봉,133651,44046,134088,42951,20240803
202407,중앙선,망우,154578,74236,146394,75436,20240803
202407,중앙선,양원,67917,23155,66247,23203,20240803
202407,중앙선,구리,300362,90843,303263,91367,20240803
202407,중앙선,도농,252731,69143,231232,67084,20240803
202407,중앙선,양정,10267,7294,8255,6439,20240803
202407,중앙선,덕소,111754,47450,110206,47748,20240803
202407,중앙선,도심,50516,20258,38446,18391,20240803
202407,중앙선,팔당,17770,9394,18845,9198,20240803
202407,중앙선,운길산,11443,10087,10636,10314,20240803
202407,중앙선,양수,38556,29813,38266,29634,20240803
202407,중앙선,국수,12183,9300,11558,9331,20240803
202407,중앙선,아신,9776,6431,9744,6294,20240803
202407,중앙선,오빈,4839,4728,4842,4812,20240803
202407,중앙선,양평,64910,33364,65395,34170,20240803
202407,중앙선,원덕,4950,6107,4697,5836,20240803
202407,중앙선,용문,31929,37070,32397,37487,20240803
202407,중앙선,지평,842,1044,938,1115,20240803
202406,1호선,종로5가,440595,248630,432871,242504,20240703
202406,1호선,동대문,231365,129109,226540,130444,20240703
202406,1호선,신설동,287903,122597,276799,118990,20240703
202406,1호선,제기동,230693,262223,220271,280041,20240703
202406,1호선,청량리(서울시립대입구),397655,287057,379680,290189,20240703
202406,1호선,동묘앞,156165,163273,161457,162912,20240703
202406,1호선,서울역,1375235,217760,1312172,208410,20240703
202406,1호선,시청,623388,97573,630661,95530,20240703
202406,1호선,종각,914353,146932,912364,137905,20240703
202406,1호선,종로3가,471522,287153,426339,264801,20240703
202406,2호선,동대문역사문화공원(DDP),383045,59596,444676,64891,20240703
202406,2호선,신당,334736,91682,355312,93652,20240703
202406,2호선,상왕십리,341236,70762,329018,71608,20240703
202406,2호선,왕십리(성동구청),404320,53859,367863,48793,20240703
202406,2호선,한양대,301414,13316,331915,14311,20240703
202406,2호선,뚝섬,646298,67355,662850,67248,20240703
202406,2호선,성수,1107129,99606,1240300,100219,20240703
202406,2호선,건대입구,994281,95916,1046691,99397,20240703
202406,2호선,구의(광진구청),597742,108898,572472,108391,20240703
202406,2호선,강변(동서울터미널),772418,125080,737922,121398,20240703
202406,2호선,잠실나루,328734,88827,316326,88584,20240703
202406,2호선,잠실(송파구청),2083604,228907,2053741,218545,20240703
202406,2호선,잠실새내,579320,115982,569084,114755,20240703
202406,2호선,종합운동장,467396,58170,531351,60845,20240703
202406,2호선,삼성(무역센터),1403975,122316,1424615,113198,20240703
202406,2호선,선릉,1278214,230471,1125457,202302,20240703
202406,2호선,역삼,1147994,140463,1321629,144383,20240703
202406,2호선,강남,2059283,156313,2029235,136845,20240703
202406,2호선,교대(법원.검찰청),691031,150539,832770,179639,20240703
202406,2호선,서초,522463,95450,501367,94840,20240703
202406,2호선,방배,397342,77541,413908,76676,20240703
202406,2호선,사당,973327,226486,1072626,211945,20240703
202406,2호선,낙성대(강감찬),684733,115718,655229,116934,20240703
202406,2호선,서울대입구(관악구청),1141004,182257,1110373,173309,20240703
202406,2호선,문래,534599,90527,558664,90065,20240703
202406,2호선,영등포구청,505696,103593,523914,102511,20240703
202406,2호선,당산,443501,59848,517898,65538,20240703
202406,2호선,합정,879304,71736,962157,73043,20240703
202406,2호선,홍대입구,2029079,102205,2213946,99941,20240703
202406,2호선,신촌,984486,124983,1009038,122753,20240703
202406,2호선,이대,423851,50992,463878,54396,20240703
202406,2호선,아현,252310,66469,228262,65155,20240703
202406,2호선,충정로(경기대입구),233804,46611,246637,46958,20240703
202406,2호선,용답,68687,18115,67406,17897,20240703
202406,2호선,신답,36457,9900,40142,10231,20240703
202406,2호선,신설동,78297,33456,69132,33721,20240703
202406,2호선,도림천,27532,9095,28443,10099,20240703
202406,2호선,양천구청,140479,53671,148124,54593,20240703
202406,2호선,신정네거리,215153,76260,220178,77858,20240703
202406,2호선,봉천,537338,157816,491852,156007,20240703
202406,2호선,용두(동대문구청),48118,23958,48073,25032,20240703
202406,2호선,신림,1382311,205402,1323776,202873,20240703
202406,2호선,신대방,600752,135178,573770,135744,20240703
202406,2호선,구로디지털단지,1375181,201300,1352090,201459,20240703
202406,2호선,대림(구로구청),575195,137018,584422,140921,20240703
202406,2호선,신도림,1243793,236673,1235459,222261,20240703
202406,2호선,시청,648953,59285,611509,54336,20240703
202406,2호선,을지로입구,1274944,100866,1312288,94732,20240703
202406,2호선,을지로3가,614189,74197,609556,72976,20240703
202406,2호선,을지로4가,318509,73177,320723,72581,20240703
202406,3호선,동대입구,258419,44971,287577,47807,20240703
202406,3호선,오금,151210,34392,134554,32635,20240703
202406,3호선,경찰병원,161931,45613,159496,46915,20240703
202406,3호선,가락시장,178127,81634,172346,79742,20240703
202406,3호선,수서,416208,124244,415988,119917,20240703
202406,3호선,일원,230728,69795,221753,70066,20240703
202406,3호선,대청,238981,64650,222040,62774,20240703
202406,3호선,학여울,52095,19149,52742,18092,20240703
202406,3호선,대치,278020,73010,269580,70156,20240703
202406,3호선,도곡,134495,29763,134990,28386,20240703
202406,3호선,매봉,267865,74008,259679,69183,20240703
202406,3호선,양재(서초구청),856829,154033,946354,156026,20240703
202406,3호선,남부터미널(예술의전당),718889,127857,730852,129031,20240703
202406,3호선,교대(법원.검찰청),376399,87864,220226,49631,20240703
202406,3호선,고속터미널,1291884,231924,1223067,215585,20240703
202406,3호선,잠원,114663,33295,107969,31712,20240703
202406,3호선,신사,713722,70624,753125,68317,20240703
202406,3호선,압구정,740040,141019,800237,139168,20240703
202406,3호선,옥수,198255,62648,203913,62671,20240703
202406,3호선,금호,175799,54055,160279,52517,20240703
202406,3호선,약수,286544,84028,283092,79372,20240703
202406,3호선,충무로,276,8,0,0,20240703
202406,3호선,을지로3가,273077,47628,279011,44570,20240703
202406,3호선,종로3가,256493,66253,298838,74210,20240703
202406,3호선,안국,667188,107653,699987,112401,20240703
202406,3호선,경복궁(정부서울청사),630259,93181,646812,90499,20240703
202406,3호선,독립문,154791,75126,162103,75958,20240703
202406,3호선,무악재,92345,33882,87483,36003,20240703
202406,3호선,홍제,378377,147821,350269,144433,20240703
202406,3호선,녹번,354759,81232,314547,79713,20240703
202406,3호선,불광,338626,144432,359164,161372,20240703
202406,3호선,연신내,732100,261562,689180,250682,20240703
202406,3호선,구파발,492199,135600,481731,130789,20240703
202406,3호선,지축,177933,38002,175955,36813,20240703
202406,4호선,남태령,33386,9345,25502,8372,20240703
202406,4호선,당고개,202009,79284,166371,77300,20240703
202406,4호선,상계,426589,130037,389153,126428,20240703
202406,4호선,노원,675657,164594,765274,169382,20240703
202406,4호선,창동,541208,228779,571401,235480,20240703
202406,4호선,쌍문,658352,182169,593828,178565,20240703
202406,4호선,수유(강북구청),782467,195626,777791,195567,20240703
202406,4호선,미아(서울사이버대학),328259,120705,308552,121931,20240703
202406,4호선,미아사거리,583769,190626,567360,190711,20240703
202406,4호선,길음,492580,127203,482446,126403,20240703
202406,4호선,성신여대입구(돈암),554147,92723,529207,91107,20240703
202406,4호선,한성대입구(삼선교),339558,76969,329021,75073,20240703
202406,4호선,혜화,893280,123916,918229,121264,20240703
202406,4호선,동대문,420084,159172,440367,153507,20240703
202406,4호선,동대문역사문화공원(DDP),499102,65660,437082,58995,20240703
202406,4호선,충무로,726577,116819,748720,118017,20240703
202406,4호선,명동,922930,77874,994968,80222,20240703
202406,4호선,회현(남대문시장),564059,218179,600674,217831,20240703
202406,4호선,서울역,314883,41980,586926,57036,20240703
202406,4호선,숙대입구(갈월),379702,57085,367119,52374,20240703
202406,4호선,삼각지,159484,25065,192231,27211,20240703
202406,4호선,신용산,508351,57589,550366,58069,20240703
202406,4호선,이촌(국립중앙박물관),210535,54295,232186,56819,20240703
202406,4호선,동작(현충원),36515,19012,39905,18677,20240703
202406,4호선,총신대입구(이수),400130,162548,434766,169090,20240703
202406,4호선,사당,667105,109009,592798,114492,20240703
202406,5호선,목동,381798,87265,407344,88152,20240703
202406,5호선,길동,158229,81627,161870,83191,20240703
202406,5호선,강동,400592,112356,387419,109720,20240703
202406,5호선,천호(풍납토성),421940,154413,408240,156774,20240703
202406,5호선,광나루(장신대),321269,79138,297393,76278,20240703
202406,5호선,아차산(어린이대공원후문),337051,110238,326723,107092,20240703
202406,5호선,군자(능동),290513,40679,321256,46078,20240703
202406,5호선,장한평,437544,101509,427861,103388,20240703
202406,5호선,답십리,363851,88399,322845,85092,20240703
202406,5호선,마장,125909,42609,115948,41139,20240703
202406,5호선,왕십리(성동구청),104383,26426,128788,26850,20240703
202406,5호선,행당,177216,53072,154713,47489,20240703
202406,5호선,신금호,144737,40128,149674,45285,20240703
202406,5호선,청구,85800,25064,84664,20913,20240703
202406,5호선,동대문역사문화공원(DDP),74694,8021,86080,9125,20240703
202406,5호선,을지로4가,135420,41508,139644,40298,20240703
202406,5호선,종로3가,371608,94491,387062,99155,20240703
202406,5호선,광화문(세종문화회관),811700,91540,865240,91277,20240703
202406,5호선,서대문,457442,72121,464570,68052,20240703
202406,5호선,충정로(경기대입구),109613,15250,112736,15505,20240703
202406,5호선,애오개,150180,40613,147694,38786,20240703
202406,5호선,공덕,344293,51198,365279,48215,20240703
202406,5호선,마포,336201,65737,342120,65297,20240703
202406,5호선,여의나루,414536,36153,450763,35251,20240703
202406,5호선,여의도,714938,56731,781546,53690,20240703
202406,5호선,신길,126755,12975,128001,13241,20240703
202406,5호선,영등포시장,250864,81901,255827,82858,20240703
202406,5호선,영등포구청,104533,21107,103210,20581,20240703
202406,5호선,양평,175980,31535,169975,30933,20240703
202406,5호선,오목교(목동운동장앞),508390,92765,540529,92584,20240703
202406,5호선,신정(은행정),311125,66506,250954,64003,20240703
202406,5호선,까치산,635338,163756,599379,164842,20240703
202406,5호선,화곡,654568,156860,602533,149858,20240703
202406,5호선,우장산,321215,101767,309959,105502,20240703
202406,5호선,발산,520743,112434,549957,109388,20240703
202406,5호선,마곡,282386,48327,287045,47116,20240703
202406,5호선,송정,134114,52827,125414,50245,20240703
202406,5호선,김포공항,245860,48495,188101,43534,20240703
202406,5호선,개화산,127645,43832,121088,42648,20240703
202406,5호선,방화,142335,59876,134358,58831,20240703
202406,5호선,하남검단산,140276,58359,131096,57642,20240703
202406,5호선,하남시청(덕풍?신장),166390,81573,153396,82012,20240703
202406,5호선,하남풍산,94192,36557,93177,35987,20240703
202406,5호선,미사,420173,92434,428608,91397,20240703
202406,5호선,강일,125750,47711,112508,46014,20240703
202406,5호선,마천,153503,61366,135176,62383,20240703
202406,5호선,거여,216146,70647,209684,68450,20240703
202406,5호선,개롱,133116,54344,137699,55492,20240703
202406,5호선,오금,79619,22979,80069,21837,20240703
202406,5호선,방이,160260,52575,163347,52911,20240703
202406,5호선,올림픽공원(한국체대),145214,49820,124716,41728,20240703
202406,5호선,둔촌동,187654,71682,185008,72232,20240703
202406,5호선,상일동,318243,95123,296766,93465,20240703
202406,5호선,고덕,223578,79928,216167,78462,20240703
202406,5호선,명일,180935,77356,183315,79491,20240703
202406,5호선,굽은다리(강동구민회관앞),201928,83663,194342,78764,20240703
202406,6호선,불광,94846,45353,95394,37216,20240703
202406,6호선,역촌,73999,35790,93738,35253,20240703
202406,6호선,응암,380815,127984,373001,126432,20240703
202406,6호선,녹사평(용산구청),143675,18697,148463,18281,20240703
202406,6호선,이태원,327272,30526,365051,30504,20240703
202406,6호선,한강진,286142,17283,340260,17560,20240703
202406,6호선,버티고개,47494,14507,46191,16073,20240703
202406,6호선,약수,87018,21835,83204,21317,20240703
202406,6호선,청구,91322,20086,85042,22173,20240703
202406,6호선,신당,209898,38611,215127,37931,20240703
202406,6호선,동묘앞,185156,70882,191983,66902,20240703
202406,6호선,창신,81569,19997,66700,18651,20240703
202406,6호선,안암(고대병원앞),316039,37052,321446,36365,20240703
202406,6호선,보문,195781,32199,180104,30870,20240703
202406,6호선,고려대(종암),216330,37112,206267,36282,20240703
202406,6호선,월곡(동덕여대),268285,72048,259072,71053,20240703
202406,6호선,상월곡(한국과학기술연구원),147824,42724,132246,41417,20240703
202406,6호선,돌곶이,227295,64975,203788,63467,20240703
202406,6호선,석계,272461,83910,280741,83062,20240703
202406,6호선,태릉입구,130470,36855,151838,37832,20240703
202406,6호선,화랑대(서울여대입구),289288,52961,222042,47840,20240703
202406,6호선,봉화산(서울의료원),196234,53487,182113,52616,20240703
202406,6호선,신내,10,0,0,0,20240703
202406,6호선,독바위,58823,22182,57644,27399,20240703
202406,6호선,연신내,102,3,0,0,20240703
202406,6호선,구산,181370,58705,120814,60491,20240703
202406,6호선,새절(신사),275308,93578,246645,94218,20240703
202406,6호선,증산(명지대앞),207602,76587,205345,76920,20240703
202406,6호선,디지털미디어시티,345244,61680,368945,61824,20240703
202406,6호선,월드컵경기장(성산),141476,58445,165622,57158,20240703
202406,6호선,마포구청,332584,84229,294483,77070,20240703
202406,6호선,망원,368910,87837,396240,91869,20240703
202406,6호선,합정,361946,43268,356327,39405,20240703
202406,6호선,상수,279987,22327,318581,22542,20240703
202406,6호선,광흥창(서강),208434,57855,197278,56820,20240703
202406,6호선,대흥(서강대앞),218100,49377,228247,48486,20240703
202406,6호선,공덕,447739,81001,435462,76705,20240703
202406,6호선,효창공원앞,172908,39969,155195,36565,20240703
202406,6호선,삼각지,216726,24030,185656,18245,20240703
202406,7호선,청담,432079,79144,481869,76383,20240703
202406,7호선,반포,146507,40291,138484,38299,20240703
202406,7호선,고속터미널,438951,81406,354439,73098,20240703
202406,7호선,내방,326324,75666,330084,72392,20240703
202406,7호선,이수,390886,83923,381147,79363,20240703
202406,7호선,남성,250758,81359,233048,82110,20240703
202406,7호선,숭실대입구(살피재),330525,67778,326948,70429,20240703
202406,7호선,상도,279256,67997,272867,64191,20240703
202406,7호선,장승배기,191094,71229,183223,71951,20240703
202406,7호선,신대방삼거리,329656,96055,307843,98950,20240703
202406,7호선,보라매,160696,32307,165392,33530,20240703
202406,7호선,신풍,244770,77958,224914,75950,20240703
202406,7호선,대림(구로구청),230153,47188,233521,46715,20240703
202406,7호선,남구로,336689,64008,353544,64797,20240703
202406,7호선,가산디지털단지,1003936,96674,1011857,91280,20240703
202406,7호선,철산,491145,118387,497686,116537,20240703
202406,7호선,광명사거리,420765,159075,408389,165401,20240703
202406,7호선,천왕,259142,63419,245182,63873,20240703
202406,7호선,온수(성공회대입구),233311,45087,215622,42351,20240703
202406,7호선,까치울,0,1,0,0,20240703
202406,7호선,신중동,1,0,0,0,20240703
202406,7호선,부평구청,2,0,0,0,20240703
202406,7호선,논현,453763,45318,469984,44332,20240703
202406,7호선,학동,550567,66001,582369,63062,20240703
202406,7호선,강남구청,381362,53276,427894,54692,20240703
202406,7호선,자양(뚝섬한강공원),307691,71318,305586,71903,20240703
202406,7호선,건대입구,336514,65247,347714,59868,20240703
202406,7호선,어린이대공원(세종대),434960,46337,440670,46451,20240703
202406,7호선,군자(능동),349177,96054,265871,79789,20240703
202406,7호선,중곡,241061,67236,220626,68354,20240703
202406,7호선,용마산(용마폭포공원),133796,40511,129096,43765,20240703
202406,7호선,사가정,354086,109530,352084,109729,20240703
202406,7호선,면목,331944,102937,313767,105533,20240703
202406,7호선,상봉,424951,79668,410343,75716,20240703
202406,7호선,중화,234878,68602,227407,68098,20240703
202406,7호선,먹골,223381,71204,216379,73220,20240703
202406,7호선,태릉입구,216917,52919,202706,48452,20240703
202406,7호선,공릉(서울과학기술대),269052,77453,263723,77601,20240703
202406,7호선,하계,396548,118936,365049,114330,20240703
202406,7호선,중계,319128,102557,287559,98767,20240703
202406,7호선,노원,549549,166332,582760,163695,20240703
202406,7호선,마들,275602,96319,252481,94082,20240703
202406,7호선,수락산,257012,107702,248286,108899,20240703
202406,7호선,도봉산,206879,57874,236168,80958,20240703
202406,7호선,장암,65322,15837,26966,12015,20240703
202406,8호선,남위례,170511,36007,172544,35300,20240703
202406,8호선,가락시장,154674,65161,176653,66012,20240703
202406,8호선,문정,502786,64000,528246,63584,20240703
202406,8호선,모란,88928,59468,72881,46329,20240703
202406,8호선,장지,397023,90525,363266,85865,20240703
202406,8호선,복정,231703,43052,196424,38668,20240703
202406,8호선,산성,147386,38581,147649,41692,20240703
202406,8호선,송파,200280,68821,193073,67920,20240703
202406,8호선,석촌,174659,57154,210404,60315,20240703
202406,8호선,잠실(송파구청),398620,84046,475358,82476,20240703
202406,8호선,몽촌토성(평화의문),161804,35592,166313,34743,20240703
202406,8호선,강동구청,221042,69173,226642,69894,20240703
202406,8호선,천호(풍납토성),343091,93155,407556,90605,20240703
202406,8호선,암사,416391,113626,357650,110925,20240703
202406,8호선,남한산성입구(성남법원.검찰청),310203,80671,277310,75784,20240703
202406,8호선,단대오거리,268285,78320,254058,75756,20240703
202406,8호선,신흥,106429,42690,109725,44509,20240703
202406,8호선,수진,115173,48140,103710,47025,20240703
202406,9호선,샛강,146699,31699,147285,31260,20240703
202406,9호선,개화,63890,14683,43410,12069,20240703
202406,9호선,김포공항,203046,21268,285121,26665,20240703
202406,9호선,공항시장,62882,26204,66382,27985,20240703
202406,9호선,신방화,151651,50985,146095,51380,20240703
202406,9호선,마곡나루(서울식물원),347493,39415,346523,37821,20240703
202406,9호선,양천향교,229912,50307,232619,49413,20240703
202406,9호선,가양,489141,143822,477075,140516,20240703
202406,9호선,증미,175797,39408,167447,40139,20240703
202406,9호선,고속터미널,409115,76113,570282,91494,20240703
202406,9호선,등촌,254594,89056,238753,89635,20240703
202406,9호선,염창,423377,81338,401517,79327,20240703
202406,9호선,신목동,98957,26324,85790,25145,20240703
202406,9호선,선유도,204463,32761,190884,32311,20240703
202406,9호선,당산,479974,74836,476265,69395,20240703
202406,9호선,국회의사당,373657,61822,390940,55624,20240703
202406,9호선,여의도,773035,55101,751872,50845,20240703
202406,9호선,노량진,649339,88122,640691,87861,20240703
202406,9호선,노들,112057,35007,90303,31819,20240703
202406,9호선,흑석(중앙대입구),211627,60366,213558,59781,20240703
202406,9호선,동작(현충원),54092,28239,47524,27284,20240703
202406,9호선,구반포,26560,9095,25759,9079,20240703
202406,9호선,신반포,93768,29995,92657,29927,20240703
202406,9호선,사평,89688,25486,84066,25522,20240703
202406,9호선,신논현,840343,55785,835608,55245,20240703
202406,9호선2~3단계,석촌고분,158631,44472,151039,44646,20240703
202406,9호선2~3단계,삼전,183222,43118,169056,42087,20240703
202406,9호선2~3단계,종합운동장,134570,22596,130130,20602,20240703
202406,9호선2~3단계,봉은사,558947,57979,592307,55512,20240703
202406,9호선2~3단계,삼성중앙,178126,29016,184232,28625,20240703
202406,9호선2~3단계,언주,279424,34233,285170,33807,20240703
202406,9호선2~3단계,중앙보훈병원,242651,83234,209377,81062,20240703
202406,9호선2~3단계,둔촌오륜,29308,8792,28107,9367,20240703
202406,9호선2~3단계,올림픽공원(한국체대),212002,27232,223717,30602,20240703
202406,9호선2~3단계,한성백제,72171,19138,62828,17488,20240703
202406,9호선2~3단계,송파나루,129959,31458,140420,32787,20240703
202406,9호선2~3단계,석촌,236436,46477,207013,40646,20240703
202406,9호선2~3단계,선정릉,236149,29669,257561,30547,20240703
202406,경강선,이천,74443,16465,79459,17587,20240703
202406,경강선,부발,58858,10944,58639,10987,20240703
202406,경강선,세종대왕릉,6646,4593,6726,4535,20240703
202406,경강선,여주,70127,22504,69786,22833,20240703
202406,경강선,성남,21631,6086,18640,6347,20240703
202406,경강선,신둔도예촌,35987,9479,33421,9194,20240703
202406,경강선,경기광주,186872,36784,177434,37043,20240703
202406,경강선,삼동,55638,14977,49992,14902,20240703
202406,경강선,이매,25375,6920,21155,6534,20240703
202406,경강선,판교,139339,20468,135491,16935,20240703
202406,경강선,곤지암,52522,15925,52424,16398,20240703
202406,경강선,초월,80897,16989,75434,16608,20240703
202406,경부선,군포,155838,39912,152893,38947,20240703
202406,경부선,광명,104978,12926,87585,12538,20240703
202406,경부선,서동탄,36346,8278,31435,7827,20240703
202406,경부선,당정,149072,34034,141188,32459,20240703
202406,경부선,천안,169987,60190,156725,59627,20240703
202406,경부선,두정,209285,30464,223403,31112,20240703
202406,경부선,직산,25368,5929,25060,5660,20240703
202406,경부선,성환,132576,22292,128583,21861,20240703
202406,경부선,평택,354514,74836,352391,73375,20240703
202406,경부선,평택지제,119546,14809,114349,14233,20240703
202406,경부선,서정리,219449,38854,208030,38008,20240703
202406,경부선,송탄,122643,23095,119284,22546,20240703
202406,경부선,진위,39709,10596,35604,10221,20240703
202406,경부선,오산,269656,54021,267875,54846,20240703
202406,경부선,오산대,95872,21641,89305,20764,20240703
202406,경부선,세마,80718,17364,75556,16384,20240703
202406,경부선,병점,392620,76710,393157,76121,20240703
202406,경부선,세류,84689,18153,79202,17552,20240703
202406,경부선,독산,395619,70691,399721,72026,20240703
202406,경부선,수원,1036075,171413,1091749,173528,20240703
202406,경부선,화서,315640,53375,307486,52019,20240703
202406,경부선,성균관대,387903,65957,381367,66429,20240703
202406,경부선,의왕,214648,46485,211685,46233,20240703
202406,경부선,금정,663310,138681,669980,139630,20240703
202406,경부선,명학,203459,45978,200167,44672,20240703
202406,경부선,안양,560485,129451,549900,133385,20240703
202406,경부선,관악,159002,59178,150905,57484,20240703
202406,경부선,석수,200196,52828,181040,51073,20240703
202406,경부선,금천구청,239555,85305,241098,86583,20240703
202406,경부선,가산디지털단지,409975,39038,472895,43155,20240703
202406,경부선,구로,401625,107524,416976,104428,20240703
202406,경부선,신길,204585,49193,170137,46635,20240703
202406,경부선,신도림,91104,26857,93269,32038,20240703
202406,경부선,영등포,965086,313931,991638,314891,20240703
202406,경부선,대방,233759,60162,260632,62058,20240703
202406,경부선,노량진,210349,43398,205704,40442,20240703
202406,경부선,용산,1153738,145981,1174769,144402,20240703
202406,경부선,남영,242345,39189,253867,40386,20240703
202406,경부선,서울역,289605,18433,98841,4464,20240703
202406,경원선,연천,14505,26975,13769,27796,20240703
202406,경원선,청량리(서울시립대입구),367286,153801,381983,164392,20240703
202406,경원선,외대앞,235116,47880,226760,47464,20240703
202406,경원선,신이문,174010,71045,156864,69362,20240703
202406,경원선,석계,156870,63182,179144,67993,20240703
202406,경원선,광운대,184682,58929,174946,57211,20240703
202406,경원선,월계,144635,65594,129149,62609,20240703
202406,경원선,왕십리(성동구청),426460,80872,423413,82145,20240703
202406,경원선,응봉,37929,18595,31403,16972,20240703
202406,경원선,옥수,1646,176,1101,86,20240703
202406,경원선,한남,79067,27152,78596,25768,20240703
202406,경원선,서빙고,50800,20644,47632,20061,20240703
202406,경원선,이촌(국립중앙박물관),90136,33548,66857,28125,20240703
202406,경원선,녹천,90351,39835,72890,36510,20240703
202406,경원선,창동,117,7,0,0,20240703
202406,경원선,방학,178641,115806,171965,112730,20240703
202406,경원선,도봉,98952,75442,92334,74162,20240703
202406,경원선,도봉산,130742,121993,73244,96221,20240703
202406,경원선,망월사,167688,74483,168015,75964,20240703
202406,경원선,회룡,221093,162154,215829,159600,20240703
202406,경원선,의정부,436675,125240,449131,126231,20240703
202406,경원선,가능,129363,61283,122745,61359,20240703
202406,경원선,녹양,86848,40210,81759,38362,20240703
202406,경원선,양주,161441,62369,152563,59990,20240703
202406,경원선,덕계,134421,38759,121225,37036,20240703
202406,경원선,덕정,145922,39593,137315,39663,20240703
202406,경원선,지행,150836,50039,153127,49952,20240703
202406,경원선,동두천중앙,54302,37899,51817,37488,20240703
202406,경원선,보산,35087,15146,32920,14677,20240703
202406,경원선,동두천,43428,19394,41498,19569,20240703
202406,경원선,소요산,14819,51268,14625,50124,20240703
202406,경원선,청산,2537,2194,2011,1990,20240703
202406,경원선,전곡,23207,14994,21337,13700,20240703
202406,경의선,계양,2,0,0,0,20240703
202406,경의선,신촌,22948,3749,28572,4537,20240703
202406,경의선,효창공원앞,74258,17098,82863,19102,20240703
202406,경의선,서강대,56703,12242,56367,11315,20240703
202406,경의선,가좌,125934,46026,116507,46410,20240703
202406,경의선,수색,76615,19744,77684,19636,20240703
202406,경의선,한국항공대,65889,10366,61223,10238,20240703
202406,경의선,강매,73386,19796,61417,18786,20240703
202406,경의선,행신,195128,38872,194263,39537,20240703
202406,경의선,능곡,104507,36107,97628,35721,20240703
202406,경의선,곡산,13373,6394,14361,6732,20240703
202406,경의선,백마,174157,41266,166838,40469,20240703
202406,경의선,풍산,140006,44321,131285,43076,20240703
202406,경의선,일산,245866,74611,236680,74735,20240703
202406,경의선,탄현,183418,44824,174870,44423,20240703
202406,경의선,야당,219730,44591,225938,43558,20240703
202406,경의선,운정,183654,45412,168153,44269,20240703
202406,경의선,금릉,129249,32205,122874,31875,20240703
202406,경의선,금촌,151376,48873,146754,48885,20240703
202406,경의선,월롱,51061,9345,44809,9925,20240703
202406,경의선,파주,31719,8311,23691,7456,20240703
202406,경의선,문산,117560,45997,114500,45899,20240703
202406,경의선,임진강,662,703,541,575,20240703
202406,경의선,운천,90,170,28,116,20240703
202406,경의선,서울역,100523,18373,125062,21237,20240703
202406,경의선,공덕,107194,16914,83471,16306,20240703
202406,경의선,홍대입구,61433,5959,74441,6621,20240703
202406,경의선,디지털미디어시티,68846,13523,61714,14342,20240703
202406,경의선,김포공항,0,1,0,0,20240703
202406,경인선,구일,211947,51986,219062,50876,20240703
202406,경인선,개봉,453531,170636,436411,176830,20240703
202406,경인선,오류동,243803,96010,221589,93454,20240703
202406,경인선,역곡,601286,163247,591145,168583,20240703
202406,경인선,주안,454722,102085,409182,90433,20240703
202406,경인선,동암,345070,113916,344440,114402,20240703
202406,경인선,백운,154962,65912,149012,66071,20240703
202406,경인선,제물포,240023,72356,227843,72038,20240703
202406,경인선,동인천,291351,128732,270329,125575,20240703
202406,경인선,인천,89225,46524,69520,42057,20240703
202406,경인선,부평,705936,158328,753971,162570,20240703
202406,경인선,송내,613455,140175,602671,138706,20240703
202406,경인선,부천,700514,239121,696544,242499,20240703
202406,경인선,도화,81639,43427,72949,41914,20240703
202406,경인선,중동,188041,81231,171208,79803,20240703
202406,경인선,온수(성공회대입구),136763,54419,126939,52553,20240703
202406,경인선,도원,68059,32765,68171,34187,20240703
202406,경인선,간석,120499,50638,112913,48996,20240703
202406,경인선,부개,179878,74009,164370,72206,20240703
202406,경인선,소사,164015,62802,154342,61724,20240703
202406,경춘선,대성리,22237,7241,22803,6746,20240703
202406,경춘선,마석,78618,37470,76904,37332,20240703
202406,경춘선,천마산,27017,19230,24223,19251,20240703
202406,경춘선,평내호평,128144,49764,125312,48080,20240703
202406,경춘선,금곡,26724,17114,25338,16902,20240703
202406,경춘선,사릉,44907,16910,43208,16980,20240703
202406,경춘선,퇴계원,73700,31579,66617,30325,20240703
202406,경춘선,신내,56002,20877,50482,20148,20240703
202406,경춘선,별내,75314,24979,70624,23414,20240703
202406,경춘선,갈매,62636,21752,53553,20185,20240703
202406,경춘선,춘천,37254,20625,33364,16576,20240703
202406,경춘선,남춘천,63705,29057,64282,30987,20240703
202406,경춘선,김유정,8884,4955,9922,5168,20240703
202406,경춘선,강촌,11865,5844,10793,5930,20240703
202406,경춘선,백양리,1433,1456,1384,1463,20240703
202406,경춘선,굴봉산,2203,2836,2015,2742,20240703
202406,경춘선,가평,52623,23183,52719,22768,20240703
202406,경춘선,상천,5200,6041,4887,6054,20240703
202406,경춘선,청평,39174,22479,38396,22239,20240703
202406,공항철도 1호선,서울역,392988,37978,356279,34158,20240703
202406,공항철도 1호선,계양,336281,40545,318499,38819,20240703
202406,공항철도 1호선,김포공항,285757,24704,153947,15826,20240703
202406,공항철도 1호선,마곡나루(서울식물원),293379,18374,281699,19092,20240703
202406,공항철도 1호선,디지털미디어시티,345027,29854,326193,28194,20240703
202406,공항철도 1호선,홍대입구,432512,21208,417261,19611,20240703
202406,공항철도 1호선,공덕,76784,9197,104522,11119,20240703
202406,공항철도 1호선,검암,163811,18437,170682,19235,20240703
202406,공항철도 1호선,청라국제도시,196417,16200,185470,15871,20240703
202406,공항철도 1호선,운서,252231,34001,266881,34117,20240703
202406,공항철도 1호선,공항화물청사,46336,10065,52231,10114,20240703
202406,공항철도 1호선,인천공항1터미널,417830,42447,405982,39172,20240703
202406,공항철도 1호선,인천공항2터미널,200319,20333,171343,17400,20240703
202406,공항철도 1호선,영종,100629,24230,103407,24349,20240703
202406,과천선,선바위,179878,38575,154187,37041,20240703
202406,과천선,정부과천청사,265867,64652,276098,63828,20240703
202406,과천선,인덕원,583901,135278,595976,139907,20240703
202406,과천선,평촌,406549,71664,392095,70935,20240703
202406,과천선,범계,656145,129475,655037,127010,20240703
202406,과천선,경마공원,103602,86157,104742,86166,20240703
202406,과천선,대공원,105183,50410,109274,51892,20240703
202406,과천선,과천,140577,52064,126675,49224,20240703
202406,분당선,복정,170,6,0,0,20240703
202406,분당선,수원,207856,36754,189917,34206,20240703
202406,분당선,서울숲,343587,38621,352537,37638,20240703
202406,분당선,강남구청,217591,40359,256517,44074,20240703
202406,분당선,선정릉,163082,34120,172485,33600,20240703
202406,분당선,가천대,242652,29521,249011,29995,20240703
202406,분당선,태평,285778,96988,262629,100618,20240703
202406,분당선,모란,416639,181993,413062,199750,20240703
202406,분당선,야탑,551704,171319,588165,171890,20240703
202406,분당선,서현,549021,134225,565675,130341,20240703
202406,분당선,수내,301025,81473,303757,80361,20240703
202406,분당선,정자,421822,73453,441146,73173,20240703
202406,분당선,미금,315918,113193,328330,119626,20240703
202406,분당선,오리,246611,77814,208752,68577,20240703
202406,분당선,이매,125055,42822,116706,42417,20240703
202406,분당선,보정,54175,21952,46934,20600,20240703
202406,분당선,죽전,315037,75456,347428,80559,20240703
202406,분당선,구성,107514,41048,114479,41124,20240703
202406,분당선,신갈,100144,32428,97465,32313,20240703
202406,분당선,기흥,251580,47912,231345,47108,20240703
202406,분당선,상갈,121357,34402,116625,33775,20240703
202406,분당선,청명,108581,23657,103975,23680,20240703
202406,분당선,영통,228470,36297,230834,35975,20240703
202406,분당선,망포,384779,45980,365286,44196,20240703
202406,분당선,매탄권선,132917,26073,128022,25576,20240703
202406,분당선,수원시청,350030,51860,382152,53342,20240703
202406,분당선,압구정로데오,499954,48815,564401,46458,20240703
202406,분당선,선릉,287765,47277,451647,64146,20240703
202406,분당선,한티,371983,75508,391459,77088,20240703
202406,분당선,도곡,160700,57457,159258,54890,20240703
202406,분당선,구룡,75566,28978,73393,29220,20240703
202406,분당선,개포동,97603,33864,98657,34274,20240703
202406,분당선,대모산입구,129596,39588,120353,38904,20240703
202406,분당선,수서,395339,78403,414063,82506,20240703
202406,분당선,매교,121571,28158,119725,28441,20240703
202406,서해선,부천종합운동장,62632,9031,52963,7218,20240703
202406,서해선,김포공항,83087,11544,97456,16562,20240703
202406,서해선,원종,96916,41924,95822,43225,20240703
202406,수인선,어천,33469,8731,31692,9477,20240703
202406,수인선,야목,9520,3179,8339,2805,20240703
202406,수인선,사리,126941,22521,109196,20274,20240703
202406,수인선,달월,1986,1052,1476,607,20240703
202406,수인선,월곶,68261,21390,61515,21029,20240703
202406,수인선,소래포구,100065,67144,92439,66146,20240703
202406,수인선,호구포,86929,24413,89742,24003,20240703
202406,수인선,고색,127878,21435,122444,19810,20240703
202406,수인선,오목천,112534,19077,94887,18305,20240703
202406,수인선,인천,21693,14837,37857,19748,20240703
202406,수인선,신포,40959,16296,41442,16584,20240703
202406,수인선,숭의,87541,34052,80001,32508,20240703
202406,수인선,인하대,171981,33748,161589,32279,20240703
202406,수인선,송도,49554,25465,44908,24747,20240703
202406,수인선,연수,112441,36730,110968,36589,20240703
202406,수인선,원인재,95836,36667,99064,36717,20240703
202406,수인선,남동인더스파크,50406,6958,56935,7138,20240703
202406,수인선,인천논현,122374,39455,131306,40158,20240703
202406,신림선,대방,68867,18976,52352,16005,20240703
202406,신림선,샛강,61379,15876,74208,15086,20240703
202406,신림선,관악산(서울대),62342,43040,64618,42392,20240703
202406,신림선,서울대벤처타운,210374,69180,186553,68278,20240703
202406,신림선,서원,75200,26365,62794,25839,20240703
202406,신림선,신림,37310,18386,50935,22460,20240703
202406,신림선,당곡,96901,40746,92295,40418,20240703
202406,신림선,보라매병원,141135,56053,150606,55715,20240703
202406,신림선,보라매공원,44674,18847,48326,19847,20240703
202406,신림선,보라매,92935,26131,84391,23566,20240703
202406,신림선,서울지방병무청,63203,26289,67892,28623,20240703
202406,안산선,수리산,84815,34555,68027,32399,20240703
202406,안산선,오이도,203495,41269,200779,40804,20240703
202406,안산선,정왕,254493,33589,256811,34932,20240703
202406,안산선,신길온천,49932,11415,45230,11206,20240703
202406,안산선,안산,327776,41591,307172,39380,20240703
202406,안산선,초지,125892,21090,126534,21360,20240703
202406,안산선,고잔,219355,41955,209769,40490,20240703
202406,안산선,중앙,476318,72392,500541,71922,20240703
202406,안산선,한대앞,242136,48809,241664,50257,20240703
202406,안산선,상록수,368163,78133,371459,79272,20240703
202406,안산선,반월,94113,34974,90467,34885,20240703
202406,안산선,대야미,112769,35746,99335,33764,20240703
202406,안산선,산본,362456,115114,388497,116963,20240703
202406,우이신설선,북한산우이,63032,41126,56982,42773,20240703
202406,우이신설선,솔밭공원,46700,32002,40941,33531,20240703
202406,우이신설선,4.19민주묘지,63969,41239,62264,36492,20240703
202406,우이신설선,가오리,73624,53635,70134,55293,20240703
202406,우이신설선,화계,57556,49080,51447,49496,20240703
202406,우이신설선,삼양,31403,29774,31344,32314,20240703
202406,우이신설선,삼양사거리,38157,40060,38113,39854,20240703
202406,우이신설선,솔샘,124839,43756,112702,45478,20240703
202406,우이신설선,북한산보국문,140699,47470,127434,46726,20240703
202406,우이신설선,정릉,90994,50847,79746,47301,20240703
202406,우이신설선,성신여대입구(돈암),74860,33235,88408,31802,20240703
202406,우이신설선,보문,32004,16625,31542,16535,20240703
202406,우이신설선,신설동,35891,32763,35800,29048,20240703
202406,일산선,원흥,258823,70061,244255,67214,20240703
202406,일산선,지축,61,0,0,0,20240703
202406,일산선,삼송,447786,101034,425837,101787,20240703
202406,일산선,원당,232869,87855,216216,87351,20240703
202406,일산선,화정,367482,127802,377016,130234,20240703
202406,일산선,대곡,73696,15984,54226,13937,20240703
202406,일산선,백석,208439,79553,212303,78574,20240703
202406,일산선,마두,149904,72868,152747,74207,20240703
202406,일산선,정발산,160102,61562,168178,59058,20240703
202406,일산선,주엽,183484,98765,183126,101656,20240703
202406,일산선,대화,301142,89697,228666,82270,20240703
202406,장항선,봉명,27995,11226,28103,10780,20240703
202406,장항선,쌍용(나사렛대),67623,17263,64485,16307,20240703
202406,장항선,아산,114146,14933,100184,14008,20240703
202406,장항선,탕정,45964,7069,41570,6465,20240703
202406,장항선,배방,32282,7849,31644,7798,20240703
202406,장항선,온양온천,90241,57926,91498,58662,20240703
202406,장항선,신창(순천향대),49838,7681,49437,6986,20240703
202406,중앙선,회기,648725,126795,611886,123754,20240703
202406,중앙선,중랑,110007,52020,104005,51233,20240703
202406,중앙선,상봉,132923,46226,130325,44975,20240703
202406,중앙선,망우,152275,75808,144395,76108,20240703
202406,중앙선,양원,65941,23525,63638,23564,20240703
202406,중앙선,구리,287847,90381,294037,90878,20240703
202406,중앙선,도농,244393,71769,223722,69338,20240703
202406,중앙선,양정,10002,7959,8101,7073,20240703
202406,중앙선,덕소,111738,48451,109894,48252,20240703
202406,중앙선,도심,47852,21040,36686,19059,20240703
202406,중앙선,팔당,19247,10608,20162,10401,20240703
202406,중앙선,운길산,14171,13226,13456,13444,20240703
202406,중앙선,양수,37731,27420,37004,27283,20240703
202406,중앙선,신원,2981,3543,2575,3260,20240703
202406,중앙선,국수,12440,9832,11699,9946,20240703
202406,중앙선,아신,10655,7135,10809,6984,20240703
202406,중앙선,오빈,4984,4860,4832,5019,20240703
202406,중앙선,양평,64360,37300,65490,38361,20240703
202406,중앙선,원덕,4839,6889,4651,6686,20240703
202406,중앙선,용문,33375,41628,33488,41155,20240703
202406,중앙선,지평,1019,1185,1186,1469,20240703
202405,1호선,서울역,1479117,236809,1428188,228836,20240603
202405,1호선,시청,691098,107105,693899,103074,20240603
202405,1호선,종각,989168,162080,970072,151268,20240603
202405,1호선,종로3가,519210,306638,467584,280264,20240603
202405,1호선,종로5가,490609,268475,478781,260570,20240603
202405,1호선,동대문,245573,131145,241712,131760,20240603
202405,1호선,신설동,309545,127360,297637,123519,20240603
202405,1호선,제기동,249016,283615,238896,303596,20240603
202405,1호선,청량리(서울시립대입구),425934,303795,410468,305873,20240603
202405,1호선,동묘앞,176547,175272,186029,177168,20240603
202405,2호선,시청,704695,62809,664060,56774,20240603
202405,2호선,을지로입구,1319969,107082,1355563,99955,20240603
202405,2호선,을지로3가,657303,76751,649655,76167,20240603
202405,2호선,을지로4가,335536,79552,340672,79388,20240603
202405,2호선,동대문역사문화공원(DDP),400493,64597,462917,69533,20240603
202405,2호선,신당,362384,98903,384438,100790,20240603
202405,2호선,상왕십리,366072,74215,352693,75534,20240603
202405,2호선,왕십리(성동구청),446600,56602,399177,51090,20240603
202405,2호선,한양대,385782,14645,435583,15699,20240603
202405,2호선,뚝섬,684269,71163,710024,70992,20240603
202405,2호선,성수,1185919,106377,1320446,106981,20240603
202405,2호선,건대입구,1088906,102314,1138735,105211,20240603
202405,2호선,구의(광진구청),633956,114118,608645,113992,20240603
202405,2호선,강변(동서울터미널),834215,131926,794896,127962,20240603
202405,2호선,잠실나루,353991,94234,341356,94621,20240603
202405,2호선,잠실(송파구청),2255264,236852,2218730,224844,20240603
202405,2호선,잠실새내,631937,122496,620343,120931,20240603
202405,2호선,종합운동장,436161,61697,483785,64148,20240603
202405,2호선,삼성(무역센터),1459592,130918,1479135,120896,20240603
202405,2호선,선릉,1332850,243916,1177675,214345,20240603
202405,2호선,역삼,1204540,146474,1390728,150501,20240603
202405,2호선,강남,2170143,168661,2132649,147481,20240603
202405,2호선,교대(법원.검찰청),733118,156940,884208,186089,20240603
202405,2호선,서초,544075,94123,519206,93668,20240603
202405,2호선,방배,440627,81841,458960,80948,20240603
202405,2호선,사당,1022169,227346,1138461,219041,20240603
202405,2호선,낙성대(강감찬),731596,119541,703752,121001,20240603
202405,2호선,서울대입구(관악구청),1230172,192022,1190970,182241,20240603
202405,2호선,봉천,568573,162647,521592,162146,20240603
202405,2호선,신림,1450661,216814,1389302,214282,20240603
202405,2호선,신대방,639113,143338,610834,144252,20240603
202405,2호선,구로디지털단지,1453390,212388,1430847,212157,20240603
202405,2호선,대림(구로구청),608678,144150,619381,148629,20240603
202405,2호선,신도림,1300773,245096,1288214,231035,20240603
202405,2호선,문래,564586,94323,586919,94812,20240603
202405,2호선,영등포구청,542130,108573,564864,107516,20240603
202405,2호선,당산,479584,64239,557713,69891,20240603
202405,2호선,합정,935419,74387,1013581,76070,20240603
202405,2호선,홍대입구,2181301,106253,2370397,103537,20240603
202405,2호선,신촌,1111202,129319,1149712,126926,20240603
202405,2호선,이대,502338,54016,554070,57940,20240603
202405,2호선,아현,273482,70158,249444,68824,20240603
202405,2호선,충정로(경기대입구),245381,48961,260543,49487,20240603
202405,2호선,용답,75320,19169,75340,19050,20240603
202405,2호선,신답,38820,10188,42631,10499,20240603
202405,2호선,신설동,85179,33952,80064,35178,20240603
202405,2호선,도림천,28532,9277,29951,10493,20240603
202405,2호선,양천구청,153365,55821,161853,56304,20240603
202405,2호선,신정네거리,233497,79268,239508,80314,20240603
202405,2호선,용두(동대문구청),50133,23884,49555,25164,20240603
202405,3호선,고속터미널,1403525,238488,1312101,223509,20240603
202405,3호선,오금,161070,35972,144103,33671,20240603
202405,3호선,경찰병원,170645,47047,167364,48702,20240603
202405,3호선,가락시장,189947,85483,184424,83127,20240603
202405,3호선,수서,442504,132477,442465,127348,20240603
202405,3호선,일원,247217,72976,235680,72885,20240603
202405,3호선,대청,253987,67097,236929,64824,20240603
202405,3호선,학여울,57607,18851,58854,18354,20240603
202405,3호선,대치,297588,75929,290802,72946,20240603
202405,3호선,도곡,142971,31549,144203,30160,20240603
202405,3호선,매봉,282789,77103,275709,72078,20240603
202405,3호선,양재(서초구청),917641,162579,1014386,163810,20240603
202405,3호선,남부터미널(예술의전당),760047,133748,772107,134827,20240603
202405,3호선,교대(법원.검찰청),403949,91323,238285,52438,20240603
202405,3호선,잠원,124627,34532,115454,33043,20240603
202405,3호선,신사,748445,76103,792802,73518,20240603
202405,3호선,압구정,774843,152274,842612,150734,20240603
202405,3호선,옥수,213437,66898,217974,66371,20240603
202405,3호선,금호,189185,57701,171398,55862,20240603
202405,3호선,약수,308265,88737,303158,84065,20240603
202405,3호선,동대입구,336328,46276,383970,50055,20240603
202405,3호선,충무로,312,9,0,0,20240603
202405,3호선,을지로3가,295184,49936,304856,47051,20240603
202405,3호선,종로3가,283748,68933,335106,77815,20240603
202405,3호선,안국,749851,119327,771097,125604,20240603
202405,3호선,경복궁(정부서울청사),728615,104978,750424,104223,20240603
202405,3호선,독립문,169373,82469,178782,83727,20240603
202405,3호선,무악재,98816,36068,95568,38312,20240603
202405,3호선,홍제,417152,160232,388277,156514,20240603
202405,3호선,녹번,385370,87602,342034,85857,20240603
202405,3호선,불광,364448,152960,386586,169819,20240603
202405,3호선,연신내,788112,278926,743956,268469,20240603
202405,3호선,구파발,528353,142553,517882,137974,20240603
202405,3호선,지축,187483,40952,185282,39598,20240603
202405,4호선,창동,583285,245127,614918,250753,20240603
202405,4호선,쌍문,709258,193704,640923,189823,20240603
202405,4호선,수유(강북구청),843521,210138,837621,207685,20240603
202405,4호선,미아(서울사이버대학),362844,129684,342267,130729,20240603
202405,4호선,미아사거리,624086,202982,609079,202756,20240603
202405,4호선,길음,549617,136016,545841,134739,20240603
202405,4호선,성신여대입구(돈암),616154,99685,589975,98139,20240603
202405,4호선,한성대입구(삼선교),395228,85698,385604,84161,20240603
202405,4호선,혜화,1018528,134994,1033236,132754,20240603
202405,4호선,동대문,461181,174726,475661,168438,20240603
202405,4호선,동대문역사문화공원(DDP),522500,68809,458720,61909,20240603
202405,4호선,충무로,825325,125738,845325,127713,20240603
202405,4호선,명동,968647,80953,1042041,83468,20240603
202405,4호선,회현(남대문시장),606071,231955,645028,232027,20240603
202405,4호선,서울역,324743,44201,602433,61009,20240603
202405,4호선,당고개,217917,85501,181160,84119,20240603
202405,4호선,숙대입구(갈월),413644,58858,394324,54345,20240603
202405,4호선,삼각지,167459,26247,198686,27880,20240603
202405,4호선,신용산,520595,59914,563214,60631,20240603
202405,4호선,이촌(국립중앙박물관),240485,57041,263573,59690,20240603
202405,4호선,동작(현충원),42788,17143,47690,17786,20240603
202405,4호선,총신대입구(이수),424299,168576,463431,176282,20240603
202405,4호선,사당,716956,111675,638015,114903,20240603
202405,4호선,남태령,36932,10046,27913,9120,20240603
202405,4호선,상계,461450,139115,420889,134056,20240603
202405,4호선,노원,743711,178672,842578,184697,20240603
202405,5호선,종로3가,406628,100414,423295,104574,20240603
202405,5호선,을지로4가,146511,45359,149323,44582,20240603
202405,5호선,동대문역사문화공원(DDP),79891,8517,91571,10018,20240603
202405,5호선,청구,93038,26559,91051,21865,20240603
202405,5호선,신금호,154823,43128,160854,48399,20240603
202405,5호선,행당,189881,57011,165752,50944,20240603
202405,5호선,왕십리(성동구청),112469,27580,137083,28156,20240603
202405,5호선,마장,135448,46714,125828,45006,20240603
202405,5호선,답십리,387717,93506,345404,89943,20240603
202405,5호선,장한평,467101,108070,457898,109815,20240603
202405,5호선,군자(능동),313726,49333,347718,54188,20240603
202405,5호선,아차산(어린이대공원후문),381386,118241,367110,114549,20240603
202405,5호선,광나루(장신대),352574,84367,324777,81582,20240603
202405,5호선,천호(풍납토성),452576,162227,438609,163408,20240603
202405,5호선,강동,426126,118700,412887,116032,20240603
202405,5호선,길동,169810,87116,175140,88752,20240603
202405,5호선,굽은다리(강동구민회관앞),214858,88081,206944,82465,20240603
202405,5호선,명일,197343,82273,200006,84428,20240603
202405,5호선,고덕,243733,85682,236084,84475,20240603
202405,5호선,상일동,345337,101971,321540,99878,20240603
202405,5호선,둔촌동,200966,75319,197687,76098,20240603
202405,5호선,올림픽공원(한국체대),148959,51737,126176,44599,20240603
202405,5호선,방이,168881,56129,173637,55945,20240603
202405,5호선,오금,85436,24340,86439,23437,20240603
202405,5호선,개롱,143690,56634,147778,58003,20240603
202405,5호선,거여,235296,74173,227359,72074,20240603
202405,5호선,마천,167279,64200,146387,65486,20240603
202405,5호선,강일,138808,50967,123843,48654,20240603
202405,5호선,미사,451653,99713,463171,98453,20240603
202405,5호선,하남시청(덕풍?신장),178626,86375,164434,86425,20240603
202405,5호선,하남풍산,100050,37861,98862,37182,20240603
202405,5호선,하남검단산,153951,61469,144415,60559,20240603
202405,5호선,방화,153513,64070,145067,62715,20240603
202405,5호선,개화산,134566,46467,127609,44933,20240603
202405,5호선,김포공항,246436,48042,190979,43877,20240603
202405,5호선,송정,141162,56060,132788,53819,20240603
202405,5호선,마곡,302033,53581,307433,52267,20240603
202405,5호선,발산,558488,120208,586440,115984,20240603
202405,5호선,우장산,345227,107815,335132,112249,20240603
202405,5호선,화곡,703383,166239,650120,159216,20240603
202405,5호선,까치산,679541,175459,641556,175789,20240603
202405,5호선,신정(은행정),332823,69904,270631,67889,20240603
202405,5호선,목동,409695,91980,437059,93269,20240603
202405,5호선,오목교(목동운동장앞),548068,101333,582968,100483,20240603
202405,5호선,양평,188218,33141,181834,32370,20240603
202405,5호선,영등포구청,111558,22500,110052,21857,20240603
202405,5호선,영등포시장,263137,84555,267340,86399,20240603
202405,5호선,신길,133113,13708,135359,14254,20240603
202405,5호선,여의도,749246,58032,809481,55107,20240603
202405,5호선,여의나루,481194,36965,527350,36055,20240603
202405,5호선,마포,357588,69728,364800,69489,20240603
202405,5호선,공덕,368652,54437,388457,50914,20240603
202405,5호선,애오개,160721,42033,158033,40452,20240603
202405,5호선,충정로(경기대입구),120410,15899,122739,16078,20240603
202405,5호선,서대문,500745,76869,509995,73217,20240603
202405,5호선,광화문(세종문화회관),892588,98669,948001,97712,20240603
202405,6호선,고려대(종암),253047,40232,242991,39730,20240603
202405,6호선,망원,407026,92197,437019,95696,20240603
202405,6호선,응암,407235,134106,399595,132529,20240603
202405,6호선,역촌,79727,37683,100410,36979,20240603
202405,6호선,불광,99688,46647,100933,38545,20240603
202405,6호선,독바위,62580,22873,61483,28102,20240603
202405,6호선,연신내,104,4,0,0,20240603
202405,6호선,구산,192751,60461,127001,62287,20240603
202405,6호선,새절(신사),300400,100820,272455,101131,20240603
202405,6호선,증산(명지대앞),227082,80229,225308,80672,20240603
202405,6호선,디지털미디어시티,374197,67271,401472,66650,20240603
202405,6호선,월드컵경기장(성산),174217,77637,206040,78729,20240603
202405,6호선,마포구청,364590,89495,317025,80759,20240603
202405,6호선,합정,388929,46645,380955,42291,20240603
202405,6호선,상수,310767,23495,352040,23687,20240603
202405,6호선,광흥창(서강),221497,60431,209509,59113,20240603
202405,6호선,대흥(서강대앞),243623,54510,257598,54283,20240603
202405,6호선,공덕,474379,86800,465158,81781,20240603
202405,6호선,효창공원앞,192010,42282,175497,39014,20240603
202405,6호선,삼각지,227633,23804,196843,19529,20240603
202405,6호선,녹사평(용산구청),152329,20160,158039,19507,20240603
202405,6호선,이태원,344061,33004,382656,33545,20240603
202405,6호선,한강진,289255,18461,342918,18547,20240603
202405,6호선,버티고개,50714,15311,48946,17197,20240603
202405,6호선,약수,91763,21263,87445,20403,20240603
202405,6호선,청구,97561,21150,92551,23482,20240603
202405,6호선,신당,231062,40255,234121,39434,20240603
202405,6호선,동묘앞,203739,74418,212694,69362,20240603
202405,6호선,창신,89502,20789,75318,19860,20240603
202405,6호선,보문,215319,36234,200192,34448,20240603
202405,6호선,안암(고대병원앞),397230,39231,410618,38690,20240603
202405,6호선,월곡(동덕여대),307996,77233,293373,76214,20240603
202405,6호선,상월곡(한국과학기술연구원),165999,45503,151954,43923,20240603
202405,6호선,돌곶이,246242,68931,220244,67378,20240603
202405,6호선,석계,303167,90119,313090,88496,20240603
202405,6호선,태릉입구,170518,58535,206255,64721,20240603
202405,6호선,화랑대(서울여대입구),339981,57255,263483,51013,20240603
202405,6호선,봉화산(서울의료원),212295,56808,197330,55855,20240603
202405,6호선,신내,14,1,0,0,20240603
202405,7호선,사가정,384474,117933,384023,117379,20240603
202405,7호선,장암,70628,16606,30037,12992,20240603
202405,7호선,도봉산,231882,61678,263169,86548,20240603
202405,7호선,수락산,276243,112428,264301,113473,20240603
202405,7호선,마들,298668,102068,271983,99556,20240603
202405,7호선,노원,605687,181201,644548,178351,20240603
202405,7호선,중계,350723,108423,316441,104782,20240603
202405,7호선,하계,437877,126505,405761,121764,20240603
202405,7호선,공릉(서울과학기술대),313687,83696,305706,83402,20240603
202405,7호선,태릉입구,281345,79867,276700,77489,20240603
202405,7호선,먹골,250866,82133,239784,81945,20240603
202405,7호선,중화,264790,81503,252165,77369,20240603
202405,7호선,상봉,453042,84333,437885,80884,20240603
202405,7호선,면목,368819,108605,346711,110957,20240603
202405,7호선,고속터미널,476865,86888,378079,76979,20240603
202405,7호선,내방,350475,81713,353805,78959,20240603
202405,7호선,이수,414631,89190,401365,83926,20240603
202405,7호선,남성,269486,85503,250031,85711,20240603
202405,7호선,숭실대입구(살피재),411268,72651,408890,75317,20240603
202405,7호선,상도,312365,71759,309980,68120,20240603
202405,7호선,장승배기,206145,76030,198915,76861,20240603
202405,7호선,신대방삼거리,352401,100746,329410,103608,20240603
202405,7호선,보라매,174507,36426,179842,37646,20240603
202405,7호선,신풍,261064,81788,239179,79242,20240603
202405,7호선,대림(구로구청),241286,49864,242530,48792,20240603
202405,7호선,남구로,361635,67853,379179,68222,20240603
202405,7호선,가산디지털단지,1070189,103569,1077544,98730,20240603
202405,7호선,철산,531821,121959,538877,120075,20240603
202405,7호선,광명사거리,453533,168742,439538,174538,20240603
202405,7호선,천왕,279874,66924,264522,67307,20240603
202405,7호선,온수(성공회대입구),255815,47004,238347,44455,20240603
202405,7호선,부평구청,1,0,0,0,20240603
202405,7호선,용마산(용마폭포공원),143453,39672,137718,42702,20240603
202405,7호선,중곡,258615,71799,236523,72748,20240603
202405,7호선,군자(능동),368617,97506,280867,81405,20240603
202405,7호선,어린이대공원(세종대),528067,51457,545747,51431,20240603
202405,7호선,건대입구,366887,66512,387589,61059,20240603
202405,7호선,자양(뚝섬한강공원),356984,83317,350124,83590,20240603
202405,7호선,청담,461061,85461,515429,82944,20240603
202405,7호선,강남구청,406930,57096,454735,58680,20240603
202405,7호선,학동,583696,69069,617723,65841,20240603
202405,7호선,논현,481392,48397,501320,47751,20240603
202405,7호선,반포,158321,42768,152034,40138,20240603
202405,8호선,모란,97024,63958,79920,50009,20240603
202405,8호선,석촌,185546,56727,225954,60001,20240603
202405,8호선,송파,212700,72883,206357,71630,20240603
202405,8호선,가락시장,166345,69269,190390,70537,20240603
202405,8호선,문정,536755,67762,564543,67550,20240603
202405,8호선,남위례,183341,38914,185846,38151,20240603
202405,8호선,장지,424110,95517,386172,90374,20240603
202405,8호선,복정,249664,46157,212851,41128,20240603
202405,8호선,산성,154993,39396,154258,42654,20240603
202405,8호선,남한산성입구(성남법원.검찰청),347551,85850,314069,80899,20240603
202405,8호선,단대오거리,293864,84142,275472,80898,20240603
202405,8호선,신흥,115813,44345,119418,46121,20240603
202405,8호선,수진,122293,49502,110078,48383,20240603
202405,8호선,암사,444227,119507,381114,116253,20240603
202405,8호선,천호(풍납토성),364547,97249,437517,96001,20240603
202405,8호선,강동구청,237380,74212,243287,75231,20240603
202405,8호선,몽촌토성(평화의문),182191,39305,185691,38676,20240603
202405,8호선,잠실(송파구청),426004,86064,510137,84654,20240603
202405,9호선,당산,505561,76540,504173,71524,20240603
202405,9호선,신논현,883079,58427,877264,57475,20240603
202405,9호선,사평,95804,26868,89251,26794,20240603
202405,9호선,고속터미널,446268,78425,629484,93079,20240603
202405,9호선,신반포,104378,32273,103038,32573,20240603
202405,9호선,구반포,29166,10499,28653,10355,20240603
202405,9호선,동작(현충원),50021,16750,43174,14867,20240603
202405,9호선,흑석(중앙대입구),250414,64423,250092,63974,20240603
202405,9호선,노들,124299,37088,102428,33934,20240603
202405,9호선,노량진,711694,92713,703604,92972,20240603
202405,9호선,샛강,152305,32793,152260,32691,20240603
202405,9호선,여의도,790409,55195,764778,51294,20240603
202405,9호선,국회의사당,388860,62759,408039,56865,20240603
202405,9호선,선유도,221293,35097,207470,34278,20240603
202405,9호선,신목동,106409,28175,93073,26845,20240603
202405,9호선,염창,449627,85347,426709,83604,20240603
202405,9호선,등촌,269310,92945,251609,93296,20240603
202405,9호선,증미,185718,40158,177242,40561,20240603
202405,9호선,가양,517410,150958,502286,147394,20240603
202405,9호선,양천향교,246184,53163,248785,51979,20240603
202405,9호선,마곡나루(서울식물원),365880,43185,363889,41459,20240603
202405,9호선,신방화,161101,52847,155006,53150,20240603
202405,9호선,공항시장,66790,27929,70443,29908,20240603
202405,9호선,김포공항,207840,21829,284716,26993,20240603
202405,9호선,개화,68767,15954,46747,12940,20240603
202405,9호선2~3단계,종합운동장,135390,23587,132380,21865,20240603
202405,9호선2~3단계,봉은사,594866,68538,636191,65893,20240603
202405,9호선2~3단계,삼성중앙,186410,30082,192667,29722,20240603
202405,9호선2~3단계,선정릉,250627,30837,273230,32455,20240603
202405,9호선2~3단계,언주,288834,36589,296094,36176,20240603
202405,9호선2~3단계,중앙보훈병원,255355,86940,219125,84445,20240603
202405,9호선2~3단계,둔촌오륜,30113,9094,28771,9743,20240603
202405,9호선2~3단계,올림픽공원(한국체대),239024,37787,258666,41122,20240603
202405,9호선2~3단계,한성백제,78083,20853,68637,18296,20240603
202405,9호선2~3단계,송파나루,138258,33290,146706,34295,20240603
202405,9호선2~3단계,석촌,249182,45930,221244,40517,20240603
202405,9호선2~3단계,석촌고분,168802,47156,160866,47313,20240603
202405,9호선2~3단계,삼전,195063,44984,179720,43577,20240603
202405,경강선,성남,22044,5973,19125,6391,20240603
202405,경강선,삼동,60593,16207,54190,15941,20240603
202405,경강선,이매,27120,7331,22958,7110,20240603
202405,경강선,판교,149858,22072,144370,18507,20240603
202405,경강선,초월,88429,18316,82499,17702,20240603
202405,경강선,곤지암,57698,17777,56808,18112,20240603
202405,경강선,신둔도예촌,40553,10360,37219,9993,20240603
202405,경강선,이천,78442,17428,84346,18631,20240603
202405,경강선,부발,63524,11493,62062,11592,20240603
202405,경강선,세종대왕릉,7153,5017,7430,5157,20240603
202405,경강선,여주,78955,25364,78085,25309,20240603
202405,경강선,경기광주,205202,39738,194715,39772,20240603
202405,경부선,영등포,1008266,317526,1032273,317116,20240603
202405,경부선,서울역,308675,20196,105795,4867,20240603
202405,경부선,남영,258237,40199,276238,42328,20240603
202405,경부선,용산,1215040,155789,1228962,154078,20240603
202405,경부선,노량진,234692,46767,228923,43673,20240603
202405,경부선,대방,252853,62356,284396,64494,20240603
202405,경부선,신도림,94861,28646,97993,33884,20240603
202405,경부선,신길,221581,51796,185071,48428,20240603
202405,경부선,구로,429817,112870,445867,108988,20240603
202405,경부선,가산디지털단지,438031,42008,503599,45843,20240603
202405,경부선,금천구청,263589,92126,266296,93724,20240603
202405,경부선,석수,219159,55158,199039,52471,20240603
202405,경부선,관악,172809,63952,163505,61888,20240603
202405,경부선,안양,637025,138106,628152,142473,20240603
202405,경부선,명학,229102,48333,224336,46844,20240603
202405,경부선,금정,709864,144773,715294,146190,20240603
202405,경부선,군포,168865,42806,165108,41741,20240603
202405,경부선,의왕,237678,50355,234013,49923,20240603
202405,경부선,성균관대,440246,67504,432801,67781,20240603
202405,경부선,화서,351318,56794,341583,55654,20240603
202405,경부선,수원,1152444,180778,1215503,182999,20240603
202405,경부선,독산,431169,75563,437103,77243,20240603
202405,경부선,세류,91453,18874,84728,18414,20240603
202405,경부선,병점,448041,81453,450563,80946,20240603
202405,경부선,세마,87275,18826,81999,17675,20240603
202405,경부선,오산대,106240,23911,99328,22738,20240603
202405,경부선,오산,298313,57612,297330,58423,20240603
202405,경부선,진위,43310,11043,38551,10487,20240603
202405,경부선,송탄,131651,25100,128552,24475,20240603
202405,경부선,서정리,242451,40685,228099,39730,20240603
202405,경부선,평택지제,130056,15660,124387,15567,20240603
202405,경부선,평택,393982,79194,393191,77131,20240603
202405,경부선,성환,165700,23999,158504,23618,20240603
202405,경부선,직산,27091,6379,26862,6061,20240603
202405,경부선,두정,249032,31379,267763,32395,20240603
202405,경부선,천안,203524,63410,183882,62145,20240603
202405,경부선,당정,167000,36534,158008,34984,20240603
202405,경부선,서동탄,38937,9034,34086,8582,20240603
202405,경부선,광명,110435,13492,91604,13065,20240603
202405,경원선,창동,90,0,0,0,20240603
202405,경원선,이촌(국립중앙박물관),97570,35141,71814,29192,20240603
202405,경원선,서빙고,53273,21123,50401,20631,20240603
202405,경원선,한남,85881,29860,84209,28240,20240603
202405,경원선,옥수,1834,199,1294,113,20240603
202405,경원선,응봉,41847,19526,34928,18006,20240603
202405,경원선,왕십리(성동구청),459894,83535,450632,85180,20240603
202405,경원선,청량리(서울시립대입구),399735,167310,412448,177765,20240603
202405,경원선,외대앞,286595,50945,279145,50735,20240603
202405,경원선,신이문,188409,76436,169544,73793,20240603
202405,경원선,석계,173419,67551,197314,73002,20240603
202405,경원선,광운대,225425,62536,217203,60845,20240603
202405,경원선,월계,170894,71120,152342,67848,20240603
202405,경원선,녹천,96628,41809,77724,38626,20240603
202405,경원선,방학,193956,123570,186480,120339,20240603
202405,경원선,도봉,108146,79867,100419,78319,20240603
202405,경원선,도봉산,144216,133905,83656,105998,20240603
202405,경원선,망월사,200169,80775,200136,82187,20240603
202405,경원선,회룡,242010,172876,238642,168871,20240603
202405,경원선,의정부,471131,134975,484913,136213,20240603
202405,경원선,가능,139736,64825,133311,65047,20240603
202405,경원선,녹양,96356,43100,90128,41007,20240603
202405,경원선,양주,182049,66714,172593,64120,20240603
202405,경원선,덕계,145311,40323,130229,38435,20240603
202405,경원선,덕정,167700,43116,156704,42914,20240603
202405,경원선,지행,163990,52852,164928,52450,20240603
202405,경원선,동두천중앙,58303,40907,56364,40605,20240603
202405,경원선,보산,35129,15781,32624,15113,20240603
202405,경원선,동두천,47405,20607,45445,21248,20240603
202405,경원선,소요산,16264,50893,16382,49270,20240603
202405,경원선,청산,2504,2194,2119,2091,20240603
202405,경원선,전곡,25754,18332,24295,16587,20240603
202405,경원선,연천,15139,30962,14641,32183,20240603
202405,경의선,디지털미디어시티,74958,14633,68296,15268,20240603
202405,경의선,신촌,27374,4145,34563,5086,20240603
202405,경의선,효창공원앞,82289,17672,89684,19819,20240603
202405,경의선,서강대,63210,12948,64340,12110,20240603
202405,경의선,가좌,139297,49848,128953,49891,20240603
202405,경의선,수색,84298,20955,85485,20671,20240603
202405,경의선,한국항공대,90138,11769,84206,11481,20240603
202405,경의선,검암,1,0,0,0,20240603
202405,경의선,강매,80712,22017,68154,20681,20240603
202405,경의선,행신,213286,42157,211624,43026,20240603
202405,경의선,계양,6,0,0,0,20240603
202405,경의선,능곡,114504,40188,106572,39745,20240603
202405,경의선,곡산,14636,6983,15534,7120,20240603
202405,경의선,백마,189554,44063,182557,43760,20240603
202405,경의선,풍산,149222,46855,139807,45626,20240603
202405,경의선,일산,267582,82349,258288,83078,20240603
202405,경의선,탄현,199946,47968,189263,47054,20240603
202405,경의선,야당,236817,48299,243150,46892,20240603
202405,경의선,운정,201244,49128,184341,47961,20240603
202405,경의선,금릉,141440,35736,134509,34586,20240603
202405,경의선,금촌,163179,53111,157793,53575,20240603
202405,경의선,월롱,57044,10055,49848,10489,20240603
202405,경의선,파주,37418,8936,28765,7723,20240603
202405,경의선,문산,127311,49737,124479,49664,20240603
202405,경의선,임진강,619,675,604,604,20240603
202405,경의선,운천,83,148,28,117,20240603
202405,경의선,서울역,112928,20057,141764,23647,20240603
202405,경의선,공덕,108886,17885,87811,17169,20240603
202405,경의선,홍대입구,69150,6055,86285,7022,20240603
202405,경인선,백운,166119,69316,159594,69373,20240603
202405,경인선,개봉,495953,180355,474681,185777,20240603
202405,경인선,오류동,263043,102607,240941,99937,20240603
202405,경인선,역곡,673165,174775,660348,179204,20240603
202405,경인선,부천,756374,250177,745472,253439,20240603
202405,경인선,송내,658674,146134,648265,144651,20240603
202405,경인선,부평,753218,166978,805582,170325,20240603
202405,경인선,동암,369033,121853,368070,121997,20240603
202405,경인선,주안,504192,109234,455076,97163,20240603
202405,경인선,제물포,265228,77179,251850,76376,20240603
202405,경인선,동인천,317543,139058,295936,136111,20240603
202405,경인선,인천,98557,47892,76089,43266,20240603
202405,경인선,구일,231304,54165,248589,53196,20240603
202405,경인선,소사,179446,67756,169198,66413,20240603
202405,경인선,부개,193131,77728,177540,75975,20240603
202405,경인선,간석,129906,53213,122264,51424,20240603
202405,경인선,도원,81683,36237,81978,38025,20240603
202405,경인선,온수(성공회대입구),152461,58743,140961,56737,20240603
202405,경인선,중동,204209,86291,185683,84753,20240603
202405,경인선,도화,90271,45929,79677,44471,20240603
202405,경춘선,춘천,47559,21513,41281,16727,20240603
202405,경춘선,신내,61856,22160,55924,21456,20240603
202405,경춘선,갈매,67996,23284,57210,21628,20240603
202405,경춘선,별내,80711,26622,76439,24979,20240603
202405,경춘선,퇴계원,79955,33778,72891,32247,20240603
202405,경춘선,사릉,51525,18390,49397,18425,20240603
202405,경춘선,금곡,29846,18617,28294,18452,20240603
202405,경춘선,평내호평,145100,54386,142306,51855,20240603
202405,경춘선,천마산,29915,20919,26879,20883,20240603
202405,경춘선,마석,89683,41708,88016,42063,20240603
202405,경춘선,대성리,35678,8023,40004,7417,20240603
202405,경춘선,청평,43360,23920,42908,23462,20240603
202405,경춘선,상천,6278,7217,6209,7200,20240603
202405,경춘선,가평,50787,23214,50753,23021,20240603
202405,경춘선,굴봉산,2441,3125,2406,3000,20240603
202405,경춘선,백양리,1560,1708,1569,1752,20240603
202405,경춘선,강촌,13584,6815,13038,6827,20240603
202405,경춘선,김유정,9999,5556,11406,5848,20240603
202405,경춘선,남춘천,77367,30731,76063,33141,20240603
202405,공항철도 1호선,김포공항,288897,26068,154930,16159,20240603
202405,공항철도 1호선,서울역,405252,41070,364837,36978,20240603
202405,공항철도 1호선,공덕,76632,9616,105256,11755,20240603
202405,공항철도 1호선,홍대입구,463385,22461,446277,20736,20240603
202405,공항철도 1호선,디지털미디어시티,375601,32082,350876,29981,20240603
202405,공항철도 1호선,마곡나루(서울식물원),302557,20775,289807,21341,20240603
202405,공항철도 1호선,계양,360070,42671,339675,40663,20240603
202405,공항철도 1호선,검암,176223,20361,182992,21248,20240603
202405,공항철도 1호선,청라국제도시,208220,17358,197663,17229,20240603
202405,공항철도 1호선,운서,259261,35843,273612,35959,20240603
202405,공항철도 1호선,공항화물청사,48340,10441,59032,10408,20240603
202405,공항철도 1호선,인천공항1터미널,419199,42597,402138,39606,20240603
202405,공항철도 1호선,인천공항2터미널,200631,19025,168082,16407,20240603
202405,공항철도 1호선,영종,105305,25766,106978,25685,20240603
202405,과천선,범계,710088,136800,715449,133944,20240603
202405,과천선,평촌,440282,76886,423101,76196,20240603
202405,과천선,선바위,197897,41812,168237,40591,20240603
202405,과천선,경마공원,100307,82546,100904,81593,20240603
202405,과천선,대공원,157556,76618,157271,78096,20240603
202405,과천선,과천,151857,53881,137009,50587,20240603
202405,과천선,정부과천청사,284639,63068,294031,62725,20240603
202405,과천선,인덕원,631685,143570,644000,148282,20240603
202405,분당선,수원시청,373730,55673,410590,57179,20240603
202405,분당선,선릉,303295,49778,480215,67360,20240603
202405,분당선,한티,395058,78925,415021,80781,20240603
202405,분당선,도곡,171983,61122,169594,58297,20240603
202405,분당선,구룡,84333,31255,81729,31314,20240603
202405,분당선,개포동,107330,35967,107066,36636,20240603
202405,분당선,대모산입구,140884,42300,129739,41180,20240603
202405,분당선,수서,418624,84965,440271,89888,20240603
202405,분당선,복정,192,3,0,0,20240603
202405,분당선,수원,229004,38959,205590,36556,20240603
202405,분당선,서울숲,386110,40986,397438,40384,20240603
202405,분당선,압구정로데오,532443,52064,601800,49707,20240603
202405,분당선,강남구청,233241,43952,275470,47947,20240603
202405,분당선,선정릉,176680,36023,185569,35674,20240603
202405,분당선,가천대,321510,31174,326811,32056,20240603
202405,분당선,태평,304001,102482,280811,106727,20240603
202405,분당선,모란,450875,197954,445349,216198,20240603
202405,분당선,야탑,595167,181355,635289,182804,20240603
202405,분당선,서현,588120,143647,605861,139539,20240603
202405,분당선,수내,319332,86931,322378,85317,20240603
202405,분당선,정자,444281,79605,467204,79566,20240603
202405,분당선,미금,334398,120824,349798,128593,20240603
202405,분당선,오리,262790,84165,221016,73517,20240603
202405,분당선,이매,136720,45439,127228,44847,20240603
202405,분당선,보정,59069,23395,51394,22182,20240603
202405,분당선,죽전,360409,82033,395392,85624,20240603
202405,분당선,구성,112811,43742,119840,43984,20240603
202405,분당선,신갈,107930,34811,104573,34663,20240603
202405,분당선,기흥,284286,51560,264485,50163,20240603
202405,분당선,상갈,134911,36914,128624,36030,20240603
202405,분당선,청명,117434,25252,113092,25180,20240603
202405,분당선,영통,256407,38233,260318,37901,20240603
202405,분당선,망포,418403,48661,397690,46854,20240603
202405,분당선,매탄권선,144553,27499,138679,26804,20240603
202405,분당선,매교,132631,29991,130673,30196,20240603
202405,서해선,부천종합운동장,68078,10580,56949,8277,20240603
202405,서해선,원종,105794,44306,104409,45765,20240603
202405,서해선,김포공항,85081,12218,99962,16953,20240603
202405,수인선,고색,140143,22528,135755,20922,20240603
202405,수인선,오목천,130578,20202,108876,19640,20240603
202405,수인선,어천,35519,9563,32921,10266,20240603
202405,수인선,야목,10038,3418,8724,3000,20240603
202405,수인선,사리,141131,23789,121403,21441,20240603
202405,수인선,달월,2053,1116,1490,630,20240603
202405,수인선,월곶,75184,22887,67482,22606,20240603
202405,수인선,소래포구,111502,82509,103698,81141,20240603
202405,수인선,인천논현,133860,42509,143675,43025,20240603
202405,수인선,호구포,91811,25458,94541,24869,20240603
202405,수인선,남동인더스파크,53678,7816,60275,7968,20240603
202405,수인선,원인재,104114,39179,108910,39518,20240603
202405,수인선,연수,122599,38634,120997,38196,20240603
202405,수인선,인천,23744,15212,41000,20804,20240603
202405,수인선,송도,54468,27883,48607,26824,20240603
202405,수인선,인하대,210788,36125,198381,34890,20240603
202405,수인선,숭의,94620,36033,86223,34083,20240603
202405,수인선,신포,44398,17605,45377,17698,20240603
202405,신림선,보라매병원,149125,56207,159015,56040,20240603
202405,신림선,샛강,65244,16517,78174,15810,20240603
202405,신림선,관악산(서울대),68320,43248,74488,42871,20240603
202405,신림선,서울대벤처타운,228198,73218,201491,72303,20240603
202405,신림선,서원,79983,27465,66593,27170,20240603
202405,신림선,신림,39938,19110,54617,22806,20240603
202405,신림선,당곡,101289,41856,96445,40832,20240603
202405,신림선,보라매공원,50254,19783,53502,20979,20240603
202405,신림선,보라매,98306,28520,89938,25584,20240603
202405,신림선,서울지방병무청,66925,26642,71332,29389,20240603
202405,신림선,대방,75729,20104,57274,16809,20240603
202405,안산선,수리산,91629,37187,74292,35297,20240603
202405,안산선,정왕,294908,35541,295281,36876,20240603
202405,안산선,한대앞,272779,51044,273507,52556,20240603
202405,안산선,오이도,221389,43715,219612,43109,20240603
202405,안산선,신길온천,53612,12098,48321,11726,20240603
202405,안산선,안산,345829,44237,323770,42382,20240603
202405,안산선,초지,139195,22524,140883,22787,20240603
202405,안산선,고잔,242032,43647,231028,42209,20240603
202405,안산선,중앙,523100,80462,554117,79397,20240603
202405,안산선,상록수,409440,82972,412550,84099,20240603
202405,안산선,반월,100405,37203,97200,36815,20240603
202405,안산선,대야미,121539,38828,106185,36282,20240603
202405,안산선,산본,391091,122663,418211,123738,20240603
202405,우이신설선,가오리,77810,56463,73823,57939,20240603
202405,우이신설선,북한산우이,70387,45818,62379,47032,20240603
202405,우이신설선,솔밭공원,50423,33400,44455,34838,20240603
202405,우이신설선,4.19민주묘지,83517,43085,82597,38376,20240603
202405,우이신설선,화계,62855,52745,56012,52941,20240603
202405,우이신설선,삼양,33523,31311,33645,34004,20240603
202405,우이신설선,삼양사거리,40067,42209,39989,41806,20240603
202405,우이신설선,솔샘,134355,46174,121182,47691,20240603
202405,우이신설선,북한산보국문,162095,51853,146349,50997,20240603
202405,우이신설선,정릉,101791,54792,87709,51207,20240603
202405,우이신설선,성신여대입구(돈암),82325,35679,97342,33922,20240603
202405,우이신설선,보문,34432,17784,34922,17619,20240603
202405,우이신설선,신설동,38250,35088,38189,30923,20240603
202405,일산선,마두,164155,79550,167601,80831,20240603
202405,일산선,원당,255335,92945,236857,91876,20240603
202405,일산선,백석,222745,85357,227997,84197,20240603
202405,일산선,원흥,280591,74443,265084,71668,20240603
202405,일산선,대곡,81117,17130,58705,14827,20240603
202405,일산선,화정,402810,138654,413320,140898,20240603
202405,일산선,지축,67,1,0,0,20240603
202405,일산선,주엽,204457,107422,203206,110185,20240603
202405,일산선,대화,352232,97519,268228,89451,20240603
202405,일산선,정발산,190209,86041,199917,83209,20240603
202405,일산선,삼송,487158,109792,462270,109961,20240603
202405,장항선,쌍용(나사렛대),80060,18017,75991,17099,20240603
202405,장항선,봉명,31179,12088,31188,11685,20240603
202405,장항선,아산,138628,16270,120600,15231,20240603
202405,장항선,탕정,52785,7660,47008,7015,20240603
202405,장항선,배방,37551,8509,36973,8163,20240603
202405,장항선,온양온천,100616,61802,103388,62965,20240603
202405,장항선,신창(순천향대),82204,8203,76699,7430,20240603
202405,중앙선,회기,764335,134721,731708,131950,20240603
202405,중앙선,도농,267686,77459,244414,74873,20240603
202405,중앙선,양정,10939,9128,9254,8229,20240603
202405,중앙선,덕소,122915,52508,121128,52400,20240603
202405,중앙선,도심,51985,22345,39681,20268,20240603
202405,중앙선,팔당,21433,11606,23336,11357,20240603
202405,중앙선,운길산,15519,15215,14787,15463,20240603
202405,중앙선,양수,39897,28663,39072,28240,20240603
202405,중앙선,신원,3351,3989,3015,3799,20240603
202405,중앙선,국수,13737,11127,13130,11256,20240603
202405,중앙선,아신,11568,7698,11735,7499,20240603
202405,중앙선,오빈,5387,5319,5233,5408,20240603
202405,중앙선,양원,72087,25304,70082,25309,20240603
202405,중앙선,양평,69770,41584,71702,42691,20240603
202405,중앙선,원덕,5317,7501,5167,7241,20240603
202405,중앙선,용문,36954,44852,36874,44476,20240603
202405,중앙선,지평,885,1239,1177,1289,20240603
202405,중앙선,망우,164213,80584,156719,81424,20240603
202405,중앙선,상봉,143635,49561,138630,47550,20240603
202405,중앙선,중랑,121166,58141,114269,56684,20240603
202405,중앙선,구리,315964,97398,322019,97557,20240603
202404,1호선,종로3가,502691,297630,452797,271167,20240503
202404,1호선,종로5가,473113,260860,465896,252872,20240503
202404,1호선,동대문,237681,128816,236028,130810,20240503
202404,1호선,신설동,302361,123232,290665,119724,20240503
202404,1호선,제기동,242216,271056,233180,292141,20240503
202404,1호선,서울역,1433895,235424,1372112,226600,20240503
202404,1호선,청량리(서울시립대입구),402637,287673,388366,290364,20240503
202404,1호선,동묘앞,163758,170548,171411,172515,20240503
202404,1호선,시청,668804,108693,670890,104264,20240503
202404,1호선,종각,949436,150201,938023,139702,20240503
202404,2호선,용두(동대문구청),50800,24146,50630,25116,20240503
202404,2호선,홍대입구,2048025,102658,2213722,100138,20240503
202404,2호선,시청,692079,61459,654057,55175,20240503
202404,2호선,을지로입구,1314019,105073,1350356,97716,20240503
202404,2호선,을지로3가,653359,77039,652485,75819,20240503
202404,2호선,을지로4가,335520,79220,343370,78763,20240503
202404,2호선,동대문역사문화공원(DDP),390937,63308,451579,68606,20240503
202404,2호선,신당,355883,96147,375612,98632,20240503
202404,2호선,상왕십리,362120,72944,348394,74121,20240503
202404,2호선,왕십리(성동구청),432565,55305,385299,50084,20240503
202404,2호선,한양대,385825,14457,429005,15490,20240503
202404,2호선,뚝섬,725080,68920,744178,67748,20240503
202404,2호선,성수,1166514,107271,1295405,108329,20240503
202404,2호선,건대입구,1051349,99623,1090038,102494,20240503
202404,2호선,구의(광진구청),628979,114282,605631,114333,20240503
202404,2호선,강변(동서울터미널),802725,131295,759362,127951,20240503
202404,2호선,잠실나루,351809,93326,341851,93654,20240503
202404,2호선,잠실(송파구청),2316526,253638,2289205,241413,20240503
202404,2호선,잠실새내,616724,120966,607095,119364,20240503
202404,2호선,종합운동장,411656,59960,465297,62686,20240503
202404,2호선,삼성(무역센터),1422647,126659,1446034,117615,20240503
202404,2호선,선릉,1341662,239577,1181381,210344,20240503
202404,2호선,역삼,1243827,150776,1435530,155076,20240503
202404,2호선,강남,2158802,165162,2119055,143955,20240503
202404,2호선,교대(법원.검찰청),734482,157328,888266,186609,20240503
202404,2호선,서초,555601,94946,525774,91761,20240503
202404,2호선,방배,445148,81545,461885,80605,20240503
202404,2호선,사당,1075414,234648,1123908,218674,20240503
202404,2호선,낙성대(강감찬),722779,117391,697814,118672,20240503
202404,2호선,서울대입구(관악구청),1211569,190443,1173633,180262,20240503
202404,2호선,봉천,564796,157493,517544,157176,20240503
202404,2호선,신림,1432788,209109,1368397,206888,20240503
202404,2호선,신대방,638281,141797,613298,142336,20240503
202404,2호선,구로디지털단지,1458428,202471,1436557,202308,20240503
202404,2호선,대림(구로구청),602679,141209,612398,146189,20240503
202404,2호선,신도림,1286889,242011,1277780,228305,20240503
202404,2호선,문래,566866,94680,587462,94542,20240503
202404,2호선,영등포구청,543818,107476,565437,106683,20240503
202404,2호선,당산,480970,65764,558677,71244,20240503
202404,2호선,합정,924126,73472,1014215,74993,20240503
202404,2호선,신촌,1046835,125437,1069938,123180,20240503
202404,2호선,이대,490210,52768,536922,55982,20240503
202404,2호선,아현,266087,68556,243491,66810,20240503
202404,2호선,충정로(경기대입구),247672,48582,262976,49240,20240503
202404,2호선,용답,74144,18838,74333,18878,20240503
202404,2호선,신답,39755,10196,43433,10768,20240503
202404,2호선,신설동,83726,34066,79809,35410,20240503
202404,2호선,도림천,32898,9627,35815,10609,20240503
202404,2호선,양천구청,152079,55903,160618,56184,20240503
202404,2호선,신정네거리,231749,80216,237010,81850,20240503
202404,3호선,안국,726615,111206,756767,117447,20240503
202404,3호선,지축,182183,39389,180975,38339,20240503
202404,3호선,구파발,516165,136573,502792,130136,20240503
202404,3호선,연신내,778329,270877,730269,259641,20240503
202404,3호선,불광,354651,146150,375086,161864,20240503
202404,3호선,녹번,380914,84309,337661,82294,20240503
202404,3호선,홍제,414677,155169,384374,151847,20240503
202404,3호선,무악재,98084,35381,95233,37384,20240503
202404,3호선,독립문,161694,77594,174033,79263,20240503
202404,3호선,경복궁(정부서울청사),704482,103072,732404,102519,20240503
202404,3호선,종로3가,271954,67002,321924,75891,20240503
202404,3호선,을지로3가,294994,49700,303932,47027,20240503
202404,3호선,충무로,275,1,0,0,20240503
202404,3호선,동대입구,321388,48712,363413,54143,20240503
202404,3호선,약수,306608,89093,299630,83412,20240503
202404,3호선,금호,185656,57121,168403,55525,20240503
202404,3호선,옥수,211068,65925,215856,65298,20240503
202404,3호선,압구정,773483,148540,832669,145416,20240503
202404,3호선,신사,748808,76103,789117,73213,20240503
202404,3호선,잠원,122885,34814,115485,33239,20240503
202404,3호선,고속터미널,1289187,228227,1202106,215507,20240503
202404,3호선,교대(법원.검찰청),403133,90416,239624,52135,20240503
202404,3호선,남부터미널(예술의전당),733332,132277,745234,133714,20240503
202404,3호선,양재(서초구청),933130,160362,1028696,161145,20240503
202404,3호선,매봉,294978,79290,289474,74351,20240503
202404,3호선,도곡,145410,31344,148368,30235,20240503
202404,3호선,대치,283273,76315,278781,73131,20240503
202404,3호선,학여울,70669,23094,76167,23208,20240503
202404,3호선,대청,256405,66540,238265,64778,20240503
202404,3호선,일원,246851,73832,236830,73825,20240503
202404,3호선,수서,435364,130415,435027,126207,20240503
202404,3호선,가락시장,187681,84439,182832,80947,20240503
202404,3호선,경찰병원,170426,47244,167945,49116,20240503
202404,3호선,오금,161326,35925,142189,34215,20240503
202404,4호선,성신여대입구(돈암),595309,98311,567267,95832,20240503
202404,4호선,한성대입구(삼선교),380901,79472,371885,77852,20240503
202404,4호선,혜화,931336,134843,947634,132903,20240503
202404,4호선,동대문,442453,175913,460683,170971,20240503
202404,4호선,동대문역사문화공원(DDP),506794,67877,447024,60570,20240503
202404,4호선,충무로,827168,130363,851229,133366,20240503
202404,4호선,명동,975628,82673,1056214,86236,20240503
202404,4호선,회현(남대문시장),607584,228605,651006,227963,20240503
202404,4호선,서울역,328147,44725,589090,61586,20240503
202404,4호선,숙대입구(갈월),410525,59330,397476,54933,20240503
202404,4호선,삼각지,163752,25867,192882,27563,20240503
202404,4호선,신용산,507859,61349,546021,61917,20240503
202404,4호선,이촌(국립중앙박물관),224596,57153,251075,60434,20240503
202404,4호선,동작(현충원),39022,17485,45210,18452,20240503
202404,4호선,총신대입구(이수),424446,169691,463906,176878,20240503
202404,4호선,상계,459379,141029,417239,135408,20240503
202404,4호선,사당,636414,104502,625508,115251,20240503
202404,4호선,남태령,35797,9228,27383,8432,20240503
202404,4호선,노원,709060,169571,804916,174876,20240503
202404,4호선,창동,570874,231343,601765,236001,20240503
202404,4호선,쌍문,696667,190357,631417,186651,20240503
202404,4호선,수유(강북구청),825096,206212,823309,205287,20240503
202404,4호선,미아(서울사이버대학),352827,126415,332700,127159,20240503
202404,4호선,미아사거리,608766,195897,593952,194881,20240503
202404,4호선,길음,542133,131922,534354,131123,20240503
202404,4호선,당고개,211112,80927,174022,78927,20240503
202404,5호선,을지로4가,146056,44780,149641,44586,20240503
202404,5호선,동대문역사문화공원(DDP),79711,8713,92880,10056,20240503
202404,5호선,청구,91738,26074,91211,21706,20240503
202404,5호선,신금호,153740,42178,159461,48149,20240503
202404,5호선,행당,187854,55490,164352,49790,20240503
202404,5호선,왕십리(성동구청),109729,27593,131841,27513,20240503
202404,5호선,마장,136114,45568,126906,44322,20240503
202404,5호선,답십리,386818,91444,344525,88056,20240503
202404,5호선,장한평,462148,103745,453661,105681,20240503
202404,5호선,군자(능동),309468,46788,339875,49746,20240503
202404,5호선,아차산(어린이대공원후문),377602,117176,364062,113609,20240503
202404,5호선,광나루(장신대),350278,83500,324930,80901,20240503
202404,5호선,천호(풍납토성),432887,155539,423042,157613,20240503
202404,5호선,강동,422762,115216,406188,112447,20240503
202404,5호선,길동,164927,83840,170203,85820,20240503
202404,5호선,굽은다리(강동구민회관앞),207921,83989,199157,78835,20240503
202404,5호선,명일,193987,80683,198166,82476,20240503
202404,5호선,고덕,236214,83713,228728,82058,20240503
202404,5호선,상일동,339598,100091,316205,98067,20240503
202404,5호선,둔촌동,197560,73354,194659,73758,20240503
202404,5호선,올림픽공원(한국체대),115168,44185,102582,39941,20240503
202404,5호선,오금,86290,24418,86025,22996,20240503
202404,5호선,개롱,143263,55390,147218,56763,20240503
202404,5호선,거여,232331,72397,225153,70546,20240503
202404,5호선,마천,166398,62858,145376,63995,20240503
202404,5호선,강일,134069,49445,121240,47300,20240503
202404,5호선,미사,438776,98057,450308,97238,20240503
202404,5호선,하남풍산,100202,37121,99675,36389,20240503
202404,5호선,하남시청(덕풍?신장),169927,84500,157375,84445,20240503
202404,5호선,하남검단산,145292,60783,135136,60127,20240503
202404,5호선,방이,169565,53957,174015,54112,20240503
202404,5호선,방화,153177,61058,144996,59986,20240503
202404,5호선,개화산,134860,44752,127046,43389,20240503
202404,5호선,김포공항,236817,48391,182141,44784,20240503
202404,5호선,송정,140265,55279,131488,52765,20240503
202404,5호선,마곡,298038,51136,302157,49643,20240503
202404,5호선,발산,552262,116859,579506,112548,20240503
202404,5호선,우장산,342002,106119,330640,109811,20240503
202404,5호선,화곡,701927,162941,647403,155876,20240503
202404,5호선,까치산,677582,172495,640142,172983,20240503
202404,5호선,신정(은행정),331742,69146,268112,67295,20240503
202404,5호선,목동,406938,92284,433987,92690,20240503
202404,5호선,오목교(목동운동장앞),545434,99962,581643,98941,20240503
202404,5호선,양평,191128,33491,185920,32992,20240503
202404,5호선,영등포구청,113198,22448,111916,21737,20240503
202404,5호선,영등포시장,263286,83103,267117,84216,20240503
202404,5호선,신길,137262,13736,139151,14234,20240503
202404,5호선,여의도,761896,61103,830037,58910,20240503
202404,5호선,여의나루,598798,47600,660767,48744,20240503
202404,5호선,마포,362729,69781,369262,69260,20240503
202404,5호선,공덕,376694,54787,397914,51191,20240503
202404,5호선,애오개,161073,42256,158026,40666,20240503
202404,5호선,충정로(경기대입구),119488,15591,121549,15749,20240503
202404,5호선,서대문,502812,74891,509110,70803,20240503
202404,5호선,광화문(세종문화회관),848027,97155,910987,96754,20240503
202404,5호선,종로3가,389484,95954,400484,100341,20240503
202404,6호선,녹사평(용산구청),146835,19721,149169,19244,20240503
202404,6호선,응암,413129,135673,408821,134247,20240503
202404,6호선,역촌,77716,35544,98401,35413,20240503
202404,6호선,불광,98853,45796,101385,38642,20240503
202404,6호선,독바위,63032,22559,61591,27367,20240503
202404,6호선,연신내,145,4,0,0,20240503
202404,6호선,구산,191017,59754,125841,60690,20240503
202404,6호선,새절(신사),306548,99878,278028,99999,20240503
202404,6호선,증산(명지대앞),228005,79991,226978,80943,20240503
202404,6호선,디지털미디어시티,375646,65174,400544,65106,20240503
202404,6호선,월드컵경기장(성산),173453,61124,195229,59208,20240503
202404,6호선,마포구청,359862,86308,316839,78320,20240503
202404,6호선,망원,403393,88395,433692,92178,20240503
202404,6호선,합정,394134,44728,384501,40657,20240503
202404,6호선,상수,296411,23002,335261,23399,20240503
202404,6호선,광흥창(서강),222391,59109,209043,57886,20240503
202404,6호선,대흥(서강대앞),243521,52065,255933,51658,20240503
202404,6호선,공덕,480964,85031,469102,80549,20240503
202404,6호선,효창공원앞,191127,41130,175283,38216,20240503
202404,6호선,삼각지,216423,21655,188813,17822,20240503
202404,6호선,이태원,343278,33026,377833,33841,20240503
202404,6호선,한강진,288183,17940,340508,17858,20240503
202404,6호선,버티고개,50999,15348,49637,17201,20240503
202404,6호선,약수,89796,19649,87196,19549,20240503
202404,6호선,청구,95855,20748,90052,22874,20240503
202404,6호선,신당,228270,40478,233828,39170,20240503
202404,6호선,동묘앞,196007,73742,204832,67596,20240503
202404,6호선,창신,88468,20158,73958,19176,20240503
202404,6호선,보문,210580,34329,195309,32609,20240503
202404,6호선,안암(고대병원앞),374519,38041,381674,37603,20240503
202404,6호선,고려대(종암),244806,38181,236039,37552,20240503
202404,6호선,월곡(동덕여대),306821,74704,292848,73279,20240503
202404,6호선,상월곡(한국과학기술연구원),162668,44656,149238,43242,20240503
202404,6호선,돌곶이,240574,64513,214066,63290,20240503
202404,6호선,석계,295258,85909,307102,84721,20240503
202404,6호선,태릉입구,141501,38245,165477,38576,20240503
202404,6호선,화랑대(서울여대입구),329167,54804,253460,48614,20240503
202404,6호선,봉화산(서울의료원),211213,54631,195444,53554,20240503
202404,6호선,신내,12,0,0,0,20240503
202404,7호선,중계,341637,104389,309086,100664,20240503
202404,7호선,하계,429087,124524,398803,119439,20240503
202404,7호선,공릉(서울과학기술대),301066,80666,295170,81082,20240503
202404,7호선,태릉입구,237302,51845,221316,47356,20240503
202404,7호선,먹골,235602,73908,229025,75885,20240503
202404,7호선,도봉산,225677,57646,255803,80719,20240503
202404,7호선,마들,292014,98382,265550,95549,20240503
202404,7호선,중화,250956,71234,244243,70568,20240503
202404,7호선,상봉,445210,81253,426854,78225,20240503
202404,7호선,면목,368390,105411,346717,107306,20240503
202404,7호선,장암,69723,16174,28678,12777,20240503
202404,7호선,사가정,378314,115283,378803,115381,20240503
202404,7호선,용마산(용마폭포공원),141297,38012,135484,41121,20240503
202404,7호선,중곡,256453,69921,233439,70769,20240503
202404,7호선,군자(능동),364633,92294,277610,78442,20240503
202404,7호선,어린이대공원(세종대),512577,52829,533571,53426,20240503
202404,7호선,건대입구,351470,63612,370859,58334,20240503
202404,7호선,수락산,271008,108429,258747,109168,20240503
202404,7호선,자양(뚝섬한강공원),330908,51696,320427,51517,20240503
202404,7호선,청담,462281,82448,516999,79667,20240503
202404,7호선,강남구청,406586,55796,454547,56997,20240503
202404,7호선,학동,595726,69313,631323,66205,20240503
202404,7호선,논현,479946,47315,500140,46111,20240503
202404,7호선,반포,153041,40348,148140,38292,20240503
202404,7호선,고속터미널,448619,88113,364548,75437,20240503
202404,7호선,내방,348589,77130,352748,74655,20240503
202404,7호선,이수,410386,88021,395563,82629,20240503
202404,7호선,남성,267428,83525,248200,83615,20240503
202404,7호선,숭실대입구(살피재),407427,71622,406098,74655,20240503
202404,7호선,상도,305047,69374,302774,66292,20240503
202404,7호선,장승배기,205852,74670,198510,75578,20240503
202404,7호선,신대방삼거리,352049,98497,328099,100926,20240503
202404,7호선,보라매,172460,33386,178397,34405,20240503
202404,7호선,신풍,259953,80399,237676,78254,20240503
202404,7호선,대림(구로구청),231725,48164,232499,47088,20240503
202404,7호선,남구로,365379,67614,381184,67673,20240503
202404,7호선,가산디지털단지,1096448,105037,1110938,100383,20240503
202404,7호선,철산,528540,118608,533535,116790,20240503
202404,7호선,광명사거리,452018,165341,436382,170701,20240503
202404,7호선,천왕,279704,65766,262740,66203,20240503
202404,7호선,온수(성공회대입구),258744,47073,239693,44596,20240503
202404,7호선,까치울,1,0,0,0,20240503
202404,7호선,노원,574912,170119,613958,168808,20240503
202404,8호선,가락시장,165290,68121,188961,69721,20240503
202404,8호선,암사,442767,117354,379375,114405,20240503
202404,8호선,천호(풍납토성),361144,95576,428507,93745,20240503
202404,8호선,강동구청,236166,71873,242165,72641,20240503
202404,8호선,몽촌토성(평화의문),174810,40059,177443,39054,20240503
202404,8호선,잠실(송파구청),427298,91813,510889,89917,20240503
202404,8호선,석촌,195337,60542,246576,66211,20240503
202404,8호선,송파,209321,70672,201766,69497,20240503
202404,8호선,문정,547476,67444,576022,67188,20240503
202404,8호선,장지,417268,92441,380565,87647,20240503
202404,8호선,복정,253814,45048,215159,40128,20240503
202404,8호선,산성,155355,38574,155684,41615,20240503
202404,8호선,남한산성입구(성남법원.검찰청),349346,84631,316599,80490,20240503
202404,8호선,단대오거리,293880,81881,274719,79542,20240503
202404,8호선,신흥,114137,43038,117634,45079,20240503
202404,8호선,수진,120742,49048,108668,47698,20240503
202404,8호선,모란,94537,64122,77968,49068,20240503
202404,8호선,남위례,182048,38166,183994,37486,20240503
202404,9호선,개화,69111,15580,46491,12709,20240503
202404,9호선,공항시장,66386,27259,69994,29236,20240503
202404,9호선,신방화,160144,52664,153592,52692,20240503
202404,9호선,마곡나루(서울식물원),362483,43650,360211,42251,20240503
202404,9호선,양천향교,247663,52634,251213,51507,20240503
202404,9호선,가양,521454,149427,507603,145566,20240503
202404,9호선,증미,189812,40002,181121,40398,20240503
202404,9호선,등촌,268947,91720,250475,92058,20240503
202404,9호선,염창,447396,84047,424417,82236,20240503
202404,9호선,신목동,107527,27133,93828,26186,20240503
202404,9호선,선유도,227079,34396,214010,33442,20240503
202404,9호선,당산,506249,76529,501397,70696,20240503
202404,9호선,국회의사당,437118,73458,456606,64748,20240503
202404,9호선,여의도,796087,57473,777650,54294,20240503
202404,9호선,샛강,162096,33415,161104,33063,20240503
202404,9호선,노량진,689853,95258,681390,95561,20240503
202404,9호선,노들,124020,36413,102746,32952,20240503
202404,9호선,흑석(중앙대입구),245214,63967,245554,63731,20240503
202404,9호선,동작(현충원),56946,22330,49700,20197,20240503
202404,9호선,구반포,28274,9909,27683,9577,20240503
202404,9호선,신반포,102649,30257,101987,30618,20240503
202404,9호선,고속터미널,415256,75164,579756,90474,20240503
202404,9호선,사평,91770,26030,86032,25994,20240503
202404,9호선,신논현,866049,58130,861517,56997,20240503
202404,9호선,김포공항,197007,21541,268592,27592,20240503
202404,9호선2~3단계,선정릉,252446,30555,275601,31527,20240503
202404,9호선2~3단계,삼성중앙,189054,29265,194695,28859,20240503
202404,9호선2~3단계,봉은사,547028,58976,583248,56309,20240503
202404,9호선2~3단계,종합운동장,134358,23541,134076,21713,20240503
202404,9호선2~3단계,삼전,193279,43573,177842,41843,20240503
202404,9호선2~3단계,석촌고분,172031,47075,164175,47203,20240503
202404,9호선2~3단계,석촌,260188,47841,234082,42285,20240503
202404,9호선2~3단계,송파나루,139261,32477,147604,33755,20240503
202404,9호선2~3단계,한성백제,76443,20724,66119,18232,20240503
202404,9호선2~3단계,올림픽공원(한국체대),216020,36455,223626,36606,20240503
202404,9호선2~3단계,둔촌오륜,30480,8890,28803,9475,20240503
202404,9호선2~3단계,중앙보훈병원,255160,85964,217171,83209,20240503
202404,9호선2~3단계,언주,296699,35542,303624,35273,20240503
202404,경강선,부발,60593,11190,59544,11176,20240503
202404,경강선,판교,148134,23122,144447,19330,20240503
202404,경강선,이매,26851,7472,22314,7010,20240503
202404,경강선,삼동,60424,15956,53871,15822,20240503
202404,경강선,경기광주,203702,38865,192886,38656,20240503
202404,경강선,초월,86917,18007,81440,17525,20240503
202404,경강선,곤지암,61304,17689,60346,17854,20240503
202404,경강선,신둔도예촌,39785,10158,36065,9670,20240503
202404,경강선,이천,75667,17271,80908,18446,20240503
202404,경강선,세종대왕릉,6902,5263,7000,5420,20240503
202404,경강선,여주,74855,23663,74235,23720,20240503
202404,경강선,성남,20692,6161,18352,6576,20240503
202404,경부선,노량진,230621,50232,227213,46698,20240503
202404,경부선,대방,254378,62363,286818,65019,20240503
202404,경부선,영등포,969310,309479,993464,310050,20240503
202404,경부선,신도림,95737,28214,96802,33056,20240503
202404,경부선,신길,220490,51963,184068,48858,20240503
202404,경부선,구로,425107,110050,440212,106430,20240503
202404,경부선,가산디지털단지,446895,42112,510941,45897,20240503
202404,경부선,금천구청,261738,89884,264771,91352,20240503
202404,경부선,석수,219489,54296,200350,52196,20240503
202404,경부선,관악,170736,61151,161299,59234,20240503
202404,경부선,안양,637303,135190,626823,139464,20240503
202404,경부선,명학,233441,47792,227233,46087,20240503
202404,경부선,금정,713740,145764,719501,146520,20240503
202404,경부선,군포,171081,42246,168074,41202,20240503
202404,경부선,의왕,238680,49923,236241,49509,20240503
202404,경부선,성균관대,422046,65817,416257,66459,20240503
202404,경부선,화서,329825,56917,321603,56005,20240503
202404,경부선,수원,1082943,175068,1147720,177258,20240503
202404,경부선,독산,434233,73996,441711,75778,20240503
202404,경부선,세류,92429,18712,84737,18435,20240503
202404,경부선,병점,442903,80182,442991,79739,20240503
202404,경부선,세마,84200,18163,78756,17238,20240503
202404,경부선,오산대,105863,23189,98889,22095,20240503
202404,경부선,오산,290696,56707,289853,57692,20240503
202404,경부선,남영,255768,40309,273020,42027,20240503
202404,경부선,진위,42597,10833,38345,10547,20240503
202404,경부선,송탄,126563,23672,123215,23078,20240503
202404,경부선,서정리,240310,39706,224531,38336,20240503
202404,경부선,평택지제,126843,15919,121151,15631,20240503
202404,경부선,평택,377018,76219,378197,74574,20240503
202404,경부선,서울역,292423,20772,98533,4852,20240503
202404,경부선,성환,173125,24034,165672,23574,20240503
202404,경부선,직산,25806,6579,25469,6212,20240503
202404,경부선,두정,240185,30963,262930,31898,20240503
202404,경부선,천안,195175,61711,174116,60941,20240503
202404,경부선,당정,165528,35541,157527,34125,20240503
202404,경부선,서동탄,38668,8651,33631,8135,20240503
202404,경부선,광명,109003,12933,89541,12315,20240503
202404,경부선,용산,1116817,155786,1131323,155168,20240503
202404,경원선,지행,160162,51323,162453,50510,20240503
202404,경원선,이촌(국립중앙박물관),96892,34594,70027,28731,20240503
202404,경원선,서빙고,53965,20451,52013,19972,20240503
202404,경원선,한남,87123,30355,84504,28771,20240503
202404,경원선,옥수,1777,203,1245,108,20240503
202404,경원선,응봉,44563,20557,40352,19635,20240503
202404,경원선,왕십리(성동구청),440537,80911,434204,82623,20240503
202404,경원선,청량리(서울시립대입구),387646,166676,397845,173915,20240503
202404,경원선,외대앞,268982,49810,262703,49510,20240503
202404,경원선,신이문,184616,73511,166927,71540,20240503
202404,경원선,석계,168057,66264,192213,71346,20240503
202404,경원선,광운대,218114,60137,210167,58625,20240503
202404,경원선,월계,170195,68347,152425,65598,20240503
202404,경원선,녹천,95369,39693,77275,36452,20240503
202404,경원선,창동,108,8,0,0,20240503
202404,경원선,방학,189615,119563,182328,116291,20240503
202404,경원선,도봉,104605,77379,97802,75916,20240503
202404,경원선,도봉산,139188,127309,78700,100709,20240503
202404,경원선,망월사,198786,78110,198653,79623,20240503
202404,경원선,회룡,238424,168900,235407,165233,20240503
202404,경원선,의정부,456235,129702,467893,131544,20240503
202404,경원선,가능,138142,63696,130878,62772,20240503
202404,경원선,녹양,94216,42275,88063,40322,20240503
202404,경원선,양주,177757,65788,167479,63264,20240503
202404,경원선,덕계,141708,38672,126095,37019,20240503
202404,경원선,덕정,163648,41187,153623,41037,20240503
202404,경원선,동두천중앙,57709,40167,55444,40054,20240503
202404,경원선,보산,35033,15548,32570,14898,20240503
202404,경원선,동두천,48669,20706,46836,21590,20240503
202404,경원선,소요산,17186,51430,17305,49077,20240503
202404,경원선,청산,2358,2270,1906,2185,20240503
202404,경원선,연천,13747,30782,13076,31785,20240503
202404,경원선,전곡,22900,16368,20911,15007,20240503
202404,경의선,김포공항,1,0,0,0,20240503
202404,경의선,디지털미디어시티,73676,13892,67288,14546,20240503
202404,경의선,홍대입구,63155,5864,77873,7001,20240503
202404,경의선,공덕,108930,17714,86513,17258,20240503
202404,경의선,서울역,111742,19842,140567,23488,20240503
202404,경의선,운천,84,140,30,142,20240503
202404,경의선,임진강,542,602,451,531,20240503
202404,경의선,문산,121401,48757,117538,48608,20240503
202404,경의선,파주,37875,9142,29154,7988,20240503
202404,경의선,월롱,57056,10255,49704,10879,20240503
202404,경의선,금촌,158389,52827,152672,53060,20240503
202404,경의선,금릉,137968,35985,131147,35070,20240503
202404,경의선,운정,198567,48635,182004,47134,20240503
202404,경의선,야당,227933,47821,234473,46516,20240503
202404,경의선,탄현,197297,47454,186407,46317,20240503
202404,경의선,일산,265593,81682,256539,82175,20240503
202404,경의선,풍산,147203,45792,137676,44502,20240503
202404,경의선,백마,188956,43525,181931,43128,20240503
202404,경의선,곡산,14486,6974,15358,7168,20240503
202404,경의선,능곡,112635,39690,104166,39216,20240503
202404,경의선,행신,208846,41275,207284,41973,20240503
202404,경의선,강매,80016,21397,67315,20126,20240503
202404,경의선,한국항공대,85605,11341,79733,11169,20240503
202404,경의선,수색,84283,20642,85947,20346,20240503
202404,경의선,가좌,138840,48996,127319,48932,20240503
202404,경의선,서강대,61281,12851,61294,11583,20240503
202404,경의선,효창공원앞,82460,17276,89143,19188,20240503
202404,경의선,신촌,25307,3955,31879,4983,20240503
202404,경의선,검암,3,1,0,0,20240503
202404,경의선,계양,5,0,0,0,20240503
202404,경인선,도원,73908,33216,73577,34990,20240503
202404,경인선,개봉,484122,176615,463827,181005,20240503
202404,경인선,오류동,260527,100635,237977,97877,20240503
202404,경인선,역곡,665816,169273,653988,173721,20240503
202404,경인선,부천,744259,244506,741556,247861,20240503
202404,경인선,송내,655204,143210,644786,141002,20240503
202404,경인선,부평,725953,162526,778901,166665,20240503
202404,경인선,백운,162488,67635,156056,67738,20240503
202404,경인선,동암,363805,115729,364113,116196,20240503
202404,경인선,주안,489821,105360,442319,94399,20240503
202404,경인선,제물포,264333,73700,251554,73329,20240503
202404,경인선,동인천,310265,130046,288259,126096,20240503
202404,경인선,인천,93351,48323,70226,43735,20240503
202404,경인선,구일,240676,55395,251296,55083,20240503
202404,경인선,소사,180079,67804,170003,66265,20240503
202404,경인선,부개,191529,75420,175045,73720,20240503
202404,경인선,간석,126519,51463,118957,49536,20240503
202404,경인선,온수(성공회대입구),149364,57797,137426,55817,20240503
202404,경인선,중동,201357,83699,183959,82276,20240503
202404,경인선,도화,89445,44841,78729,43081,20240503
202404,경춘선,사릉,51035,17886,48788,17823,20240503
202404,경춘선,평내호평,140087,52905,138045,50519,20240503
202404,경춘선,천마산,29552,20101,26383,20244,20240503
202404,경춘선,마석,85563,41002,84251,40929,20240503
202404,경춘선,대성리,25047,9428,25385,8973,20240503
202404,경춘선,별내,79273,25615,74837,24158,20240503
202404,경춘선,퇴계원,77616,32620,70627,31010,20240503
202404,경춘선,갈매,69223,22861,58419,21193,20240503
202404,경춘선,청평,38036,23499,37300,23090,20240503
202404,경춘선,상천,6908,8244,6418,7941,20240503
202404,경춘선,가평,46401,20528,45851,19998,20240503
202404,경춘선,굴봉산,2197,3895,2307,3784,20240503
202404,경춘선,백양리,1547,2142,1491,2122,20240503
202404,경춘선,강촌,12386,6681,11648,6757,20240503
202404,경춘선,김유정,8931,5944,10386,6287,20240503
202404,경춘선,남춘천,68413,29343,68583,31969,20240503
202404,경춘선,춘천,43622,21015,38533,16078,20240503
202404,경춘선,신내,59882,21504,53893,20985,20240503
202404,경춘선,금곡,29164,18260,27810,18092,20240503
202404,공항철도 1호선,공덕,77350,9526,105564,11449,20240503
202404,공항철도 1호선,홍대입구,431751,22019,415732,19911,20240503
202404,공항철도 1호선,디지털미디어시티,375016,30984,352764,29368,20240503
202404,공항철도 1호선,마곡나루(서울식물원),298450,20529,286040,21234,20240503
202404,공항철도 1호선,김포공항,278577,27003,149775,16850,20240503
202404,공항철도 1호선,계양,356717,41754,336871,40185,20240503
202404,공항철도 1호선,검암,176781,20440,183526,21027,20240503
202404,공항철도 1호선,청라국제도시,202871,17077,191562,16750,20240503
202404,공항철도 1호선,운서,255091,35561,267346,35969,20240503
202404,공항철도 1호선,공항화물청사,48816,10669,57987,10711,20240503
202404,공항철도 1호선,인천공항1터미널,409482,40445,387353,36938,20240503
202404,공항철도 1호선,인천공항2터미널,189823,18886,160792,16057,20240503
202404,공항철도 1호선,영종,103019,25299,104076,25157,20240503
202404,공항철도 1호선,서울역,387371,40406,348938,36217,20240503
202404,과천선,범계,696916,133818,698719,130665,20240503
202404,과천선,선바위,198989,41929,171521,40464,20240503
202404,과천선,경마공원,123393,84582,124110,82973,20240503
202404,과천선,대공원,168286,73735,171600,75867,20240503
202404,과천선,과천,150022,52789,135273,49414,20240503
202404,과천선,정부과천청사,280700,62751,290591,62522,20240503
202404,과천선,인덕원,631656,138678,642927,143267,20240503
202404,과천선,평촌,442907,75520,426144,75054,20240503
202404,분당선,선릉,311791,49557,488992,67127,20240503
202404,분당선,도곡,175027,61629,173164,58321,20240503
202404,분당선,구룡,84418,31132,82292,30807,20240503
202404,분당선,개포동,107450,36576,108170,37268,20240503
202404,분당선,대모산입구,140644,41621,130301,40598,20240503
202404,분당선,수서,410512,83890,431316,89409,20240503
202404,분당선,복정,197,2,0,0,20240503
202404,분당선,수원,223021,37814,196330,34677,20240503
202404,분당선,서울숲,457465,49034,491480,48416,20240503
202404,분당선,압구정로데오,532339,51364,601440,49473,20240503
202404,분당선,강남구청,235228,42927,275479,46222,20240503
202404,분당선,선정릉,180368,36074,189636,35745,20240503
202404,분당선,가천대,325910,30630,334298,31147,20240503
202404,분당선,태평,300110,99873,276701,104077,20240503
202404,분당선,모란,446900,194993,442317,213745,20240503
202404,분당선,야탑,586155,176826,627324,178112,20240503
202404,분당선,서현,567406,136748,583833,132594,20240503
202404,분당선,수내,322392,83694,324675,82061,20240503
202404,분당선,정자,442065,77649,465529,77029,20240503
202404,분당선,미금,332503,119211,346977,126283,20240503
202404,분당선,오리,263224,82093,220068,71992,20240503
202404,분당선,이매,133780,45143,124468,44401,20240503
202404,분당선,보정,59374,23219,50927,21953,20240503
202404,분당선,죽전,354705,81935,388029,84498,20240503
202404,분당선,구성,109957,43170,116471,43553,20240503
202404,분당선,신갈,108640,34471,105380,34147,20240503
202404,분당선,기흥,280541,49050,261349,47921,20240503
202404,분당선,상갈,132676,35832,125519,34886,20240503
202404,분당선,청명,116217,24592,111500,24263,20240503
202404,분당선,영통,248030,37784,251126,37105,20240503
202404,분당선,망포,414708,48061,393822,46468,20240503
202404,분당선,매탄권선,142096,27440,136507,26714,20240503
202404,분당선,수원시청,365054,54769,400941,56346,20240503
202404,분당선,매교,132011,29607,129104,29775,20240503
202404,분당선,한티,378705,77998,399855,80039,20240503
202404,서해선,원종,103552,42882,101866,44048,20240503
202404,서해선,부천종합운동장,67370,9159,56354,7987,20240503
202404,서해선,김포공항,82100,12197,95781,17432,20240503
202404,수인선,인천논현,129996,41393,139694,41865,20240503
202404,수인선,고색,139943,22043,137065,20381,20240503
202404,수인선,오목천,130718,19271,108637,18589,20240503
202404,수인선,어천,34244,9259,31744,9955,20240503
202404,수인선,야목,9995,3538,8604,3179,20240503
202404,수인선,사리,136807,23448,117979,21354,20240503
202404,수인선,달월,2085,1249,1548,726,20240503
202404,수인선,월곶,72130,21385,63760,20665,20240503
202404,수인선,소래포구,109143,66615,100840,65220,20240503
202404,수인선,호구포,92144,25211,94724,24831,20240503
202404,수인선,남동인더스파크,52489,7885,59645,7968,20240503
202404,수인선,원인재,103811,39194,108764,39415,20240503
202404,수인선,연수,118064,38068,117239,38034,20240503
202404,수인선,송도,53397,28760,47347,27535,20240503
202404,수인선,인하대,205442,35467,193909,33873,20240503
202404,수인선,숭의,93033,35420,84933,33581,20240503
202404,수인선,신포,44927,16877,44875,16808,20240503
202404,수인선,인천,23497,14388,41100,19974,20240503
202404,신림선,보라매,97858,26287,89718,23875,20240503
202404,신림선,대방,74829,19476,56122,16362,20240503
202404,신림선,보라매공원,50439,19519,56065,20996,20240503
202404,신림선,보라매병원,152988,56978,162874,56583,20240503
202404,신림선,당곡,100505,40598,95408,39907,20240503
202404,신림선,신림,39126,18254,53218,21599,20240503
202404,신림선,서원,80487,26438,66353,26137,20240503
202404,신림선,서울대벤처타운,227416,73051,201027,72519,20240503
202404,신림선,관악산(서울대),68224,40107,74043,40016,20240503
202404,신림선,샛강,67829,17548,82852,17367,20240503
202404,신림선,서울지방병무청,66594,26627,71071,29132,20240503
202404,안산선,상록수,407907,81357,410217,82431,20240503
202404,안산선,한대앞,269112,50611,267796,51823,20240503
202404,안산선,중앙,506871,78605,536396,77555,20240503
202404,안산선,고잔,241132,42196,231169,40974,20240503
202404,안산선,초지,140193,22771,143076,23028,20240503
202404,안산선,안산,341070,43240,318106,40754,20240503
202404,안산선,신길온천,52782,11827,47635,11530,20240503
202404,안산선,정왕,292390,34969,294583,36186,20240503
202404,안산선,오이도,217782,42941,216135,42621,20240503
202404,안산선,수리산,111890,57174,100603,59791,20240503
202404,안산선,반월,99717,36981,95806,36473,20240503
202404,안산선,산본,392718,125394,416766,124046,20240503
202404,안산선,대야미,123206,40460,107205,36960,20240503
202404,우이신설선,신설동,37757,34773,37226,30311,20240503
202404,우이신설선,북한산우이,64973,41413,58006,43723,20240503
202404,우이신설선,솔밭공원,48882,32235,42490,33377,20240503
202404,우이신설선,4.19민주묘지,84266,43096,83280,37914,20240503
202404,우이신설선,가오리,76479,55348,72714,56445,20240503
202404,우이신설선,화계,61493,49804,55002,50337,20240503
202404,우이신설선,삼양,32783,29922,33134,32806,20240503
202404,우이신설선,삼양사거리,39604,40967,39583,40247,20240503
202404,우이신설선,솔샘,132928,45415,120702,47055,20240503
202404,우이신설선,북한산보국문,156788,51160,143258,50241,20240503
202404,우이신설선,정릉,98922,53402,85877,49886,20240503
202404,우이신설선,성신여대입구(돈암),79285,34859,92535,33419,20240503
202404,우이신설선,보문,33807,17280,33768,17029,20240503
202404,일산선,삼송,475962,107014,451250,107242,20240503
202404,일산선,원흥,275676,71748,260249,68970,20240503
202404,일산선,지축,56,0,0,0,20240503
202404,일산선,원당,249780,89589,232944,88714,20240503
202404,일산선,화정,392870,133858,402150,136271,20240503
202404,일산선,대곡,79401,16673,57096,14648,20240503
202404,일산선,백석,216266,82640,220280,81457,20240503
202404,일산선,마두,159294,78426,162732,79839,20240503
202404,일산선,정발산,178588,76216,188444,72937,20240503
202404,일산선,주엽,194520,103954,193489,106251,20240503
202404,일산선,대화,320909,90210,242074,82630,20240503
202404,장항선,쌍용(나사렛대),79579,18079,76233,17049,20240503
202404,장항선,아산,131955,15999,113452,14998,20240503
202404,장항선,탕정,49327,7297,43541,6657,20240503
202404,장항선,배방,35475,8213,34581,7786,20240503
202404,장항선,온양온천,97194,63201,99849,63851,20240503
202404,장항선,신창(순천향대),73700,8417,71449,7581,20240503
202404,장항선,봉명,30156,12006,30066,11417,20240503
202404,중앙선,중랑,117503,53998,111748,53398,20240503
202404,중앙선,상봉,136038,47693,133321,45848,20240503
202404,중앙선,망우,160519,80592,152490,81777,20240503
202404,중앙선,양원,71518,24554,69719,24559,20240503
202404,중앙선,구리,307454,94966,313724,94838,20240503
202404,중앙선,도농,263198,75598,241201,73586,20240503
202404,중앙선,양정,10849,9210,8876,8238,20240503
202404,중앙선,덕소,120046,51267,118959,51576,20240503
202404,중앙선,도심,51745,21991,39365,19897,20240503
202404,중앙선,팔당,21164,12150,22695,11966,20240503
202404,중앙선,운길산,16795,16170,15905,16277,20240503
202404,중앙선,양수,39376,28128,38403,27777,20240503
202404,중앙선,신원,3683,4579,3282,4359,20240503
202404,중앙선,국수,13276,11664,12647,11794,20240503
202404,중앙선,아신,11210,8557,11210,8394,20240503
202404,중앙선,오빈,4935,5305,4889,5426,20240503
202404,중앙선,양평,67068,41772,69157,42803,20240503
202404,중앙선,원덕,5827,8331,5317,7753,20240503
202404,중앙선,용문,35666,48694,35007,48118,20240503
202404,중앙선,지평,949,1254,1136,1379,20240503
202404,중앙선,회기,734391,133646,700831,130623,20240503
202403,1호선,시청,664265,111445,656796,108138,20240403
202403,1호선,서울역,1447754,227062,1393734,217639,20240403
202403,1호선,종각,964737,152686,946524,142688,20240403
202403,1호선,종로3가,499200,310535,462956,287412,20240403
202403,1호선,종로5가,507635,270416,495448,260685,20240403
202403,1호선,동대문,247676,137903,248695,139140,20240403
202403,1호선,신설동,307664,131660,296760,127945,20240403
202403,1호선,제기동,247757,284893,240496,302034,20240403
202403,1호선,청량리(서울시립대입구),416357,303404,402220,304789,20240403
202403,1호선,동묘앞,169654,183569,179509,185429,20240403
202403,2호선,시청,681518,62575,633419,55461,20240403
202403,2호선,을지로입구,1315801,106482,1345993,99349,20240403
202403,2호선,을지로3가,653144,77965,645352,77369,20240403
202403,2호선,을지로4가,332595,78960,336459,79048,20240403
202403,2호선,동대문역사문화공원(DDP),400198,62811,460765,67605,20240403
202403,2호선,신당,359941,97977,381457,99478,20240403
202403,2호선,상왕십리,364209,73316,354066,73931,20240403
202403,2호선,왕십리(성동구청),454000,55791,406364,50376,20240403
202403,2호선,한양대,381269,14528,433076,15614,20240403
202403,2호선,뚝섬,676300,65666,702973,65007,20240403
202403,2호선,성수,1164241,107358,1286219,108948,20240403
202403,2호선,건대입구,1093805,100400,1139458,104305,20240403
202403,2호선,구의(광진구청),633996,114192,613283,114533,20240403
202403,2호선,강변(동서울터미널),813446,125422,766176,120473,20240403
202403,2호선,잠실나루,338803,89270,327395,89060,20240403
202403,2호선,잠실(송파구청),2152461,226608,2121097,217111,20240403
202403,2호선,잠실새내,609977,119796,605622,118967,20240403
202403,2호선,종합운동장,313780,52609,346715,54653,20240403
202403,2호선,삼성(무역센터),1477627,124600,1487865,115096,20240403
202403,2호선,선릉,1326408,237724,1166073,208790,20240403
202403,2호선,역삼,1237165,155704,1421588,158988,20240403
202403,2호선,강남,2209300,167337,2161564,146031,20240403
202403,2호선,교대(법원.검찰청),730058,156782,880029,187877,20240403
202403,2호선,서초,551535,98742,525825,98015,20240403
202403,2호선,방배,446139,83022,459101,81368,20240403
202403,2호선,사당,1014412,234421,1132650,222176,20240403
202403,2호선,낙성대(강감찬),737640,117491,711357,119562,20240403
202403,2호선,서울대입구(관악구청),1239329,191529,1203221,180600,20240403
202403,2호선,봉천,565176,158149,519636,157628,20240403
202403,2호선,신림,1448423,212808,1387206,209406,20240403
202403,2호선,신대방,633708,137951,607566,138662,20240403
202403,2호선,구로디지털단지,1454758,202747,1435094,202101,20240403
202403,2호선,대림(구로구청),602507,140076,615597,145956,20240403
202403,2호선,신도림,1301680,243609,1293109,229937,20240403
202403,2호선,문래,565204,93125,587420,92976,20240403
202403,2호선,영등포구청,546340,107189,566889,105954,20240403
202403,2호선,당산,470633,63883,545981,69125,20240403
202403,2호선,합정,943223,74724,1024575,75584,20240403
202403,2호선,홍대입구,2185511,102715,2360413,99837,20240403
202403,2호선,신촌,1104164,127375,1124573,125091,20240403
202403,2호선,이대,498824,52509,546403,55884,20240403
202403,2호선,아현,268331,67465,247985,66178,20240403
202403,2호선,충정로(경기대입구),246491,48810,263500,49786,20240403
202403,2호선,용답,77648,20333,79605,20658,20240403
202403,2호선,신답,39848,10593,43489,11014,20240403
202403,2호선,신설동,88689,37721,84852,39929,20240403
202403,2호선,도림천,30156,8813,31555,9765,20240403
202403,2호선,양천구청,152345,55190,160348,55792,20240403
202403,2호선,신정네거리,233087,79384,239380,80729,20240403
202403,2호선,용두(동대문구청),52193,25244,51162,25890,20240403
202403,3호선,지축,173864,37760,174585,37066,20240403
202403,3호선,구파발,522776,136400,509071,131496,20240403
202403,3호선,연신내,783596,270486,741745,260362,20240403
202403,3호선,불광,358914,151206,381835,166757,20240403
202403,3호선,녹번,381435,84178,339465,82903,20240403
202403,3호선,홍제,413862,154114,385239,152128,20240403
202403,3호선,무악재,98611,34912,95824,36896,20240403
202403,3호선,독립문,169930,77847,180347,79095,20240403
202403,3호선,경복궁(정부서울청사),706750,101059,722396,98287,20240403
202403,3호선,안국,719802,108290,740999,114249,20240403
202403,3호선,종로3가,260833,70890,300965,79581,20240403
202403,3호선,을지로3가,293852,51404,299881,48671,20240403
202403,3호선,충무로,261,1,0,0,20240403
202403,3호선,동대입구,305769,45454,343293,49386,20240403
202403,3호선,약수,309039,88943,301004,83728,20240403
202403,3호선,금호,188258,58621,171547,57052,20240403
202403,3호선,옥수,210693,64765,215977,64468,20240403
202403,3호선,압구정,789081,149391,857783,147830,20240403
202403,3호선,신사,760371,75512,797591,73173,20240403
202403,3호선,잠원,121754,34086,115397,32310,20240403
202403,3호선,고속터미널,1352090,229134,1264201,214921,20240403
202403,3호선,교대(법원.검찰청),399075,91532,236476,51027,20240403
202403,3호선,남부터미널(예술의전당),753614,131946,766558,133129,20240403
202403,3호선,양재(서초구청),920889,160923,1011839,162240,20240403
202403,3호선,매봉,285228,76352,277808,71640,20240403
202403,3호선,도곡,140779,30407,144509,29299,20240403
202403,3호선,대치,299097,76040,293312,72901,20240403
202403,3호선,학여울,64942,17451,67449,16939,20240403
202403,3호선,대청,252741,66030,236122,64101,20240403
202403,3호선,일원,245255,71488,234310,71251,20240403
202403,3호선,수서,447789,126523,452595,124019,20240403
202403,3호선,가락시장,187801,84075,182752,81474,20240403
202403,3호선,경찰병원,173393,46780,171195,48440,20240403
202403,3호선,오금,159472,34587,142792,32875,20240403
202403,4호선,당고개,210947,80246,176160,78643,20240403
202403,4호선,상계,454425,134336,413932,130362,20240403
202403,4호선,노원,724739,169091,822670,176171,20240403
202403,4호선,창동,579243,240650,609818,246240,20240403
202403,4호선,쌍문,701314,188906,637545,186022,20240403
202403,4호선,수유(강북구청),837841,209660,834783,210255,20240403
202403,4호선,미아(서울사이버대학),360481,126567,340864,128028,20240403
202403,4호선,미아사거리,619046,200879,604615,200004,20240403
202403,4호선,길음,548987,132455,542023,131847,20240403
202403,4호선,성신여대입구(돈암),616820,99102,589661,96922,20240403
202403,4호선,한성대입구(삼선교),373822,78666,362444,77769,20240403
202403,4호선,혜화,997706,135720,1010491,133749,20240403
202403,4호선,동대문,458099,169181,487171,163547,20240403
202403,4호선,동대문역사문화공원(DDP),527862,68712,462148,61899,20240403
202403,4호선,충무로,823912,125387,839064,127080,20240403
202403,4호선,명동,1033500,81504,1118531,84736,20240403
202403,4호선,회현(남대문시장),599114,221523,639354,221814,20240403
202403,4호선,서울역,326982,45429,602913,59464,20240403
202403,4호선,숙대입구(갈월),424241,59549,409906,55487,20240403
202403,4호선,삼각지,170250,28003,201206,29222,20240403
202403,4호선,신용산,523748,60572,566258,61026,20240403
202403,4호선,이촌(국립중앙박물관),206488,54739,230075,57494,20240403
202403,4호선,동작(현충원),29859,13812,33745,14121,20240403
202403,4호선,총신대입구(이수),424066,167571,464243,173359,20240403
202403,4호선,사당,713358,112644,634463,118300,20240403
202403,4호선,남태령,35124,9221,27730,8544,20240403
202403,5호선,방화,150506,59380,142682,58407,20240403
202403,5호선,개화산,133624,43985,127477,43058,20240403
202403,5호선,김포공항,242279,48360,190887,44883,20240403
202403,5호선,송정,140050,54354,133115,51739,20240403
202403,5호선,마곡,298153,49119,300788,48205,20240403
202403,5호선,발산,558764,116420,584856,113026,20240403
202403,5호선,우장산,344009,103168,335116,106430,20240403
202403,5호선,화곡,702271,160229,649888,153343,20240403
202403,5호선,까치산,678848,169300,644394,170702,20240403
202403,5호선,신정(은행정),329719,68567,267794,66589,20240403
202403,5호선,목동,407769,92185,436205,93606,20240403
202403,5호선,오목교(목동운동장앞),549233,97347,584636,96517,20240403
202403,5호선,양평,189051,33007,183827,32603,20240403
202403,5호선,영등포구청,109189,22317,108468,21595,20240403
202403,5호선,영등포시장,263624,85098,270448,86715,20240403
202403,5호선,신길,133577,13263,136867,13978,20240403
202403,5호선,여의도,756622,58407,809969,56231,20240403
202403,5호선,여의나루,406542,33598,456766,32895,20240403
202403,5호선,마포,362814,71465,369964,71179,20240403
202403,5호선,공덕,368854,53809,388925,50665,20240403
202403,5호선,애오개,162023,41578,159469,40171,20240403
202403,5호선,충정로(경기대입구),117516,16268,118836,16214,20240403
202403,5호선,서대문,499337,75670,503375,71333,20240403
202403,5호선,광화문(세종문화회관),849100,102611,898064,101537,20240403
202403,5호선,종로3가,367663,100861,361697,104457,20240403
202403,5호선,을지로4가,142889,45250,145999,44504,20240403
202403,5호선,동대문역사문화공원(DDP),79529,8510,92658,9713,20240403
202403,5호선,청구,92144,26658,89971,21756,20240403
202403,5호선,신금호,154318,42171,160354,48064,20240403
202403,5호선,행당,188593,55791,166357,50524,20240403
202403,5호선,왕십리(성동구청),112410,27454,137815,27719,20240403
202403,5호선,마장,136810,46643,128127,45690,20240403
202403,5호선,답십리,390748,91956,351597,88673,20240403
202403,5호선,장한평,465011,106295,457337,108071,20240403
202403,5호선,군자(능동),313865,47371,348070,50565,20240403
202403,5호선,아차산(어린이대공원후문),363502,115081,350507,111575,20240403
202403,5호선,광나루(장신대),345484,82707,321850,81370,20240403
202403,5호선,천호(풍납토성),446202,158793,431822,159143,20240403
202403,5호선,강동,427963,114580,414057,111854,20240403
202403,5호선,길동,168438,84427,175220,86178,20240403
202403,5호선,굽은다리(강동구민회관앞),217121,87050,212224,81407,20240403
202403,5호선,명일,197667,81312,201448,82988,20240403
202403,5호선,고덕,235117,82906,228383,81633,20240403
202403,5호선,상일동,338968,98709,320165,96917,20240403
202403,5호선,둔촌동,201154,73347,199045,73734,20240403
202403,5호선,올림픽공원(한국체대),135476,41605,126108,37243,20240403
202403,5호선,방이,176116,55201,181080,55448,20240403
202403,5호선,오금,87142,24199,86369,23148,20240403
202403,5호선,개롱,145061,55695,150181,57159,20240403
202403,5호선,거여,234088,72200,226456,70236,20240403
202403,5호선,마천,164987,63395,145670,64610,20240403
202403,5호선,강일,130890,48705,118638,46591,20240403
202403,5호선,미사,438847,95278,450704,94463,20240403
202403,5호선,하남풍산,100341,35831,100162,35228,20240403
202403,5호선,하남시청(덕풍?신장),169401,83840,157916,83773,20240403
202403,5호선,하남검단산,146815,59509,138528,58638,20240403
202403,6호선,구산,190676,58987,129492,61262,20240403
202403,6호선,신내,16,0,0,0,20240403
202403,6호선,봉화산(서울의료원),210126,54394,197157,53607,20240403
202403,6호선,화랑대(서울여대입구),325082,53943,252843,48080,20240403
202403,6호선,태릉입구,145329,37986,167499,38902,20240403
202403,6호선,석계,297673,85758,310359,86005,20240403
202403,6호선,돌곶이,241908,68733,217036,67369,20240403
202403,6호선,상월곡(한국과학기술연구원),161387,44714,149023,43293,20240403
202403,6호선,월곡(동덕여대),314173,74777,302718,73891,20240403
202403,6호선,고려대(종암),245355,38398,237476,37522,20240403
202403,6호선,안암(고대병원앞),403242,36824,410774,36474,20240403
202403,6호선,보문,213597,34170,197400,32381,20240403
202403,6호선,창신,89603,20321,75822,19372,20240403
202403,6호선,동묘앞,203143,78328,211443,71538,20240403
202403,6호선,신당,227918,40723,231027,39340,20240403
202403,6호선,청구,95530,20880,91400,23711,20240403
202403,6호선,약수,91479,21023,90510,20862,20240403
202403,6호선,버티고개,51156,14995,49333,16940,20240403
202403,6호선,한강진,298690,17887,350711,17641,20240403
202403,6호선,이태원,359913,33684,389613,34506,20240403
202403,6호선,녹사평(용산구청),149292,19855,150886,19313,20240403
202403,6호선,삼각지,214149,22250,186540,18336,20240403
202403,6호선,효창공원앞,189185,42087,176601,39392,20240403
202403,6호선,공덕,479169,84162,464321,78979,20240403
202403,6호선,대흥(서강대앞),240531,50260,253301,50783,20240403
202403,6호선,광흥창(서강),219692,57431,208639,56648,20240403
202403,6호선,상수,310751,23081,352361,23320,20240403
202403,6호선,합정,396153,44778,386141,40596,20240403
202403,6호선,망원,401031,87793,428656,91033,20240403
202403,6호선,마포구청,357413,85279,317744,77649,20240403
202403,6호선,월드컵경기장(성산),138374,56402,169401,54589,20240403
202403,6호선,디지털미디어시티,371147,64693,398589,65237,20240403
202403,6호선,증산(명지대앞),228121,77763,226872,78989,20240403
202403,6호선,새절(신사),301188,96057,273387,96434,20240403
202403,6호선,연신내,119,4,0,0,20240403
202403,6호선,독바위,62203,22626,61971,27850,20240403
202403,6호선,불광,99741,45928,100672,37976,20240403
202403,6호선,역촌,79311,35365,99850,35183,20240403
202403,6호선,응암,407156,131107,400660,129910,20240403
202403,7호선,사가정,383286,109425,380908,109955,20240403
202403,7호선,장암,66759,14729,28108,11373,20240403
202403,7호선,도봉산,218406,53278,251616,77841,20240403
202403,7호선,수락산,273684,109615,261616,111122,20240403
202403,7호선,마들,291197,97227,266887,94860,20240403
202403,7호선,노원,588851,169286,622434,166158,20240403
202403,7호선,중계,342358,103504,311449,100447,20240403
202403,7호선,하계,428892,120963,401045,116343,20240403
202403,7호선,공릉(서울과학기술대),310032,79638,301952,80183,20240403
202403,7호선,태릉입구,236848,49871,221547,45818,20240403
202403,7호선,먹골,240195,75396,233994,76989,20240403
202403,7호선,중화,251095,71346,245496,71019,20240403
202403,7호선,상봉,449046,80649,431840,77520,20240403
202403,7호선,면목,367983,105015,348130,107645,20240403
202403,7호선,내방,346211,77491,352210,75007,20240403
202403,7호선,이수,412279,86723,397905,81903,20240403
202403,7호선,남성,269278,82721,252290,82653,20240403
202403,7호선,숭실대입구(살피재),416761,70003,416197,72691,20240403
202403,7호선,상도,313588,69356,311317,66104,20240403
202403,7호선,장승배기,206945,74059,199181,75036,20240403
202403,7호선,신대방삼거리,356318,98190,332934,100378,20240403
202403,7호선,보라매,173002,33567,178381,34825,20240403
202403,7호선,신풍,259951,79937,239021,77726,20240403
202403,7호선,대림(구로구청),243038,48861,244246,47855,20240403
202403,7호선,남구로,363355,66501,380672,66856,20240403
202403,7호선,가산디지털단지,1078509,104903,1078624,99644,20240403
202403,7호선,철산,530046,114087,537764,112773,20240403
202403,7호선,광명사거리,454938,165406,442300,170453,20240403
202403,7호선,천왕,275384,63757,259986,64032,20240403
202403,7호선,온수(성공회대입구),255087,45884,238013,43136,20240403
202403,7호선,까치울,2,0,0,0,20240403
202403,7호선,춘의,1,0,0,0,20240403
202403,7호선,용마산(용마폭포공원),141167,37781,136143,40987,20240403
202403,7호선,중곡,258447,70886,237350,71578,20240403
202403,7호선,군자(능동),369972,91335,282453,77472,20240403
202403,7호선,어린이대공원(세종대),499128,47282,515762,47391,20240403
202403,7호선,청담,463670,82199,517088,79635,20240403
202403,7호선,건대입구,365882,65344,387729,59791,20240403
202403,7호선,자양(뚝섬한강공원),248221,49201,240160,48359,20240403
202403,7호선,강남구청,409379,55819,454793,57140,20240403
202403,7호선,학동,595692,71496,631176,68776,20240403
202403,7호선,논현,471695,46611,493803,45573,20240403
202403,7호선,반포,151220,40129,145835,38413,20240403
202403,7호선,고속터미널,456125,81938,366818,72616,20240403
202403,8호선,남위례,177815,37210,179459,36381,20240403
202403,8호선,잠실(송파구청),425418,85828,504273,84299,20240403
202403,8호선,석촌,190189,56169,230358,59629,20240403
202403,8호선,송파,214958,70828,211471,69868,20240403
202403,8호선,가락시장,168173,68687,190267,69611,20240403
202403,8호선,문정,540221,67724,565900,67325,20240403
202403,8호선,장지,420391,92909,383656,87931,20240403
202403,8호선,복정,251131,43694,211746,38888,20240403
202403,8호선,산성,153660,37303,153282,40327,20240403
202403,8호선,남한산성입구(성남법원.검찰청),347231,82755,316010,78851,20240403
202403,8호선,단대오거리,291689,79981,274018,78110,20240403
202403,8호선,신흥,116069,44419,119564,46408,20240403
202403,8호선,수진,121571,49551,111371,49006,20240403
202403,8호선,모란,95587,61447,78081,46646,20240403
202403,8호선,암사,438663,116426,381193,114088,20240403
202403,8호선,천호(풍납토성),367753,96411,436580,94747,20240403
202403,8호선,강동구청,238872,71206,245962,72414,20240403
202403,8호선,몽촌토성(평화의문),167730,37730,170773,36643,20240403
202403,9호선,고속터미널,404734,73869,582465,88710,20240403
202403,9호선,신논현,886762,58901,884581,57776,20240403
202403,9호선,사평,92328,25910,87944,25922,20240403
202403,9호선,신반포,98007,30642,94674,30652,20240403
202403,9호선,구반포,25930,9884,25732,9743,20240403
202403,9호선,동작(현충원),42693,13396,37526,12396,20240403
202403,9호선,흑석(중앙대입구),253227,61846,252117,61966,20240403
202403,9호선,노들,112306,35227,91477,32052,20240403
202403,9호선,노량진,679302,93741,671593,94168,20240403
202403,9호선,샛강,155283,30712,153951,30406,20240403
202403,9호선,여의도,784588,55926,754603,51733,20240403
202403,9호선,국회의사당,390633,64156,410133,57260,20240403
202403,9호선,당산,501843,75038,500110,70167,20240403
202403,9호선,선유도,222431,32715,208843,31933,20240403
202403,9호선,신목동,103912,24703,90118,23821,20240403
202403,9호선,염창,445217,83663,424719,81142,20240403
202403,9호선,등촌,266832,89891,251988,90459,20240403
202403,9호선,증미,186649,39608,178323,39824,20240403
202403,9호선,가양,518753,148443,505038,146439,20240403
202403,9호선,양천향교,244541,51583,249196,50474,20240403
202403,9호선,마곡나루(서울식물원),357801,40449,352701,38989,20240403
202403,9호선,신방화,161649,53144,156976,52925,20240403
202403,9호선,공항시장,65817,25937,69962,27961,20240403
202403,9호선,김포공항,211240,21911,294323,28473,20240403
202403,9호선,개화,65798,14130,44106,11288,20240403
202403,9호선2~3단계,종합운동장,129012,22925,123626,21073,20240403
202403,9호선2~3단계,봉은사,589633,63050,624294,61336,20240403
202403,9호선2~3단계,삼성중앙,189099,29752,196019,29242,20240403
202403,9호선2~3단계,선정릉,246495,31094,268869,31858,20240403
202403,9호선2~3단계,언주,298562,35550,304509,35471,20240403
202403,9호선2~3단계,중앙보훈병원,251082,82532,213338,80265,20240403
202403,9호선2~3단계,둔촌오륜,30037,8614,28616,9005,20240403
202403,9호선2~3단계,올림픽공원(한국체대),273013,32966,284783,33431,20240403
202403,9호선2~3단계,한성백제,73344,19206,65026,17422,20240403
202403,9호선2~3단계,송파나루,142598,32777,151078,34360,20240403
202403,9호선2~3단계,석촌,245047,45077,217991,39709,20240403
202403,9호선2~3단계,석촌고분,171798,47472,164597,47757,20240403
202403,9호선2~3단계,삼전,191636,43576,177988,41837,20240403
202403,경강선,성남,2598,935,2315,839,20240403
202403,경강선,경기광주,203098,37159,191068,37503,20240403
202403,경강선,삼동,59267,15622,52651,15474,20240403
202403,경강선,이매,28683,7778,23720,7662,20240403
202403,경강선,판교,152465,23603,149035,20304,20240403
202403,경강선,곤지암,55047,15619,53776,15685,20240403
202403,경강선,신둔도예촌,38922,9686,34972,9300,20240403
202403,경강선,이천,75789,16439,80842,17514,20240403
202403,경강선,부발,59950,10655,59058,10630,20240403
202403,경강선,세종대왕릉,6700,4569,6764,4604,20240403
202403,경강선,여주,72788,20937,71352,20945,20240403
202403,경강선,초월,86184,17545,80755,17157,20240403
202403,경부선,구로,429091,109526,446510,106030,20240403
202403,경부선,의왕,235056,48044,231217,47642,20240403
202403,경부선,성균관대,433670,65262,427533,65505,20240403
202403,경부선,화서,370780,57755,362655,57017,20240403
202403,경부선,수원,1122140,172362,1184884,175907,20240403
202403,경부선,독산,431281,72700,437810,74874,20240403
202403,경부선,세류,88683,18229,81265,18068,20240403
202403,경부선,병점,444771,77726,448668,76908,20240403
202403,경부선,세마,83779,17550,79001,16573,20240403
202403,경부선,오산대,105822,19099,98483,18333,20240403
202403,경부선,오산,293154,54257,292828,55288,20240403
202403,경부선,진위,42115,10213,37236,9806,20240403
202403,경부선,송탄,127551,22676,124648,22239,20240403
202403,경부선,서정리,240642,39206,227213,38189,20240403
202403,경부선,평택지제,128960,15255,122353,14983,20240403
202403,경부선,평택,384812,74397,385510,72741,20240403
202403,경부선,성환,168772,23036,161207,22732,20240403
202403,경부선,직산,24947,5906,24535,5577,20240403
202403,경부선,두정,245450,30757,267365,31310,20240403
202403,경부선,천안,196811,60127,177969,59138,20240403
202403,경부선,당정,165994,34695,157096,33237,20240403
202403,경부선,서동탄,38261,8474,33737,7969,20240403
202403,경부선,광명,108958,12377,89559,11619,20240403
202403,경부선,군포,168613,41576,166079,40531,20240403
202403,경부선,금정,707792,141447,716649,143257,20240403
202403,경부선,명학,229848,46513,225390,45295,20240403
202403,경부선,안양,638894,132876,627916,136977,20240403
202403,경부선,관악,171260,60965,159540,58296,20240403
202403,경부선,석수,220063,53270,199472,51190,20240403
202403,경부선,금천구청,260858,88104,260040,89244,20240403
202403,경부선,가산디지털단지,425108,40688,497960,45021,20240403
202403,경부선,신길,216863,50469,180325,47037,20240403
202403,경부선,신도림,93627,26950,94890,31401,20240403
202403,경부선,영등포,1009662,315673,1039742,317344,20240403
202403,경부선,대방,250995,61722,284882,64075,20240403
202403,경부선,노량진,222117,48082,221350,44887,20240403
202403,경부선,용산,1181703,147085,1191771,144860,20240403
202403,경부선,남영,260605,40240,276710,41524,20240403
202403,경부선,서울역,302024,18565,101822,4416,20240403
202403,경원선,청량리(서울시립대입구),403985,162209,411854,168683,20240403
202403,경원선,연천,13715,25063,12867,26071,20240403
202403,경원선,전곡,23021,15411,20888,13898,20240403
202403,경원선,청산,2324,1856,1900,1766,20240403
202403,경원선,소요산,15121,42303,14839,41016,20240403
202403,경원선,외대앞,280886,49472,275352,49178,20240403
202403,경원선,동두천,46684,19716,46291,20183,20240403
202403,경원선,보산,36525,14438,33540,13673,20240403
202403,경원선,가능,136796,61869,130217,61140,20240403
202403,경원선,동두천중앙,57000,38516,55304,38611,20240403
202403,경원선,지행,159249,48683,160385,47969,20240403
202403,경원선,덕정,158816,38875,147753,38487,20240403
202403,경원선,덕계,135852,36487,120408,34889,20240403
202403,경원선,양주,174663,60533,166561,58676,20240403
202403,경원선,녹양,93419,41098,87028,39129,20240403
202403,경원선,광운대,225811,59662,219322,58641,20240403
202403,경원선,월계,168261,67463,150710,64960,20240403
202403,경원선,녹천,96812,38610,78728,35309,20240403
202403,경원선,창동,92,3,0,0,20240403
202403,경원선,방학,189926,119215,181693,116223,20240403
202403,경원선,도봉,104476,76035,97859,74851,20240403
202403,경원선,도봉산,140679,125772,79213,98492,20240403
202403,경원선,망월사,197448,76728,199002,78788,20240403
202403,경원선,신이문,187311,72203,169447,70599,20240403
202403,경원선,회룡,235543,165269,229689,162743,20240403
202403,경원선,석계,171564,64144,195198,69436,20240403
202403,경원선,이촌(국립중앙박물관),91579,33638,69492,28397,20240403
202403,경원선,서빙고,51859,19997,49890,19575,20240403
202403,경원선,한남,88000,30855,86001,28857,20240403
202403,경원선,의정부,463953,128058,477255,129791,20240403
202403,경원선,옥수,1787,175,1239,92,20240403
202403,경원선,응봉,45237,20808,42602,20626,20240403
202403,경원선,왕십리(성동구청),474910,81241,457551,83036,20240403
202403,경의선,김포공항,1,0,0,0,20240403
202403,경의선,강매,79315,20386,66786,19267,20240403
202403,경의선,한국항공대,89236,10194,83404,9910,20240403
202403,경의선,수색,81778,19151,83112,19342,20240403
202403,경의선,가좌,139605,48561,129166,48601,20240403
202403,경의선,서강대,60946,12602,60912,11323,20240403
202403,경의선,효창공원앞,81272,17237,87905,18996,20240403
202403,경의선,신촌,24545,3725,32302,4716,20240403
202403,경의선,행신,211621,39296,209244,40378,20240403
202403,경의선,야당,227453,45277,234723,43954,20240403
202403,경의선,운정,192842,46664,178387,45375,20240403
202403,경의선,금릉,136500,33032,130211,32209,20240403
202403,경의선,금촌,157568,49521,152611,50265,20240403
202403,경의선,월롱,57216,9119,49417,9542,20240403
202403,경의선,파주,37346,7739,28933,6693,20240403
202403,경의선,문산,121070,46100,116581,46102,20240403
202403,경의선,임진강,535,505,443,388,20240403
202403,경의선,운천,88,131,23,123,20240403
202403,경의선,서울역,106688,18384,134936,21837,20240403
202403,경의선,공덕,109899,17030,85779,16129,20240403
202403,경의선,홍대입구,62560,5524,80318,6698,20240403
202403,경의선,디지털미디어시티,73891,13476,65726,13502,20240403
202403,경의선,능곡,111918,36481,102686,36311,20240403
202403,경의선,계양,3,0,0,0,20240403
202403,경의선,검암,3,0,0,0,20240403
202403,경의선,탄현,198133,45510,187701,44475,20240403
202403,경의선,일산,263370,75384,254978,75998,20240403
202403,경의선,풍산,147102,44103,138042,42796,20240403
202403,경의선,백마,188011,41252,180678,40501,20240403
202403,경의선,곡산,14113,6283,14822,6429,20240403
202403,경인선,개봉,486986,175191,466657,179691,20240403
202403,경인선,오류동,264937,99381,243324,97285,20240403
202403,경인선,역곡,668873,167733,657696,173023,20240403
202403,경인선,부천,758066,244043,757098,246679,20240403
202403,경인선,송내,652210,139254,641008,136861,20240403
202403,경인선,부평,746573,161875,797770,165054,20240403
202403,경인선,백운,160909,65724,153971,65846,20240403
202403,경인선,동암,365164,114087,365107,115492,20240403
202403,경인선,주안,499996,104690,450887,93629,20240403
202403,경인선,제물포,260176,72396,247690,71902,20240403
202403,경인선,동인천,307221,126626,286135,123636,20240403
202403,경인선,도원,74700,32995,74706,34625,20240403
202403,경인선,인천,84521,39533,62628,35502,20240403
202403,경인선,구일,217619,50968,225427,50399,20240403
202403,경인선,소사,179114,66553,169047,65059,20240403
202403,경인선,부개,190239,73706,174249,72042,20240403
202403,경인선,간석,127703,50512,119894,48525,20240403
202403,경인선,온수(성공회대입구),148725,55578,138487,54344,20240403
202403,경인선,중동,199037,81378,182607,79736,20240403
202403,경인선,도화,87693,43531,77943,41850,20240403
202403,경춘선,갈매,67653,22051,56648,20864,20240403
202403,경춘선,별내,77577,24676,73236,22978,20240403
202403,경춘선,퇴계원,76640,31314,69864,29694,20240403
202403,경춘선,사릉,49922,16758,48383,16708,20240403
202403,경춘선,금곡,27902,16962,26878,16742,20240403
202403,경춘선,평내호평,138850,49896,136740,47973,20240403
202403,경춘선,천마산,28572,19426,25314,19528,20240403
202403,경춘선,마석,82675,36418,81359,36127,20240403
202403,경춘선,대성리,28343,5971,30607,5531,20240403
202403,경춘선,청평,35687,19305,34301,18855,20240403
202403,경춘선,상천,4677,4916,4320,4690,20240403
202403,경춘선,가평,39769,15829,39032,15408,20240403
202403,경춘선,신내,58037,20293,51263,19790,20240403
202403,경춘선,굴봉산,1347,1983,1483,1938,20240403
202403,경춘선,백양리,2149,1100,1857,1125,20240403
202403,경춘선,강촌,10960,4591,10403,4521,20240403
202403,경춘선,김유정,7885,4612,8369,4758,20240403
202403,경춘선,남춘천,69929,27110,69105,27980,20240403
202403,경춘선,춘천,42312,16526,37751,13790,20240403
202403,공항철도 1호선,서울역,412201,38727,363879,34534,20240403
202403,공항철도 1호선,공덕,76930,9407,109133,11559,20240403
202403,공항철도 1호선,홍대입구,445365,22015,435472,19851,20240403
202403,공항철도 1호선,디지털미디어시티,371754,30609,347676,29512,20240403
202403,공항철도 1호선,마곡나루(서울식물원),282354,18085,271968,18729,20240403
202403,공항철도 1호선,김포공항,285507,26154,156738,16524,20240403
202403,공항철도 1호선,계양,351145,40393,333667,38100,20240403
202403,공항철도 1호선,검암,177355,18844,185979,19143,20240403
202403,공항철도 1호선,청라국제도시,201478,15630,191786,15433,20240403
202403,공항철도 1호선,운서,250061,32862,265367,33468,20240403
202403,공항철도 1호선,공항화물청사,47956,10216,55536,10084,20240403
202403,공항철도 1호선,인천공항1터미널,435399,41221,381412,38010,20240403
202403,공항철도 1호선,인천공항2터미널,200872,20288,162641,17060,20240403
202403,공항철도 1호선,영종,101646,23675,103108,23441,20240403
202403,과천선,선바위,194934,38442,165943,37564,20240403
202403,과천선,경마공원,115364,92942,116449,91931,20240403
202403,과천선,대공원,71124,42664,73441,44414,20240403
202403,과천선,과천,148882,51249,135386,48201,20240403
202403,과천선,정부과천청사,269874,62835,281289,62420,20240403
202403,과천선,인덕원,623541,136865,631350,141034,20240403
202403,과천선,평촌,434668,73387,417466,72699,20240403
202403,과천선,범계,700496,130675,705122,127773,20240403
202403,분당선,선릉,306097,48920,481730,66413,20240403
202403,분당선,한티,405825,76813,426101,78714,20240403
202403,분당선,도곡,172870,58313,170236,55654,20240403
202403,분당선,구룡,86246,30536,83330,30578,20240403
202403,분당선,개포동,109081,35809,109298,36219,20240403
202403,분당선,대모산입구,141126,40544,131002,39597,20240403
202403,분당선,수서,376511,78694,385055,82600,20240403
202403,분당선,복정,168,2,0,0,20240403
202403,분당선,수원,228535,37732,199483,33838,20240403
202403,분당선,서울숲,364728,34116,376712,33200,20240403
202403,분당선,압구정로데오,557451,51329,625226,49731,20240403
202403,분당선,강남구청,235091,42483,275242,46025,20240403
202403,분당선,선정릉,179472,35818,187268,35397,20240403
202403,분당선,가천대,339300,30301,348427,31563,20240403
202403,분당선,태평,305918,98437,283170,102204,20240403
202403,분당선,모란,451300,188989,449038,205719,20240403
202403,분당선,야탑,590761,175414,631190,177557,20240403
202403,분당선,서현,586844,138314,601812,133044,20240403
202403,분당선,수내,323451,81840,325064,80109,20240403
202403,분당선,정자,443772,76858,467071,76385,20240403
202403,분당선,미금,336954,118115,352613,123875,20240403
202403,분당선,오리,262669,81320,220532,71616,20240403
202403,분당선,이매,136011,44401,128725,43812,20240403
202403,분당선,보정,59460,22851,50953,21487,20240403
202403,분당선,죽전,359739,78852,396656,83145,20240403
202403,분당선,구성,108919,41662,117177,42556,20240403
202403,분당선,신갈,107252,33420,104138,33430,20240403
202403,분당선,기흥,282047,48523,263736,47477,20240403
202403,분당선,상갈,133600,35204,127378,34243,20240403
202403,분당선,청명,117109,24258,112344,24196,20240403
202403,분당선,영통,256491,36748,259055,36488,20240403
202403,분당선,망포,418602,46449,400436,44882,20240403
202403,분당선,매탄권선,141169,26609,136751,25799,20240403
202403,분당선,수원시청,371178,53122,406330,54583,20240403
202403,분당선,매교,129604,28896,127713,29342,20240403
202403,서해선,김포공항,85700,12260,100106,17026,20240403
202403,서해선,원종,103412,42184,102549,43698,20240403
202403,서해선,부천종합운동장,66083,8727,55101,7224,20240403
202403,수인선,고색,136960,21546,134751,20093,20240403
202403,수인선,오목천,129876,18689,109153,17846,20240403
202403,수인선,어천,33458,8691,31319,9419,20240403
202403,수인선,야목,9518,3122,7835,2806,20240403
202403,수인선,사리,137788,22665,118024,20290,20240403
202403,수인선,달월,2090,1155,1448,651,20240403
202403,수인선,월곶,72491,21146,64359,20130,20240403
202403,수인선,소래포구,108011,64516,100010,63099,20240403
202403,수인선,인천논현,129087,38308,139808,39107,20240403
202403,수인선,호구포,91150,24290,93414,23830,20240403
202403,수인선,남동인더스파크,52129,7321,58297,7448,20240403
202403,수인선,원인재,102080,37277,106041,37308,20240403
202403,수인선,연수,119772,39182,118248,39152,20240403
202403,수인선,송도,53218,27019,47906,25647,20240403
202403,수인선,인하대,210534,33462,198545,32172,20240403
202403,수인선,숭의,90936,34033,83765,32486,20240403
202403,수인선,신포,44680,16687,45352,16537,20240403
202403,수인선,인천,22501,14157,38417,18716,20240403
202403,신림선,샛강,64364,15349,77804,14848,20240403
202403,신림선,대방,75525,19679,55984,16465,20240403
202403,신림선,서울지방병무청,67882,26142,73032,28552,20240403
202403,신림선,보라매,97831,26101,88957,23520,20240403
202403,신림선,보라매공원,47585,17802,51001,18867,20240403
202403,신림선,보라매병원,152165,54731,161806,54440,20240403
202403,신림선,당곡,102268,40291,97581,39955,20240403
202403,신림선,신림,38477,17153,54633,21540,20240403
202403,신림선,서원,81027,26212,68501,26004,20240403
202403,신림선,서울대벤처타운,229893,71540,203104,70626,20240403
202403,신림선,관악산(서울대),65896,36922,73642,37740,20240403
202403,안산선,산본,384864,117403,412986,118878,20240403
202403,안산선,대야미,119756,35950,104553,33297,20240403
202403,안산선,반월,98778,35481,94820,34800,20240403
202403,안산선,상록수,408914,79973,412095,81285,20240403
202403,안산선,한대앞,268584,48737,267743,49983,20240403
202403,안산선,중앙,517529,76334,545870,74995,20240403
202403,안산선,고잔,233941,41561,221320,40199,20240403
202403,안산선,초지,139186,21739,140421,21842,20240403
202403,안산선,안산,343581,42420,323300,39865,20240403
202403,안산선,신길온천,52015,11342,47137,10964,20240403
202403,안산선,정왕,292704,33014,292946,34323,20240403
202403,안산선,오이도,218230,40110,217835,39681,20240403
202403,안산선,수리산,89173,33991,72234,32489,20240403
202403,우이신설선,북한산우이,63262,38923,56634,41469,20240403
202403,우이신설선,솔밭공원,49272,32187,43358,32916,20240403
202403,우이신설선,4.19민주묘지,83280,39866,81586,35738,20240403
202403,우이신설선,가오리,77222,55085,73778,56122,20240403
202403,우이신설선,화계,62388,49600,56572,50085,20240403
202403,우이신설선,삼양,32739,29856,33365,32424,20240403
202403,우이신설선,삼양사거리,40526,40416,40413,40060,20240403
202403,우이신설선,솔샘,133543,44608,122402,45929,20240403
202403,우이신설선,북한산보국문,160845,51034,147480,50603,20240403
202403,우이신설선,정릉,102183,53042,90169,49952,20240403
202403,우이신설선,성신여대입구(돈암),85923,36116,100833,35144,20240403
202403,우이신설선,보문,34926,17613,36234,17530,20240403
202403,우이신설선,신설동,37555,34683,37923,30783,20240403
202403,일산선,원흥,271569,69531,258875,67618,20240403
202403,일산선,지축,61,1,0,0,20240403
202403,일산선,삼송,471135,102577,451531,103401,20240403
202403,일산선,원당,242914,85216,229925,84535,20240403
202403,일산선,화정,391614,130469,404871,133517,20240403
202403,일산선,대곡,78616,15506,57833,13820,20240403
202403,일산선,백석,215440,80117,220827,79024,20240403
202403,일산선,마두,155455,74626,160084,76113,20240403
202403,일산선,정발산,163667,59235,171202,55655,20240403
202403,일산선,주엽,188320,99001,189553,102025,20240403
202403,일산선,대화,304503,86979,233239,79850,20240403
202403,장항선,봉명,29342,11881,29123,11436,20240403
202403,장항선,쌍용(나사렛대),79611,17324,76411,16341,20240403
202403,장항선,아산,136114,14924,115271,14190,20240403
202403,장항선,탕정,48266,6973,43114,6465,20240403
202403,장항선,배방,35074,7782,34190,7399,20240403
202403,장항선,온양온천,97665,65624,99336,66353,20240403
202403,장항선,신창(순천향대),76746,7650,73723,7009,20240403
202403,중앙선,회기,754577,131416,724178,128930,20240403
202403,중앙선,중랑,118162,53029,112379,52077,20240403
202403,중앙선,상봉,134731,45197,132445,43706,20240403
202403,중앙선,망우,161697,77931,153827,78969,20240403
202403,중앙선,양원,70452,23405,68159,23484,20240403
202403,중앙선,구리,305764,91671,314400,91715,20240403
202403,중앙선,도농,259021,73961,240505,72052,20240403
202403,중앙선,양정,10429,7280,8374,6333,20240403
202403,중앙선,덕소,119274,49557,118133,49559,20240403
202403,중앙선,도심,50559,20606,38781,18633,20240403
202403,중앙선,팔당,19037,10601,20295,10466,20240403
202403,중앙선,운길산,13994,11181,13033,11527,20240403
202403,중앙선,양수,36383,23035,35999,22629,20240403
202403,중앙선,신원,3238,3519,2639,3137,20240403
202403,중앙선,국수,12691,10164,12285,10361,20240403
202403,중앙선,아신,10637,8781,11007,8758,20240403
202403,중앙선,오빈,4714,4791,4644,4955,20240403
202403,중앙선,양평,64574,37412,66456,37807,20240403
202403,중앙선,원덕,5192,6774,5164,6571,20240403
202403,중앙선,용문,32180,36882,31409,36594,20240403
202403,중앙선,지평,918,1128,1021,1173,20240403
202402,1호선,동묘앞,144619,142038,155082,144687,20240303
202402,1호선,청량리(서울시립대입구),350437,266447,340983,268232,20240303
202402,1호선,제기동,215365,254164,207846,271449,20240303
202402,1호선,신설동,257411,110367,248804,107289,20240303
202402,1호선,동대문,224713,113712,225306,113175,20240303
202402,1호선,종로5가,437773,224009,426719,215887,20240303
202402,1호선,종로3가,434613,268306,404998,249676,20240303
202402,1호선,종각,893697,134367,866865,124618,20240303
202402,1호선,시청,589874,82025,590697,79839,20240303
202402,1호선,서울역,1333948,188757,1287436,180001,20240303
202402,1호선,서울역,1333948,188757,1287436,180001,20240303
202402,1호선,시청,589874,82025,590697,79839,20240303
202402,1호선,종각,893697,134367,866865,124618,20240303
202402,1호선,종로3가,434613,268306,404998,249676,20240303
202402,1호선,종로5가,437773,224009,426719,215887,20240303
202402,1호선,동대문,224713,113712,225306,113175,20240303
202402,1호선,신설동,257411,110367,248804,107289,20240303
202402,1호선,제기동,215365,254164,207846,271449,20240303
202402,1호선,청량리(서울시립대입구),350437,266447,340983,268232,20240303
202402,1호선,동묘앞,144619,142038,155082,144687,20240303
202402,2호선,선릉,1202884,207373,1054090,181573,20240303
202402,2호선,신대방,558206,117242,533359,118664,20240303
202402,2호선,신림,1278610,186076,1226995,183852,20240303
202402,2호선,봉천,498871,136611,460336,136682,20240303
202402,2호선,서울대입구(관악구청),1044400,166658,1027671,156876,20240303
202402,2호선,낙성대(강감찬),623343,99719,594532,101579,20240303
202402,2호선,사당,877611,188981,977334,179592,20240303
202402,2호선,방배,322710,69232,335072,68423,20240303
202402,2호선,서초,483843,81353,464084,80845,20240303
202402,2호선,교대(법원.검찰청),639898,133915,766435,158381,20240303
202402,2호선,강남,2019701,146973,1967636,127786,20240303
202402,2호선,역삼,1133858,135061,1294756,137965,20240303
202402,2호선,삼성(무역센터),1308865,107694,1308748,98488,20240303
202402,2호선,종합운동장,166025,40853,179359,42462,20240303
202402,2호선,잠실새내,519829,105316,518486,104595,20240303
202402,2호선,잠실(송파구청),2002198,190982,1966973,183838,20240303
202402,2호선,잠실나루,305083,82365,294946,82997,20240303
202402,2호선,강변(동서울터미널),768882,108317,733388,104843,20240303
202402,2호선,구의(광진구청),561093,97927,543484,98441,20240303
202402,2호선,건대입구,918398,86121,975274,89944,20240303
202402,2호선,성수,1030209,95070,1131169,96422,20240303
202402,2호선,뚝섬,580237,55845,605130,55736,20240303
202402,2호선,한양대,180841,12081,196711,12822,20240303
202402,2호선,왕십리(성동구청),363354,48404,337858,43389,20240303
202402,2호선,상왕십리,314179,62136,304239,62541,20240303
202402,2호선,신당,310050,84691,333807,86300,20240303
202402,2호선,동대문역사문화공원(DDP),335753,52712,384522,56400,20240303
202402,2호선,을지로4가,287154,68790,289899,68157,20240303
202402,2호선,을지로3가,587478,65421,581469,64156,20240303
202402,2호선,을지로입구,1174304,93025,1204627,86770,20240303
202402,2호선,시청,621004,51861,584538,47331,20240303
202402,2호선,용두(동대문구청),44079,22348,43907,23068,20240303
202402,2호선,신정네거리,204496,68484,211142,70096,20240303
202402,2호선,양천구청,132223,47011,140081,48281,20240303
202402,2호선,도림천,26174,6974,27309,7879,20240303
202402,2호선,신설동,71306,29683,68645,31895,20240303
202402,2호선,신답,34105,8406,37756,9037,20240303
202402,2호선,용답,57878,16317,57014,16049,20240303
202402,2호선,충정로(경기대입구),220406,42564,233552,43317,20240303
202402,2호선,아현,218616,59168,201885,57891,20240303
202402,2호선,이대,345807,46062,377527,49228,20240303
202402,2호선,신촌,881347,112609,901778,110155,20240303
202402,2호선,홍대입구,1944876,90424,2095067,87863,20240303
202402,2호선,합정,836359,63783,906838,64454,20240303
202402,2호선,당산,403084,54472,466678,59555,20240303
202402,2호선,영등포구청,483007,95421,497386,93933,20240303
202402,2호선,문래,507523,80983,525113,81121,20240303
202402,2호선,신도림,1139208,209871,1126793,197969,20240303
202402,2호선,대림(구로구청),536152,120424,548182,125068,20240303
202402,2호선,구로디지털단지,1314722,175918,1295396,175273,20240303
202402,2호선,용두(동대문구청),44079,22348,43907,23068,20240303
202402,2호선,신정네거리,204496,68484,211142,70096,20240303
202402,2호선,양천구청,132223,47011,140081,48281,20240303
202402,2호선,도림천,26174,6974,27309,7879,20240303
202402,2호선,신설동,71306,29683,68645,31895,20240303
202402,2호선,신답,34105,8406,37756,9037,20240303
202402,2호선,용답,57878,16317,57014,16049,20240303
202402,2호선,충정로(경기대입구),220406,42564,233552,43317,20240303
202402,2호선,아현,218616,59168,201885,57891,20240303
202402,2호선,이대,345807,46062,377527,49228,20240303
202402,2호선,신촌,881347,112609,901778,110155,20240303
202402,2호선,홍대입구,1944876,90424,2095067,87863,20240303
202402,2호선,합정,836359,63783,906838,64454,20240303
202402,2호선,당산,403084,54472,466678,59555,20240303
202402,2호선,영등포구청,483007,95421,497386,93933,20240303
202402,2호선,문래,507523,80983,525113,81121,20240303
202402,2호선,신도림,1139208,209871,1126793,197969,20240303
202402,2호선,대림(구로구청),536152,120424,548182,125068,20240303
202402,2호선,구로디지털단지,1314722,175918,1295396,175273,20240303
202402,2호선,신대방,558206,117242,533359,118664,20240303
202402,2호선,신림,1278610,186076,1226995,183852,20240303
202402,2호선,봉천,498871,136611,460336,136682,20240303
202402,2호선,서울대입구(관악구청),1044400,166658,1027671,156876,20240303
202402,2호선,낙성대(강감찬),623343,99719,594532,101579,20240303
202402,2호선,사당,877611,188981,977334,179592,20240303
202402,2호선,방배,322710,69232,335072,68423,20240303
202402,2호선,서초,483843,81353,464084,80845,20240303
202402,2호선,교대(법원.검찰청),639898,133915,766435,158381,20240303
202402,2호선,강남,2019701,146973,1967636,127786,20240303
202402,2호선,선릉,1202884,207373,1054090,181573,20240303
202402,2호선,삼성(무역센터),1308865,107694,1308748,98488,20240303
202402,2호선,종합운동장,166025,40853,179359,42462,20240303
202402,2호선,잠실새내,519829,105316,518486,104595,20240303
202402,2호선,잠실(송파구청),2002198,190982,1966973,183838,20240303
202402,2호선,잠실나루,305083,82365,294946,82997,20240303
202402,2호선,강변(동서울터미널),768882,108317,733388,104843,20240303
202402,2호선,구의(광진구청),561093,97927,543484,98441,20240303
202402,2호선,건대입구,918398,86121,975274,89944,20240303
202402,2호선,성수,1030209,95070,1131169,96422,20240303
202402,2호선,뚝섬,580237,55845,605130,55736,20240303
202402,2호선,한양대,180841,12081,196711,12822,20240303
202402,2호선,왕십리(성동구청),363354,48404,337858,43389,20240303
202402,2호선,상왕십리,314179,62136,304239,62541,20240303
202402,2호선,신당,310050,84691,333807,86300,20240303
202402,2호선,동대문역사문화공원(DDP),335753,52712,384522,56400,20240303
202402,2호선,을지로4가,287154,68790,289899,68157,20240303
202402,2호선,을지로3가,587478,65421,581469,64156,20240303
202402,2호선,을지로입구,1174304,93025,1204627,86770,20240303
202402,2호선,시청,621004,51861,584538,47331,20240303
202402,2호선,역삼,1133858,135061,1294756,137965,20240303
202402,3호선,종로3가,226154,63870,265061,70413,20240303
202402,3호선,을지로3가,264242,44679,270529,42221,20240303
202402,3호선,충무로,166,2,0,0,20240303
202402,3호선,동대입구,214600,33637,237564,37029,20240303
202402,3호선,경찰병원,153756,40639,151951,42323,20240303
202402,3호선,오금,139971,29919,125108,28283,20240303
202402,3호선,매봉,255018,68231,247826,63848,20240303
202402,3호선,도곡,115761,25980,118475,24096,20240303
202402,3호선,대치,273677,67371,263650,64893,20240303
202402,3호선,학여울,54117,19332,56326,19273,20240303
202402,3호선,대청,218168,58630,205731,56831,20240303
202402,3호선,일원,215702,64725,207908,64354,20240303
202402,3호선,수서,393081,107633,401902,105997,20240303
202402,3호선,약수,266215,76221,259432,72029,20240303
202402,3호선,금호,167443,50340,153976,49399,20240303
202402,3호선,옥수,182391,54246,188673,54643,20240303
202402,3호선,오금,139971,29919,125108,28283,20240303
202402,3호선,경찰병원,153756,40639,151951,42323,20240303
202402,3호선,가락시장,166337,75368,162726,73725,20240303
202402,3호선,수서,393081,107633,401902,105997,20240303
202402,3호선,일원,215702,64725,207908,64354,20240303
202402,3호선,대청,218168,58630,205731,56831,20240303
202402,3호선,학여울,54117,19332,56326,19273,20240303
202402,3호선,대치,273677,67371,263650,64893,20240303
202402,3호선,도곡,115761,25980,118475,24096,20240303
202402,3호선,매봉,255018,68231,247826,63848,20240303
202402,3호선,양재(서초구청),818704,135087,896071,136441,20240303
202402,3호선,남부터미널(예술의전당),706507,113608,717138,114142,20240303
202402,3호선,교대(법원.검찰청),345944,77449,205166,44776,20240303
202402,3호선,고속터미널,1234224,195163,1193637,184434,20240303
202402,3호선,잠원,100969,29166,96252,27728,20240303
202402,3호선,신사,686408,64932,719749,62571,20240303
202402,3호선,압구정,714840,128256,779772,126649,20240303
202402,3호선,옥수,182391,54246,188673,54643,20240303
202402,3호선,금호,167443,50340,153976,49399,20240303
202402,3호선,약수,266215,76221,259432,72029,20240303
202402,3호선,동대입구,214600,33637,237564,37029,20240303
202402,3호선,충무로,166,2,0,0,20240303
202402,3호선,을지로3가,264242,44679,270529,42221,20240303
202402,3호선,종로3가,226154,63870,265061,70413,20240303
202402,3호선,안국,584605,92219,597949,96184,20240303
202402,3호선,경복궁(정부서울청사),559038,82403,573590,81728,20240303
202402,3호선,독립문,136307,64597,140346,64912,20240303
202402,3호선,무악재,86300,30029,82849,31973,20240303
202402,3호선,홍제,344782,134013,322191,132711,20240303
202402,3호선,녹번,327325,73975,292182,72580,20240303
202402,3호선,불광,309079,131551,329355,144599,20240303
202402,3호선,연신내,686063,237269,655640,229210,20240303
202402,3호선,구파발,457067,122050,444376,117547,20240303
202402,3호선,지축,154160,32505,152267,31750,20240303
202402,3호선,지축,154160,32505,152267,31750,20240303
202402,3호선,압구정,714840,128256,779772,126649,20240303
202402,3호선,신사,686408,64932,719749,62571,20240303
202402,3호선,잠원,100969,29166,96252,27728,20240303
202402,3호선,고속터미널,1234224,195163,1193637,184434,20240303
202402,3호선,교대(법원.검찰청),345944,77449,205166,44776,20240303
202402,3호선,남부터미널(예술의전당),706507,113608,717138,114142,20240303
202402,3호선,양재(서초구청),818704,135087,896071,136441,20240303
202402,3호선,구파발,457067,122050,444376,117547,20240303
202402,3호선,연신내,686063,237269,655640,229210,20240303
202402,3호선,불광,309079,131551,329355,144599,20240303
202402,3호선,녹번,327325,73975,292182,72580,20240303
202402,3호선,가락시장,166337,75368,162726,73725,20240303
202402,3호선,홍제,344782,134013,322191,132711,20240303
202402,3호선,무악재,86300,30029,82849,31973,20240303
202402,3호선,독립문,136307,64597,140346,64912,20240303
202402,3호선,경복궁(정부서울청사),559038,82403,573590,81728,20240303
202402,3호선,안국,584605,92219,597949,96184,20240303
202402,4호선,길음,437020,113192,423366,113853,20240303
202402,4호선,총신대입구(이수),370514,142764,407991,148786,20240303
202402,4호선,동작(현충원),23227,11661,26516,12078,20240303
202402,4호선,이촌(국립중앙박물관),194307,45741,211891,47983,20240303
202402,4호선,신용산,471455,53240,506119,53735,20240303
202402,4호선,삼각지,150246,22771,175073,23815,20240303
202402,4호선,숙대입구(갈월),312621,50576,307477,47055,20240303
202402,4호선,서울역,286815,37891,538619,49608,20240303
202402,4호선,회현(남대문시장),510981,165524,540875,165188,20240303
202402,4호선,명동,791963,68276,850861,70641,20240303
202402,4호선,충무로,642946,110903,666223,112199,20240303
202402,4호선,당고개,187680,69629,155575,68204,20240303
202402,4호선,상계,396045,116298,361474,112465,20240303
202402,4호선,노원,631815,148453,717038,154345,20240303
202402,4호선,창동,508251,206304,534692,211534,20240303
202402,4호선,쌍문,612144,160999,555711,159454,20240303
202402,4호선,수유(강북구청),721727,181360,725450,182722,20240303
202402,4호선,미아(서울사이버대학),294643,109224,280196,111013,20240303
202402,4호선,미아사거리,544173,171702,535501,170964,20240303
202402,4호선,길음,437020,113192,423366,113853,20240303
202402,4호선,성신여대입구(돈암),470672,86488,457508,85269,20240303
202402,4호선,한성대입구(삼선교),278831,67645,271175,66563,20240303
202402,4호선,혜화,853178,126630,864626,124553,20240303
202402,4호선,동대문,385465,130425,406910,127494,20240303
202402,4호선,동대문역사문화공원(DDP),448492,58121,392114,51909,20240303
202402,4호선,충무로,642946,110903,666223,112199,20240303
202402,4호선,명동,791963,68276,850861,70641,20240303
202402,4호선,회현(남대문시장),510981,165524,540875,165188,20240303
202402,4호선,서울역,286815,37891,538619,49608,20240303
202402,4호선,숙대입구(갈월),312621,50576,307477,47055,20240303
202402,4호선,삼각지,150246,22771,175073,23815,20240303
202402,4호선,신용산,471455,53240,506119,53735,20240303
202402,4호선,이촌(국립중앙박물관),194307,45741,211891,47983,20240303
202402,4호선,동작(현충원),23227,11661,26516,12078,20240303
202402,4호선,총신대입구(이수),370514,142764,407991,148786,20240303
202402,4호선,사당,606640,92140,530700,95633,20240303
202402,4호선,남태령,28949,8062,23366,7397,20240303
202402,4호선,동대문역사문화공원(DDP),448492,58121,392114,51909,20240303
202402,4호선,동대문,385465,130425,406910,127494,20240303
202402,4호선,혜화,853178,126630,864626,124553,20240303
202402,4호선,한성대입구(삼선교),278831,67645,271175,66563,20240303
202402,4호선,성신여대입구(돈암),470672,86488,457508,85269,20240303
202402,4호선,사당,606640,92140,530700,95633,20240303
202402,4호선,미아사거리,544173,171702,535501,170964,20240303
202402,4호선,미아(서울사이버대학),294643,109224,280196,111013,20240303
202402,4호선,수유(강북구청),721727,181360,725450,182722,20240303
202402,4호선,쌍문,612144,160999,555711,159454,20240303
202402,4호선,창동,508251,206304,534692,211534,20240303
202402,4호선,노원,631815,148453,717038,154345,20240303
202402,4호선,상계,396045,116298,361474,112465,20240303
202402,4호선,당고개,187680,69629,155575,68204,20240303
202402,4호선,남태령,28949,8062,23366,7397,20240303
202402,5호선,굽은다리(강동구민회관앞),190777,75778,184545,70981,20240303
202402,5호선,하남검단산,131604,50722,124439,49943,20240303
202402,5호선,하남시청(덕풍?신장),148738,71163,138003,71837,20240303
202402,5호선,하남풍산,89107,30853,89552,30382,20240303
202402,5호선,미사,393956,82002,403059,81400,20240303
202402,5호선,강일,109785,41610,99462,39711,20240303
202402,5호선,마천,138890,54166,123790,55323,20240303
202402,5호선,거여,198115,62473,192504,61061,20240303
202402,5호선,개롱,121985,48330,127231,49848,20240303
202402,5호선,오금,71604,20949,71373,19858,20240303
202402,5호선,방이,149871,47790,155010,47897,20240303
202402,5호선,올림픽공원(한국체대),91950,34835,81024,31416,20240303
202402,5호선,둔촌동,171117,63446,170511,64075,20240303
202402,5호선,상일동,297139,85923,281303,84711,20240303
202402,5호선,고덕,203888,72784,201274,71386,20240303
202402,5호선,명일,172223,68376,174997,70371,20240303
202402,5호선,굽은다리(강동구민회관앞),190777,75778,184545,70981,20240303
202402,5호선,길동,149203,73692,155149,75368,20240303
202402,5호선,강동,378663,99421,367401,96951,20240303
202402,5호선,천호(풍납토성),399459,134590,384613,135104,20240303
202402,5호선,광나루(장신대),292727,69373,270793,68745,20240303
202402,5호선,아차산(어린이대공원후문),297792,96269,290985,93616,20240303
202402,5호선,군자(능동),267722,39993,298057,42634,20240303
202402,5호선,장한평,405730,91083,400527,93258,20240303
202402,5호선,답십리,340139,80080,305042,77064,20240303
202402,5호선,마장,114190,41989,106678,41061,20240303
202402,5호선,왕십리(성동구청),99154,24387,121136,24366,20240303
202402,5호선,행당,166522,48453,147635,43905,20240303
202402,5호선,신금호,130664,36770,135741,41373,20240303
202402,5호선,청구,79945,23107,78120,18856,20240303
202402,5호선,동대문역사문화공원(DDP),72373,7625,84239,8456,20240303
202402,5호선,을지로4가,125055,38297,128689,37869,20240303
202402,5호선,종로3가,315030,89471,302748,91056,20240303
202402,5호선,광화문(세종문화회관),769326,78753,798988,76544,20240303
202402,5호선,서대문,427695,65941,435475,62199,20240303
202402,5호선,충정로(경기대입구),102097,14033,102960,14345,20240303
202402,5호선,애오개,138980,36209,137692,35117,20240303
202402,5호선,공덕,322385,46003,342181,43460,20240303
202402,5호선,마포,325701,61416,333508,60885,20240303
202402,5호선,여의나루,286049,26651,332383,25989,20240303
202402,5호선,여의도,689315,51851,721533,49048,20240303
202402,5호선,신길,112725,11610,116226,12278,20240303
202402,5호선,영등포시장,232558,72408,238460,73754,20240303
202402,5호선,영등포구청,97288,18953,96396,18552,20240303
202402,5호선,양평,168553,28634,164194,28449,20240303
202402,5호선,오목교(목동운동장앞),488749,84948,517308,84521,20240303
202402,5호선,목동,354950,79063,381952,80853,20240303
202402,5호선,신정(은행정),291028,59203,237440,57086,20240303
202402,5호선,까치산,602282,147969,574376,149395,20240303
202402,5호선,화곡,619202,138411,574103,132637,20240303
202402,5호선,우장산,292285,89755,287197,93533,20240303
202402,5호선,발산,498735,99769,523869,96157,20240303
202402,5호선,마곡,264928,42826,267033,41651,20240303
202402,5호선,송정,125315,46178,117898,44229,20240303
202402,5호선,김포공항,229587,43103,180843,39113,20240303
202402,5호선,개화산,119447,38184,113883,37673,20240303
202402,5호선,방화,132838,51534,125411,50565,20240303
202402,5호선,영등포시장,232558,72408,238460,73754,20240303
202402,5호선,영등포구청,97288,18953,96396,18552,20240303
202402,5호선,양평,168553,28634,164194,28449,20240303
202402,5호선,오목교(목동운동장앞),488749,84948,517308,84521,20240303
202402,5호선,목동,354950,79063,381952,80853,20240303
202402,5호선,신정(은행정),291028,59203,237440,57086,20240303
202402,5호선,까치산,602282,147969,574376,149395,20240303
202402,5호선,화곡,619202,138411,574103,132637,20240303
202402,5호선,우장산,292285,89755,287197,93533,20240303
202402,5호선,발산,498735,99769,523869,96157,20240303
202402,5호선,마곡,264928,42826,267033,41651,20240303
202402,5호선,송정,125315,46178,117898,44229,20240303
202402,5호선,김포공항,229587,43103,180843,39113,20240303
202402,5호선,방화,132838,51534,125411,50565,20240303
202402,5호선,개화산,119447,38184,113883,37673,20240303
202402,5호선,하남검단산,131604,50722,124439,49943,20240303
202402,5호선,하남시청(덕풍?신장),148738,71163,138003,71837,20240303
202402,5호선,하남풍산,89107,30853,89552,30382,20240303
202402,5호선,미사,393956,82002,403059,81400,20240303
202402,5호선,강일,109785,41610,99462,39711,20240303
202402,5호선,마천,138890,54166,123790,55323,20240303
202402,5호선,거여,198115,62473,192504,61061,20240303
202402,5호선,개롱,121985,48330,127231,49848,20240303
202402,5호선,오금,71604,20949,71373,19858,20240303
202402,5호선,방이,149871,47790,155010,47897,20240303
202402,5호선,올림픽공원(한국체대),91950,34835,81024,31416,20240303
202402,5호선,둔촌동,171117,63446,170511,64075,20240303
202402,5호선,상일동,297139,85923,281303,84711,20240303
202402,5호선,고덕,203888,72784,201274,71386,20240303
202402,5호선,명일,172223,68376,174997,70371,20240303
202402,5호선,길동,149203,73692,155149,75368,20240303
202402,5호선,강동,378663,99421,367401,96951,20240303
202402,5호선,천호(풍납토성),399459,134590,384613,135104,20240303
202402,5호선,광나루(장신대),292727,69373,270793,68745,20240303
202402,5호선,아차산(어린이대공원후문),297792,96269,290985,93616,20240303
202402,5호선,군자(능동),267722,39993,298057,42634,20240303
202402,5호선,장한평,405730,91083,400527,93258,20240303
202402,5호선,답십리,340139,80080,305042,77064,20240303
202402,5호선,마장,114190,41989,106678,41061,20240303
202402,5호선,왕십리(성동구청),99154,24387,121136,24366,20240303
202402,5호선,행당,166522,48453,147635,43905,20240303
202402,5호선,신금호,130664,36770,135741,41373,20240303
202402,5호선,청구,79945,23107,78120,18856,20240303
202402,5호선,동대문역사문화공원(DDP),72373,7625,84239,8456,20240303
202402,5호선,을지로4가,125055,38297,128689,37869,20240303
202402,5호선,종로3가,315030,89471,302748,91056,20240303
202402,5호선,광화문(세종문화회관),769326,78753,798988,76544,20240303
202402,5호선,서대문,427695,65941,435475,62199,20240303
202402,5호선,충정로(경기대입구),102097,14033,102960,14345,20240303
202402,5호선,애오개,138980,36209,137692,35117,20240303
202402,5호선,공덕,322385,46003,342181,43460,20240303
202402,5호선,마포,325701,61416,333508,60885,20240303
202402,5호선,여의나루,286049,26651,332383,25989,20240303
202402,5호선,여의도,689315,51851,721533,49048,20240303
202402,5호선,신길,112725,11610,116226,12278,20240303
202402,6호선,창신,70240,18073,55821,17153,20240303
202402,6호선,역촌,69868,30557,87034,30308,20240303
202402,6호선,동묘앞,173648,65321,177639,59693,20240303
202402,6호선,신당,200142,35490,200324,34401,20240303
202402,6호선,청구,82482,18387,79885,20885,20240303
202402,6호선,약수,78209,19839,77464,18934,20240303
202402,6호선,버티고개,43322,12748,42435,14516,20240303
202402,6호선,한강진,248929,15667,287964,15419,20240303
202402,6호선,이태원,298177,28515,323051,28843,20240303
202402,6호선,동묘앞,173648,65321,177639,59693,20240303
202402,6호선,창신,70240,18073,55821,17153,20240303
202402,6호선,보문,175184,29274,160253,27861,20240303
202402,6호선,안암(고대병원앞),252059,35988,254829,35422,20240303
202402,6호선,고려대(종암),181235,33121,174633,32534,20240303
202402,6호선,월곡(동덕여대),236586,63367,231679,62556,20240303
202402,6호선,상월곡(한국과학기술연구원),129166,38668,114560,37693,20240303
202402,6호선,돌곶이,203933,62163,183118,61352,20240303
202402,6호선,석계,248128,73784,256782,73657,20240303
202402,6호선,태릉입구,121396,32167,132044,32867,20240303
202402,6호선,화랑대(서울여대입구),248666,45800,191721,41011,20240303
202402,6호선,봉화산(서울의료원),184372,47854,173040,46953,20240303
202402,6호선,신내,8,0,0,0,20240303
202402,6호선,응암,354550,112800,349919,113045,20240303
202402,6호선,녹사평(용산구청),120803,16481,124901,16111,20240303
202402,6호선,삼각지,177268,18324,157074,15428,20240303
202402,6호선,효창공원앞,154701,34861,136755,32480,20240303
202402,6호선,공덕,420382,73190,407532,68568,20240303
202402,6호선,대흥(서강대앞),179482,43314,187432,43245,20240303
202402,6호선,광흥창(서강),193529,49644,185742,49062,20240303
202402,6호선,상수,248049,19965,281227,20011,20240303
202402,6호선,합정,340706,38275,332233,34738,20240303
202402,6호선,망원,341628,76590,367542,80629,20240303
202402,6호선,마포구청,302812,73965,273607,67811,20240303
202402,6호선,월드컵경기장(성산),75034,44911,78446,43108,20240303
202402,6호선,디지털미디어시티,318214,55362,351306,55908,20240303
202402,6호선,증산(명지대앞),195475,67252,193905,68188,20240303
202402,6호선,새절(신사),251624,82992,228516,83349,20240303
202402,6호선,구산,160353,50947,112368,53529,20240303
202402,6호선,신당,200142,35490,200324,34401,20240303
202402,6호선,청구,82482,18387,79885,20885,20240303
202402,6호선,약수,78209,19839,77464,18934,20240303
202402,6호선,버티고개,43322,12748,42435,14516,20240303
202402,6호선,한강진,248929,15667,287964,15419,20240303
202402,6호선,이태원,298177,28515,323051,28843,20240303
202402,6호선,녹사평(용산구청),120803,16481,124901,16111,20240303
202402,6호선,삼각지,177268,18324,157074,15428,20240303
202402,6호선,효창공원앞,154701,34861,136755,32480,20240303
202402,6호선,공덕,420382,73190,407532,68568,20240303
202402,6호선,대흥(서강대앞),179482,43314,187432,43245,20240303
202402,6호선,광흥창(서강),193529,49644,185742,49062,20240303
202402,6호선,상수,248049,19965,281227,20011,20240303
202402,6호선,합정,340706,38275,332233,34738,20240303
202402,6호선,망원,341628,76590,367542,80629,20240303
202402,6호선,마포구청,302812,73965,273607,67811,20240303
202402,6호선,월드컵경기장(성산),75034,44911,78446,43108,20240303
202402,6호선,디지털미디어시티,318214,55362,351306,55908,20240303
202402,6호선,증산(명지대앞),195475,67252,193905,68188,20240303
202402,6호선,새절(신사),251624,82992,228516,83349,20240303
202402,6호선,구산,160353,50947,112368,53529,20240303
202402,6호선,연신내,66,2,0,0,20240303
202402,6호선,독바위,55375,19414,55953,23628,20240303
202402,6호선,불광,88483,39646,88292,32448,20240303
202402,6호선,역촌,69868,30557,87034,30308,20240303
202402,6호선,응암,354550,112800,349919,113045,20240303
202402,6호선,연신내,66,2,0,0,20240303
202402,6호선,독바위,55375,19414,55953,23628,20240303
202402,6호선,불광,88483,39646,88292,32448,20240303
202402,6호선,신내,8,0,0,0,20240303
202402,6호선,봉화산(서울의료원),184372,47854,173040,46953,20240303
202402,6호선,화랑대(서울여대입구),248666,45800,191721,41011,20240303
202402,6호선,태릉입구,121396,32167,132044,32867,20240303
202402,6호선,석계,248128,73784,256782,73657,20240303
202402,6호선,돌곶이,203933,62163,183118,61352,20240303
202402,6호선,상월곡(한국과학기술연구원),129166,38668,114560,37693,20240303
202402,6호선,월곡(동덕여대),236586,63367,231679,62556,20240303
202402,6호선,고려대(종암),181235,33121,174633,32534,20240303
202402,6호선,안암(고대병원앞),252059,35988,254829,35422,20240303
202402,6호선,보문,175184,29274,160253,27861,20240303
202402,7호선,상봉,394544,70618,378545,67820,20240303
202402,7호선,장암,56345,10239,22683,7391,20240303
202402,7호선,도봉산,183439,43184,207520,62583,20240303
202402,7호선,수락산,239298,90817,230750,91814,20240303
202402,7호선,마들,255362,85523,234214,83916,20240303
202402,7호선,노원,515538,149018,550419,147692,20240303
202402,7호선,중계,291526,86717,262548,83946,20240303
202402,7호선,하계,364936,105518,339453,101714,20240303
202402,7호선,공릉(서울과학기술대),247715,68737,244178,69261,20240303
202402,7호선,태릉입구,185578,42104,173155,38398,20240303
202402,7호선,먹골,210639,64291,205113,66059,20240303
202402,7호선,중화,220347,61758,212338,61690,20240303
202402,7호선,면목,301678,91051,287576,94365,20240303
202402,7호선,사가정,333258,94837,330144,95693,20240303
202402,7호선,용마산(용마폭포공원),121488,32770,115544,35619,20240303
202402,7호선,중곡,226188,60783,211844,61792,20240303
202402,7호선,군자(능동),329889,77412,252967,65839,20240303
202402,7호선,어린이대공원(세종대),307564,38749,306191,38738,20240303
202402,7호선,건대입구,289866,59418,313107,54842,20240303
202402,7호선,뚝섬유원지,182049,41904,176031,41489,20240303
202402,7호선,청담,406919,72454,455377,69719,20240303
202402,7호선,강남구청,365808,48693,407654,49760,20240303
202402,7호선,학동,532830,62037,562852,59052,20240303
202402,7호선,논현,429360,41676,448382,40502,20240303
202402,7호선,반포,129890,34630,125933,33065,20240303
202402,7호선,고속터미널,444917,72562,334792,64473,20240303
202402,7호선,내방,303327,69921,309791,67839,20240303
202402,7호선,이수,359762,75796,348634,71898,20240303
202402,7호선,남성,229281,71458,212060,71519,20240303
202402,7호선,숭실대입구(살피재),256137,60025,257884,62134,20240303
202402,7호선,상도,233274,59439,226480,56758,20240303
202402,7호선,장승배기,180277,63602,172828,64243,20240303
202402,7호선,신대방삼거리,306893,85557,289084,88483,20240303
202402,7호선,보라매,149808,29522,154096,30215,20240303
202402,7호선,신풍,225605,68029,208836,66710,20240303
202402,7호선,대림(구로구청),219222,41279,222879,40818,20240303
202402,7호선,남구로,334366,58624,349414,58417,20240303
202402,7호선,가산디지털단지,1002940,91418,1000577,86693,20240303
202402,7호선,철산,463296,98569,469131,97624,20240303
202402,7호선,광명사거리,402913,144930,393869,150111,20240303
202402,7호선,천왕,239511,56062,225141,56354,20240303
202402,7호선,온수(성공회대입구),200976,39633,184540,37388,20240303
202402,7호선,까치울,1,0,0,0,20240303
202402,7호선,까치울,1,0,0,0,20240303
202402,7호선,온수(성공회대입구),200976,39633,184540,37388,20240303
202402,7호선,천왕,239511,56062,225141,56354,20240303
202402,7호선,광명사거리,402913,144930,393869,150111,20240303
202402,7호선,철산,463296,98569,469131,97624,20240303
202402,7호선,가산디지털단지,1002940,91418,1000577,86693,20240303
202402,7호선,남구로,334366,58624,349414,58417,20240303
202402,7호선,대림(구로구청),219222,41279,222879,40818,20240303
202402,7호선,신풍,225605,68029,208836,66710,20240303
202402,7호선,보라매,149808,29522,154096,30215,20240303
202402,7호선,신대방삼거리,306893,85557,289084,88483,20240303
202402,7호선,장승배기,180277,63602,172828,64243,20240303
202402,7호선,상도,233274,59439,226480,56758,20240303
202402,7호선,숭실대입구(살피재),256137,60025,257884,62134,20240303
202402,7호선,남성,229281,71458,212060,71519,20240303
202402,7호선,이수,359762,75796,348634,71898,20240303
202402,7호선,내방,303327,69921,309791,67839,20240303
202402,7호선,고속터미널,444917,72562,334792,64473,20240303
202402,7호선,반포,129890,34630,125933,33065,20240303
202402,7호선,논현,429360,41676,448382,40502,20240303
202402,7호선,학동,532830,62037,562852,59052,20240303
202402,7호선,강남구청,365808,48693,407654,49760,20240303
202402,7호선,청담,406919,72454,455377,69719,20240303
202402,7호선,뚝섬유원지,182049,41904,176031,41489,20240303
202402,7호선,건대입구,289866,59418,313107,54842,20240303
202402,7호선,어린이대공원(세종대),307564,38749,306191,38738,20240303
202402,7호선,군자(능동),329889,77412,252967,65839,20240303
202402,7호선,중곡,226188,60783,211844,61792,20240303
202402,7호선,용마산(용마폭포공원),121488,32770,115544,35619,20240303
202402,7호선,사가정,333258,94837,330144,95693,20240303
202402,7호선,면목,301678,91051,287576,94365,20240303
202402,7호선,상봉,394544,70618,378545,67820,20240303
202402,7호선,중화,220347,61758,212338,61690,20240303
202402,7호선,먹골,210639,64291,205113,66059,20240303
202402,7호선,태릉입구,185578,42104,173155,38398,20240303
202402,7호선,공릉(서울과학기술대),247715,68737,244178,69261,20240303
202402,7호선,하계,364936,105518,339453,101714,20240303
202402,7호선,중계,291526,86717,262548,83946,20240303
202402,7호선,노원,515538,149018,550419,147692,20240303
202402,7호선,마들,255362,85523,234214,83916,20240303
202402,7호선,수락산,239298,90817,230750,91814,20240303
202402,7호선,도봉산,183439,43184,207520,62583,20240303
202402,7호선,장암,56345,10239,22683,7391,20240303
202402,8호선,암사,388738,101455,337725,99699,20240303
202402,8호선,천호(풍납토성),328850,82523,391012,80976,20240303
202402,8호선,강동구청,213565,62711,220039,63660,20240303
202402,8호선,천호(풍납토성),328850,82523,391012,80976,20240303
202402,8호선,암사,388738,101455,337725,99699,20240303
202402,8호선,몽촌토성(평화의문),146580,31803,150851,31031,20240303
202402,8호선,잠실(송파구청),388773,75463,459935,73880,20240303
202402,8호선,석촌,169851,49584,203551,52211,20240303
202402,8호선,송파,186195,61550,183792,61054,20240303
202402,8호선,장지,371777,79452,340370,74798,20240303
202402,8호선,가락시장,151276,63794,171670,64642,20240303
202402,8호선,문정,491027,58016,511907,58265,20240303
202402,8호선,복정,201502,36799,168727,32854,20240303
202402,8호선,산성,131347,32900,129315,35025,20240303
202402,8호선,남한산성입구(성남법원.검찰청),268968,71530,238631,67551,20240303
202402,8호선,단대오거리,245941,69261,237229,68695,20240303
202402,8호선,신흥,102124,39060,104540,41361,20240303
202402,8호선,수진,100859,42955,90739,41879,20240303
202402,8호선,모란,81288,53484,66269,40495,20240303
202402,8호선,남위례,151936,31764,153853,31259,20240303
202402,8호선,문정,491027,58016,511907,58265,20240303
202402,8호선,가락시장,151276,63794,171670,64642,20240303
202402,8호선,송파,186195,61550,183792,61054,20240303
202402,8호선,석촌,169851,49584,203551,52211,20240303
202402,8호선,잠실(송파구청),388773,75463,459935,73880,20240303
202402,8호선,장지,371777,79452,340370,74798,20240303
202402,8호선,몽촌토성(평화의문),146580,31803,150851,31031,20240303
202402,8호선,강동구청,213565,62711,220039,63660,20240303
202402,8호선,남위례,151936,31764,153853,31259,20240303
202402,8호선,모란,81288,53484,66269,40495,20240303
202402,8호선,수진,100859,42955,90739,41879,20240303
202402,8호선,신흥,102124,39060,104540,41361,20240303
202402,8호선,단대오거리,245941,69261,237229,68695,20240303
202402,8호선,남한산성입구(성남법원.검찰청),268968,71530,238631,67551,20240303
202402,8호선,산성,131347,32900,129315,35025,20240303
202402,8호선,복정,201502,36799,168727,32854,20240303
202402,9호선,여의도,708633,49582,674722,45870,20240303
202402,9호선,국회의사당,355220,54029,370122,48678,20240303
202402,9호선,당산,444188,65101,442648,60665,20240303
202402,9호선,선유도,198809,28359,186999,27406,20240303
202402,9호선,신목동,89823,22686,78432,21598,20240303
202402,9호선,염창,396706,72212,378203,70684,20240303
202402,9호선,등촌,235836,78751,225760,79491,20240303
202402,9호선,증미,168457,35312,160851,35023,20240303
202402,9호선,가양,456696,128733,444309,126106,20240303
202402,9호선,양천향교,213947,44583,218170,43954,20240303
202402,9호선,마곡나루(서울식물원),319496,34157,314950,32798,20240303
202402,9호선,신방화,140445,46233,136593,46491,20240303
202402,9호선,김포공항,198267,18909,280984,24279,20240303
202402,9호선,개화,59262,11390,39741,8950,20240303
202402,9호선,공항시장,58968,21950,63601,23580,20240303
202402,9호선,개화,59262,11390,39741,8950,20240303
202402,9호선,김포공항,198267,18909,280984,24279,20240303
202402,9호선,공항시장,58968,21950,63601,23580,20240303
202402,9호선,신방화,140445,46233,136593,46491,20240303
202402,9호선,마곡나루(서울식물원),319496,34157,314950,32798,20240303
202402,9호선,양천향교,213947,44583,218170,43954,20240303
202402,9호선,가양,456696,128733,444309,126106,20240303
202402,9호선,증미,168457,35312,160851,35023,20240303
202402,9호선,등촌,235836,78751,225760,79491,20240303
202402,9호선,흑석(중앙대입구),172030,53616,178696,53801,20240303
202402,9호선,노들,94364,30451,75836,27807,20240303
202402,9호선,염창,396706,72212,378203,70684,20240303
202402,9호선,신목동,89823,22686,78432,21598,20240303
202402,9호선,선유도,198809,28359,186999,27406,20240303
202402,9호선,당산,444188,65101,442648,60665,20240303
202402,9호선,국회의사당,355220,54029,370122,48678,20240303
202402,9호선,여의도,708633,49582,674722,45870,20240303
202402,9호선,샛강,138762,26723,139206,26335,20240303
202402,9호선,노량진,592499,82467,580247,83436,20240303
202402,9호선,노들,94364,30451,75836,27807,20240303
202402,9호선,흑석(중앙대입구),172030,53616,178696,53801,20240303
202402,9호선,동작(현충원),38168,12598,32540,11371,20240303
202402,9호선,구반포,20760,8521,21418,8504,20240303
202402,9호선,신반포,78954,25215,77718,25216,20240303
202402,9호선,고속터미널,357406,63008,523983,74444,20240303
202402,9호선,사평,80575,22444,77617,22432,20240303
202402,9호선,신논현,811255,51520,809900,50315,20240303
202402,9호선,신논현,811255,51520,809900,50315,20240303
202402,9호선,사평,80575,22444,77617,22432,20240303
202402,9호선,고속터미널,357406,63008,523983,74444,20240303
202402,9호선,노량진,592499,82467,580247,83436,20240303
202402,9호선,신반포,78954,25215,77718,25216,20240303
202402,9호선,구반포,20760,8521,21418,8504,20240303
202402,9호선,동작(현충원),38168,12598,32540,11371,20240303
202402,9호선,샛강,138762,26723,139206,26335,20240303
202402,9호선2~3단계,봉은사,504317,54282,528609,52708,20240303
202402,9호선2~3단계,언주,267807,29567,272198,29270,20240303
202402,9호선2~3단계,선정릉,223631,26748,242163,27016,20240303
202402,9호선2~3단계,삼성중앙,171723,25360,179545,25145,20240303
202402,9호선2~3단계,종합운동장,107740,19247,108100,18203,20240303
202402,9호선2~3단계,삼전,169297,38126,157699,37040,20240303
202402,9호선2~3단계,석촌고분,150716,40588,146122,40838,20240303
202402,9호선2~3단계,석촌,214029,38937,189199,34442,20240303
202402,9호선2~3단계,송파나루,125110,27938,134005,29264,20240303
202402,9호선2~3단계,한성백제,63351,16059,56416,14382,20240303
202402,9호선2~3단계,올림픽공원(한국체대),180116,29067,182248,28926,20240303
202402,9호선2~3단계,둔촌오륜,21332,6449,21063,6944,20240303
202402,9호선2~3단계,중앙보훈병원,226920,75008,190966,72793,20240303
202402,9호선2~3단계,언주,267807,29567,272198,29270,20240303
202402,9호선2~3단계,선정릉,223631,26748,242163,27016,20240303
202402,9호선2~3단계,삼성중앙,171723,25360,179545,25145,20240303
202402,9호선2~3단계,봉은사,504317,54282,528609,52708,20240303
202402,9호선2~3단계,종합운동장,107740,19247,108100,18203,20240303
202402,9호선2~3단계,삼전,169297,38126,157699,37040,20240303
202402,9호선2~3단계,석촌고분,150716,40588,146122,40838,20240303
202402,9호선2~3단계,석촌,214029,38937,189199,34442,20240303
202402,9호선2~3단계,송파나루,125110,27938,134005,29264,20240303
202402,9호선2~3단계,한성백제,63351,16059,56416,14382,20240303
202402,9호선2~3단계,올림픽공원(한국체대),180116,29067,182248,28926,20240303
202402,9호선2~3단계,둔촌오륜,21332,6449,21063,6944,20240303
202402,9호선2~3단계,중앙보훈병원,226920,75008,190966,72793,20240303
202402,경강선,부발,54493,8553,52170,8502,20240303
202402,경강선,세종대왕릉,6583,3564,6467,3625,20240303
202402,경강선,여주,59961,17104,59234,16935,20240303
202402,경강선,여주,59961,17104,59234,16935,20240303
202402,경강선,세종대왕릉,6583,3564,6467,3625,20240303
202402,경강선,부발,54493,8553,52170,8502,20240303
202402,경강선,이천,70165,13714,73651,14343,20240303
202402,경강선,신둔도예촌,32221,8045,29962,7586,20240303
202402,경강선,곤지암,53764,12638,50709,12524,20240303
202402,경강선,초월,76614,14709,71173,14301,20240303
202402,경강선,경기광주,180183,31574,167374,31766,20240303
202402,경강선,삼동,52130,13385,46914,13387,20240303
202402,경강선,이매,24954,6651,20422,6499,20240303
202402,경강선,판교,141229,20572,139439,17976,20240303
202402,경강선,판교,141229,20572,139439,17976,20240303
202402,경강선,이매,24954,6651,20422,6499,20240303
202402,경강선,삼동,52130,13385,46914,13387,20240303
202402,경강선,경기광주,180183,31574,167374,31766,20240303
202402,경강선,초월,76614,14709,71173,14301,20240303
202402,경강선,곤지암,53764,12638,50709,12524,20240303
202402,경강선,신둔도예촌,32221,8045,29962,7586,20240303
202402,경강선,이천,70165,13714,73651,14343,20240303
202402,경부선,성균관대,344559,54932,340877,55313,20240303
202402,경부선,화서,407755,52395,400203,51512,20240303
202402,경부선,송탄,110319,19385,109163,19310,20240303
202402,경부선,서정리,202200,32887,188096,31916,20240303
202402,경부선,평택지제,114952,13020,108405,12551,20240303
202402,경부선,평택,316186,62761,314050,61228,20240303
202402,경부선,성환,85367,18939,83908,18665,20240303
202402,경부선,직산,21305,4605,20876,4431,20240303
202402,경부선,두정,159379,25711,161236,26095,20240303
202402,경부선,천안,135352,50444,140018,50076,20240303
202402,경부선,당정,129871,29639,122879,28501,20240303
202402,경부선,서동탄,34420,7112,31011,6665,20240303
202402,경부선,광명,100317,10046,83008,9586,20240303
202402,경부선,세류,79019,15455,72785,15439,20240303
202402,경부선,독산,384153,63633,392511,65346,20240303
202402,경부선,서울역,292347,15106,92971,3447,20240303
202402,경부선,남영,210312,34887,219069,36050,20240303
202402,경부선,용산,1099274,126594,1114750,125626,20240303
202402,경부선,노량진,189461,42159,191915,40103,20240303
202402,경부선,대방,215891,53346,238810,55100,20240303
202402,경부선,영등포,924573,259996,950244,261204,20240303
202402,경부선,신도림,78959,22334,78825,25900,20240303
202402,경부선,신길,188145,42162,156608,38970,20240303
202402,경부선,구로,379793,95671,393254,92639,20240303
202402,경부선,가산디지털단지,389982,34573,449111,38182,20240303
202402,경부선,금천구청,224264,73771,224890,74934,20240303
202402,경부선,석수,186689,45008,168256,43061,20240303
202402,경부선,관악,146168,51506,137551,49860,20240303
202402,경부선,안양,457412,112739,455092,116647,20240303
202402,경부선,명학,178850,39270,175138,38539,20240303
202402,경부선,금정,622740,119137,629710,120990,20240303
202402,경부선,군포,150656,34959,147301,33948,20240303
202402,경부선,의왕,197987,40960,193906,40684,20240303
202402,경부선,성균관대,344559,54932,340877,55313,20240303
202402,경부선,화서,407755,52395,400203,51512,20240303
202402,경부선,수원,977743,143789,1039390,147804,20240303
202402,경부선,독산,384153,63633,392511,65346,20240303
202402,경부선,세류,79019,15455,72785,15439,20240303
202402,경부선,병점,344717,65455,341885,65299,20240303
202402,경부선,세마,71033,15094,66088,14235,20240303
202402,경부선,오산대,81184,15512,75722,15066,20240303
202402,경부선,오산,246121,47045,244050,47557,20240303
202402,경부선,진위,35155,8389,31237,8086,20240303
202402,경부선,성환,85367,18939,83908,18665,20240303
202402,경부선,직산,21305,4605,20876,4431,20240303
202402,경부선,두정,159379,25711,161236,26095,20240303
202402,경부선,천안,135352,50444,140018,50076,20240303
202402,경부선,당정,129871,29639,122879,28501,20240303
202402,경부선,평택,316186,62761,314050,61228,20240303
202402,경부선,평택지제,114952,13020,108405,12551,20240303
202402,경부선,서정리,202200,32887,188096,31916,20240303
202402,경부선,송탄,110319,19385,109163,19310,20240303
202402,경부선,진위,35155,8389,31237,8086,20240303
202402,경부선,오산,246121,47045,244050,47557,20240303
202402,경부선,오산대,81184,15512,75722,15066,20240303
202402,경부선,안양,457412,112739,455092,116647,20240303
202402,경부선,명학,178850,39270,175138,38539,20240303
202402,경부선,관악,146168,51506,137551,49860,20240303
202402,경부선,석수,186689,45008,168256,43061,20240303
202402,경부선,금천구청,224264,73771,224890,74934,20240303
202402,경부선,가산디지털단지,389982,34573,449111,38182,20240303
202402,경부선,구로,379793,95671,393254,92639,20240303
202402,경부선,신길,188145,42162,156608,38970,20240303
202402,경부선,신도림,78959,22334,78825,25900,20240303
202402,경부선,세마,71033,15094,66088,14235,20240303
202402,경부선,영등포,924573,259996,950244,261204,20240303
202402,경부선,대방,215891,53346,238810,55100,20240303
202402,경부선,노량진,189461,42159,191915,40103,20240303
202402,경부선,용산,1099274,126594,1114750,125626,20240303
202402,경부선,남영,210312,34887,219069,36050,20240303
202402,경부선,서울역,292347,15106,92971,3447,20240303
202402,경부선,수원,977743,143789,1039390,147804,20240303
202402,경부선,광명,100317,10046,83008,9586,20240303
202402,경부선,서동탄,34420,7112,31011,6665,20240303
202402,경부선,병점,344717,65455,341885,65299,20240303
202402,경부선,금정,622740,119137,629710,120990,20240303
202402,경부선,군포,150656,34959,147301,33948,20240303
202402,경부선,의왕,197987,40960,193906,40684,20240303
202402,경원선,녹천,82617,32697,67411,29773,20240303
202402,경원선,이촌(국립중앙박물관),76901,28454,58990,24005,20240303
202402,경원선,서빙고,41372,16667,39485,16273,20240303
202402,경원선,한남,78183,26840,75606,25130,20240303
202402,경원선,옥수,1475,145,1026,67,20240303
202402,경원선,응봉,34682,15664,29138,14142,20240303
202402,경원선,왕십리(성동구청),378536,69732,384270,71894,20240303
202402,경원선,청량리(서울시립대입구),365789,138704,369212,144706,20240303
202402,경원선,외대앞,180372,42889,174144,43102,20240303
202402,경원선,신이문,162892,62779,147735,61089,20240303
202402,경원선,석계,145917,54852,167710,59482,20240303
202402,경원선,광운대,156018,51607,147735,50861,20240303
202402,경원선,월계,112952,57986,102660,55382,20240303
202402,경원선,창동,71,1,0,0,20240303
202402,경원선,방학,163674,102253,158408,100031,20240303
202402,경원선,도봉,91190,64984,85235,64631,20240303
202402,경원선,도봉산,116553,99684,62381,77467,20240303
202402,경원선,망월사,130911,65593,133897,67444,20240303
202402,경원선,회룡,207177,140070,201088,137805,20240303
202402,경원선,의정부,414015,112718,428005,114251,20240303
202402,경원선,가능,116281,53214,109713,52383,20240303
202402,경원선,녹양,82104,35106,76896,33443,20240303
202402,경원선,양주,145779,50963,138573,49595,20240303
202402,경원선,덕계,108932,29709,96794,28498,20240303
202402,경원선,덕정,118532,32706,110098,32189,20240303
202402,경원선,지행,134384,41245,134425,40807,20240303
202402,경원선,동두천중앙,48649,32364,47333,32637,20240303
202402,경원선,보산,29061,12233,27704,11362,20240303
202402,경원선,동두천,37711,25246,37518,25399,20240303
202402,경원선,소요산,10596,25058,10331,24289,20240303
202402,경원선,청산,1548,1107,1543,1106,20240303
202402,경원선,전곡,15780,9664,14505,8501,20240303
202402,경원선,연천,10355,15221,9585,15994,20240303
202402,경원선,연천,10355,15221,9585,15994,20240303
202402,경원선,전곡,15780,9664,14505,8501,20240303
202402,경원선,청산,1548,1107,1543,1106,20240303
202402,경원선,소요산,10596,25058,10331,24289,20240303
202402,경원선,동두천,37711,25246,37518,25399,20240303
202402,경원선,보산,29061,12233,27704,11362,20240303
202402,경원선,동두천중앙,48649,32364,47333,32637,20240303
202402,경원선,지행,134384,41245,134425,40807,20240303
202402,경원선,덕정,118532,32706,110098,32189,20240303
202402,경원선,덕계,108932,29709,96794,28498,20240303
202402,경원선,양주,145779,50963,138573,49595,20240303
202402,경원선,녹양,82104,35106,76896,33443,20240303
202402,경원선,가능,116281,53214,109713,52383,20240303
202402,경원선,의정부,414015,112718,428005,114251,20240303
202402,경원선,회룡,207177,140070,201088,137805,20240303
202402,경원선,망월사,130911,65593,133897,67444,20240303
202402,경원선,도봉산,116553,99684,62381,77467,20240303
202402,경원선,도봉,91190,64984,85235,64631,20240303
202402,경원선,방학,163674,102253,158408,100031,20240303
202402,경원선,창동,71,1,0,0,20240303
202402,경원선,녹천,82617,32697,67411,29773,20240303
202402,경원선,월계,112952,57986,102660,55382,20240303
202402,경원선,광운대,156018,51607,147735,50861,20240303
202402,경원선,석계,145917,54852,167710,59482,20240303
202402,경원선,신이문,162892,62779,147735,61089,20240303
202402,경원선,외대앞,180372,42889,174144,43102,20240303
202402,경원선,청량리(서울시립대입구),365789,138704,369212,144706,20240303
202402,경원선,왕십리(성동구청),378536,69732,384270,71894,20240303
202402,경원선,응봉,34682,15664,29138,14142,20240303
202402,경원선,옥수,1475,145,1026,67,20240303
202402,경원선,한남,78183,26840,75606,25130,20240303
202402,경원선,서빙고,41372,16667,39485,16273,20240303
202402,경원선,이촌(국립중앙박물관),76901,28454,58990,24005,20240303
202402,경의선,운정,163229,38803,148192,37196,20240303
202402,경의선,금릉,118342,27189,111426,26625,20240303
202402,경의선,금촌,139436,42446,135343,42839,20240303
202402,경의선,월롱,45556,7579,38318,8025,20240303
202402,경의선,파주,23763,6373,18699,5536,20240303
202402,경의선,문산,108819,38614,106442,38709,20240303
202402,경의선,임진강,397,312,279,256,20240303
202402,경의선,운천,95,110,39,81,20240303
202402,경의선,서울역,96914,15258,120288,18137,20240303
202402,경의선,검암,1,0,0,0,20240303
202402,경의선,계양,3,0,0,0,20240303
202402,경의선,김포공항,1,0,0,0,20240303
202402,경의선,디지털미디어시티,62556,11452,54950,11628,20240303
202402,경의선,홍대입구,54922,4926,73951,5822,20240303
202402,경의선,공덕,99015,14483,77605,13956,20240303
202402,경의선,서울역,96914,15258,120288,18137,20240303
202402,경의선,운천,95,110,39,81,20240303
202402,경의선,임진강,397,312,279,256,20240303
202402,경의선,문산,108819,38614,106442,38709,20240303
202402,경의선,파주,23763,6373,18699,5536,20240303
202402,경의선,월롱,45556,7579,38318,8025,20240303
202402,경의선,금촌,139436,42446,135343,42839,20240303
202402,경의선,금릉,118342,27189,111426,26625,20240303
202402,경의선,운정,163229,38803,148192,37196,20240303
202402,경의선,야당,201323,38242,205153,37418,20240303
202402,경의선,탄현,173384,38422,164132,37542,20240303
202402,경의선,일산,219765,64325,213825,64677,20240303
202402,경의선,풍산,129387,37202,121194,36422,20240303
202402,경의선,백마,162825,34746,156059,34488,20240303
202402,경의선,검암,1,0,0,0,20240303
202402,경의선,계양,3,0,0,0,20240303
202402,경의선,김포공항,1,0,0,0,20240303
202402,경의선,디지털미디어시티,62556,11452,54950,11628,20240303
202402,경의선,홍대입구,54922,4926,73951,5822,20240303
202402,경의선,공덕,99015,14483,77605,13956,20240303
202402,경의선,곡산,12058,4940,12619,5069,20240303
202402,경의선,능곡,95170,30490,87842,30082,20240303
202402,경의선,행신,185305,33291,184155,33892,20240303
202402,경의선,강매,69336,17482,58238,16281,20240303
202402,경의선,한국항공대,36802,8226,33739,7880,20240303
202402,경의선,수색,71395,16176,73325,16353,20240303
202402,경의선,가좌,115055,41130,109309,41659,20240303
202402,경의선,서강대,47731,10584,46586,9736,20240303
202402,경의선,신촌,19455,3402,25684,4221,20240303
202402,경의선,효창공원앞,64478,13999,74798,15687,20240303
202402,경의선,곡산,12058,4940,12619,5069,20240303
202402,경의선,신촌,19455,3402,25684,4221,20240303
202402,경의선,효창공원앞,64478,13999,74798,15687,20240303
202402,경의선,서강대,47731,10584,46586,9736,20240303
202402,경의선,가좌,115055,41130,109309,41659,20240303
202402,경의선,수색,71395,16176,73325,16353,20240303
202402,경의선,한국항공대,36802,8226,33739,7880,20240303
202402,경의선,강매,69336,17482,58238,16281,20240303
202402,경의선,행신,185305,33291,184155,33892,20240303
202402,경의선,능곡,95170,30490,87842,30082,20240303
202402,경의선,백마,162825,34746,156059,34488,20240303
202402,경의선,풍산,129387,37202,121194,36422,20240303
202402,경의선,일산,219765,64325,213825,64677,20240303
202402,경의선,탄현,173384,38422,164132,37542,20240303
202402,경의선,야당,201323,38242,205153,37418,20240303
202402,경인선,송내,567774,116018,552479,113621,20240303
202402,경인선,백운,139585,56295,133287,56371,20240303
202402,경인선,동암,322664,98854,322683,100816,20240303
202402,경인선,주안,412795,91860,369709,82119,20240303
202402,경인선,제물포,201671,61513,190905,60602,20240303
202402,경인선,동인천,269943,107414,252292,105214,20240303
202402,경인선,인천,73777,31107,55704,27919,20240303
202402,경인선,구일,116737,41564,116888,40784,20240303
202402,경인선,소사,148222,55910,141953,55295,20240303
202402,경인선,부개,165831,63085,152321,62062,20240303
202402,경인선,간석,110475,43239,103958,41686,20240303
202402,경인선,도원,46193,26813,46045,27919,20240303
202402,경인선,온수(성공회대입구),115020,47707,108539,46394,20240303
202402,경인선,중동,174583,68696,160629,67666,20240303
202402,경인선,도화,72767,37631,65836,36114,20240303
202402,경인선,도화,72767,37631,65836,36114,20240303
202402,경인선,중동,174583,68696,160629,67666,20240303
202402,경인선,온수(성공회대입구),115020,47707,108539,46394,20240303
202402,경인선,도원,46193,26813,46045,27919,20240303
202402,경인선,간석,110475,43239,103958,41686,20240303
202402,경인선,부개,165831,63085,152321,62062,20240303
202402,경인선,소사,148222,55910,141953,55295,20240303
202402,경인선,구일,116737,41564,116888,40784,20240303
202402,경인선,인천,73777,31107,55704,27919,20240303
202402,경인선,동인천,269943,107414,252292,105214,20240303
202402,경인선,제물포,201671,61513,190905,60602,20240303
202402,경인선,주안,412795,91860,369709,82119,20240303
202402,경인선,동암,322664,98854,322683,100816,20240303
202402,경인선,백운,139585,56295,133287,56371,20240303
202402,경인선,부평,684080,140876,729464,144059,20240303
202402,경인선,송내,567774,116018,552479,113621,20240303
202402,경인선,부천,659469,211505,664061,213575,20240303
202402,경인선,역곡,539971,143243,535481,148287,20240303
202402,경인선,오류동,223331,84622,206181,82993,20240303
202402,경인선,개봉,420749,149601,408674,156055,20240303
202402,경인선,개봉,420749,149601,408674,156055,20240303
202402,경인선,오류동,223331,84622,206181,82993,20240303
202402,경인선,역곡,539971,143243,535481,148287,20240303
202402,경인선,부천,659469,211505,664061,213575,20240303
202402,경인선,부평,684080,140876,729464,144059,20240303
202402,경춘선,금곡,22749,14806,21799,14214,20240303
202402,경춘선,평내호평,113419,42649,111141,41033,20240303
202402,경춘선,천마산,23569,16291,20926,16433,20240303
202402,경춘선,마석,67861,30957,65930,30930,20240303
202402,경춘선,대성리,12609,4717,11989,4190,20240303
202402,경춘선,청평,32037,15728,30627,15473,20240303
202402,경춘선,상천,3481,3360,3116,3236,20240303
202402,경춘선,강촌,7249,3561,7069,3488,20240303
202402,경춘선,김유정,7287,3266,7409,3288,20240303
202402,경춘선,남춘천,54262,22442,55813,22911,20240303
202402,경춘선,춘천,26120,13210,23505,11327,20240303
202402,경춘선,춘천,26120,13210,23505,11327,20240303
202402,경춘선,남춘천,54262,22442,55813,22911,20240303
202402,경춘선,김유정,7287,3266,7409,3288,20240303
202402,경춘선,강촌,7249,3561,7069,3488,20240303
202402,경춘선,백양리,9374,1188,7295,1185,20240303
202402,경춘선,굴봉산,1973,1349,2575,1339,20240303
202402,경춘선,가평,39366,12920,39342,12530,20240303
202402,경춘선,상천,3481,3360,3116,3236,20240303
202402,경춘선,청평,32037,15728,30627,15473,20240303
202402,경춘선,대성리,12609,4717,11989,4190,20240303
202402,경춘선,마석,67861,30957,65930,30930,20240303
202402,경춘선,천마산,23569,16291,20926,16433,20240303
202402,경춘선,평내호평,113419,42649,111141,41033,20240303
202402,경춘선,금곡,22749,14806,21799,14214,20240303
202402,경춘선,사릉,40820,13711,39203,13761,20240303
202402,경춘선,퇴계원,65198,26960,59866,25602,20240303
202402,경춘선,별내,64586,20648,61256,18982,20240303
202402,경춘선,갈매,58033,18884,49221,17789,20240303
202402,경춘선,신내,45732,17086,40735,16595,20240303
202402,경춘선,신내,45732,17086,40735,16595,20240303
202402,경춘선,갈매,58033,18884,49221,17789,20240303
202402,경춘선,별내,64586,20648,61256,18982,20240303
202402,경춘선,퇴계원,65198,26960,59866,25602,20240303
202402,경춘선,사릉,40820,13711,39203,13761,20240303
202402,경춘선,가평,39366,12920,39342,12530,20240303
202402,경춘선,굴봉산,1973,1349,2575,1339,20240303
202402,경춘선,백양리,9374,1188,7295,1185,20240303
202402,공항철도 1호선,청라국제도시,183024,13186,173290,12931,20240303
202402,공항철도 1호선,계양,315254,33581,296942,31850,20240303
202402,공항철도 1호선,김포공항,276468,21135,148335,13465,20240303
202402,공항철도 1호선,마곡나루(서울식물원),262507,15312,249799,15742,20240303
202402,공항철도 1호선,디지털미디어시티,333483,27106,313629,25805,20240303
202402,공항철도 1호선,홍대입구,409421,18878,404212,17153,20240303
202402,공항철도 1호선,공덕,70887,7951,97220,9755,20240303
202402,공항철도 1호선,서울역,353470,32348,325181,28837,20240303
202402,공항철도 1호선,서울역,353470,32348,325181,28837,20240303
202402,공항철도 1호선,공덕,70887,7951,97220,9755,20240303
202402,공항철도 1호선,홍대입구,409421,18878,404212,17153,20240303
202402,공항철도 1호선,인천공항2터미널,182272,16324,152701,14312,20240303
202402,공항철도 1호선,영종,91009,19378,92112,19356,20240303
202402,공항철도 1호선,디지털미디어시티,333483,27106,313629,25805,20240303
202402,공항철도 1호선,마곡나루(서울식물원),262507,15312,249799,15742,20240303
202402,공항철도 1호선,김포공항,276468,21135,148335,13465,20240303
202402,공항철도 1호선,검암,159465,15809,161886,15762,20240303
202402,공항철도 1호선,청라국제도시,183024,13186,173290,12931,20240303
202402,공항철도 1호선,운서,219576,27737,232765,27968,20240303
202402,공항철도 1호선,공항화물청사,45265,9138,48156,8880,20240303
202402,공항철도 1호선,인천공항1터미널,384347,30653,355287,28636,20240303
202402,공항철도 1호선,인천공항2터미널,182272,16324,152701,14312,20240303
202402,공항철도 1호선,영종,91009,19378,92112,19356,20240303
202402,공항철도 1호선,운서,219576,27737,232765,27968,20240303
202402,공항철도 1호선,공항화물청사,45265,9138,48156,8880,20240303
202402,공항철도 1호선,인천공항1터미널,384347,30653,355287,28636,20240303
202402,공항철도 1호선,계양,315254,33581,296942,31850,20240303
202402,공항철도 1호선,검암,159465,15809,161886,15762,20240303
202402,과천선,경마공원,73911,59000,74832,58585,20240303
202402,과천선,범계,615074,110299,615980,108421,20240303
202402,과천선,평촌,384644,64319,372805,63485,20240303
202402,과천선,인덕원,535500,114140,543653,117999,20240303
202402,과천선,정부과천청사,238718,51901,249923,51712,20240303
202402,과천선,과천,130323,44450,119798,41899,20240303
202402,과천선,대공원,62464,30453,63563,31771,20240303
202402,과천선,경마공원,73911,59000,74832,58585,20240303
202402,과천선,선바위,167793,31297,144100,30750,20240303
202402,과천선,선바위,167793,31297,144100,30750,20240303
202402,과천선,대공원,62464,30453,63563,31771,20240303
202402,과천선,과천,130323,44450,119798,41899,20240303
202402,과천선,정부과천청사,238718,51901,249923,51712,20240303
202402,과천선,인덕원,535500,114140,543653,117999,20240303
202402,과천선,평촌,384644,64319,372805,63485,20240303
202402,과천선,범계,615074,110299,615980,108421,20240303
202402,분당선,복정,109,3,0,0,20240303
202402,분당선,수원,199685,31943,178032,28187,20240303
202402,분당선,서울숲,299538,27450,307605,26914,20240303
202402,분당선,압구정로데오,491935,45204,549850,43751,20240303
202402,분당선,강남구청,208785,36730,240819,39703,20240303
202402,분당선,선정릉,162792,30761,169064,30292,20240303
202402,분당선,가천대,155183,26255,166354,27210,20240303
202402,분당선,태평,271336,86651,251256,90192,20240303
202402,분당선,모란,392610,162732,392339,177280,20240303
202402,분당선,야탑,531926,150134,563547,152704,20240303
202402,분당선,서현,541729,121016,556107,117263,20240303
202402,분당선,수내,297798,71393,297249,70002,20240303
202402,분당선,정자,406580,66826,426510,66398,20240303
202402,분당선,미금,300041,102992,312622,108118,20240303
202402,분당선,오리,236258,72025,198650,63357,20240303
202402,분당선,이매,110226,37692,108867,37295,20240303
202402,분당선,보정,49623,19735,43123,18506,20240303
202402,분당선,죽전,278795,66905,312980,71755,20240303
202402,분당선,구성,96666,35138,102397,35478,20240303
202402,분당선,신갈,94694,28551,92093,28705,20240303
202402,분당선,기흥,226949,42255,205854,40806,20240303
202402,분당선,상갈,113534,30056,108356,29553,20240303
202402,분당선,청명,98968,20303,94504,20388,20240303
202402,분당선,영통,206404,32420,205613,32044,20240303
202402,분당선,망포,366640,39964,346816,38956,20240303
202402,분당선,매탄권선,117610,22655,112774,21775,20240303
202402,분당선,수원시청,326367,45113,360033,45984,20240303
202402,분당선,매교,103855,24554,102328,24708,20240303
202402,분당선,선릉,278752,42908,439201,58739,20240303
202402,분당선,한티,370378,68160,380282,69565,20240303
202402,분당선,도곡,146347,48842,142950,47026,20240303
202402,분당선,구룡,60012,24312,59481,24653,20240303
202402,분당선,개포동,93512,30078,95439,30839,20240303
202402,분당선,대모산입구,121586,35087,112945,34632,20240303
202402,분당선,수서,331677,66271,341630,68712,20240303
202402,분당선,복정,109,3,0,0,20240303
202402,분당선,수원,199685,31943,178032,28187,20240303
202402,분당선,서울숲,299538,27450,307605,26914,20240303
202402,분당선,압구정로데오,491935,45204,549850,43751,20240303
202402,분당선,강남구청,208785,36730,240819,39703,20240303
202402,분당선,선정릉,162792,30761,169064,30292,20240303
202402,분당선,가천대,155183,26255,166354,27210,20240303
202402,분당선,태평,271336,86651,251256,90192,20240303
202402,분당선,모란,392610,162732,392339,177280,20240303
202402,분당선,야탑,531926,150134,563547,152704,20240303
202402,분당선,서현,541729,121016,556107,117263,20240303
202402,분당선,수내,297798,71393,297249,70002,20240303
202402,분당선,정자,406580,66826,426510,66398,20240303
202402,분당선,미금,300041,102992,312622,108118,20240303
202402,분당선,오리,236258,72025,198650,63357,20240303
202402,분당선,이매,110226,37692,108867,37295,20240303
202402,분당선,보정,49623,19735,43123,18506,20240303
202402,분당선,죽전,278795,66905,312980,71755,20240303
202402,분당선,구성,96666,35138,102397,35478,20240303
202402,분당선,신갈,94694,28551,92093,28705,20240303
202402,분당선,기흥,226949,42255,205854,40806,20240303
202402,분당선,상갈,113534,30056,108356,29553,20240303
202402,분당선,청명,98968,20303,94504,20388,20240303
202402,분당선,영통,206404,32420,205613,32044,20240303
202402,분당선,망포,366640,39964,346816,38956,20240303
202402,분당선,매탄권선,117610,22655,112774,21775,20240303
202402,분당선,수원시청,326367,45113,360033,45984,20240303
202402,분당선,매교,103855,24554,102328,24708,20240303
202402,분당선,선릉,278752,42908,439201,58739,20240303
202402,분당선,한티,370378,68160,380282,69565,20240303
202402,분당선,도곡,146347,48842,142950,47026,20240303
202402,분당선,구룡,60012,24312,59481,24653,20240303
202402,분당선,개포동,93512,30078,95439,30839,20240303
202402,분당선,대모산입구,121586,35087,112945,34632,20240303
202402,분당선,수서,331677,66271,341630,68712,20240303
202402,서해선,김포공항,81404,10190,95033,14141,20240303
202402,서해선,김포공항,81404,10190,95033,14141,20240303
202402,서해선,원종,89191,34188,88901,35293,20240303
202402,서해선,부천종합운동장,56901,7025,45987,5573,20240303
202402,서해선,원종,89191,34188,88901,35293,20240303
202402,서해선,부천종합운동장,56901,7025,45987,5573,20240303
202402,수인선,고색,115018,18460,108369,17333,20240303
202402,수인선,오목천,85966,15470,73834,15035,20240303
202402,수인선,어천,28343,7118,26112,7633,20240303
202402,수인선,소래포구,86686,42474,80447,41337,20240303
202402,수인선,신포,33287,13715,34051,13827,20240303
202402,수인선,숭의,77375,28602,70661,27136,20240303
202402,수인선,월곶,58974,18313,52803,17644,20240303
202402,수인선,달월,1833,950,1360,455,20240303
202402,수인선,사리,115775,19130,97936,17134,20240303
202402,수인선,야목,7845,2511,6355,2196,20240303
202402,수인선,인하대,132418,26892,123036,25727,20240303
202402,수인선,송도,44109,21500,39524,20607,20240303
202402,수인선,연수,96482,30769,96232,30745,20240303
202402,수인선,원인재,86159,31775,89107,31854,20240303
202402,수인선,남동인더스파크,47122,6796,52766,6816,20240303
202402,수인선,호구포,78870,21828,81938,21326,20240303
202402,수인선,고색,115018,18460,108369,17333,20240303
202402,수인선,오목천,85966,15470,73834,15035,20240303
202402,수인선,어천,28343,7118,26112,7633,20240303
202402,수인선,야목,7845,2511,6355,2196,20240303
202402,수인선,사리,115775,19130,97936,17134,20240303
202402,수인선,달월,1833,950,1360,455,20240303
202402,수인선,월곶,58974,18313,52803,17644,20240303
202402,수인선,소래포구,86686,42474,80447,41337,20240303
202402,수인선,인천논현,109579,33179,116760,33663,20240303
202402,수인선,호구포,78870,21828,81938,21326,20240303
202402,수인선,남동인더스파크,47122,6796,52766,6816,20240303
202402,수인선,원인재,86159,31775,89107,31854,20240303
202402,수인선,연수,96482,30769,96232,30745,20240303
202402,수인선,인하대,132418,26892,123036,25727,20240303
202402,수인선,송도,44109,21500,39524,20607,20240303
202402,수인선,숭의,77375,28602,70661,27136,20240303
202402,수인선,신포,33287,13715,34051,13827,20240303
202402,수인선,인천,19503,12073,34110,15800,20240303
202402,수인선,인천논현,109579,33179,116760,33663,20240303
202402,수인선,인천,19503,12073,34110,15800,20240303
202402,신림선,서울대벤처타운,195105,61220,175946,60759,20240303
202402,신림선,서원,70915,23207,60589,22438,20240303
202402,신림선,서울대벤처타운,195105,61220,175946,60759,20240303
202402,신림선,관악산(서울대),46290,27779,45977,28384,20240303
202402,신림선,서울지방병무청,57970,22251,62106,24342,20240303
202402,신림선,보라매,80635,22397,74516,20214,20240303
202402,신림선,보라매공원,39944,14801,43418,15707,20240303
202402,신림선,보라매병원,144729,51188,154116,50625,20240303
202402,신림선,당곡,90069,34238,87010,33952,20240303
202402,신림선,신림,32659,15016,47525,18529,20240303
202402,신림선,샛강,56186,13196,68371,12639,20240303
202402,신림선,대방,61137,16474,47683,14155,20240303
202402,신림선,샛강,56186,13196,68371,12639,20240303
202402,신림선,대방,61137,16474,47683,14155,20240303
202402,신림선,서울지방병무청,57970,22251,62106,24342,20240303
202402,신림선,보라매,80635,22397,74516,20214,20240303
202402,신림선,보라매공원,39944,14801,43418,15707,20240303
202402,신림선,보라매병원,144729,51188,154116,50625,20240303
202402,신림선,당곡,90069,34238,87010,33952,20240303
202402,신림선,신림,32659,15016,47525,18529,20240303
202402,신림선,서원,70915,23207,60589,22438,20240303
202402,신림선,관악산(서울대),46290,27779,45977,28384,20240303
202402,안산선,정왕,207408,27415,211866,28671,20240303
202402,안산선,오이도,187181,31418,183220,31017,20240303
202402,안산선,수리산,75111,29113,59292,27392,20240303
202402,안산선,수리산,75111,29113,59292,27392,20240303
202402,안산선,오이도,187181,31418,183220,31017,20240303
202402,안산선,산본,338585,100444,366556,101849,20240303
202402,안산선,대야미,103247,29329,88944,27138,20240303
202402,안산선,반월,84124,29425,79835,29137,20240303
202402,안산선,상록수,331709,66103,336409,67285,20240303
202402,안산선,한대앞,195574,40487,193492,41992,20240303
202402,안산선,중앙,444563,63335,467955,61960,20240303
202402,안산선,고잔,199834,35277,190956,34516,20240303
202402,안산선,초지,116434,17950,115072,17965,20240303
202402,안산선,안산,316205,35875,298328,33846,20240303
202402,안산선,정왕,207408,27415,211866,28671,20240303
202402,안산선,신길온천,44507,8720,40179,8633,20240303
202402,안산선,상록수,331709,66103,336409,67285,20240303
202402,안산선,반월,84124,29425,79835,29137,20240303
202402,안산선,대야미,103247,29329,88944,27138,20240303
202402,안산선,산본,338585,100444,366556,101849,20240303
202402,안산선,한대앞,195574,40487,193492,41992,20240303
202402,안산선,중앙,444563,63335,467955,61960,20240303
202402,안산선,고잔,199834,35277,190956,34516,20240303
202402,안산선,초지,116434,17950,115072,17965,20240303
202402,안산선,안산,316205,35875,298328,33846,20240303
202402,안산선,신길온천,44507,8720,40179,8633,20240303
202402,우이신설선,정릉,83826,44975,74532,43015,20240303
202402,우이신설선,솔샘,118471,38553,107676,40093,20240303
202402,우이신설선,삼양사거리,34612,34801,34722,34381,20240303
202402,우이신설선,삼양,28389,25705,28733,27961,20240303
202402,우이신설선,화계,53831,43075,48522,43638,20240303
202402,우이신설선,가오리,67694,47693,64737,48726,20240303
202402,우이신설선,4.19민주묘지,45615,33404,42442,30193,20240303
202402,우이신설선,솔밭공원,42970,27535,37597,28386,20240303
202402,우이신설선,북한산우이,47193,33690,40461,34747,20240303
202402,우이신설선,신설동,31238,28830,31413,25184,20240303
202402,우이신설선,보문,27611,15161,28133,15036,20240303
202402,우이신설선,성신여대입구(돈암),67488,31425,80007,31038,20240303
202402,우이신설선,정릉,83826,44975,74532,43015,20240303
202402,우이신설선,북한산보국문,124593,43616,115305,43260,20240303
202402,우이신설선,솔샘,118471,38553,107676,40093,20240303
202402,우이신설선,삼양사거리,34612,34801,34722,34381,20240303
202402,우이신설선,삼양,28389,25705,28733,27961,20240303
202402,우이신설선,화계,53831,43075,48522,43638,20240303
202402,우이신설선,가오리,67694,47693,64737,48726,20240303
202402,우이신설선,4.19민주묘지,45615,33404,42442,30193,20240303
202402,우이신설선,솔밭공원,42970,27535,37597,28386,20240303
202402,우이신설선,북한산우이,47193,33690,40461,34747,20240303
202402,우이신설선,신설동,31238,28830,31413,25184,20240303
202402,우이신설선,보문,27611,15161,28133,15036,20240303
202402,우이신설선,성신여대입구(돈암),67488,31425,80007,31038,20240303
202402,우이신설선,북한산보국문,124593,43616,115305,43260,20240303
202402,일산선,대화,279787,75006,217088,69228,20240303
202402,일산선,마두,140893,64267,144755,65292,20240303
202402,일산선,정발산,152953,49039,160151,46007,20240303
202402,일산선,주엽,173252,85912,171646,88565,20240303
202402,일산선,대화,279787,75006,217088,69228,20240303
202402,일산선,원흥,239276,60731,224310,58261,20240303
202402,일산선,지축,31,0,0,0,20240303
202402,일산선,삼송,426813,90611,405141,91680,20240303
202402,일산선,원당,219320,75298,204654,74794,20240303
202402,일산선,화정,348037,112451,359219,114806,20240303
202402,일산선,대곡,61072,10970,45651,9319,20240303
202402,일산선,백석,200488,72061,202450,71176,20240303
202402,일산선,마두,140893,64267,144755,65292,20240303
202402,일산선,정발산,152953,49039,160151,46007,20240303
202402,일산선,주엽,173252,85912,171646,88565,20240303
202402,일산선,원흥,239276,60731,224310,58261,20240303
202402,일산선,지축,31,0,0,0,20240303
202402,일산선,삼송,426813,90611,405141,91680,20240303
202402,일산선,원당,219320,75298,204654,74794,20240303
202402,일산선,화정,348037,112451,359219,114806,20240303
202402,일산선,대곡,61072,10970,45651,9319,20240303
202402,일산선,백석,200488,72061,202450,71176,20240303
202402,장항선,봉명,24734,10430,24610,9967,20240303
202402,장항선,쌍용(나사렛대),49399,13704,46809,13088,20240303
202402,장항선,쌍용(나사렛대),49399,13704,46809,13088,20240303
202402,장항선,아산,98493,12569,88205,11862,20240303
202402,장항선,탕정,36264,5829,33307,5565,20240303
202402,장항선,배방,28445,6469,27740,6268,20240303
202402,장항선,온양온천,82725,56828,83758,57178,20240303
202402,장항선,신창(순천향대),25963,5973,26230,5401,20240303
202402,장항선,신창(순천향대),25963,5973,26230,5401,20240303
202402,장항선,온양온천,82725,56828,83758,57178,20240303
202402,장항선,배방,28445,6469,27740,6268,20240303
202402,장항선,탕정,36264,5829,33307,5565,20240303
202402,장항선,아산,98493,12569,88205,11862,20240303
202402,장항선,봉명,24734,10430,24610,9967,20240303
202402,중앙선,지평,680,837,737,836,20240303
202402,중앙선,용문,27662,26472,28725,26435,20240303
202402,중앙선,원덕,4511,4773,4404,4541,20240303
202402,중앙선,양평,58212,31874,59630,32436,20240303
202402,중앙선,오빈,4140,3749,4002,3810,20240303
202402,중앙선,아신,9043,7429,8993,7442,20240303
202402,중앙선,국수,9312,7985,9219,8137,20240303
202402,중앙선,신원,2276,2461,2173,2136,20240303
202402,중앙선,양수,30264,18506,29873,18403,20240303
202402,중앙선,운길산,10231,7103,9378,7220,20240303
202402,중앙선,팔당,16189,7836,17408,7724,20240303
202402,중앙선,도심,42898,17428,31890,15865,20240303
202402,중앙선,덕소,103152,42230,100785,41791,20240303
202402,중앙선,양정,8669,5069,7128,4469,20240303
202402,중앙선,도농,222239,62337,208492,60782,20240303
202402,중앙선,구리,268937,78089,275413,78362,20240303
202402,중앙선,양원,55118,19524,53561,19303,20240303
202402,중앙선,망우,138085,65406,132419,66262,20240303
202402,중앙선,상봉,119677,37842,117749,36705,20240303
202402,중앙선,중랑,101785,45693,97927,44969,20240303
202402,중앙선,회기,540835,111210,519096,109273,20240303
202402,중앙선,원덕,4511,4773,4404,4541,20240303
202402,중앙선,양평,58212,31874,59630,32436,20240303
202402,중앙선,오빈,4140,3749,4002,3810,20240303
202402,중앙선,아신,9043,7429,8993,7442,20240303
202402,중앙선,국수,9312,7985,9219,8137,20240303
202402,중앙선,신원,2276,2461,2173,2136,20240303
202402,중앙선,양수,30264,18506,29873,18403,20240303
202402,중앙선,운길산,10231,7103,9378,7220,20240303
202402,중앙선,팔당,16189,7836,17408,7724,20240303
202402,중앙선,도심,42898,17428,31890,15865,20240303
202402,중앙선,덕소,103152,42230,100785,41791,20240303
202402,중앙선,양정,8669,5069,7128,4469,20240303
202402,중앙선,도농,222239,62337,208492,60782,20240303
202402,중앙선,구리,268937,78089,275413,78362,20240303
202402,중앙선,양원,55118,19524,53561,19303,20240303
202402,중앙선,망우,138085,65406,132419,66262,20240303
202402,중앙선,상봉,119677,37842,117749,36705,20240303
202402,중앙선,중랑,101785,45693,97927,44969,20240303
202402,중앙선,회기,540835,111210,519096,109273,20240303
202402,중앙선,지평,680,837,737,836,20240303
202402,중앙선,용문,27662,26472,28725,26435,20240303
202401,1호선,종로5가,464520,243194,456584,234821,20240203
202401,1호선,종로3가,476713,292109,443607,270252,20240203
202401,1호선,제기동,231137,283094,221946,303035,20240203
202401,1호선,종각,1013394,148209,987313,138647,20240203
202401,1호선,시청,661167,93522,664612,91704,20240203
202401,1호선,서울역,1387066,205868,1319919,195790,20240203
202401,1호선,신설동,280906,118280,272723,115492,20240203
202401,1호선,동대문,214959,121212,205635,120182,20240203
202401,1호선,동묘앞,138020,148107,144215,149640,20240203
202401,1호선,청량리(서울시립대입구),369213,288236,358445,290438,20240203
202401,2호선,양천구청,144745,50729,154456,51691,20240203
202401,2호선,신정네거리,224114,74388,233474,76091,20240203
202401,2호선,용두(동대문구청),48439,24143,48520,25078,20240203
202401,2호선,선릉,1380345,230601,1208652,202889,20240203
202401,2호선,역삼,1303655,148728,1482665,151698,20240203
202401,2호선,강남,2255501,167643,2189558,145997,20240203
202401,2호선,교대(법원.검찰청),724960,149400,869505,177485,20240203
202401,2호선,서초,541247,86477,519946,85688,20240203
202401,2호선,방배,365307,75280,378047,74440,20240203
202401,2호선,사당,977886,207960,1075822,196206,20240203
202401,2호선,낙성대(강감찬),686807,106551,664420,108454,20240203
202401,2호선,서울대입구(관악구청),1152523,181409,1141766,171860,20240203
202401,2호선,봉천,548961,150685,511076,149959,20240203
202401,2호선,신림,1394665,199950,1339396,197794,20240203
202401,2호선,신대방,608686,128224,586698,129264,20240203
202401,2호선,구로디지털단지,1465772,198759,1447805,198684,20240203
202401,2호선,대림(구로구청),577663,130121,589380,134085,20240203
202401,2호선,신도림,1240030,224354,1224359,211444,20240203
202401,2호선,문래,571332,88244,589011,87761,20240203
202401,2호선,영등포구청,540692,104218,556410,102650,20240203
202401,2호선,당산,447748,57728,517929,63318,20240203
202401,2호선,합정,903326,68809,980109,69837,20240203
202401,2호선,삼성(무역센터),1432443,121176,1438374,111109,20240203
202401,2호선,종합운동장,192805,44789,209906,46285,20240203
202401,2호선,잠실새내,568938,114110,567183,113121,20240203
202401,2호선,잠실(송파구청),2086902,211961,2056592,204014,20240203
202401,2호선,잠실나루,344751,91245,333943,91593,20240203
202401,2호선,강변(동서울터미널),804770,116498,749714,111302,20240203
202401,2호선,구의(광진구청),612824,106018,597025,106617,20240203
202401,2호선,건대입구,1001761,93355,1057573,97365,20240203
202401,2호선,성수,1091332,104875,1187383,106455,20240203
202401,2호선,뚝섬,637994,59839,674750,60086,20240203
202401,2호선,한양대,218403,13287,233081,13923,20240203
202401,2호선,왕십리(성동구청),393267,52402,358900,46646,20240203
202401,2호선,상왕십리,346293,68470,337298,69192,20240203
202401,2호선,동대문역사문화공원(DDP),339444,56929,386982,61475,20240203
202401,2호선,을지로4가,310293,79554,315520,78865,20240203
202401,2호선,을지로3가,646849,75236,641497,73607,20240203
202401,2호선,을지로입구,1283294,106398,1325242,99492,20240203
202401,2호선,시청,690174,59924,656509,54634,20240203
202401,2호선,신당,337710,91909,362225,94375,20240203
202401,2호선,홍대입구,1991465,98818,2128120,96148,20240203
202401,2호선,신촌,966614,124680,992115,122371,20240203
202401,2호선,이대,366576,48964,399399,51369,20240203
202401,2호선,아현,239238,63979,222034,62696,20240203
202401,2호선,충정로(경기대입구),245730,46594,259953,47367,20240203
202401,2호선,용답,64603,16899,63771,16874,20240203
202401,2호선,신답,36970,9185,42391,9875,20240203
202401,2호선,신설동,78189,32428,75580,33885,20240203
202401,2호선,도림천,29092,7262,30520,8315,20240203
202401,3호선,독립문,143197,68308,148186,68327,20240203
202401,3호선,안국,613012,97136,631414,102426,20240203
202401,3호선,종로3가,244255,65479,283806,73314,20240203
202401,3호선,을지로3가,289895,51880,297484,49012,20240203
202401,3호선,충무로,53,2,0,0,20240203
202401,3호선,동대입구,237073,36675,257304,40557,20240203
202401,3호선,약수,290708,82330,284456,77849,20240203
202401,3호선,금호,179545,54881,165817,53857,20240203
202401,3호선,옥수,196310,58117,205101,58827,20240203
202401,3호선,압구정,794232,137505,864258,135690,20240203
202401,3호선,신사,763764,71584,796886,68786,20240203
202401,3호선,잠원,110170,31646,105441,30265,20240203
202401,3호선,고속터미널,1214149,210035,1143220,196620,20240203
202401,3호선,교대(법원.검찰청),390270,85549,233337,48723,20240203
202401,3호선,남부터미널(예술의전당),756016,122191,762335,121500,20240203
202401,3호선,양재(서초구청),918279,150832,1000930,151902,20240203
202401,3호선,매봉,286091,72201,278360,67574,20240203
202401,3호선,도곡,119912,25667,127895,25141,20240203
202401,3호선,대치,309810,72414,298081,69844,20240203
202401,3호선,학여울,48093,15238,49129,15104,20240203
202401,3호선,대청,239043,63020,226171,61390,20240203
202401,3호선,일원,244946,71193,237125,70756,20240203
202401,3호선,수서,431049,117119,439362,114934,20240203
202401,3호선,가락시장,185500,81691,182225,79890,20240203
202401,3호선,경찰병원,173406,44776,172522,46686,20240203
202401,3호선,오금,158082,33185,142294,31595,20240203
202401,3호선,지축,169127,34168,167033,33362,20240203
202401,3호선,구파발,493931,126052,480892,120679,20240203
202401,3호선,연신내,740140,255700,710045,247999,20240203
202401,3호선,불광,333633,139359,353424,152841,20240203
202401,3호선,녹번,366276,79633,328345,78786,20240203
202401,3호선,홍제,373343,145029,350519,143967,20240203
202401,3호선,무악재,95599,31269,91724,33512,20240203
202401,3호선,경복궁(정부서울청사),582475,86247,592194,83346,20240203
202401,4호선,혜화,939621,140571,950875,138468,20240203
202401,4호선,동대문,403895,145826,427206,142359,20240203
202401,4호선,회현(남대문시장),564629,185475,592826,184527,20240203
202401,4호선,명동,787193,74889,838006,77179,20240203
202401,4호선,총신대입구(이수),406934,153128,449243,159870,20240203
202401,4호선,동작(현충원),23417,11836,27373,12269,20240203
202401,4호선,사당,669885,100639,585798,104531,20240203
202401,4호선,이촌(국립중앙박물관),210138,48733,228785,51486,20240203
202401,4호선,신용산,507131,55575,535822,56014,20240203
202401,4호선,삼각지,163770,25247,189976,26866,20240203
202401,4호선,숙대입구(갈월),339926,55421,335596,51984,20240203
202401,4호선,서울역,313439,40845,551280,53210,20240203
202401,4호선,남태령,29658,8368,24561,7722,20240203
202401,4호선,당고개,202957,73158,168403,71784,20240203
202401,4호선,상계,433619,123239,395552,119227,20240203
202401,4호선,노원,684286,165286,773234,170026,20240203
202401,4호선,창동,549509,225190,578862,230994,20240203
202401,4호선,쌍문,665037,176264,608478,175005,20240203
202401,4호선,수유(강북구청),780747,196347,787686,197363,20240203
202401,4호선,미아(서울사이버대학),314901,118527,300131,120619,20240203
202401,4호선,미아사거리,588366,187377,580313,187119,20240203
202401,4호선,길음,481111,121560,469258,122347,20240203
202401,4호선,성신여대입구(돈암),503295,89304,490266,87965,20240203
202401,4호선,한성대입구(삼선교),299458,71805,292181,70918,20240203
202401,4호선,동대문역사문화공원(DDP),455960,63193,400897,56260,20240203
202401,4호선,충무로,689169,119640,713839,121747,20240203
202401,5호선,군자(능동),295085,43420,328109,46694,20240203
202401,5호선,아차산(어린이대공원후문),319095,101787,315273,99203,20240203
202401,5호선,광나루(장신대),319090,74909,293395,73459,20240203
202401,5호선,천호(풍납토성),435361,147211,420999,146996,20240203
202401,5호선,강동,423972,109657,413019,106966,20240203
202401,5호선,길동,163827,78975,171566,80879,20240203
202401,5호선,굽은다리(강동구민회관앞),207068,81232,200422,76809,20240203
202401,5호선,명일,189506,72879,193841,75764,20240203
202401,5호선,고덕,224199,77612,222278,75712,20240203
202401,5호선,상일동,328416,92722,312147,91143,20240203
202401,5호선,둔촌동,188465,68374,189141,69138,20240203
202401,5호선,올림픽공원(한국체대),94770,37107,81253,33306,20240203
202401,5호선,방이,171219,52089,176722,52757,20240203
202401,5호선,오금,81122,23200,81208,21931,20240203
202401,5호선,개롱,132872,52552,140263,54539,20240203
202401,5호선,거여,221285,68459,216691,66666,20240203
202401,5호선,마천,156042,59128,138550,59751,20240203
202401,5호선,강일,121243,43225,109670,41723,20240203
202401,5호선,미사,429875,86867,438476,86336,20240203
202401,5호선,하남풍산,98947,33051,99617,32576,20240203
202401,5호선,하남시청(덕풍?신장),161006,75976,149950,76361,20240203
202401,5호선,하남검단산,142545,53307,134246,52480,20240203
202401,5호선,신금호,143053,38786,149374,43594,20240203
202401,5호선,까치산,658186,159475,630592,161711,20240203
202401,5호선,신정(은행정),323908,64811,263485,62766,20240203
202401,5호선,목동,391589,86605,425099,88620,20240203
202401,5호선,오목교(목동운동장앞),539160,91737,570597,91338,20240203
202401,5호선,양평,188320,31110,185641,30959,20240203
202401,5호선,영등포구청,109009,21362,108157,20825,20240203
202401,5호선,영등포시장,255718,81022,262550,81717,20240203
202401,5호선,신길,123830,12242,129042,12990,20240203
202401,5호선,여의도,770195,58013,806244,54969,20240203
202401,5호선,여의나루,277110,28008,322651,26962,20240203
202401,5호선,마포,361559,64893,372120,65077,20240203
202401,5호선,공덕,359580,50063,381547,47787,20240203
202401,5호선,애오개,155385,39368,155600,38140,20240203
202401,5호선,충정로(경기대입구),114277,15266,116547,15384,20240203
202401,5호선,서대문,484258,73672,493664,69376,20240203
202401,5호선,광화문(세종문화회관),885626,89149,912811,86019,20240203
202401,5호선,종로3가,330861,96315,319420,96674,20240203
202401,5호선,을지로4가,139558,44319,141816,42919,20240203
202401,5호선,동대문역사문화공원(DDP),79426,8898,90799,9645,20240203
202401,5호선,청구,87593,24710,85240,19999,20240203
202401,5호선,행당,183802,51812,164059,47271,20240203
202401,5호선,왕십리(성동구청),107493,25563,127885,25639,20240203
202401,5호선,마장,125003,45332,115885,44420,20240203
202401,5호선,답십리,378381,87600,341555,84567,20240203
202401,5호선,장한평,453711,99900,450168,102099,20240203
202401,5호선,화곡,679221,151468,632635,145778,20240203
202401,5호선,우장산,318504,96842,313782,100664,20240203
202401,5호선,발산,551183,109828,576908,105892,20240203
202401,5호선,마곡,297905,48411,300719,47013,20240203
202401,5호선,송정,137455,49627,129938,47717,20240203
202401,5호선,김포공항,239703,45422,187983,41974,20240203
202401,5호선,개화산,132376,41131,126162,40579,20240203
202401,5호선,방화,147587,55433,139683,54415,20240203
202401,6호선,마포구청,331748,79816,301104,73264,20240203
202401,6호선,망원,366749,81147,395048,85167,20240203
202401,6호선,합정,367202,40845,358221,36278,20240203
202401,6호선,상수,270938,21608,305702,21785,20240203
202401,6호선,광흥창(서강),213017,51327,205417,50891,20240203
202401,6호선,대흥(서강대앞),200803,45544,210863,45460,20240203
202401,6호선,공덕,463267,79698,448975,75075,20240203
202401,6호선,효창공원앞,170379,37920,151875,35308,20240203
202401,6호선,삼각지,191895,21694,171782,17955,20240203
202401,6호선,녹사평(용산구청),127569,17618,130328,17497,20240203
202401,6호선,이태원,307008,31481,321461,31788,20240203
202401,6호선,한강진,263726,17624,304700,16812,20240203
202401,6호선,버티고개,47820,13576,47176,15294,20240203
202401,6호선,약수,86532,22600,85079,21967,20240203
202401,6호선,청구,89696,19716,87350,22426,20240203
202401,6호선,역촌,77449,33607,97995,33943,20240203
202401,6호선,응암,388443,120587,386559,121162,20240203
202401,6호선,신당,219376,39313,223707,38480,20240203
202401,6호선,동묘앞,174888,67734,180892,62552,20240203
202401,6호선,창신,78063,19614,62136,18354,20240203
202401,6호선,보문,190367,31260,175969,29716,20240203
202401,6호선,안암(고대병원앞),270968,40227,274471,39303,20240203
202401,6호선,신내,7,0,0,0,20240203
202401,6호선,고려대(종암),195205,35331,187786,34475,20240203
202401,6호선,월곡(동덕여대),261878,69505,256967,69250,20240203
202401,6호선,상월곡(한국과학기술연구원),140261,41020,123402,39916,20240203
202401,6호선,돌곶이,225711,65935,203559,64938,20240203
202401,6호선,석계,271220,80337,281212,80226,20240203
202401,6호선,태릉입구,131745,34644,142671,35262,20240203
202401,6호선,화랑대(서울여대입구),278179,49583,213125,44508,20240203
202401,6호선,봉화산(서울의료원),205155,50922,191897,49910,20240203
202401,6호선,불광,93415,42031,93342,34376,20240203
202401,6호선,독바위,59899,20630,60230,25025,20240203
202401,6호선,연신내,9,2,0,0,20240203
202401,6호선,구산,173827,55468,121818,58429,20240203
202401,6호선,새절(신사),274373,88943,251220,89198,20240203
202401,6호선,증산(명지대앞),212661,73136,211846,73690,20240203
202401,6호선,디지털미디어시티,354670,60373,395329,60861,20240203
202401,6호선,월드컵경기장(성산),75231,44984,79886,42637,20240203
202401,7호선,까치울,1,0,0,0,20240203
202401,7호선,온수(성공회대입구),221115,42289,203036,39598,20240203
202401,7호선,천왕,265193,60215,249394,60373,20240203
202401,7호선,광명사거리,441200,156588,431207,162038,20240203
202401,7호선,철산,513322,108754,521002,107953,20240203
202401,7호선,가산디지털단지,1136483,103014,1137652,97133,20240203
202401,7호선,남구로,372493,63600,390890,63421,20240203
202401,7호선,대림(구로구청),229129,45185,230665,44744,20240203
202401,7호선,신풍,247143,74396,229923,72803,20240203
202401,7호선,보라매,163627,33365,168285,34358,20240203
202401,7호선,신대방삼거리,337936,92412,321399,95510,20240203
202401,7호선,장승배기,198993,69158,192179,69928,20240203
202401,7호선,상도,261635,65148,254797,62141,20240203
202401,7호선,숭실대입구(살피재),284979,65139,284234,67380,20240203
202401,7호선,남성,251614,77403,235166,77120,20240203
202401,7호선,이수,394060,83144,382061,78333,20240203
202401,7호선,내방,339185,76789,347558,74549,20240203
202401,7호선,고속터미널,452540,78250,350531,70591,20240203
202401,7호선,반포,142760,37433,137592,35996,20240203
202401,7호선,논현,477026,46004,495398,44636,20240203
202401,7호선,학동,610545,67899,643769,64709,20240203
202401,7호선,강남구청,415805,53165,460056,53837,20240203
202401,7호선,청담,462881,79552,517103,76704,20240203
202401,7호선,뚝섬유원지,193565,43463,191268,42904,20240203
202401,7호선,건대입구,329044,65332,355252,59910,20240203
202401,7호선,어린이대공원(세종대),339203,40728,336540,40820,20240203
202401,7호선,군자(능동),362328,84902,279882,72635,20240203
202401,7호선,중곡,249011,65857,234103,66681,20240203
202401,7호선,용마산(용마폭포공원),132962,34748,126525,37866,20240203
202401,7호선,사가정,363814,102401,362995,103858,20240203
202401,7호선,면목,331157,97327,316038,100502,20240203
202401,7호선,상봉,428100,77114,410090,74196,20240203
202401,7호선,중화,240210,65860,232137,65889,20240203
202401,7호선,먹골,229691,68210,225716,70267,20240203
202401,7호선,태릉입구,202697,44532,191037,40772,20240203
202401,7호선,공릉(서울과학기술대),266514,74442,263370,75004,20240203
202401,7호선,하계,399637,114350,371476,110458,20240203
202401,7호선,중계,320755,93448,290471,90207,20240203
202401,7호선,노원,564080,163734,601014,163242,20240203
202401,7호선,마들,278210,90774,256977,89443,20240203
202401,7호선,수락산,258422,97479,251522,98472,20240203
202401,7호선,장암,59800,10532,23016,7477,20240203
202401,7호선,도봉산,202532,44915,226649,64906,20240203
202401,8호선,송파,208193,67406,204953,66260,20240203
202401,8호선,가락시장,170374,68838,193349,69698,20240203
202401,8호선,문정,559460,64446,583219,64220,20240203
202401,8호선,장지,408018,84897,375360,80859,20240203
202401,8호선,복정,223710,39138,185773,35269,20240203
202401,8호선,산성,143030,35012,143091,37588,20240203
202401,8호선,남한산성입구(성남법원.검찰청),292499,77623,259920,73572,20240203
202401,8호선,단대오거리,268772,76222,262795,74896,20240203
202401,8호선,신흥,111764,42862,115618,45196,20240203
202401,8호선,수진,112144,47557,101803,46668,20240203
202401,8호선,모란,87520,57061,70852,43324,20240203
202401,8호선,남위례,166052,34046,168935,33411,20240203
202401,8호선,암사,431478,108784,376986,106854,20240203
202401,8호선,천호(풍납토성),360273,89694,427576,88497,20240203
202401,8호선,강동구청,236669,69371,246115,70148,20240203
202401,8호선,몽촌토성(평화의문),165336,35526,170630,34250,20240203
202401,8호선,잠실(송파구청),416112,82542,488334,80020,20240203
202401,8호선,석촌,186639,54496,222738,57588,20240203
202401,9호선,노들,103107,32520,83330,30234,20240203
202401,9호선,흑석(중앙대입구),190437,59041,198583,58969,20240203
202401,9호선,동작(현충원),39383,11865,32607,10834,20240203
202401,9호선,구반포,23218,10056,23715,10000,20240203
202401,9호선,신반포,87520,27653,86552,27664,20240203
202401,9호선,고속터미널,362164,67354,507320,79288,20240203
202401,9호선,신논현,880428,56189,872393,54784,20240203
202401,9호선,사평,89599,23890,86780,23987,20240203
202401,9호선,개화,65529,11883,43219,9073,20240203
202401,9호선,김포공항,201654,19390,289745,25276,20240203
202401,9호선,공항시장,64495,24044,69431,26071,20240203
202401,9호선,신방화,151920,50920,149529,51198,20240203
202401,9호선,마곡나루(서울식물원),357310,37497,353395,36227,20240203
202401,9호선,양천향교,237173,47707,243552,47459,20240203
202401,9호선,가양,501992,137960,487805,135728,20240203
202401,9호선,증미,190342,38015,182732,37982,20240203
202401,9호선,등촌,263034,87291,252841,87222,20240203
202401,9호선,염창,436716,78083,420617,76995,20240203
202401,9호선,신목동,100369,24791,87566,23695,20240203
202401,9호선,선유도,222838,31460,211485,30826,20240203
202401,9호선,당산,491120,72097,492046,66915,20240203
202401,9호선,국회의사당,414235,60739,431264,54098,20240203
202401,9호선,여의도,782931,54716,746669,50761,20240203
202401,9호선,샛강,156872,29568,158785,29304,20240203
202401,9호선,노량진,667799,90213,658248,89837,20240203
202401,9호선2~3단계,석촌,231362,42455,207751,38001,20240203
202401,9호선2~3단계,중앙보훈병원,256497,84209,216615,81879,20240203
202401,9호선2~3단계,둔촌오륜,21914,7048,21544,7424,20240203
202401,9호선2~3단계,올림픽공원(한국체대),189522,29432,189794,29181,20240203
202401,9호선2~3단계,한성백제,69924,17778,62928,16000,20240203
202401,9호선2~3단계,송파나루,138002,30704,147865,32180,20240203
202401,9호선2~3단계,석촌고분,166363,42640,163585,42289,20240203
202401,9호선2~3단계,삼전,187197,41443,176733,40664,20240203
202401,9호선2~3단계,종합운동장,122965,21059,123806,19823,20240203
202401,9호선2~3단계,봉은사,529251,55026,549723,52657,20240203
202401,9호선2~3단계,삼성중앙,192127,28344,201547,27782,20240203
202401,9호선2~3단계,선정릉,250001,28517,269115,28896,20240203
202401,9호선2~3단계,언주,303913,32767,309218,32407,20240203
202401,경강선,삼동,57269,14431,52382,14466,20240203
202401,경강선,이매,26940,7188,22365,6887,20240203
202401,경강선,판교,155875,22763,155187,19756,20240203
202401,경강선,세종대왕릉,6572,3404,6326,3361,20240203
202401,경강선,여주,60361,17817,58277,17730,20240203
202401,경강선,초월,83884,16028,78319,15559,20240203
202401,경강선,곤지암,57945,13717,54709,13474,20240203
202401,경강선,신둔도예촌,34475,8369,31772,7993,20240203
202401,경강선,이천,70798,14535,74058,15166,20240203
202401,경강선,부발,55985,9522,53990,9318,20240203
202401,경강선,경기광주,196807,34217,182653,34290,20240203
202401,경부선,신도림,85281,23734,85925,27708,20240203
202401,경부선,신길,205625,45477,171038,41510,20240203
202401,경부선,구로,406596,103327,419107,100235,20240203
202401,경부선,가산디지털단지,433957,38390,498563,42700,20240203
202401,경부선,금천구청,241118,79372,242193,81088,20240203
202401,경부선,석수,207511,48459,187890,46469,20240203
202401,경부선,관악,160348,54165,152524,53090,20240203
202401,경부선,안양,491045,121600,488109,125227,20240203
202401,경부선,명학,199991,42858,195492,41969,20240203
202401,경부선,금정,680324,127696,690178,128848,20240203
202401,경부선,군포,165419,38443,162754,37468,20240203
202401,경부선,의왕,214496,44850,211329,44549,20240203
202401,경부선,성균관대,366504,58966,364002,59393,20240203
202401,경부선,화서,283817,51291,277417,50111,20240203
202401,경부선,수원,968568,155266,1018753,157767,20240203
202401,경부선,독산,427509,69119,440358,71228,20240203
202401,경부선,세류,81742,16260,74376,16008,20240203
202401,경부선,병점,356988,70092,355767,69938,20240203
202401,경부선,세마,75269,16425,71004,15336,20240203
202401,경부선,오산대,86151,16235,80685,15724,20240203
202401,경부선,오산,247636,49886,248816,50554,20240203
202401,경부선,진위,38621,9273,34183,8919,20240203
202401,경부선,송탄,110591,21055,112065,20784,20240203
202401,경부선,서정리,212859,35669,200132,34567,20240203
202401,경부선,평택지제,122514,13730,116002,13591,20240203
202401,경부선,당정,138620,31951,131915,30554,20240203
202401,경부선,평택,315379,67176,313089,66201,20240203
202401,경부선,직산,22165,4841,21905,4627,20240203
202401,경부선,성환,89395,19852,88909,19552,20240203
202401,경부선,두정,167578,27406,169178,28139,20240203
202401,경부선,천안,131939,54190,135633,53598,20240203
202401,경부선,광명,106058,11064,87121,10405,20240203
202401,경부선,서동탄,35720,7362,31410,7016,20240203
202401,경부선,서울역,292011,16638,87591,3648,20240203
202401,경부선,남영,234146,37899,244404,38951,20240203
202401,경부선,용산,1105367,132188,1102427,129829,20240203
202401,경부선,노량진,212495,45256,220698,43576,20240203
202401,경부선,대방,238487,58601,265530,60770,20240203
202401,경부선,영등포,969998,284062,994957,284629,20240203
202401,경원선,동두천중앙,51435,35255,49621,35279,20240203
202401,경원선,연천,15103,27243,14262,27545,20240203
202401,경원선,전곡,22233,13882,20320,12921,20240203
202401,경원선,청산,2127,1520,1878,1527,20240203
202401,경원선,소요산,14278,36182,13775,35151,20240203
202401,경원선,동두천,30670,17886,30631,18097,20240203
202401,경원선,보산,30258,13162,29308,12311,20240203
202401,경원선,지행,144329,44816,143522,44392,20240203
202401,경원선,덕정,126422,34341,119618,34015,20240203
202401,경원선,덕계,113676,30905,101049,29525,20240203
202401,경원선,양주,153732,53374,147383,51704,20240203
202401,경원선,녹양,88921,36417,83790,34801,20240203
202401,경원선,가능,128157,56352,121547,56141,20240203
202401,경원선,의정부,435420,117896,445690,119300,20240203
202401,경원선,회룡,225969,149714,219837,147541,20240203
202401,경원선,망월사,139493,69206,142477,70900,20240203
202401,경원선,도봉산,121204,102605,63578,79592,20240203
202401,경원선,도봉,100264,70273,94205,69585,20240203
202401,경원선,방학,176230,110580,171121,108718,20240203
202401,경원선,창동,17,2,0,0,20240203
202401,경원선,녹천,90153,35624,73640,32629,20240203
202401,경원선,월계,119213,60791,110117,58423,20240203
202401,경원선,광운대,168982,54706,159080,53527,20240203
202401,경원선,석계,156192,58735,181314,63573,20240203
202401,경원선,신이문,178009,66533,162111,64923,20240203
202401,경원선,외대앞,202052,45699,196627,46321,20240203
202401,경원선,청량리(서울시립대입구),379425,150395,380871,155138,20240203
202401,경원선,왕십리(성동구청),397788,74889,411512,76976,20240203
202401,경원선,응봉,37620,16850,32161,15464,20240203
202401,경원선,옥수,1545,165,1105,80,20240203
202401,경원선,한남,86486,29162,83202,27161,20240203
202401,경원선,서빙고,45475,17585,43319,17270,20240203
202401,경원선,이촌(국립중앙박물관),82561,30152,63312,25124,20240203
202401,경의선,수색,78624,17202,80986,17484,20240203
202401,경의선,야당,212790,40251,218479,39432,20240203
202401,경의선,탄현,187910,40040,177760,39426,20240203
202401,경의선,일산,236263,65388,230213,65686,20240203
202401,경의선,풍산,139073,39336,130297,38462,20240203
202401,경의선,백마,176398,36255,169225,36054,20240203
202401,경의선,곡산,12788,4812,13235,4952,20240203
202401,경의선,능곡,104308,32709,96146,32134,20240203
202401,경의선,행신,198095,35266,198107,36256,20240203
202401,경의선,강매,75583,17820,63212,16836,20240203
202401,경의선,한국항공대,42387,8307,38699,8040,20240203
202401,경의선,가좌,125769,44196,119394,44683,20240203
202401,경의선,서강대,51484,11528,51036,10581,20240203
202401,경의선,효창공원앞,72332,15203,82868,16908,20240203
202401,경의선,신촌,20813,3611,27550,4449,20240203
202401,경의선,서울역,107960,16554,131793,19541,20240203
202401,경의선,공덕,106827,15789,83223,14582,20240203
202401,경의선,홍대입구,56087,5341,73734,6104,20240203
202401,경의선,디지털미디어시티,66697,12275,59637,12667,20240203
202401,경의선,계양,5,0,0,0,20240203
202401,경의선,검암,0,1,0,0,20240203
202401,경의선,운천,81,108,19,99,20240203
202401,경의선,임진강,261,216,233,244,20240203
202401,경의선,문산,114445,41536,111721,41485,20240203
202401,경의선,파주,25262,6566,18878,5544,20240203
202401,경의선,월롱,49460,8388,42689,8704,20240203
202401,경의선,금촌,145539,45552,141613,45980,20240203
202401,경의선,금릉,125485,29544,118881,29124,20240203
202401,경의선,운정,170764,40696,155445,39234,20240203
202401,경인선,역곡,588114,153665,584872,158897,20240203
202401,경인선,부천,702477,225745,703210,228267,20240203
202401,경인선,송내,626428,125644,610837,123752,20240203
202401,경인선,백운,150768,59858,144341,59690,20240203
202401,경인선,인천,71300,30324,52411,26857,20240203
202401,경인선,구일,126541,44577,127237,43798,20240203
202401,경인선,소사,159521,61492,152196,59014,20240203
202401,경인선,부개,180012,68228,164769,66713,20240203
202401,경인선,간석,120867,46184,114519,44749,20240203
202401,경인선,도원,51174,29070,50834,30240,20240203
202401,경인선,온수(성공회대입구),121382,49610,114782,48464,20240203
202401,경인선,중동,189164,73867,174811,72945,20240203
202401,경인선,도화,78710,40144,72119,39123,20240203
202401,경인선,동암,347359,106025,346644,107023,20240203
202401,경인선,주안,441839,95094,397293,85699,20240203
202401,경인선,제물포,221235,66506,209542,65369,20240203
202401,경인선,동인천,292344,114129,273588,111651,20240203
202401,경인선,오류동,238836,90570,222995,89020,20240203
202401,경인선,부평,714813,150905,756940,154203,20240203
202401,경인선,개봉,459115,161125,447656,167616,20240203
202401,경춘선,사릉,44829,14086,43146,14152,20240203
202401,경춘선,신내,47606,17927,43119,17628,20240203
202401,경춘선,갈매,64021,20446,53906,19175,20240203
202401,경춘선,별내,69709,22205,66764,20725,20240203
202401,경춘선,퇴계원,72277,28556,66347,27048,20240203
202401,경춘선,춘천,24393,14405,21754,12194,20240203
202401,경춘선,남춘천,53979,23622,54922,24308,20240203
202401,경춘선,김유정,6608,3338,6584,3396,20240203
202401,경춘선,강촌,7472,3660,7126,3547,20240203
202401,경춘선,백양리,11015,1207,8585,1203,20240203
202401,경춘선,굴봉산,2277,1328,3118,1303,20240203
202401,경춘선,가평,39373,13061,38873,12544,20240203
202401,경춘선,상천,3552,3466,3066,3305,20240203
202401,경춘선,청평,34015,16754,32146,16549,20240203
202401,경춘선,대성리,13747,5007,12655,4544,20240203
202401,경춘선,마석,72600,32759,70154,32590,20240203
202401,경춘선,천마산,26027,17082,22826,17200,20240203
202401,경춘선,평내호평,123960,45576,121865,43921,20240203
202401,경춘선,금곡,24943,15242,24273,14522,20240203
202401,공항철도 1호선,서울역,339662,34908,315864,31199,20240203
202401,공항철도 1호선,청라국제도시,200923,14341,189496,14018,20240203
202401,공항철도 1호선,검암,174451,16567,177275,16831,20240203
202401,공항철도 1호선,계양,346353,35907,327279,34092,20240203
202401,공항철도 1호선,김포공항,291796,23775,156945,14473,20240203
202401,공항철도 1호선,마곡나루(서울식물원),294842,17365,280399,17442,20240203
202401,공항철도 1호선,디지털미디어시티,376407,30235,352012,28782,20240203
202401,공항철도 1호선,홍대입구,415901,20330,409457,18638,20240203
202401,공항철도 1호선,공덕,75363,8660,104993,10713,20240203
202401,공항철도 1호선,영종,97294,20296,97702,20176,20240203
202401,공항철도 1호선,인천공항2터미널,187698,17572,163269,15462,20240203
202401,공항철도 1호선,인천공항1터미널,372023,33033,363875,30559,20240203
202401,공항철도 1호선,공항화물청사,50828,10064,55282,9735,20240203
202401,공항철도 1호선,운서,236001,29479,250510,30038,20240203
202401,과천선,평촌,433775,70261,420316,69258,20240203
202401,과천선,인덕원,596483,123283,613026,128108,20240203
202401,과천선,정부과천청사,271459,57613,284837,57329,20240203
202401,과천선,과천,143529,47342,131974,44934,20240203
202401,과천선,대공원,52970,30723,54809,31962,20240203
202401,과천선,경마공원,91460,71885,92282,71802,20240203
202401,과천선,선바위,193629,33857,165539,32816,20240203
202401,과천선,범계,674694,118382,674765,116714,20240203
202401,분당선,개포동,104290,32643,107091,33618,20240203
202401,분당선,상갈,124412,32150,118687,31506,20240203
202401,분당선,정자,460823,71698,484124,71346,20240203
202401,분당선,미금,334066,112163,350756,117420,20240203
202401,분당선,오리,262314,74751,219446,65335,20240203
202401,분당선,수서,364609,70868,372858,74041,20240203
202401,분당선,대모산입구,134503,37982,125946,37374,20240203
202401,분당선,구룡,61522,24791,61078,24740,20240203
202401,분당선,기흥,247742,45107,226344,43358,20240203
202401,분당선,신갈,106758,30007,104805,30017,20240203
202401,분당선,구성,104801,36998,111608,37611,20240203
202401,분당선,죽전,306552,72045,342773,77341,20240203
202401,분당선,보정,55163,20698,47961,19667,20240203
202401,분당선,선릉,326891,48874,509500,65590,20240203
202401,분당선,도곡,166855,54484,159573,51543,20240203
202401,분당선,한티,419170,73811,432758,75281,20240203
202401,분당선,서현,607358,134222,622666,129866,20240203
202401,분당선,야탑,586538,159859,621602,162216,20240203
202401,분당선,모란,429236,172871,426888,188094,20240203
202401,분당선,태평,297793,93752,276415,97077,20240203
202401,분당선,가천대,177019,27846,190663,29088,20240203
202401,분당선,이매,124134,41412,121131,41124,20240203
202401,분당선,선정릉,184209,32795,193584,32196,20240203
202401,분당선,강남구청,237205,39274,274809,42760,20240203
202401,분당선,압구정로데오,531541,48737,591715,47271,20240203
202401,분당선,서울숲,317935,29378,328479,28902,20240203
202401,분당선,수원,207520,33900,186980,30152,20240203
202401,분당선,복정,28,4,0,0,20240203
202401,분당선,수내,336655,77415,337402,76283,20240203
202401,분당선,망포,403324,42901,386177,41616,20240203
202401,분당선,영통,224526,35038,224951,35038,20240203
202401,분당선,청명,109491,21631,104754,21642,20240203
202401,분당선,매교,116411,25855,115817,26250,20240203
202401,분당선,수원시청,357801,48800,392560,50085,20240203
202401,분당선,매탄권선,128129,24403,124290,23374,20240203
202401,서해선,부천종합운동장,62064,7312,50136,5908,20240203
202401,서해선,원종,94066,36835,95072,38308,20240203
202401,서해선,김포공항,85198,10740,100849,15164,20240203
202401,수인선,인천,17787,12695,32251,16441,20240203
202401,수인선,오목천,90617,16494,79103,16228,20240203
202401,수인선,고색,128989,19951,120078,18481,20240203
202401,수인선,신포,35582,14556,36579,14656,20240203
202401,수인선,숭의,84792,30893,77947,29518,20240203
202401,수인선,인하대,142799,29791,133500,28345,20240203
202401,수인선,송도,47592,23442,42326,22067,20240203
202401,수인선,연수,104527,34200,103734,34609,20240203
202401,수인선,원인재,93920,34059,96163,34414,20240203
202401,수인선,남동인더스파크,51973,7425,58810,7458,20240203
202401,수인선,호구포,86940,22960,90558,22548,20240203
202401,수인선,인천논현,118341,35904,127228,36253,20240203
202401,수인선,소래포구,93836,45444,86698,44221,20240203
202401,수인선,월곶,63053,19371,55854,18866,20240203
202401,수인선,달월,1965,1055,1335,546,20240203
202401,수인선,사리,123430,20146,103930,18258,20240203
202401,수인선,야목,8222,2608,6639,2278,20240203
202401,수인선,어천,28602,7165,27116,7694,20240203
202401,신림선,대방,64950,18318,50943,15588,20240203
202401,신림선,서울지방병무청,60606,24087,66052,26206,20240203
202401,신림선,보라매,88063,24267,82537,22115,20240203
202401,신림선,보라매공원,43266,15947,46970,17135,20240203
202401,신림선,보라매병원,160588,55717,169555,54868,20240203
202401,신림선,당곡,98738,36831,97626,36933,20240203
202401,신림선,신림,35297,15855,51238,19430,20240203
202401,신림선,서원,77411,24808,67942,23974,20240203
202401,신림선,서울대벤처타운,212275,65953,196302,66065,20240203
202401,신림선,관악산(서울대),49186,28031,48999,28001,20240203
202401,신림선,샛강,64109,14201,76031,13488,20240203
202401,안산선,정왕,219413,29365,225106,30802,20240203
202401,안산선,수리산,82843,31308,65645,29496,20240203
202401,안산선,오이도,194513,32877,191551,32545,20240203
202401,안산선,산본,370322,109335,398849,110877,20240203
202401,안산선,대야미,112036,30938,97651,28783,20240203
202401,안산선,반월,91175,31345,86621,30961,20240203
202401,안산선,상록수,356475,71428,361044,72552,20240203
202401,안산선,한대앞,213266,42108,212481,43985,20240203
202401,안산선,중앙,474766,67831,500441,66704,20240203
202401,안산선,고잔,217633,38185,206992,37255,20240203
202401,안산선,초지,127157,18983,125545,18794,20240203
202401,안산선,안산,317833,38877,294114,36383,20240203
202401,안산선,신길온천,46612,9700,41901,9263,20240203
202401,우이신설선,보문,29639,16095,29929,15764,20240203
202401,우이신설선,북한산우이,49068,33116,41100,34292,20240203
202401,우이신설선,솔밭공원,47169,29017,41739,29927,20240203
202401,우이신설선,4.19민주묘지,49600,34881,45946,31632,20240203
202401,우이신설선,가오리,73714,51352,71314,52950,20240203
202401,우이신설선,화계,58504,44998,52597,45629,20240203
202401,우이신설선,삼양,31606,27283,31678,30279,20240203
202401,우이신설선,삼양사거리,37328,36910,38041,36640,20240203
202401,우이신설선,솔샘,132603,41307,119834,43223,20240203
202401,우이신설선,북한산보국문,134970,45957,127440,46226,20240203
202401,우이신설선,정릉,90769,47637,82311,45251,20240203
202401,우이신설선,성신여대입구(돈암),71436,30807,84552,30321,20240203
202401,우이신설선,신설동,34264,31978,34406,28064,20240203
202401,일산선,원흥,266953,63510,252718,61231,20240203
202401,일산선,백석,217576,75015,220301,74470,20240203
202401,일산선,지축,19,2,0,0,20240203
202401,일산선,삼송,462610,95522,440177,96856,20240203
202401,일산선,원당,237961,79548,222368,78769,20240203
202401,일산선,화정,380466,122369,394552,124684,20240203
202401,일산선,대곡,64611,11337,47797,9650,20240203
202401,일산선,대화,293931,80797,227261,74359,20240203
202401,일산선,주엽,187563,91510,186922,94143,20240203
202401,일산선,정발산,163340,52304,169597,49084,20240203
202401,일산선,마두,155618,69862,158985,71267,20240203
202401,장항선,아산,100584,13296,88502,12356,20240203
202401,장항선,쌍용(나사렛대),51456,14554,48813,13795,20240203
202401,장항선,봉명,28521,11635,28693,11083,20240203
202401,장항선,신창(순천향대),25732,5945,25695,5356,20240203
202401,장항선,온양온천,84322,62871,85035,63448,20240203
202401,장항선,배방,29227,6829,28705,6514,20240203
202401,장항선,탕정,38046,6308,35116,5956,20240203
202401,중앙선,도심,47365,18274,35583,16887,20240203
202401,중앙선,덕소,110921,44829,106839,44146,20240203
202401,중앙선,양정,9685,5165,7895,4451,20240203
202401,중앙선,도농,243669,65728,227598,64609,20240203
202401,중앙선,구리,294965,84265,300836,84547,20240203
202401,중앙선,양원,61431,21193,59408,20705,20240203
202401,중앙선,망우,149045,70395,141783,71194,20240203
202401,중앙선,상봉,127333,40088,125648,39640,20240203
202401,중앙선,중랑,110363,48404,106610,47971,20240203
202401,중앙선,회기,584023,119730,561307,117839,20240203
202401,중앙선,지평,649,810,759,792,20240203
202401,중앙선,용문,28201,30382,28425,30275,20240203
202401,중앙선,원덕,4598,4778,4271,4569,20240203
202401,중앙선,오빈,4592,3744,4262,3858,20240203
202401,중앙선,양평,61115,30353,60825,30829,20240203
202401,중앙선,아신,9016,7510,8890,7421,20240203
202401,중앙선,국수,10636,8450,10425,8666,20240203
202401,중앙선,신원,2390,2642,2116,2187,20240203
202401,중앙선,양수,31876,18628,31413,18369,20240203
202401,중앙선,운길산,10385,6928,9545,7127,20240203
202401,중앙선,팔당,16250,7984,17579,7749,20240203
