사용월,호선명,지하철역,유임승차인원,무임승차인원,유임하차인원,무임하차인원,작업일자
202312,1호선,신설동,289402,120282,276992,116775,20240103
202312,1호선,종로3가,488467,310689,450427,286850,20240103
202312,1호선,동대문,236114,128542,228110,127639,20240103
202312,1호선,서울역,1442704,211843,1404121,203808,20240103
202312,1호선,시청,696784,99882,684254,98107,20240103
202312,1호선,종각,1010849,162696,985165,152064,20240103
202312,1호선,종로5가,483866,246504,476917,239266,20240103
202312,1호선,동묘앞,144443,146515,150931,148571,20240103
202312,1호선,청량리(서울시립대입구),380606,274847,372443,276209,20240103
202312,1호선,제기동,231358,256218,219338,272510,20240103
202312,2호선,을지로4가,317873,77737,326029,77350,20240103
202312,2호선,왕십리(성동구청),422889,55587,379790,49671,20240103
202312,2호선,상왕십리,353125,69110,340449,69442,20240103
202312,2호선,신당,346163,93120,372336,95854,20240103
202312,2호선,동대문역사문화공원(DDP),397184,59972,470844,64609,20240103
202312,2호선,을지로3가,649983,78399,636802,76370,20240103
202312,2호선,잠실나루,336712,91495,323745,90966,20240103
202312,2호선,강변(동서울터미널),836412,123772,791150,118326,20240103
202312,2호선,삼성(무역센터),1547955,128153,1528549,117439,20240103
202312,2호선,선릉,1301816,226642,1146995,198162,20240103
202312,2호선,역삼,1171020,150688,1334723,153741,20240103
202312,2호선,강남,2147804,167806,2103543,145911,20240103
202312,2호선,교대(법원.검찰청),698451,155703,849482,188110,20240103
202312,2호선,서초,540940,97642,515045,97923,20240103
202312,2호선,방배,404154,80096,419595,79508,20240103
202312,2호선,사당,1022015,238624,1129342,224078,20240103
202312,2호선,낙성대(강감찬),697376,109130,663721,111635,20240103
202312,2호선,서울대입구(관악구청),1171481,181344,1139798,171398,20240103
202312,2호선,봉천,548024,152147,500084,150810,20240103
202312,2호선,신림,1416606,208689,1350430,206669,20240103
202312,2호선,신대방,617971,129595,588536,130197,20240103
202312,2호선,구로디지털단지,1430091,196977,1403831,196563,20240103
202312,2호선,대림(구로구청),584957,132813,597963,136621,20240103
202312,2호선,신도림,1264678,233371,1257867,221381,20240103
202312,2호선,문래,548232,88254,567077,88222,20240103
202312,2호선,영등포구청,515106,103404,535201,102121,20240103
202312,2호선,당산,452274,60369,526081,65450,20240103
202312,2호선,합정,936774,72107,1031529,72715,20240103
202312,2호선,홍대입구,2177364,103855,2372022,101215,20240103
202312,2호선,신촌,1037856,126570,1067467,125203,20240103
202312,2호선,이대,424899,49726,461817,52003,20240103
202312,2호선,아현,254011,64701,234003,63158,20240103
202312,2호선,충정로(경기대입구),242585,48041,258721,48351,20240103
202312,2호선,용답,69934,17181,68523,16910,20240103
202312,2호선,신답,37179,9504,41423,10469,20240103
202312,2호선,신설동,81506,33233,77976,35341,20240103
202312,2호선,도림천,27700,7578,29130,8700,20240103
202312,2호선,양천구청,147190,51800,155538,52999,20240103
202312,2호선,신정네거리,227327,76010,232500,77880,20240103
202312,2호선,용두(동대문구청),49941,23920,48368,24727,20240103
202312,2호선,시청,697558,61727,629317,56189,20240103
202312,2호선,을지로입구,1399572,119872,1418244,110914,20240103
202312,2호선,구의(광진구청),613573,108726,592710,109469,20240103
202312,2호선,건대입구,1045524,98723,1115033,102276,20240103
202312,2호선,성수,1149979,102429,1264676,103810,20240103
202312,2호선,뚝섬,659564,61554,693655,61652,20240103
202312,2호선,종합운동장,240493,48865,264095,50666,20240103
202312,2호선,잠실새내,591563,116613,597566,114943,20240103
202312,2호선,잠실(송파구청),2407622,230837,2389008,222781,20240103
202312,2호선,한양대,292705,13543,319697,14494,20240103
202312,3호선,학여울,57930,19968,59665,19590,20240103
202312,3호선,오금,151504,34021,135449,32463,20240103
202312,3호선,경찰병원,166800,44494,164920,46010,20240103
202312,3호선,가락시장,189770,86300,188625,84339,20240103
202312,3호선,수서,441466,120331,449863,118324,20240103
202312,3호선,일원,244148,72596,233891,72140,20240103
202312,3호선,대청,244341,64490,227668,62079,20240103
202312,3호선,종로3가,245424,66515,295038,76545,20240103
202312,3호선,을지로3가,292581,52428,301563,49951,20240103
202312,3호선,충무로,65,2,0,0,20240103
202312,3호선,동대입구,277700,41327,305286,44929,20240103
202312,3호선,약수,303511,85232,294770,80290,20240103
202312,3호선,금호,181440,56710,165407,55162,20240103
202312,3호선,옥수,198591,60429,205147,60527,20240103
202312,3호선,압구정,813866,142238,890821,142509,20240103
202312,3호선,신사,774933,72859,815465,70918,20240103
202312,3호선,잠원,115238,32390,109019,31069,20240103
202312,3호선,고속터미널,1354909,227210,1310489,212720,20240103
202312,3호선,교대(법원.검찰청),386297,91509,227187,49808,20240103
202312,3호선,남부터미널(예술의전당),744620,128952,756175,129745,20240103
202312,3호선,양재(서초구청),888586,162979,976681,163551,20240103
202312,3호선,매봉,279257,74088,272947,70113,20240103
202312,3호선,도곡,119172,27094,125137,27530,20240103
202312,3호선,대치,259286,74045,257014,71719,20240103
202312,3호선,지축,168554,35658,164687,33968,20240103
202312,3호선,구파발,502327,129356,491819,124238,20240103
202312,3호선,연신내,763903,262648,725202,254466,20240103
202312,3호선,불광,343882,142735,365334,157449,20240103
202312,3호선,녹번,373015,81300,330825,79913,20240103
202312,3호선,홍제,389802,148093,367603,146927,20240103
202312,3호선,무악재,94699,32569,91152,34379,20240103
202312,3호선,독립문,152460,68384,156813,68125,20240103
202312,3호선,경복궁(정부서울청사),656807,94522,674328,92637,20240103
202312,3호선,안국,648087,101717,674970,107150,20240103
202312,4호선,동대문역사문화공원(DDP),519121,65960,457498,58992,20240103
202312,4호선,남태령,32263,8694,24919,7963,20240103
202312,4호선,사당,684086,111639,623156,120758,20240103
202312,4호선,총신대입구(이수),410715,154500,454252,162193,20240103
202312,4호선,동작(현충원),23176,11311,27385,11718,20240103
202312,4호선,이촌(국립중앙박물관),216951,48881,233721,51355,20240103
202312,4호선,신용산,513125,58577,547699,58745,20240103
202312,4호선,삼각지,168070,26371,200031,28509,20240103
202312,4호선,숙대입구(갈월),383247,57577,373096,54088,20240103
202312,4호선,서울역,314210,42208,596767,55589,20240103
202312,4호선,회현(남대문시장),630621,197724,669249,197751,20240103
202312,4호선,명동,1015744,89184,1136453,94635,20240103
202312,4호선,충무로,738133,125178,763096,127089,20240103
202312,4호선,동대문,423888,148462,445673,144625,20240103
202312,4호선,혜화,1069953,139521,1084767,137680,20240103
202312,4호선,한성대입구(삼선교),341123,76375,330603,74404,20240103
202312,4호선,성신여대입구(돈암),567388,92850,547297,91076,20240103
202312,4호선,길음,511934,125820,499488,126195,20240103
202312,4호선,미아사거리,617678,193262,600442,192295,20240103
202312,4호선,미아(서울사이버대학),337007,118883,317259,120293,20240103
202312,4호선,수유(강북구청),818329,202718,816779,204140,20240103
202312,4호선,쌍문,681718,181269,616312,178900,20240103
202312,4호선,창동,552753,222265,582567,228061,20240103
202312,4호선,노원,579676,132026,672482,139281,20240103
202312,4호선,상계,446502,128634,406992,125381,20240103
202312,4호선,당고개,207299,76477,173514,75361,20240103
202312,5호선,거여,225042,69515,217625,67195,20240103
202312,5호선,강일,123857,44178,109649,42231,20240103
202312,5호선,방이,167736,52678,171336,52676,20240103
202312,5호선,마천,159241,59760,141661,60738,20240103
202312,5호선,오금,82482,22990,81782,21857,20240103
202312,5호선,개롱,138543,52691,143161,54431,20240103
202312,5호선,방화,148772,56409,140607,55349,20240103
202312,5호선,개화산,129539,41907,122466,41092,20240103
202312,5호선,김포공항,253098,46563,203846,43844,20240103
202312,5호선,송정,140257,50822,132010,48887,20240103
202312,5호선,신정(은행정),324496,66393,262930,63625,20240103
202312,5호선,마곡,286953,49434,290625,48133,20240103
202312,5호선,발산,546405,112427,576816,109148,20240103
202312,5호선,우장산,331077,97689,320549,101086,20240103
202312,5호선,화곡,686226,153634,632669,147124,20240103
202312,5호선,까치산,664290,162697,628899,163963,20240103
202312,5호선,오목교(목동운동장앞),539911,94502,572142,93675,20240103
202312,5호선,양평,180911,31061,176401,30757,20240103
202312,5호선,영등포구청,105133,21052,103546,20589,20240103
202312,5호선,영등포시장,255186,83576,261749,85312,20240103
202312,5호선,신길,125170,12456,129136,12969,20240103
202312,5호선,여의도,765659,60226,792548,56866,20240103
202312,5호선,여의나루,309359,29780,386743,29514,20240103
202312,5호선,마포,361841,67024,372536,66658,20240103
202312,5호선,공덕,356531,52172,378406,49599,20240103
202312,5호선,애오개,152720,38732,152463,37408,20240103
202312,5호선,충정로(경기대입구),111202,15720,112198,16234,20240103
202312,5호선,서대문,480960,72509,485639,68532,20240103
202312,5호선,광화문(세종문화회관),961480,102339,1001882,100391,20240103
202312,5호선,종로3가,359884,101957,350310,103317,20240103
202312,5호선,을지로4가,137263,43508,144023,42532,20240103
202312,5호선,동대문역사문화공원(DDP),78012,8601,91659,9736,20240103
202312,5호선,청구,87219,24964,85074,20568,20240103
202312,5호선,신금호,148386,39784,154248,44480,20240103
202312,5호선,행당,184907,53158,162672,48198,20240103
202312,5호선,왕십리(성동구청),110447,26921,135762,26978,20240103
202312,5호선,마장,132289,43584,124898,43226,20240103
202312,5호선,답십리,378775,88823,342208,85195,20240103
202312,5호선,장한평,446797,99878,441848,101919,20240103
202312,5호선,군자(능동),304011,45024,338976,49181,20240103
202312,5호선,아차산(어린이대공원후문),330224,103116,318060,101342,20240103
202312,5호선,광나루(장신대),331615,75818,306362,73014,20240103
202312,5호선,천호(풍납토성),446316,151433,430283,151313,20240103
202312,5호선,강동,420321,111875,407241,108936,20240103
202312,5호선,길동,164605,78878,171437,80327,20240103
202312,5호선,굽은다리(강동구민회관앞),213956,84772,208251,80312,20240103
202312,5호선,명일,193365,75731,194787,77593,20240103
202312,5호선,고덕,227594,77827,220598,76354,20240103
202312,5호선,상일동,328926,95299,310313,93972,20240103
202312,5호선,둔촌동,192165,71047,191205,71679,20240103
202312,5호선,올림픽공원(한국체대),123538,38090,109387,34863,20240103
202312,5호선,미사,433397,87579,437035,87214,20240103
202312,5호선,하남풍산,100760,33774,100692,33408,20240103
202312,5호선,하남시청(덕풍?신장),165134,76834,153402,76738,20240103
202312,5호선,하남검단산,153277,53289,144029,52846,20240103
202312,5호선,목동,391771,87860,416998,89505,20240103
202312,6호선,한강진,287348,18299,337444,18360,20240103
202312,6호선,신내,10,0,0,0,20240103
202312,6호선,봉화산(서울의료원),205042,50887,190926,50548,20240103
202312,6호선,화랑대(서울여대입구),298319,50392,225347,45261,20240103
202312,6호선,태릉입구,136631,34990,153504,36163,20240103
202312,6호선,석계,281337,81771,292219,81862,20240103
202312,6호선,돌곶이,232880,68623,208469,67940,20240103
202312,6호선,상월곡(한국과학기술연구원),151030,41737,134199,40204,20240103
202312,6호선,월곡(동덕여대),278243,69658,268124,69035,20240103
202312,6호선,고려대(종암),223044,36113,214337,35373,20240103
202312,6호선,안암(고대병원앞),344310,38710,340147,37694,20240103
202312,6호선,보문,198486,31872,182352,30434,20240103
202312,6호선,창신,82898,19978,67740,18853,20240103
202312,6호선,동묘앞,182932,70230,188804,64636,20240103
202312,6호선,신당,228106,39410,227766,38141,20240103
202312,6호선,청구,90544,20093,86457,22290,20240103
202312,6호선,약수,88730,22157,88889,22244,20240103
202312,6호선,버티고개,49898,14481,48083,16236,20240103
202312,6호선,이태원,350254,32436,385058,32872,20240103
202312,6호선,녹사평(용산구청),139857,18830,144479,18137,20240103
202312,6호선,삼각지,207954,22110,181983,18660,20240103
202312,6호선,효창공원앞,177835,38947,161959,35832,20240103
202312,6호선,공덕,459515,81670,445008,76543,20240103
202312,6호선,대흥(서강대앞),220628,47316,229104,47390,20240103
202312,6호선,광흥창(서강),215791,52465,207429,52034,20240103
202312,6호선,상수,298173,22805,344173,23070,20240103
202312,6호선,합정,387428,43410,381691,40218,20240103
202312,6호선,망원,375727,81236,402644,85600,20240103
202312,6호선,마포구청,336982,82902,302200,75930,20240103
202312,6호선,월드컵경기장(성산),83042,47049,88175,45438,20240103
202312,6호선,디지털미디어시티,344325,62140,381161,62711,20240103
202312,6호선,증산(명지대앞),217860,74712,214433,75355,20240103
202312,6호선,새절(신사),284086,90413,256891,89788,20240103
202312,6호선,구산,177711,56441,119030,59187,20240103
202312,6호선,연신내,22,2,0,0,20240103
202312,6호선,독바위,59768,20875,59236,25280,20240103
202312,6호선,불광,96131,43327,96072,34950,20240103
202312,6호선,역촌,78591,33930,99460,33892,20240103
202312,6호선,응암,396185,123579,388725,123384,20240103
202312,7호선,장암,60244,11419,24277,8418,20240103
202312,7호선,춘의,1,0,0,0,20240103
202312,7호선,온수(성공회대입구),234995,42712,217392,40073,20240103
202312,7호선,천왕,266983,60995,249560,60899,20240103
202312,7호선,광명사거리,445970,156856,433431,161515,20240103
202312,7호선,철산,520648,109815,528029,109398,20240103
202312,7호선,가산디지털단지,1029671,97373,1029040,91724,20240103
202312,7호선,남구로,352049,64013,373897,64497,20240103
202312,7호선,대림(구로구청),238703,45962,243015,45601,20240103
202312,7호선,보라매,163800,34011,168038,34990,20240103
202312,7호선,신대방삼거리,339556,93197,317420,96192,20240103
202312,7호선,장승배기,199872,69915,190811,70708,20240103
202312,7호선,상도,282198,64882,273427,62054,20240103
202312,7호선,숭실대입구(살피재),331950,66985,323054,68465,20240103
202312,7호선,남성,255383,78129,235624,77417,20240103
202312,7호선,이수,397254,86356,383648,81272,20240103
202312,7호선,내방,328895,77924,336531,75778,20240103
202312,7호선,고속터미널,465196,80391,365466,72389,20240103
202312,7호선,반포,145669,37876,141762,36011,20240103
202312,7호선,논현,446435,46175,467782,44748,20240103
202312,7호선,학동,566901,65758,602163,63140,20240103
202312,7호선,강남구청,396528,53989,444538,55019,20240103
202312,7호선,청담,438192,79335,496223,77114,20240103
202312,7호선,뚝섬유원지,197910,44558,191037,44051,20240103
202312,7호선,건대입구,350735,66328,376641,61328,20240103
202312,7호선,중화,243586,67378,234792,67005,20240103
202312,7호선,어린이대공원(세종대),402408,42667,403652,42641,20240103
202312,7호선,군자(능동),363394,86901,276523,73484,20240103
202312,7호선,중곡,256221,66945,235472,67800,20240103
202312,7호선,용마산(용마폭포공원),135202,35589,127074,38284,20240103
202312,7호선,사가정,370004,107090,364990,107585,20240103
202312,7호선,면목,348171,97548,331090,101132,20240103
202312,7호선,상봉(시외버스터미널),433650,80481,414192,77238,20240103
202312,7호선,도봉산,211600,47102,238559,67357,20240103
202312,7호선,먹골,232839,69962,225858,71900,20240103
202312,7호선,수락산,270653,102701,260070,103934,20240103
202312,7호선,마들,286947,93320,261341,91084,20240103
202312,7호선,노원,513465,151346,545280,147469,20240103
202312,7호선,중계,329568,96207,296083,92190,20240103
202312,7호선,하계,420326,116820,386814,112778,20240103
202312,7호선,공릉(서울과학기술대),282103,76175,275008,75998,20240103
202312,7호선,태릉입구,217458,46415,204547,42275,20240103
202312,7호선,신풍,249843,75384,231118,73382,20240103
202312,7호선,굴포천,1,0,0,0,20240103
202312,7호선,신중동,1,0,0,0,20240103
202312,8호선,남위례,168720,34188,169953,33199,20240103
202312,8호선,모란,91303,55324,75876,42282,20240103
202312,8호선,수진,116478,46833,104741,46172,20240103
202312,8호선,신흥,113579,42459,117883,45275,20240103
202312,8호선,단대오거리,273297,75761,261171,74191,20240103
202312,8호선,남한산성입구(성남법원.검찰청),315154,77119,279320,72771,20240103
202312,8호선,산성,140509,34851,138873,37067,20240103
202312,8호선,복정,227482,40330,188724,36142,20240103
202312,8호선,장지,421755,89743,385272,84522,20240103
202312,8호선,문정,511243,64459,530172,64191,20240103
202312,8호선,가락시장,179186,73212,205634,74193,20240103
202312,8호선,송파,214118,68946,208536,67903,20240103
202312,8호선,석촌,187847,54998,227660,58376,20240103
202312,8호선,잠실(송파구청),476460,87854,563226,85533,20240103
202312,8호선,몽촌토성(평화의문),163038,36782,168763,36601,20240103
202312,8호선,강동구청,236959,70744,243791,71608,20240103
202312,8호선,천호(풍납토성),362784,92555,432847,92072,20240103
202312,8호선,암사,428832,109803,371210,107710,20240103
202312,9호선,동작(현충원),38541,10843,32685,9463,20240103
202312,9호선,흑석(중앙대입구),215458,59608,219181,59872,20240103
202312,9호선,노들,104870,33757,84210,30937,20240103
202312,9호선,노량진,707206,105938,686094,103672,20240103
202312,9호선,샛강,151875,30167,151210,29721,20240103
202312,9호선,여의도,784789,56776,743058,52292,20240103
202312,9호선,국회의사당,391802,62710,406082,57154,20240103
202312,9호선,당산,490273,73755,489449,69075,20240103
202312,9호선,선유도,214246,31259,201011,30599,20240103
202312,9호선,신목동,98852,25024,85024,23313,20240103
202312,9호선,염창,436450,80933,414518,78901,20240103
202312,9호선,등촌,258940,86651,244587,86909,20240103
202312,9호선,증미,179226,37973,169501,37756,20240103
202312,9호선,가양,501547,141125,484847,137838,20240103
202312,9호선,양천향교,235931,48724,238765,48115,20240103
202312,9호선,마곡나루(서울식물원),350635,37345,344179,36259,20240103
202312,9호선,신방화,155382,50908,151686,51146,20240103
202312,9호선,공항시장,64898,24870,68303,26617,20240103
202312,9호선,김포공항,217198,20946,310861,26722,20240103
202312,9호선,개화,64820,12731,42700,9920,20240103
202312,9호선,구반포,21278,9251,21521,9250,20240103
202312,9호선,신반포,90419,28541,87568,28506,20240103
202312,9호선,고속터미널,396988,72488,575095,86402,20240103
202312,9호선,사평,94443,25082,88387,25032,20240103
202312,9호선,신논현,882756,57432,878594,56351,20240103
202312,9호선2~3단계,선정릉,240634,28916,261389,29855,20240103
202312,9호선2~3단계,둔촌오륜,25710,7400,23365,7835,20240103
202312,9호선2~3단계,올림픽공원(한국체대),240685,32108,259690,32021,20240103
202312,9호선2~3단계,한성백제,70115,18511,62152,16862,20240103
202312,9호선2~3단계,송파나루,143778,31167,154048,32738,20240103
202312,9호선2~3단계,석촌,235554,42418,209363,37417,20240103
202312,9호선2~3단계,석촌고분,165957,42013,161333,42302,20240103
202312,9호선2~3단계,삼전,183215,41534,171461,40862,20240103
202312,9호선2~3단계,종합운동장,129609,22515,125694,20891,20240103
202312,9호선2~3단계,봉은사,591835,58583,632668,56892,20240103
202312,9호선2~3단계,삼성중앙,182761,28620,191075,28078,20240103
202312,9호선2~3단계,언주,290461,33826,295077,33689,20240103
202312,9호선2~3단계,중앙보훈병원,249357,79115,210542,76869,20240103
202312,경강선,초월,87036,16749,79351,16123,20240103
202312,경강선,경기광주,199817,35023,183832,34759,20240103
202312,경강선,삼동,58091,14421,51836,14497,20240103
202312,경강선,이매,28088,7507,22990,6871,20240103
202312,경강선,판교,149143,21956,151654,19387,20240103
202312,경강선,세종대왕릉,6788,3789,6651,3789,20240103
202312,경강선,곤지암,58716,14226,54561,13954,20240103
202312,경강선,신둔도예촌,37255,8756,33865,8280,20240103
202312,경강선,이천,75836,15241,79337,16037,20240103
202312,경강선,부발,62461,10034,58430,9760,20240103
202312,경강선,여주,66291,18824,65185,18732,20240103
202312,경부선,화서,209741,48635,201012,47545,20240103
202312,경부선,의왕,213516,46257,208481,45671,20240103
202312,경부선,군포,159155,38974,155699,37790,20240103
202312,경부선,금정,685756,131613,694360,133083,20240103
202312,경부선,명학,203121,43465,199026,42642,20240103
202312,경부선,안양,568873,125769,563059,130109,20240103
202312,경부선,관악,164546,56081,155514,55242,20240103
202312,경부선,석수,216914,49319,194291,46639,20240103
202312,경부선,금천구청,246519,81132,246860,82540,20240103
202312,경부선,가산디지털단지,405438,38764,470996,42454,20240103
202312,경부선,구로,420246,106699,439755,102899,20240103
202312,경부선,신길,205712,47116,170993,43106,20240103
202312,경부선,신도림,86005,24314,87699,28386,20240103
202312,경부선,영등포,1071783,306295,1107731,307586,20240103
202312,경부선,대방,239836,61146,269035,63897,20240103
202312,경부선,노량진,248151,62436,269833,64222,20240103
202312,경부선,용산,1193865,141647,1218297,140342,20240103
202312,경부선,남영,246499,38832,259743,40047,20240103
202312,경부선,서울역,296374,17565,92707,3915,20240103
202312,경부선,당정,148832,33198,140040,31523,20240103
202312,경부선,서동탄,34415,7588,31205,7209,20240103
202312,경부선,광명,108039,11232,89780,10561,20240103
202312,경부선,천안,167314,56028,157606,55301,20240103
202312,경부선,두정,205231,28820,215216,29608,20240103
202312,경부선,직산,22598,5024,22211,4724,20240103
202312,경부선,성환,118369,20156,114774,19792,20240103
202312,경부선,평택,361647,69469,358506,68249,20240103
202312,경부선,평택지제,127243,14181,120538,13904,20240103
202312,경부선,서정리,231604,36358,209742,35161,20240103
202312,경부선,송탄,122186,21642,119800,21244,20240103
202312,경부선,진위,39602,9317,35005,8723,20240103
202312,경부선,오산,271390,52476,270164,53140,20240103
202312,경부선,오산대,94103,16781,86020,15853,20240103
202312,경부선,세마,78652,16784,73310,15648,20240103
202312,경부선,병점,390642,71934,390098,71663,20240103
202312,경부선,세류,83970,17014,76961,16687,20240103
202312,경부선,독산,414243,70613,422887,72674,20240103
202312,경부선,수원,1056906,161213,1120063,163739,20240103
202312,경부선,성균관대,389458,60829,379969,61211,20240103
202312,경원선,신이문,180541,68289,162901,66603,20240103
202312,경원선,연천,10626,20838,10601,21191,20240103
202312,경원선,전곡,13554,7546,12242,6983,20240103
202312,경원선,소요산,22856,40555,19642,37554,20240103
202312,경원선,동두천,40358,22086,40890,23966,20240103
202312,경원선,보산,35349,13658,32265,12875,20240103
202312,경원선,동두천중앙,55040,35240,53645,35154,20240103
202312,경원선,지행,154611,46214,154331,45687,20240103
202312,경원선,덕정,142759,35595,133766,35616,20240103
202312,경원선,덕계,115722,31174,101555,29441,20240103
202312,경원선,양주,164870,55045,157056,53477,20240103
202312,경원선,녹양,93245,38229,87300,36109,20240103
202312,경원선,가능,132362,56932,125416,56447,20240103
202312,경원선,의정부,460450,122790,475647,123557,20240103
202312,경원선,회룡,229317,154444,223880,152266,20240103
202312,경원선,망월사,168505,71873,168636,73178,20240103
202312,경원선,도봉산,126412,102926,67191,79814,20240103
202312,경원선,도봉,99769,70084,93515,69636,20240103
202312,경원선,방학,182362,112587,177261,110428,20240103
202312,경원선,창동,7,3,0,0,20240103
202312,경원선,녹천,91918,36688,74914,33218,20240103
202312,경원선,월계,145258,62978,131080,60932,20240103
202312,경원선,광운대,189069,56184,180873,55239,20240103
202312,경원선,석계,166202,61399,188563,66325,20240103
202312,경원선,외대앞,241846,46034,231601,46536,20240103
202312,경원선,청량리(서울시립대입구),401316,151904,415408,157618,20240103
202312,경원선,왕십리(성동구청),432395,77564,436913,80112,20240103
202312,경원선,응봉,38613,16884,32542,15387,20240103
202312,경원선,옥수,1710,184,1220,85,20240103
202312,경원선,한남,86323,30145,85539,28021,20240103
202312,경원선,서빙고,46918,18061,44498,17680,20240103
202312,경원선,이촌(국립중앙박물관),85323,30840,65972,25925,20240103
202312,경원선,초성리,1405,842,1199,868,20240103
202312,경의선,문산,120830,42404,116211,42217,20240103
202312,경의선,화전,57762,8742,52587,8425,20240103
202312,경의선,강매,74315,18258,62478,17196,20240103
202312,경의선,가좌,129272,44807,121935,44875,20240103
202312,경의선,풍산,143033,39679,133475,38993,20240103
202312,경의선,일산,245281,68464,235176,68665,20240103
202312,경의선,수색,74090,17445,77135,17742,20240103
202312,경의선,탄현,193009,40898,180070,40339,20240103
202312,경의선,야당,221579,42158,226977,40872,20240103
202312,경의선,운정,174102,41777,159404,40233,20240103
202312,경의선,금릉,129774,30887,123276,30208,20240103
202312,경의선,금촌,156286,46458,150515,47278,20240103
202312,경의선,월롱,52653,8239,45033,8580,20240103
202312,경의선,파주,31819,6823,23023,5852,20240103
202312,경의선,곡산,12801,4998,13229,5150,20240103
202312,경의선,임진강,311,219,226,196,20240103
202312,경의선,운천,111,100,28,97,20240103
202312,경의선,서울역,101791,16319,126144,19611,20240103
202312,경의선,공덕,109672,16897,84080,15668,20240103
202312,경의선,홍대입구,61859,5512,81718,6322,20240103
202312,경의선,디지털미디어시티,69415,12759,61263,13069,20240103
202312,경의선,김포공항,1,0,0,0,20240103
202312,경의선,계양,10,1,0,0,20240103
202312,경의선,행신,203310,36876,201390,37691,20240103
202312,경의선,능곡,107785,34317,98924,33507,20240103
202312,경의선,백마,176548,37238,167115,36551,20240103
202312,경의선,신촌,21457,3621,28380,4613,20240103
202312,경의선,효창공원앞,75422,15572,83375,17581,20240103
202312,경의선,서강대,55495,11364,55728,10849,20240103
202312,경인선,도화,81962,38675,72833,37566,20240103
202312,경인선,중동,192314,75332,175877,74354,20240103
202312,경인선,온수(성공회대입구),135015,50707,124385,49378,20240103
202312,경인선,도원,60167,27987,60348,29513,20240103
202312,경인선,간석,125014,46739,117562,45298,20240103
202312,경인선,부개,186343,69056,170117,67529,20240103
202312,경인선,소사,166697,61454,159333,60012,20240103
202312,경인선,구일,161952,45683,161876,44643,20240103
202312,경인선,인천,77796,30573,57932,26963,20240103
202312,경인선,동인천,304723,121072,286110,118385,20240103
202312,경인선,제물포,239118,65575,225794,64773,20240103
202312,경인선,주안,472892,98236,422227,87625,20240103
202312,경인선,동암,359055,109144,357785,110343,20240103
202312,경인선,백운,157192,61209,149960,61224,20240103
202312,경인선,부평,737388,155075,793106,158073,20240103
202312,경인선,송내,633862,130802,620304,128832,20240103
202312,경인선,역곡,625166,156355,612791,161298,20240103
202312,경인선,부천,736165,226115,737590,228644,20240103
202312,경인선,개봉,476382,166160,458358,171679,20240103
202312,경인선,오류동,250868,91880,228982,89802,20240103
202312,경춘선,강촌,8878,3467,8331,3412,20240103
202312,경춘선,사릉,46739,14610,44699,14649,20240103
202312,경춘선,금곡,26672,15689,25452,15131,20240103
202312,경춘선,평내호평,130280,46667,127683,44703,20240103
202312,경춘선,천마산,27611,17445,24119,17444,20240103
202312,경춘선,마석,78114,33924,74811,33709,20240103
202312,경춘선,대성리,10761,5416,9729,5062,20240103
202312,경춘선,청평,35552,17180,33970,16858,20240103
202312,경춘선,상천,3775,3383,3353,3175,20240103
202312,경춘선,가평,41328,13618,41541,13363,20240103
202312,경춘선,굴봉산,1834,1495,2840,1423,20240103
202312,경춘선,백양리,9095,1070,7486,1152,20240103
202312,경춘선,신내,45623,17952,42268,17278,20240103
202312,경춘선,김유정,7262,3350,7181,3396,20240103
202312,경춘선,남춘천,63409,24403,63700,24935,20240103
202312,경춘선,춘천,32163,14213,28989,12011,20240103
202312,경춘선,갈매,64951,21313,53598,19660,20240103
202312,경춘선,별내,69004,21937,65533,20479,20240103
202312,경춘선,퇴계원,74676,28546,67226,26923,20240103
202312,공항철도 1호선,서울역,374308,35886,344424,32284,20240103
202312,공항철도 1호선,청라국제도시,198829,15263,187317,15052,20240103
202312,공항철도 1호선,검암,171457,17312,174894,17427,20240103
202312,공항철도 1호선,계양,346832,37504,324408,35211,20240103
202312,공항철도 1호선,김포공항,293153,24416,159623,14899,20240103
202312,공항철도 1호선,마곡나루(서울식물원),263384,16264,256452,16605,20240103
202312,공항철도 1호선,디지털미디어시티,352347,30334,330246,28516,20240103
202312,공항철도 1호선,홍대입구,444277,20385,442108,18876,20240103
202312,공항철도 1호선,공덕,73750,8755,105924,11115,20240103
202312,공항철도 1호선,영종,100189,21329,100950,21094,20240103
202312,공항철도 1호선,인천공항2터미널,195905,16770,163532,14713,20240103
202312,공항철도 1호선,인천공항1터미널,378410,33401,368324,30208,20240103
202312,공항철도 1호선,공항화물청사,49150,9807,63265,9341,20240103
202312,공항철도 1호선,운서,245569,29758,257928,29837,20240103
202312,과천선,평촌,426586,72227,411364,71581,20240103
202312,과천선,인덕원,600449,127296,610780,131030,20240103
202312,과천선,정부과천청사,262235,57741,271512,56993,20240103
202312,과천선,과천,147015,48446,133964,45905,20240103
202312,과천선,대공원,58771,27894,60719,29357,20240103
202312,과천선,경마공원,118467,90998,120512,90947,20240103
202312,과천선,선바위,193659,35811,164829,34460,20240103
202312,과천선,범계,685165,123804,685751,121598,20240103
202312,분당선,대모산입구,136669,38950,125170,38393,20240103
202312,분당선,매교,121816,25620,120191,26093,20240103
202312,분당선,수원시청,362349,49308,401561,50708,20240103
202312,분당선,매탄권선,137531,24557,130775,23477,20240103
202312,분당선,망포,402268,43612,380487,42105,20240103
202312,분당선,영통,238381,36252,236294,35986,20240103
202312,분당선,청명,112122,22136,106487,22343,20240103
202312,분당선,상갈,125236,33485,118888,32699,20240103
202312,분당선,기흥,260356,47358,237894,45021,20240103
202312,분당선,신갈,107089,31529,103460,31331,20240103
202312,분당선,구성,104934,38320,109508,38420,20240103
202312,분당선,죽전,334242,74538,371003,79497,20240103
202312,분당선,보정,56189,21224,48513,20091,20240103
202312,분당선,이매,128330,41928,121890,41819,20240103
202312,분당선,오리,257777,74469,214373,64469,20240103
202312,분당선,미금,329094,109861,345932,115872,20240103
202312,분당선,정자,440739,72140,459932,73107,20240103
202312,분당선,수내,320105,79043,318538,77768,20240103
202312,분당선,서현,601703,136884,616112,132397,20240103
202312,분당선,야탑,591869,165112,628675,167594,20240103
202312,분당선,모란,435593,170440,434174,185035,20240103
202312,분당선,태평,304098,96336,280377,99411,20240103
202312,분당선,가천대,244296,28554,255051,29443,20240103
202312,분당선,선정릉,176562,33161,185081,32332,20240103
202312,분당선,강남구청,228413,40518,265034,43811,20240103
202312,분당선,압구정로데오,555616,49824,637724,48250,20240103
202312,분당선,서울숲,322732,29591,336347,29180,20240103
202312,분당선,수원,219565,34849,196000,30923,20240103
202312,분당선,복정,28,3,0,0,20240103
202312,분당선,수서,364841,73430,377076,75732,20240103
202312,분당선,개포동,105620,34689,106374,35821,20240103
202312,분당선,구룡,62532,22950,60692,23150,20240103
202312,분당선,도곡,166626,57916,159635,53263,20240103
202312,분당선,한티,373578,72975,391634,74607,20240103
202312,분당선,선릉,305630,47970,479432,65030,20240103
202312,서해선,김포공항,84527,11161,102247,15411,20240103
202312,서해선,부천종합운동장,63595,7509,50681,5894,20240103
202312,서해선,원종,96140,36788,96603,38051,20240103
202312,수인선,달월,2047,1110,1554,590,20240103
202312,수인선,사리,131112,20278,110428,18353,20240103
202312,수인선,오목천,109051,17016,91490,16531,20240103
202312,수인선,야목,8577,2660,6946,2250,20240103
202312,수인선,어천,31199,7193,28672,7830,20240103
202312,수인선,연수,112731,33977,112002,34019,20240103
202312,수인선,송도,51689,22624,46369,21782,20240103
202312,수인선,인하대,161633,29935,149183,28590,20240103
202312,수인선,숭의,85841,30659,79108,29087,20240103
202312,수인선,신포,40653,14643,42227,14801,20240103
202312,수인선,인천,19844,12469,35147,15991,20240103
202312,수인선,월곶,66635,17350,58870,16791,20240103
202312,수인선,소래포구,101628,51714,95996,50612,20240103
202312,수인선,고색,128700,20414,121665,18923,20240103
202312,수인선,호구포,91116,22946,92523,22516,20240103
202312,수인선,인천논현,123734,36304,132462,37021,20240103
202312,수인선,남동인더스파크,47914,6724,54588,6753,20240103
202312,수인선,원인재,101070,34054,101401,33948,20240103
202312,신림선,관악산(서울대),52150,26218,52755,26549,20240103
202312,신림선,샛강,58939,13832,72395,13267,20240103
202312,신림선,대방,69162,18710,50778,15298,20240103
202312,신림선,서울지방병무청,61387,24747,66226,26740,20240103
202312,신림선,보라매,89887,24184,82368,22156,20240103
202312,신림선,보라매공원,44085,15768,46880,16465,20240103
202312,신림선,보라매병원,150922,54728,158898,53533,20240103
202312,신림선,당곡,99991,37130,95207,37043,20240103
202312,신림선,신림,35598,16517,51450,19771,20240103
202312,신림선,서원,78201,24823,65644,24000,20240103
202312,신림선,서울대벤처타운,217681,65892,192290,64942,20240103
202312,안산선,한대앞,242937,42979,238628,44643,20240103
202312,안산선,중앙,498556,68768,527088,67872,20240103
202312,안산선,고잔,225579,38862,215690,37900,20240103
202312,안산선,초지,131258,19409,130107,19299,20240103
202312,안산선,안산,327813,38985,309707,36392,20240103
202312,안산선,신길온천,47822,10041,43206,9601,20240103
202312,안산선,정왕,249255,29376,252722,31017,20240103
202312,안산선,오이도,207849,33732,207703,33728,20240103
202312,안산선,수리산,85226,32106,66592,30043,20240103
202312,안산선,상록수,381928,73629,382182,74593,20240103
202312,안산선,반월,96325,31906,91590,31437,20240103
202312,안산선,대야미,113548,31279,98662,29425,20240103
202312,안산선,산본,375711,111799,404440,113166,20240103
202312,우이신설선,삼양사거리,39325,36536,39007,36215,20240103
202312,우이신설선,북한산우이,54338,35384,46424,36612,20240103
202312,우이신설선,솔밭공원,47383,29394,41732,29765,20240103
202312,우이신설선,4.19민주묘지,62794,34896,60167,31971,20240103
202312,우이신설선,가오리,75120,51786,71456,53154,20240103
202312,우이신설선,화계,59810,45453,53318,45802,20240103
202312,우이신설선,삼양,32417,27449,32476,30181,20240103
202312,우이신설선,솔샘,133494,41731,120901,43523,20240103
202312,우이신설선,북한산보국문,147593,46749,135559,47002,20240103
202312,우이신설선,정릉,97411,48931,86097,46301,20240103
202312,우이신설선,성신여대입구(돈암),77088,30897,91061,30493,20240103
202312,우이신설선,보문,32101,16180,32328,15760,20240103
202312,우이신설선,신설동,34361,31768,34613,28026,20240103
202312,일산선,삼송,478318,99094,449507,99569,20240103
202312,일산선,원당,244035,83002,226227,82397,20240103
202312,일산선,화정,391328,124442,404456,127266,20240103
202312,일산선,대곡,67241,11996,49419,10128,20240103
202312,일산선,백석,228795,78034,231510,77362,20240103
202312,일산선,마두,153979,68393,157718,70062,20240103
202312,일산선,정발산,174567,55722,184375,52433,20240103
202312,일산선,주엽,192829,92522,190673,95513,20240103
202312,일산선,대화,344492,84600,267127,76960,20240103
202312,일산선,원흥,270650,65779,253541,63067,20240103
202312,일산선,지축,8,0,0,0,20240103
202312,장항선,아산,116344,14410,102691,13303,20240103
202312,장항선,탕정,40847,6166,36213,5884,20240103
202312,장항선,배방,31446,7041,30373,6649,20240103
202312,장항선,온양온천,90866,63727,92082,64016,20240103
202312,장항선,신창(순천향대),41101,6311,39245,5807,20240103
202312,장항선,봉명,27315,11365,27335,10812,20240103
202312,장항선,쌍용(나사렛대),64209,15153,60653,14556,20240103
202312,중앙선,신원,2509,2767,2282,2279,20240103
202312,중앙선,국수,11842,8714,11346,8808,20240103
202312,중앙선,오빈,4579,4179,4472,4247,20240103
202312,중앙선,아신,10170,7556,10273,7398,20240103
202312,중앙선,회기,682921,119917,645909,117744,20240103
202312,중앙선,중랑,112419,49134,107101,48846,20240103
202312,중앙선,상봉(시외버스터미널),128827,41177,127225,40286,20240103
202312,중앙선,망우,156032,73241,148149,73897,20240103
202312,중앙선,양원,65512,20830,62364,20693,20240103
202312,중앙선,용문,30553,29798,30571,29861,20240103
202312,중앙선,양수,33674,18893,33753,19007,20240103
202312,중앙선,운길산,10824,7197,9964,7191,20240103
202312,중앙선,양평,63457,32427,65422,32828,20240103
202312,중앙선,원덕,4951,5471,4673,5273,20240103
202312,중앙선,구리,303583,85783,308769,86420,20240103
202312,중앙선,도농,252867,68303,231521,66620,20240103
202312,중앙선,양정,10041,5728,8211,4866,20240103
202312,중앙선,덕소,114489,45570,112351,45386,20240103
202312,중앙선,도심,49169,18903,37542,17233,20240103
202312,중앙선,팔당,17627,7870,18316,7687,20240103
202312,중앙선,지평,705,808,898,790,20240103
202311,1호선,동묘앞,145123,149961,150686,151238,20231203
202311,1호선,서울역,1446981,217363,1382424,207561,20231203
202311,1호선,시청,706852,103979,705374,102291,20231203
202311,1호선,종각,983062,149124,964695,137862,20231203
202311,1호선,종로3가,476984,288215,437566,265357,20231203
202311,1호선,종로5가,503760,245469,494954,236463,20231203
202311,1호선,동대문,228644,123983,220181,123667,20231203
202311,1호선,신설동,296375,119681,284293,117247,20231203
202311,1호선,제기동,236214,263515,225295,281109,20231203
202311,1호선,청량리(서울시립대입구),380377,271514,369038,275177,20231203
202311,2호선,방배,442800,80996,462170,80407,20231203
202311,2호선,시청,707571,63864,662312,58234,20231203
202311,2호선,을지로입구,1335236,107654,1374217,100201,20231203
202311,2호선,을지로3가,651148,77081,641164,74822,20231203
202311,2호선,을지로4가,333511,79834,339693,78877,20231203
202311,2호선,동대문역사문화공원(DDP),376421,60151,440799,64501,20231203
202311,2호선,신당,342459,92936,360452,95191,20231203
202311,2호선,상왕십리,356918,69214,344692,70010,20231203
202311,2호선,왕십리(성동구청),430189,53794,376172,48157,20231203
202311,2호선,한양대,378021,14913,415265,16058,20231203
202311,2호선,뚝섬,647649,63515,678875,63498,20231203
202311,2호선,성수,1089255,104422,1200842,105702,20231203
202311,2호선,건대입구,1002639,94938,1062356,98643,20231203
202311,2호선,구의(광진구청),621121,108032,600553,108328,20231203
202311,2호선,강변(동서울터미널),824426,124328,780885,120082,20231203
202311,2호선,잠실나루,353359,93438,341242,93782,20231203
202311,2호선,잠실(송파구청),2144031,219204,2152292,209608,20231203
202311,2호선,잠실새내,579999,114142,577510,112443,20231203
202311,2호선,사당,978507,212313,1089934,203143,20231203
202311,2호선,종합운동장,283591,53033,317434,55757,20231203
202311,2호선,삼성(무역센터),1522589,122229,1545451,113340,20231203
202311,2호선,선릉,1370785,235172,1208533,206951,20231203
202311,2호선,역삼,1277744,155338,1464716,158092,20231203
202311,2호선,강남,2123272,165986,2072541,144141,20231203
202311,2호선,교대(법원.검찰청),731799,153848,885819,183786,20231203
202311,2호선,서초,566953,95357,541426,94778,20231203
202311,2호선,낙성대(강감찬),711813,107180,685425,109320,20231203
202311,2호선,서울대입구(관악구청),1199679,177833,1167132,167580,20231203
202311,2호선,봉천,554366,151067,508596,149710,20231203
202311,2호선,신림,1417861,199086,1347029,196831,20231203
202311,2호선,신대방,626182,130486,599910,131987,20231203
202311,2호선,구로디지털단지,1467998,192370,1447184,191859,20231203
202311,2호선,대림(구로구청),587250,131914,599821,136682,20231203
202311,2호선,신도림,1266344,227301,1255910,213441,20231203
202311,2호선,문래,558453,88470,575209,88119,20231203
202311,2호선,영등포구청,528029,102721,546732,101254,20231203
202311,2호선,당산,472277,59808,556115,65450,20231203
202311,2호선,합정,910534,71830,995720,72264,20231203
202311,2호선,홍대입구,2012032,101960,2173849,98645,20231203
202311,2호선,신촌,1064202,125381,1092882,123232,20231203
202311,2호선,이대,473105,50923,520911,53925,20231203
202311,2호선,아현,261750,65696,241214,64278,20231203
202311,2호선,충정로(경기대입구),251727,48719,269843,49233,20231203
202311,2호선,용답,72687,17717,73835,17410,20231203
202311,2호선,신답,38552,9692,42956,10635,20231203
202311,2호선,신설동,81201,31174,77153,33113,20231203
202311,2호선,도림천,27698,8289,29324,9326,20231203
202311,2호선,양천구청,151428,52621,161247,53928,20231203
202311,2호선,신정네거리,227821,76099,235647,77569,20231203
202311,2호선,용두(동대문구청),49598,23888,48169,24904,20231203
202311,3호선,신사,770999,72390,811096,70206,20231203
202311,3호선,지축,170676,35524,169314,34213,20231203
202311,3호선,구파발,509671,128514,500065,123589,20231203
202311,3호선,연신내,767377,261096,723576,252120,20231203
202311,3호선,불광,349031,140283,372112,154763,20231203
202311,3호선,녹번,386434,82422,342524,80976,20231203
202311,3호선,홍제,405372,147070,380829,145607,20231203
202311,3호선,무악재,99342,33555,94347,35407,20231203
202311,3호선,독립문,161137,72667,165872,72242,20231203
202311,3호선,경복궁(정부서울청사),706127,100758,723506,101624,20231203
202311,3호선,안국,701109,108091,719531,112751,20231203
202311,3호선,종로3가,249075,66039,292759,73653,20231203
202311,3호선,을지로3가,292170,51497,298759,49196,20231203
202311,3호선,충무로,98,1,0,0,20231203
202311,3호선,동대입구,314400,43220,350560,48315,20231203
202311,3호선,약수,303501,83714,298039,79107,20231203
202311,3호선,금호,185011,55327,168149,54245,20231203
202311,3호선,옥수,202688,61168,208825,60576,20231203
202311,3호선,압구정,775768,142974,852535,142812,20231203
202311,3호선,잠원,118612,32887,112748,31202,20231203
202311,3호선,고속터미널,1266190,214016,1202438,201830,20231203
202311,3호선,교대(법원.검찰청),402405,88797,244993,49872,20231203
202311,3호선,남부터미널(예술의전당),748148,129448,763130,131642,20231203
202311,3호선,양재(서초구청),925127,158281,1024776,158526,20231203
202311,3호선,매봉,287754,73317,279390,68981,20231203
202311,3호선,도곡,122756,25135,124459,23992,20231203
202311,3호선,대치,287431,73032,285953,70247,20231203
202311,3호선,학여울,53908,18997,55127,18654,20231203
202311,3호선,대청,251378,63173,233988,60919,20231203
202311,3호선,일원,254470,74073,242928,73504,20231203
202311,3호선,수서,440983,122945,449904,120461,20231203
202311,3호선,가락시장,188369,84236,187230,83270,20231203
202311,3호선,경찰병원,172295,43729,170076,45252,20231203
202311,3호선,오금,160170,34122,142768,32094,20231203
202311,4호선,당고개,211959,77516,178230,76511,20231203
202311,4호선,상계,452216,128086,417022,125544,20231203
202311,4호선,노원,475172,101018,561550,108734,20231203
202311,4호선,창동,550341,218017,584816,225113,20231203
202311,4호선,쌍문,684672,177797,623490,175977,20231203
202311,4호선,수유(강북구청),818697,199654,814003,199637,20231203
202311,4호선,미아(서울사이버대학),345399,117250,328350,119802,20231203
202311,4호선,미아사거리,609137,190411,594800,189867,20231203
202311,4호선,길음,533294,125285,532325,125715,20231203
202311,4호선,성신여대입구(돈암),570317,92007,546320,89781,20231203
202311,4호선,한성대입구(삼선교),361514,77933,348060,76352,20231203
202311,4호선,혜화,1011308,145354,1017934,144143,20231203
202311,4호선,동대문,438914,154023,461420,149780,20231203
202311,4호선,동대문역사문화공원(DDP),497943,64461,440367,57106,20231203
202311,4호선,충무로,799833,124969,822075,127350,20231203
202311,4호선,명동,970144,79472,1050113,81908,20231203
202311,4호선,회현(남대문시장),608369,197091,640945,195598,20231203
202311,4호선,사당,691791,104828,608046,106272,20231203
202311,4호선,남태령,32426,8771,25106,8099,20231203
202311,4호선,서울역,329583,43141,604786,57577,20231203
202311,4호선,숙대입구(갈월),410690,57108,395569,53184,20231203
202311,4호선,삼각지,159002,25886,185220,27144,20231203
202311,4호선,신용산,512231,58416,546303,59019,20231203
202311,4호선,이촌(국립중앙박물관),201792,51079,222141,53638,20231203
202311,4호선,동작(현충원),26316,13302,30185,13418,20231203
202311,4호선,총신대입구(이수),408973,153977,450951,161595,20231203
202311,5호선,고덕,228263,80288,223192,78903,20231203
202311,5호선,강일,124676,44444,113094,42949,20231203
202311,5호선,미사,427603,87202,433677,86488,20231203
202311,5호선,하남풍산,99717,32340,99526,32049,20231203
202311,5호선,하남시청(덕풍?신장),162182,75539,152824,75647,20231203
202311,5호선,하남검단산,143093,52772,134268,52331,20231203
202311,5호선,방화,149702,55965,142356,55259,20231203
202311,5호선,개화산,132850,42124,125214,41238,20231203
202311,5호선,김포공항,237285,42856,187762,40364,20231203
202311,5호선,송정,138936,50390,130013,48728,20231203
202311,5호선,마곡,295398,47716,298486,46032,20231203
202311,5호선,발산,548409,108751,572842,104915,20231203
202311,5호선,우장산,337570,98329,329437,102256,20231203
202311,5호선,화곡,692380,153745,641846,146989,20231203
202311,5호선,까치산,671074,162440,636028,164227,20231203
202311,5호선,신정(은행정),332956,65444,269919,63746,20231203
202311,5호선,목동,400770,87051,432126,88197,20231203
202311,5호선,오목교(목동운동장앞),539932,91819,575913,91013,20231203
202311,5호선,양평,187055,31411,181861,30873,20231203
202311,5호선,영등포구청,110938,21647,110170,21362,20231203
202311,5호선,영등포시장,253808,78692,261375,80492,20231203
202311,5호선,신길,128037,12584,132331,13056,20231203
202311,5호선,여의도,793423,58947,827059,55433,20231203
202311,5호선,여의나루,332207,31139,399989,30645,20231203
202311,5호선,마포,362330,65849,370560,65575,20231203
202311,5호선,공덕,371442,50696,392117,48595,20231203
202311,5호선,애오개,156944,39957,155182,38321,20231203
202311,5호선,충정로(경기대입구),118292,15115,120869,15634,20231203
202311,5호선,서대문,519604,74344,528073,70202,20231203
202311,5호선,광화문(세종문화회관),878063,94891,925805,92197,20231203
202311,5호선,종로3가,351356,95237,336843,97652,20231203
202311,5호선,을지로4가,147094,44186,151803,43325,20231203
202311,5호선,동대문역사문화공원(DDP),80504,8545,92866,9656,20231203
202311,5호선,청구,90313,25276,86053,20765,20231203
202311,5호선,신금호,150743,40498,157559,45449,20231203
202311,5호선,행당,188358,53852,165917,48905,20231203
202311,5호선,왕십리(성동구청),109878,26522,128864,26042,20231203
202311,5호선,마장,133636,43150,125013,42412,20231203
202311,5호선,답십리,384432,86827,345324,83667,20231203
202311,5호선,장한평,457889,98946,449504,100785,20231203
202311,5호선,군자(능동),305343,43188,338904,45628,20231203
202311,5호선,아차산(어린이대공원후문),340538,100201,329206,98423,20231203
202311,5호선,광나루(장신대),350382,75670,326705,72996,20231203
202311,5호선,천호(풍납토성),432002,142806,421016,145665,20231203
202311,5호선,강동,427507,108807,418173,106127,20231203
202311,5호선,길동,160401,77142,165904,78983,20231203
202311,5호선,굽은다리(강동구민회관앞),204513,79061,196495,74442,20231203
202311,5호선,명일,192294,74893,195576,77329,20231203
202311,5호선,상일동,329321,95511,310926,93383,20231203
202311,5호선,둔촌동,193743,68574,193649,69224,20231203
202311,5호선,올림픽공원(한국체대),127201,41087,113021,37909,20231203
202311,5호선,방이,169380,51863,175064,51929,20231203
202311,5호선,오금,86560,23256,87460,22462,20231203
202311,5호선,개롱,142418,52761,147526,54074,20231203
202311,5호선,거여,232455,68273,226109,66252,20231203
202311,5호선,마천,165427,59912,146848,60921,20231203
202311,6호선,구산,181522,54675,120424,57078,20231203
202311,6호선,합정,373519,42744,373390,39708,20231203
202311,6호선,새절(신사),293621,91503,266741,91479,20231203
202311,6호선,증산(명지대앞),222216,74652,221321,75210,20231203
202311,6호선,디지털미디어시티,371769,62772,406139,63425,20231203
202311,6호선,월드컵경기장(성산),136448,58166,179160,57915,20231203
202311,6호선,상수,290569,23307,332780,23253,20231203
202311,6호선,대흥(서강대앞),238705,49272,249080,48911,20231203
202311,6호선,역촌,79344,34365,102315,34059,20231203
202311,6호선,마포구청,351812,84571,312485,77345,20231203
202311,6호선,응암,400213,123314,394509,123228,20231203
202311,6호선,망원,362355,83079,385266,86814,20231203
202311,6호선,공덕,477457,81663,464570,76440,20231203
202311,6호선,효창공원앞,188285,39620,173910,36346,20231203
202311,6호선,삼각지,208743,21127,184102,17965,20231203
202311,6호선,녹사평(용산구청),138551,19767,140626,19395,20231203
202311,6호선,이태원,331196,32680,355215,33151,20231203
202311,6호선,한강진,274633,18019,322413,17829,20231203
202311,6호선,버티고개,51452,14833,49007,16966,20231203
202311,6호선,약수,92478,23758,89255,22923,20231203
202311,6호선,청구,92672,20375,90504,22850,20231203
202311,6호선,신당,220770,39635,227283,39034,20231203
202311,6호선,동묘앞,181386,69307,189899,64226,20231203
202311,6호선,창신,87171,20044,72818,19408,20231203
202311,6호선,보문,205818,33170,190641,31753,20231203
202311,6호선,안암(고대병원앞),382918,40213,382450,39730,20231203
202311,6호선,고려대(종암),247625,37364,240520,36372,20231203
202311,6호선,월곡(동덕여대),303320,71369,291313,70812,20231203
202311,6호선,상월곡(한국과학기술연구원),160579,43002,148292,41593,20231203
202311,6호선,돌곶이,240162,65634,215685,64649,20231203
202311,6호선,석계,292440,81188,307643,80229,20231203
202311,6호선,태릉입구,139421,35228,160942,36320,20231203
202311,6호선,화랑대(서울여대입구),326563,50726,248186,45379,20231203
202311,6호선,봉화산(서울의료원),212090,51545,196349,51143,20231203
202311,6호선,신내,7,0,0,0,20231203
202311,6호선,광흥창(서강),220625,55299,211406,54592,20231203
202311,6호선,불광,96702,42034,98819,34446,20231203
202311,6호선,독바위,61135,20648,61460,25474,20231203
202311,6호선,연신내,11,2,0,0,20231203
202311,7호선,광명사거리,450150,153479,435769,158840,20231203
202311,7호선,천왕,278106,61514,262293,61727,20231203
202311,7호선,온수(성공회대입구),257893,43248,240910,40284,20231203
202311,7호선,부천시청,1,0,0,0,20231203
202311,7호선,사가정,375599,105769,374982,106611,20231203
202311,7호선,장암,65477,11449,25843,8279,20231203
202311,7호선,도봉산,227261,50494,255445,70846,20231203
202311,7호선,수락산,272751,99658,264485,101562,20231203
202311,7호선,마들,295843,93360,272342,90880,20231203
202311,7호선,노원,464756,136121,485452,128853,20231203
202311,7호선,중계,344048,100447,312903,96960,20231203
202311,7호선,하계,435655,118061,406181,113713,20231203
202311,7호선,공릉(서울과학기술대),300348,75129,293087,76043,20231203
202311,7호선,태릉입구,230886,46541,219176,41856,20231203
202311,7호선,먹골,234957,68632,228373,70886,20231203
202311,7호선,중화,249523,67217,242836,67304,20231203
202311,7호선,상봉(시외버스터미널),431497,76655,411564,72805,20231203
202311,7호선,면목,362946,97627,345684,101478,20231203
202311,7호선,용마산(용마폭포공원),138655,35557,132763,38574,20231203
202311,7호선,중곡,260970,65694,239376,66469,20231203
202311,7호선,군자(능동),365592,84321,279740,72469,20231203
202311,7호선,어린이대공원(세종대),464183,43969,472330,43970,20231203
202311,7호선,건대입구,357036,63272,375769,57905,20231203
202311,7호선,뚝섬유원지,192472,44846,185701,44333,20231203
202311,7호선,청담,475291,80654,534580,77885,20231203
202311,7호선,강남구청,421031,55355,471407,56473,20231203
202311,7호선,학동,611377,66212,647406,63223,20231203
202311,7호선,논현,463876,46781,481986,45309,20231203
202311,7호선,반포,149554,38362,146000,36575,20231203
202311,7호선,고속터미널,461370,81982,363719,72435,20231203
202311,7호선,내방,348228,78344,356071,75643,20231203
202311,7호선,이수,392569,83103,381686,78643,20231203
202311,7호선,남성,267180,77221,247894,76440,20231203
202311,7호선,숭실대입구(살피재),388752,67945,384837,70041,20231203
202311,7호선,상도,311229,65274,305759,62525,20231203
202311,7호선,장승배기,204571,69532,196086,70651,20231203
202311,7호선,신대방삼거리,350672,92524,328379,95155,20231203
202311,7호선,보라매,172921,32148,176632,33377,20231203
202311,7호선,신풍,258655,74215,239429,72676,20231203
202311,7호선,대림(구로구청),227713,43963,229774,43199,20231203
202311,7호선,남구로,371422,63853,389929,64057,20231203
202311,7호선,가산디지털단지,1124211,99811,1129561,94569,20231203
202311,7호선,철산,525226,105336,534225,104654,20231203
202311,8호선,암사,436649,108559,378394,106449,20231203
202311,8호선,천호(풍납토성),358166,88996,426912,86322,20231203
202311,8호선,강동구청,238299,69631,246080,70124,20231203
202311,8호선,몽촌토성(평화의문),163972,36933,165752,35925,20231203
202311,8호선,잠실(송파구청),408945,78936,489666,77347,20231203
202311,8호선,석촌,179856,54910,214120,58790,20231203
202311,8호선,송파,210450,66991,205569,66648,20231203
202311,8호선,가락시장,169166,69863,193572,70811,20231203
202311,8호선,문정,543152,64215,565979,64122,20231203
202311,8호선,장지,423252,89320,386406,84446,20231203
202311,8호선,복정,242731,42016,202343,37460,20231203
202311,8호선,산성,133806,33483,132912,35860,20231203
202311,8호선,남한산성입구(성남법원.검찰청),343088,78394,310739,74631,20231203
202311,8호선,단대오거리,283457,75504,270790,73778,20231203
202311,8호선,신흥,109187,40816,114332,43582,20231203
202311,8호선,수진,115363,46437,104361,45461,20231203
202311,8호선,모란,88582,55811,71353,42867,20231203
202311,8호선,남위례,173346,33938,176555,33002,20231203
202311,9호선,개화,69534,13518,45624,10579,20231203
202311,9호선,김포공항,201225,20059,293368,25749,20231203
202311,9호선,공항시장,64262,24378,68595,26507,20231203
202311,9호선,신방화,157563,48629,153733,49043,20231203
202311,9호선,마곡나루(서울식물원),357434,36356,352097,35078,20231203
202311,9호선,양천향교,246124,48947,249820,48274,20231203
202311,9호선,가양,522951,140497,507353,137987,20231203
202311,9호선,증미,188654,37694,178908,37668,20231203
202311,9호선,등촌,263204,86865,248203,87204,20231203
202311,9호선,염창,451885,79788,431326,78400,20231203
202311,9호선,신목동,103309,25427,88765,24079,20231203
202311,9호선,선유도,225398,31110,210936,30515,20231203
202311,9호선,당산,500523,72708,503785,67725,20231203
202311,9호선,국회의사당,426041,64025,443109,58096,20231203
202311,9호선,신논현,862992,56641,849915,55026,20231203
202311,9호선,여의도,822800,55087,776117,50999,20231203
202311,9호선,샛강,154967,31636,154542,30684,20231203
202311,9호선,노량진,697996,94245,683853,93742,20231203
202311,9호선,노들,107607,34016,85304,31185,20231203
202311,9호선,흑석(중앙대입구),246314,59637,248239,60051,20231203
202311,9호선,동작(현충원),41458,12822,34710,11337,20231203
202311,9호선,구반포,22368,9425,22925,9526,20231203
202311,9호선,신반포,92961,29477,89996,29592,20231203
202311,9호선,고속터미널,391481,70646,558234,84310,20231203
202311,9호선,사평,93537,25004,89302,25091,20231203
202311,9호선2~3단계,중앙보훈병원,262235,83490,223427,81212,20231203
202311,9호선2~3단계,둔촌오륜,27539,7582,25263,8085,20231203
202311,9호선2~3단계,올림픽공원(한국체대),238521,36007,255880,36087,20231203
202311,9호선2~3단계,한성백제,70990,18750,63162,16820,20231203
202311,9호선2~3단계,송파나루,132974,29926,141621,31307,20231203
202311,9호선2~3단계,석촌,235426,43110,210896,38275,20231203
202311,9호선2~3단계,석촌고분,167126,42315,162158,42519,20231203
202311,9호선2~3단계,삼전,185344,40700,172483,39946,20231203
202311,9호선2~3단계,종합운동장,127533,24196,127308,22200,20231203
202311,9호선2~3단계,봉은사,593215,58040,620089,55666,20231203
202311,9호선2~3단계,삼성중앙,191414,28735,198985,28267,20231203
202311,9호선2~3단계,선정릉,259629,30321,282235,31118,20231203
202311,9호선2~3단계,언주,304499,33648,308353,33384,20231203
202311,경강선,판교,150248,21762,151129,19009,20231203
202311,경강선,여주,69897,18668,70727,19286,20231203
202311,경강선,세종대왕릉,6832,3853,6914,3985,20231203
202311,경강선,부발,62533,10442,59928,10449,20231203
202311,경강선,이천,72273,14725,77700,15994,20231203
202311,경강선,신둔도예촌,38951,8756,35507,8560,20231203
202311,경강선,곤지암,62843,15668,60052,15872,20231203
202311,경강선,초월,88641,16790,82350,16173,20231203
202311,경강선,경기광주,203668,35407,188262,35218,20231203
202311,경강선,삼동,59288,14763,53906,15035,20231203
202311,경강선,이매,28646,7410,24232,7079,20231203
202311,경부선,서울역,282433,18579,89714,4000,20231203
202311,경부선,남영,263242,38856,279357,39965,20231203
202311,경부선,용산,1141069,141348,1154005,140299,20231203
202311,경부선,노량진,228767,51092,239474,49514,20231203
202311,경부선,대방,253910,60046,285475,62213,20231203
202311,경부선,영등포,989522,279903,1020072,281213,20231203
202311,경부선,신도림,89702,25356,92940,30375,20231203
202311,경부선,신길,216319,47826,180255,44502,20231203
202311,경부선,구로,426917,104436,443267,100125,20231203
202311,경부선,가산디지털단지,440545,39694,508643,43257,20231203
202311,경부선,금천구청,256427,82121,255002,83185,20231203
202311,경부선,석수,224266,49715,201963,46766,20231203
202311,경부선,관악,174120,55404,161988,54037,20231203
202311,경부선,안양,620328,123028,616809,126787,20231203
202311,경부선,명학,230212,43730,224065,42460,20231203
202311,경부선,금정,705183,128687,715291,129930,20231203
202311,경부선,군포,171211,40124,166297,39414,20231203
202311,경부선,의왕,222567,46640,219386,46426,20231203
202311,경부선,성균관대,421684,59273,414905,59458,20231203
202311,경부선,화서,215974,47551,207113,46413,20231203
202311,경부선,수원,1040705,153494,1103796,155627,20231203
202311,경부선,독산,442799,71450,453606,72985,20231203
202311,경부선,세류,85553,16582,77323,16254,20231203
202311,경부선,병점,424138,69562,424405,69370,20231203
202311,경부선,세마,79884,16491,75603,15770,20231203
202311,경부선,오산대,103393,18965,94134,18009,20231203
202311,경부선,오산,273879,50028,275143,51029,20231203
202311,경부선,진위,42453,9569,38086,9138,20231203
202311,경부선,송탄,119797,22061,118715,21720,20231203
202311,경부선,서정리,236208,36094,217254,35063,20231203
202311,경부선,평택지제,126576,14558,120091,14223,20231203
202311,경부선,평택,362352,67851,363781,67192,20231203
202311,경부선,성환,157465,20248,151643,20158,20231203
202311,경부선,직산,23263,5074,22867,4772,20231203
202311,경부선,두정,221772,27456,239509,27957,20231203
202311,경부선,천안,183578,54977,165836,54703,20231203
202311,경부선,당정,158201,33268,150574,31555,20231203
202311,경부선,서동탄,35951,7560,31358,7157,20231203
202311,경부선,광명,108230,11661,90791,11261,20231203
202311,경원선,이촌(국립중앙박물관),88075,32706,67512,27804,20231203
202311,경원선,서빙고,51594,18972,50045,18486,20231203
202311,경원선,한남,90423,31457,87269,29568,20231203
202311,경원선,옥수,1795,163,1223,75,20231203
202311,경원선,응봉,40170,17841,33396,16162,20231203
202311,경원선,왕십리(성동구청),433830,76161,439609,78348,20231203
202311,경원선,청량리(서울시립대입구),381023,150501,394284,156476,20231203
202311,경원선,외대앞,274533,46845,266170,47323,20231203
202311,경원선,신이문,183072,68771,165464,67427,20231203
202311,경원선,석계,173197,61536,194417,66750,20231203
202311,경원선,광운대,211613,56322,201376,54896,20231203
202311,경원선,월계,159112,64900,145399,63047,20231203
202311,경원선,녹천,95592,38217,78077,34784,20231203
202311,경원선,창동,13,1,0,0,20231203
202311,경원선,방학,185312,111234,180033,109436,20231203
202311,경원선,도봉,101725,71234,96002,70421,20231203
202311,경원선,도봉산,129789,105825,68925,81941,20231203
202311,경원선,망월사,189328,72017,190633,73145,20231203
202311,경원선,회룡,231071,153128,226314,150985,20231203
202311,경원선,의정부,445241,117018,460155,118874,20231203
202311,경원선,가능,137072,57038,130208,56262,20231203
202311,경원선,녹양,95615,38966,90156,36969,20231203
202311,경원선,양주,171096,55167,162182,53996,20231203
202311,경원선,덕계,118105,31200,103830,29386,20231203
202311,경원선,덕정,154736,35421,145662,35408,20231203
202311,경원선,지행,153097,44518,154086,44354,20231203
202311,경원선,동두천중앙,56249,34343,53824,34701,20231203
202311,경원선,보산,34749,13409,32174,12483,20231203
202311,경원선,동두천,50053,22936,51390,27003,20231203
202311,경원선,소요산,30976,50537,25517,46003,20231203
202311,경의선,신촌,25145,4034,31951,5017,20231203
202311,경의선,효창공원앞,81845,16057,89457,18188,20231203
202311,경의선,서강대,60309,11542,60399,10989,20231203
202311,경의선,가좌,135114,45735,126635,45841,20231203
202311,경의선,수색,81617,18115,82849,18352,20231203
202311,경의선,화전,81975,9541,76599,9384,20231203
202311,경의선,강매,78626,19044,66735,17976,20231203
202311,경의선,행신,209050,36718,207184,37512,20231203
202311,경의선,능곡,112854,34836,102585,34208,20231203
202311,경의선,곡산,13817,5628,14414,5738,20231203
202311,경의선,백마,182181,37845,174808,37364,20231203
202311,경의선,풍산,141995,39778,133530,38841,20231203
202311,경의선,일산,253636,70321,244662,70559,20231203
202311,경의선,탄현,197396,42200,184770,40969,20231203
202311,경의선,야당,220318,42231,224324,41192,20231203
202311,경의선,운정,182409,43426,166628,41974,20231203
202311,경의선,금릉,131691,31757,126302,30909,20231203
202311,경의선,금촌,155111,46542,150510,47885,20231203
202311,경의선,월롱,59988,8697,52161,9254,20231203
202311,경의선,파주,36795,7375,28007,6466,20231203
202311,경의선,문산,121900,47171,118103,47151,20231203
202311,경의선,임진강,443,267,431,321,20231203
202311,경의선,운천,116,127,32,107,20231203
202311,경의선,서울역,114958,17714,141944,21236,20231203
202311,경의선,공덕,107717,16365,85382,15327,20231203
202311,경의선,홍대입구,58034,5566,73184,6401,20231203
202311,경의선,디지털미디어시티,72653,12953,65675,13113,20231203
202311,경의선,김포공항,2,0,0,0,20231203
202311,경의선,계양,6,0,0,0,20231203
202311,경의선,검암,5,1,0,0,20231203
202311,경인선,역곡,664545,154737,652513,160267,20231203
202311,경인선,도화,83115,39959,74331,38773,20231203
202311,경인선,중동,198540,75413,181695,74050,20231203
202311,경인선,온수(성공회대입구),143266,51443,132182,49918,20231203
202311,경인선,도원,74578,28584,74570,30243,20231203
202311,경인선,간석,127709,46036,120034,43951,20231203
202311,경인선,부개,193263,69229,176544,67715,20231203
202311,경인선,소사,179463,65781,172143,64476,20231203
202311,경인선,구일,176301,47765,176791,46607,20231203
202311,경인선,인천,78453,32226,58131,28872,20231203
202311,경인선,동인천,306579,118827,286993,116037,20231203
202311,경인선,제물포,254672,66818,242049,65617,20231203
202311,경인선,주안,492169,95562,444606,85443,20231203
202311,경인선,동암,362162,103962,360968,104866,20231203
202311,경인선,백운,161867,62436,154660,62539,20231203
202311,경인선,부평,714579,150240,763873,151911,20231203
202311,경인선,송내,660192,129150,650809,127342,20231203
202311,경인선,부천,736396,221633,733720,223654,20231203
202311,경인선,오류동,254514,91946,233837,90039,20231203
202311,경인선,개봉,484857,163836,467547,170128,20231203
202311,경춘선,남춘천,65860,24212,65610,25674,20231203
202311,경춘선,김유정,7447,3904,8340,4091,20231203
202311,경춘선,강촌,11259,4373,10902,4348,20231203
202311,경춘선,백양리,1596,1034,1578,1184,20231203
202311,경춘선,굴봉산,1646,1873,1537,1750,20231203
202311,경춘선,가평,46949,15742,46946,15539,20231203
202311,경춘선,상천,4262,4649,3816,4428,20231203
202311,경춘선,청평,35886,17915,34584,17753,20231203
202311,경춘선,대성리,15994,6527,16787,6218,20231203
202311,경춘선,마석,83585,34463,79954,34010,20231203
202311,경춘선,신내,46955,18511,43712,17967,20231203
202311,경춘선,금곡,28341,16428,27279,16027,20231203
202311,경춘선,갈매,69069,21298,57230,20168,20231203
202311,경춘선,별내,72059,22524,69118,21110,20231203
202311,경춘선,퇴계원,78565,29475,70651,27834,20231203
202311,경춘선,사릉,51989,15373,49942,15525,20231203
202311,경춘선,평내호평,139425,47898,136573,46153,20231203
202311,경춘선,천마산,29278,18047,25952,18038,20231203
202311,경춘선,춘천,39675,15350,35258,12409,20231203
202311,공항철도 1호선,인천공항1터미널,359532,34915,344016,31065,20231203
202311,공항철도 1호선,운서,237342,30523,249703,30855,20231203
202311,공항철도 1호선,청라국제도시,200291,15216,189958,15087,20231203
202311,공항철도 1호선,검암,180192,18208,185113,18587,20231203
202311,공항철도 1호선,계양,355633,37099,333912,34873,20231203
202311,공항철도 1호선,김포공항,290747,25338,156289,15432,20231203
202311,공항철도 1호선,마곡나루(서울식물원),295796,17043,283261,17405,20231203
202311,공항철도 1호선,디지털미디어시티,389367,30893,363371,28749,20231203
202311,공항철도 1호선,홍대입구,409669,19751,407642,18089,20231203
202311,공항철도 1호선,공덕,73826,8997,103005,10956,20231203
202311,공항철도 1호선,서울역,380827,36688,338601,33441,20231203
202311,공항철도 1호선,영종,96871,21587,98554,21456,20231203
202311,공항철도 1호선,인천공항2터미널,180138,16647,156398,14390,20231203
202311,공항철도 1호선,공항화물청사,52374,10210,55541,9541,20231203
202311,과천선,인덕원,614582,123820,627326,127259,20231203
202311,과천선,선바위,207380,36207,175616,35111,20231203
202311,과천선,경마공원,95616,70480,96543,69806,20231203
202311,과천선,대공원,78017,39829,80920,41861,20231203
202311,과천선,과천,147429,47686,133813,45011,20231203
202311,과천선,정부과천청사,275028,58623,286998,57906,20231203
202311,과천선,평촌,448321,72188,431447,71823,20231203
202311,과천선,범계,676357,119697,678391,117276,20231203
202311,분당선,매교,126743,25895,125289,26117,20231203
202311,분당선,선릉,323195,49238,505152,65888,20231203
202311,분당선,한티,400681,74166,425831,75972,20231203
202311,분당선,도곡,167247,56988,164736,53753,20231203
202311,분당선,구룡,64465,19927,61395,19704,20231203
202311,분당선,개포동,109694,36063,111160,37201,20231203
202311,분당선,대모산입구,140225,39679,129396,39089,20231203
202311,분당선,수서,372742,76310,384014,79196,20231203
202311,분당선,복정,29,1,0,0,20231203
202311,분당선,수원,217902,33971,193539,31003,20231203
202311,분당선,서울숲,353971,35173,369809,34845,20231203
202311,분당선,압구정로데오,528552,50347,596056,48209,20231203
202311,분당선,강남구청,238629,41373,277103,44676,20231203
202311,분당선,선정릉,188165,34924,197695,34226,20231203
202311,분당선,가천대,319104,30031,328313,30693,20231203
202311,분당선,태평,301601,94713,280877,98258,20231203
202311,분당선,모란,441666,172341,437756,188667,20231203
202311,분당선,야탑,593051,163484,631841,165076,20231203
202311,분당선,서현,580556,134104,596761,129511,20231203
202311,분당선,수내,327042,79408,329072,78019,20231203
202311,분당선,정자,452549,74715,476081,74214,20231203
202311,분당선,미금,327736,110929,347656,119019,20231203
202311,분당선,오리,264154,75708,219850,66488,20231203
202311,분당선,이매,133887,41977,124832,41706,20231203
202311,분당선,보정,57876,21712,50150,20749,20231203
202311,분당선,죽전,356757,76349,390454,79380,20231203
202311,분당선,구성,108594,38380,114750,38531,20231203
202311,분당선,신갈,108810,32464,105849,32157,20231203
202311,분당선,기흥,279254,45709,257944,44374,20231203
202311,분당선,상갈,131581,33896,125555,33142,20231203
202311,분당선,청명,115755,22178,111537,22324,20231203
202311,분당선,영통,242065,34690,243271,34614,20231203
202311,분당선,망포,413877,43651,395049,41890,20231203
202311,분당선,매탄권선,140557,24223,134891,23335,20231203
202311,분당선,수원시청,358121,48211,395511,49881,20231203
202311,서해선,김포공항,77057,10180,92407,13969,20231203
202311,서해선,부천종합운동장,65485,7394,51822,5789,20231203
202311,서해선,원종,93934,35665,94711,37052,20231203
202311,수인선,원인재,99820,34493,103548,34482,20231203
202311,수인선,고색,137069,19956,129589,18351,20231203
202311,수인선,오목천,125709,16657,105242,16199,20231203
202311,수인선,어천,31836,7197,29247,8014,20231203
202311,수인선,야목,8734,2752,7288,2387,20231203
202311,수인선,사리,136071,20563,117015,19121,20231203
202311,수인선,달월,2123,1185,1568,611,20231203
202311,수인선,월곶,68055,17534,60896,17266,20231203
202311,수인선,소래포구,104617,65405,98171,63981,20231203
202311,수인선,인천논현,125460,36905,135753,37403,20231203
202311,수인선,호구포,94696,23144,97940,22956,20231203
202311,수인선,남동인더스파크,52957,7115,59556,7222,20231203
202311,수인선,연수,111404,32346,109096,32497,20231203
202311,수인선,송도,52358,23434,46321,22434,20231203
202311,수인선,인하대,185949,29979,175262,28789,20231203
202311,수인선,숭의,89377,31490,82422,30020,20231203
202311,수인선,신포,41065,14078,41969,14230,20231203
202311,수인선,인천,19291,12106,33992,15481,20231203
202311,신림선,대방,69133,17595,51207,14637,20231203
202311,신림선,서울지방병무청,63729,23821,68443,26149,20231203
202311,신림선,보라매,91158,23205,84553,20627,20231203
202311,신림선,보라매공원,44496,16196,48475,17611,20231203
202311,신림선,보라매병원,153221,52989,160648,51974,20231203
202311,신림선,당곡,97670,36477,94152,36516,20231203
202311,신림선,신림,35127,15737,51633,18935,20231203
202311,신림선,서원,77894,24415,65471,23875,20231203
202311,신림선,서울대벤처타운,217023,65142,193997,64578,20231203
202311,신림선,관악산(서울대),58912,29703,63597,30296,20231203
202311,신림선,샛강,64150,15255,77756,14521,20231203
202311,안산선,정왕,279274,29836,282658,31058,20231203
202311,안산선,수리산,89023,32945,70640,31516,20231203
202311,안산선,오이도,213149,35083,211707,34970,20231203
202311,안산선,산본,373236,109399,404533,111172,20231203
202311,안산선,대야미,116737,32526,102660,30513,20231203
202311,안산선,반월,96453,32207,92978,32259,20231203
202311,안산선,상록수,400382,72986,402816,73769,20231203
202311,안산선,한대앞,261008,44411,260253,46017,20231203
202311,안산선,중앙,499397,67440,526086,66252,20231203
202311,안산선,고잔,233598,39096,223537,37708,20231203
202311,안산선,초지,139525,19892,140192,20012,20231203
202311,안산선,안산,329398,39731,307637,37096,20231203
202311,안산선,신길온천,49768,10310,44990,10213,20231203
202311,우이신설선,보문,32835,16254,33079,15740,20231203
202311,우이신설선,북한산우이,63592,35854,55093,37495,20231203
202311,우이신설선,솔밭공원,49133,30563,43190,31625,20231203
202311,우이신설선,4.19민주묘지,78629,36601,77086,32637,20231203
202311,우이신설선,가오리,76179,53440,73696,55057,20231203
202311,우이신설선,화계,60530,46375,54507,47131,20231203
202311,우이신설선,삼양,32331,28138,32500,31034,20231203
202311,우이신설선,삼양사거리,38999,37639,39497,37565,20231203
202311,우이신설선,솔샘,136371,42197,123837,44012,20231203
202311,우이신설선,북한산보국문,153854,46514,143359,46012,20231203
202311,우이신설선,정릉,100886,49443,89775,46423,20231203
202311,우이신설선,성신여대입구(돈암),76900,31000,90351,30462,20231203
202311,우이신설선,신설동,37126,34416,36993,29198,20231203
202311,일산선,대곡,72683,13348,53160,11678,20231203
202311,일산선,원흥,273738,65912,257424,63168,20231203
202311,일산선,지축,15,0,0,0,20231203
202311,일산선,삼송,476975,98327,450777,99170,20231203
202311,일산선,원당,249582,82801,232260,82417,20231203
202311,일산선,화정,387755,122638,399423,125019,20231203
202311,일산선,백석,220154,76750,222427,75837,20231203
202311,일산선,마두,155576,67318,159763,68577,20231203
202311,일산선,정발산,164300,56279,171572,53542,20231203
202311,일산선,주엽,190659,92818,189863,96544,20231203
202311,일산선,대화,317461,84714,240207,77697,20231203
202311,장항선,아산,126666,14678,109203,13617,20231203
202311,장항선,탕정,40863,5997,36437,5713,20231203
202311,장항선,배방,31229,7223,30452,6903,20231203
202311,장항선,온양온천,92297,58315,94125,59090,20231203
202311,장항선,신창(순천향대),71073,6704,67684,6312,20231203
202311,장항선,쌍용(나사렛대),70751,15791,67351,15292,20231203
202311,장항선,봉명,28088,11026,27961,10587,20231203
202311,중앙선,구리,307878,84669,314395,85060,20231203
202311,중앙선,도농,268842,68142,244235,65983,20231203
202311,중앙선,양정,11318,6759,9086,5949,20231203
202311,중앙선,덕소,116795,45573,113900,45813,20231203
202311,중앙선,도심,52043,19754,39067,17854,20231203
202311,중앙선,팔당,17713,8191,18319,8002,20231203
202311,중앙선,운길산,12409,8404,11788,8698,20231203
202311,중앙선,양수,35138,20939,34839,21163,20231203
202311,중앙선,신원,2848,3133,2551,2674,20231203
202311,중앙선,국수,12328,9239,12042,9416,20231203
202311,중앙선,아신,11371,7735,11411,7569,20231203
202311,중앙선,오빈,4767,4193,4736,4335,20231203
202311,중앙선,양평,62963,33242,64996,34280,20231203
202311,중앙선,원덕,5066,5826,4956,5742,20231203
202311,중앙선,지평,855,966,1102,989,20231203
202311,중앙선,용문,31670,34955,31972,35091,20231203
202311,중앙선,회기,737508,123220,706078,120812,20231203
202311,중앙선,중랑,114526,49624,109784,48791,20231203
202311,중앙선,상봉(시외버스터미널),133758,41942,132611,41368,20231203
202311,중앙선,망우,159000,74704,151518,75723,20231203
202311,중앙선,양원,68967,22082,66306,21782,20231203
202310,1호선,종각,934182,153323,912219,142417,20231103
202310,1호선,동묘앞,158633,179081,169937,180728,20231103
202310,1호선,청량리(서울시립대입구),373168,284133,363785,286861,20231103
202310,1호선,제기동,229494,284154,219321,303921,20231103
202310,1호선,동대문,240537,133504,233806,134891,20231103
202310,1호선,종로5가,496473,268981,499265,260177,20231103
202310,1호선,신설동,285710,125851,274653,123331,20231103
202310,1호선,서울역,1414759,228199,1325225,221362,20231103
202310,1호선,시청,680015,110873,688576,109588,20231103
202310,1호선,종로3가,505893,318029,450857,290405,20231103
202310,2호선,종합운동장,308571,57010,353461,60797,20231103
202310,2호선,강변(동서울터미널),832602,133637,774221,128349,20231103
202310,2호선,왕십리(성동구청),407441,54346,357135,48545,20231103
202310,2호선,상왕십리,344846,70382,332351,70770,20231103
202310,2호선,신당,336123,96339,356777,98482,20231103
202310,2호선,동대문역사문화공원(DDP),379586,62120,440630,67309,20231103
202310,2호선,을지로4가,320763,79341,326448,78130,20231103
202310,2호선,을지로3가,610279,74883,602191,73373,20231103
202310,2호선,을지로입구,1250870,106095,1276706,98286,20231103
202310,2호선,시청,661611,64629,620522,59210,20231103
202310,2호선,구의(광진구청),593797,109716,573678,110007,20231103
202310,2호선,건대입구,1010448,98538,1057217,101885,20231103
202310,2호선,성수,1054611,103034,1186936,105050,20231103
202310,2호선,뚝섬,637115,64344,661574,64026,20231103
202310,2호선,한양대,332911,15428,367396,16391,20231103
202310,2호선,잠실나루,340881,92301,330305,92484,20231103
202310,2호선,잠실(송파구청),2106912,229781,2093629,216510,20231103
202310,2호선,잠실새내,557844,116755,557172,115732,20231103
202310,2호선,삼성(무역센터),1372968,120267,1396256,111573,20231103
202310,2호선,선릉,1264299,224287,1112394,197317,20231103
202310,2호선,역삼,1151287,145830,1322632,149266,20231103
202310,2호선,강남,2015080,158673,1972389,138379,20231103
202310,2호선,교대(법원.검찰청),684425,147637,827244,175762,20231103
202310,2호선,서초,537099,91921,501799,89393,20231103
202310,2호선,방배,420307,81173,435752,81102,20231103
202310,2호선,사당,962693,218934,1089954,212233,20231103
202310,2호선,낙성대(강감찬),699484,115431,679644,117789,20231103
202310,2호선,서울대입구(관악구청),1164803,187084,1146158,177847,20231103
202310,2호선,봉천,537747,155843,492712,154275,20231103
202310,2호선,신림,1383283,208677,1322130,205802,20231103
202310,2호선,신대방,619731,138059,595720,138528,20231103
202310,2호선,구로디지털단지,1414512,198299,1395075,197432,20231103
202310,2호선,대림(구로구청),588822,136627,600859,141167,20231103
202310,2호선,신도림,1229801,230274,1225079,217515,20231103
202310,2호선,문래,523046,87479,542351,87119,20231103
202310,2호선,영등포구청,492685,102192,512788,101626,20231103
202310,2호선,당산,468632,63466,545295,69245,20231103
202310,2호선,합정,901235,73996,988385,75278,20231103
202310,2호선,홍대입구,2021040,103476,2210524,101120,20231103
202310,2호선,신촌,1015517,125713,1043077,123350,20231103
202310,2호선,이대,444107,50420,490081,53964,20231103
202310,2호선,아현,253170,67472,231888,65628,20231103
202310,2호선,충정로(경기대입구),234811,49647,250639,49945,20231103
202310,2호선,용답,69541,18749,69942,18292,20231103
202310,2호선,신답,36566,10247,40450,11017,20231103
202310,2호선,신설동,77859,33779,72959,35586,20231103
202310,2호선,도림천,26526,8721,27771,9978,20231103
202310,2호선,양천구청,146199,54053,153752,54901,20231103
202310,2호선,신정네거리,220975,79488,227778,80298,20231103
202310,2호선,용두(동대문구청),46288,24402,44979,25565,20231103
202310,3호선,고속터미널,1316729,220962,1199995,208618,20231103
202310,3호선,잠원,116859,33022,111454,31419,20231103
202310,3호선,신사,738810,71773,775972,70044,20231103
202310,3호선,압구정,759650,143776,832239,144404,20231103
202310,3호선,옥수,204146,64590,208162,64166,20231103
202310,3호선,금호,181161,58138,163691,56917,20231103
202310,3호선,약수,293692,88311,286557,83042,20231103
202310,3호선,동대입구,290491,47487,331566,52353,20231103
202310,3호선,충무로,49,4,0,0,20231103
202310,3호선,안국,733910,115264,760025,118538,20231103
202310,3호선,종로3가,246881,66825,302134,76048,20231103
202310,3호선,지축,169628,37743,167883,36173,20231103
202310,3호선,을지로3가,276002,48919,282312,46607,20231103
202310,3호선,구파발,510800,137907,502926,133225,20231103
202310,3호선,연신내,764865,275881,718913,265478,20231103
202310,3호선,녹번,373315,84602,330910,82792,20231103
202310,3호선,홍제,394656,153448,370268,150698,20231103
202310,3호선,경복궁(정부서울청사),744311,119185,781954,124494,20231103
202310,3호선,무악재,94104,34502,92764,37066,20231103
202310,3호선,독립문,158453,77633,170572,79017,20231103
202310,3호선,불광,348864,149858,376698,165725,20231103
202310,3호선,오금,152123,34792,135441,32359,20231103
202310,3호선,경찰병원,160152,43957,158832,45346,20231103
202310,3호선,가락시장,178326,83659,176954,81703,20231103
202310,3호선,수서,432863,124806,435997,124434,20231103
202310,3호선,일원,238494,74114,229328,73586,20231103
202310,3호선,대청,239615,67470,224124,65310,20231103
202310,3호선,학여울,50729,18770,51899,18464,20231103
202310,3호선,대치,290905,72193,282331,69293,20231103
202310,3호선,도곡,118742,25412,122287,25830,20231103
202310,3호선,매봉,270278,71750,262543,67313,20231103
202310,3호선,양재(서초구청),856558,156922,952367,157594,20231103
202310,3호선,남부터미널(예술의전당),728664,131180,729449,131809,20231103
202310,3호선,교대(법원.검찰청),377344,84283,224312,47065,20231103
202310,4호선,창동,536441,222194,568847,228616,20231103
202310,4호선,쌍문,671266,185090,607467,182214,20231103
202310,4호선,노원,469835,102968,554093,111145,20231103
202310,4호선,상계,444701,134582,410313,132027,20231103
202310,4호선,당고개,209510,81989,174650,80680,20231103
202310,4호선,남태령,32499,9250,23939,8519,20231103
202310,4호선,사당,690332,110808,606150,111602,20231103
202310,4호선,총신대입구(이수),399561,158515,442714,166677,20231103
202310,4호선,동작(현충원),38296,17262,41377,17608,20231103
202310,4호선,이촌(국립중앙박물관),237781,57499,275501,59681,20231103
202310,4호선,신용산,498372,58791,529251,59332,20231103
202310,4호선,삼각지,154796,27369,184884,29063,20231103
202310,4호선,숙대입구(갈월),381965,58253,371369,54599,20231103
202310,4호선,서울역,310429,43774,579307,60346,20231103
202310,4호선,회현(남대문시장),579270,216654,611409,216195,20231103
202310,4호선,명동,954255,82704,1033645,85973,20231103
202310,4호선,충무로,746679,125587,778006,129411,20231103
202310,4호선,동대문역사문화공원(DDP),500855,66802,438365,60244,20231103
202310,4호선,동대문,445974,163817,463976,159062,20231103
202310,4호선,혜화,981017,144436,999529,143667,20231103
202310,4호선,한성대입구(삼선교),355150,81949,344855,80273,20231103
202310,4호선,성신여대입구(돈암),554776,93588,532709,91409,20231103
202310,4호선,길음,514389,130976,509553,130930,20231103
202310,4호선,미아사거리,597847,198390,581959,197090,20231103
202310,4호선,미아(서울사이버대학),339140,123733,321290,124848,20231103
202310,4호선,수유(강북구청),809701,209781,803106,209958,20231103
202310,5호선,길동,158514,76912,163589,78418,20231103
202310,5호선,명일,187181,77623,189650,79341,20231103
202310,5호선,고덕,218922,79449,213841,78086,20231103
202310,5호선,상일동,315753,97321,297102,95442,20231103
202310,5호선,둔촌동,187862,70993,185411,70957,20231103
202310,5호선,올림픽공원(한국체대),141477,45237,129701,41597,20231103
202310,5호선,방이,163140,51104,166092,51431,20231103
202310,5호선,오금,81542,23059,81775,22701,20231103
202310,5호선,개롱,136568,53444,141884,54941,20231103
202310,5호선,거여,223954,70462,216445,68215,20231103
202310,5호선,마천,160232,62603,144413,64506,20231103
202310,5호선,강일,124628,46125,110902,44421,20231103
202310,5호선,미사,424975,90854,434419,90850,20231103
202310,5호선,하남풍산,98213,34192,97352,33832,20231103
202310,5호선,하남시청(덕풍?신장),163655,78226,153110,78092,20231103
202310,5호선,하남검단산,146462,56259,137314,55563,20231103
202310,5호선,개화산,126953,43170,120087,43011,20231103
202310,5호선,김포공항,234326,43483,184369,42056,20231103
202310,5호선,송정,136251,53125,128293,51466,20231103
202310,5호선,마곡,274058,47203,281155,45859,20231103
202310,5호선,발산,517259,112982,547909,109303,20231103
202310,5호선,우장산,325500,101187,315296,104906,20231103
202310,5호선,화곡,678545,159721,627723,152546,20231103
202310,5호선,까치산,657001,171257,624409,171835,20231103
202310,5호선,신정(은행정),319982,68104,259370,66218,20231103
202310,5호선,목동,392873,89826,420141,90936,20231103
202310,5호선,오목교(목동운동장앞),529841,93718,564454,92927,20231103
202310,5호선,양평,173962,31357,168680,30766,20231103
202310,5호선,영등포구청,104013,21824,103042,21580,20231103
202310,5호선,영등포시장,245489,82174,252649,84144,20231103
202310,5호선,신길,124672,12755,126335,13009,20231103
202310,5호선,여의도,723509,57967,782528,55299,20231103
202310,5호선,여의나루,484566,37150,582461,38173,20231103
202310,5호선,마포,353891,66145,362495,66141,20231103
202310,5호선,공덕,349434,50720,366881,47295,20231103
202310,5호선,방화,144714,59778,137542,58520,20231103
202310,5호선,애오개,149092,39813,146622,38581,20231103
202310,5호선,충정로(경기대입구),108798,14953,110683,15759,20231103
202310,5호선,서대문,469955,73576,476515,69169,20231103
202310,5호선,광화문(세종문화회관),844545,103930,889889,102650,20231103
202310,5호선,종로3가,373674,100865,365686,104265,20231103
202310,5호선,을지로4가,142431,43976,148470,44014,20231103
202310,5호선,동대문역사문화공원(DDP),73505,7924,84837,9065,20231103
202310,5호선,청구,86654,26125,84717,21221,20231103
202310,5호선,신금호,145217,40790,151705,46472,20231103
202310,5호선,행당,183254,55114,159678,49964,20231103
202310,5호선,왕십리(성동구청),106210,26782,126214,26786,20231103
202310,5호선,마장,127851,43841,118007,42613,20231103
202310,5호선,답십리,366889,89960,328781,86219,20231103
202310,5호선,장한평,434981,101043,426412,102710,20231103
202310,5호선,군자(능동),298180,45346,329913,48609,20231103
202310,5호선,아차산(어린이대공원후문),354331,110197,342835,107483,20231103
202310,5호선,광나루(장신대),344308,82482,321756,79534,20231103
202310,5호선,천호(풍납토성),425771,149710,416761,151782,20231103
202310,5호선,강동,409093,110947,400693,108681,20231103
202310,5호선,굽은다리(강동구민회관앞),198420,81215,189277,76447,20231103
202310,6호선,태릉입구,131732,36612,154977,38290,20231103
202310,6호선,보문,197715,33607,182149,31615,20231103
202310,6호선,창신,83758,19983,70373,19278,20231103
202310,6호선,동묘앞,188223,76624,194539,70107,20231103
202310,6호선,신당,215937,40574,224345,39377,20231103
202310,6호선,청구,91601,20848,86829,23113,20231103
202310,6호선,약수,86048,24316,84288,23550,20231103
202310,6호선,버티고개,50449,14992,48012,17802,20231103
202310,6호선,한강진,283033,18585,337531,18594,20231103
202310,6호선,이태원,353421,34453,381186,35235,20231103
202310,6호선,녹사평(용산구청),145883,19782,148599,19160,20231103
202310,6호선,응암,389905,131358,384248,131304,20231103
202310,6호선,역촌,76695,36638,98549,36581,20231103
202310,6호선,불광,95598,44024,97841,36380,20231103
202310,6호선,독바위,60037,22050,60795,27040,20231103
202310,6호선,연신내,21,3,0,0,20231103
202310,6호선,구산,174921,58653,115058,60251,20231103
202310,6호선,새절(신사),282354,96978,256600,96497,20231103
202310,6호선,증산(명지대앞),217614,78935,216240,80203,20231103
202310,6호선,디지털미디어시티,352785,66008,384327,66024,20231103
202310,6호선,월드컵경기장(성산),194329,122889,224374,122707,20231103
202310,6호선,마포구청,342744,91542,301256,82185,20231103
202310,6호선,망원,364973,85158,391871,88640,20231103
202310,6호선,합정,370982,45259,369833,41316,20231103
202310,6호선,상수,292099,23133,334612,23217,20231103
202310,6호선,광흥창(서강),212540,55091,200887,54755,20231103
202310,6호선,대흥(서강대앞),226010,50085,234715,49750,20231103
202310,6호선,공덕,460618,81845,445885,77319,20231103
202310,6호선,효창공원앞,185616,43916,170251,40852,20231103
202310,6호선,삼각지,208399,21600,179141,17219,20231103
202310,6호선,신내,10,0,0,0,20231103
202310,6호선,봉화산(서울의료원),203690,53614,190119,53240,20231103
202310,6호선,화랑대(서울여대입구),307719,53139,234968,47736,20231103
202310,6호선,석계,278518,84840,292012,84508,20231103
202310,6호선,돌곶이,229734,69710,206598,69061,20231103
202310,6호선,상월곡(한국과학기술연구원),150984,44226,138640,42864,20231103
202310,6호선,월곡(동덕여대),289803,75020,278020,73171,20231103
202310,6호선,고려대(종암),233495,38305,225186,37595,20231103
202310,6호선,안암(고대병원앞),336811,38850,345925,38335,20231103
202310,7호선,신풍,253080,76596,233200,75148,20231103
202310,7호선,보라매,166200,33354,170431,34933,20231103
202310,7호선,신대방삼거리,335367,94795,314791,97325,20231103
202310,7호선,장승배기,198866,71536,190518,72917,20231103
202310,7호선,상도,287511,67366,283658,64440,20231103
202310,7호선,숭실대입구(살피재),365648,69913,367049,72342,20231103
202310,7호선,남성,258049,80187,237472,79229,20231103
202310,7호선,이수,375873,83776,365589,79291,20231103
202310,7호선,내방,325643,77555,333800,75176,20231103
202310,7호선,고속터미널,476005,84139,357779,72625,20231103
202310,7호선,반포,144873,38141,141354,36277,20231103
202310,7호선,논현,443879,45834,457322,44286,20231103
202310,7호선,학동,557796,62851,593537,60316,20231103
202310,7호선,강남구청,399972,54271,445832,55275,20231103
202310,7호선,청담,455051,79558,503730,76983,20231103
202310,7호선,뚝섬유원지,314575,52691,321053,51918,20231103
202310,7호선,건대입구,343415,62463,365223,56766,20231103
202310,7호선,어린이대공원(세종대),448201,48660,461283,48293,20231103
202310,7호선,군자(능동),355190,88030,271132,75186,20231103
202310,7호선,중곡,250509,67854,228569,68254,20231103
202310,7호선,용마산(용마폭포공원),137791,38712,135549,42554,20231103
202310,7호선,사가정,367210,110823,365675,111381,20231103
202310,7호선,면목,353673,101544,336000,103745,20231103
202310,7호선,상봉(시외버스터미널),421206,81416,403001,77365,20231103
202310,7호선,중화,242797,69553,234948,69317,20231103
202310,7호선,먹골,228817,71965,221853,73918,20231103
202310,7호선,태릉입구,224097,49881,213587,45219,20231103
202310,7호선,공릉(서울과학기술대),281476,77959,277927,78214,20231103
202310,7호선,하계,414323,121422,384870,116706,20231103
202310,7호선,중계,331729,103132,300329,98841,20231103
202310,7호선,도봉산,226812,60979,260793,86188,20231103
202310,7호선,수락산,267675,108567,260479,109823,20231103
202310,7호선,마들,284473,97113,261258,94380,20231103
202310,7호선,노원,451896,139108,478229,132803,20231103
202310,7호선,장암,65967,13915,27666,10707,20231103
202310,7호선,대림(구로구청),233404,44572,233135,43934,20231103
202310,7호선,남구로,353538,64697,369290,64579,20231103
202310,7호선,가산디지털단지,1027015,94194,1035572,89648,20231103
202310,7호선,철산,512046,107097,519806,106820,20231103
202310,7호선,광명사거리,440227,159522,427069,163648,20231103
202310,7호선,천왕,266885,63278,252226,63323,20231103
202310,7호선,온수(성공회대입구),246347,44244,232127,42191,20231103
202310,7호선,상동,1,1,0,0,20231103
202310,8호선,복정,233552,43871,195598,39041,20231103
202310,8호선,남위례,167936,35637,171763,34932,20231103
202310,8호선,모란,99344,61136,81001,47005,20231103
202310,8호선,수진,113347,47893,102002,46424,20231103
202310,8호선,신흥,106454,43294,111747,45538,20231103
202310,8호선,단대오거리,278399,78660,264388,77266,20231103
202310,8호선,남한산성입구(성남법원.검찰청),332151,82300,301781,77999,20231103
202310,8호선,산성,124375,34497,124320,37701,20231103
202310,8호선,장지,404833,89643,371784,85125,20231103
202310,8호선,문정,495915,62576,518683,62225,20231103
202310,8호선,가락시장,157860,67515,180185,68876,20231103
202310,8호선,송파,197665,67621,191317,66980,20231103
202310,8호선,석촌,172653,55051,210400,59079,20231103
202310,8호선,잠실(송파구청),384708,79868,467484,78860,20231103
202310,8호선,몽촌토성(평화의문),169576,38552,171597,37678,20231103
202310,8호선,강동구청,225001,69163,231680,69598,20231103
202310,8호선,천호(풍납토성),343524,91870,411149,88505,20231103
202310,8호선,암사,423360,114229,367738,111694,20231103
202310,9호선,개화,67638,15222,45055,12212,20231103
202310,9호선,선유도,211509,31894,200389,31314,20231103
202310,9호선,신목동,97666,26794,83547,24870,20231103
202310,9호선,염창,433664,82089,416029,80730,20231103
202310,9호선,등촌,246776,89120,234280,89734,20231103
202310,9호선,증미,172994,38498,163780,38572,20231103
202310,9호선,가양,499621,146432,484828,143794,20231103
202310,9호선,양천향교,233133,51134,236609,50353,20231103
202310,9호선,마곡나루(서울식물원),342414,41985,341115,41191,20231103
202310,9호선,신방화,149802,50447,145667,50590,20231103
202310,9호선,공항시장,63168,25936,67126,27879,20231103
202310,9호선,김포공항,198902,19848,287023,25842,20231103
202310,9호선,당산,480715,72969,485763,68351,20231103
202310,9호선,신논현,841939,56884,828551,55335,20231103
202310,9호선,사평,89363,24766,84858,24791,20231103
202310,9호선,고속터미널,418617,72463,576139,85866,20231103
202310,9호선,신반포,93881,28752,94020,29070,20231103
202310,9호선,구반포,22059,9517,22450,9715,20231103
202310,9호선,동작(현충원),46759,15535,39266,13753,20231103
202310,9호선,흑석(중앙대입구),224129,60923,227001,61071,20231103
202310,9호선,노들,124378,36081,105357,33149,20231103
202310,9호선,노량진,689854,94853,683840,95188,20231103
202310,9호선,샛강,158339,32198,149821,30696,20231103
202310,9호선,여의도,740691,53432,718885,49560,20231103
202310,9호선,국회의사당,385987,59472,400094,53784,20231103
202310,9호선2~3단계,둔촌오륜,26605,7713,23922,8333,20231103
202310,9호선2~3단계,올림픽공원(한국체대),284823,43012,316961,43202,20231103
202310,9호선2~3단계,한성백제,74391,19988,65141,17442,20231103
202310,9호선2~3단계,송파나루,126527,30289,134827,31334,20231103
202310,9호선2~3단계,석촌,234265,43433,209856,37987,20231103
202310,9호선2~3단계,석촌고분,157030,41877,152147,42188,20231103
202310,9호선2~3단계,삼전,173896,41047,162060,40316,20231103
202310,9호선2~3단계,종합운동장,117266,25005,117581,22471,20231103
202310,9호선2~3단계,봉은사,539975,59899,565044,57420,20231103
202310,9호선2~3단계,삼성중앙,177592,27419,184801,27083,20231103
202310,9호선2~3단계,선정릉,243544,28624,263017,29312,20231103
202310,9호선2~3단계,언주,277362,33460,280689,32764,20231103
202310,9호선2~3단계,중앙보훈병원,249442,85195,215776,83161,20231103
202310,경강선,세종대왕릉,7641,4947,7714,5356,20231103
202310,경강선,부발,62521,11738,60331,11674,20231103
202310,경강선,이천,74711,17806,79358,18881,20231103
202310,경강선,신둔도예촌,39182,9671,35555,9521,20231103
202310,경강선,곤지암,64686,17586,62743,17725,20231103
202310,경강선,초월,88285,17557,81292,17062,20231103
202310,경강선,경기광주,202573,37702,185554,37227,20231103
202310,경강선,삼동,58432,15022,52661,15118,20231103
202310,경강선,이매,29273,8170,24686,7793,20231103
202310,경강선,판교,143179,20947,144903,18345,20231103
202310,경강선,여주,74941,23505,73373,23368,20231103
202310,경부선,안양,617214,133640,612070,136961,20231103
202310,경부선,석수,220627,53838,197617,51124,20231103
202310,경부선,금천구청,252106,88987,252259,89893,20231103
202310,경부선,가산디지털단지,413003,40295,477719,43360,20231103
202310,경부선,구로,421799,106383,436584,102478,20231103
202310,경부선,신길,217644,50258,177687,46433,20231103
202310,경부선,신도림,91003,27693,93688,32672,20231103
202310,경부선,영등포,984821,300538,1011809,301957,20231103
202310,경부선,대방,255924,62422,276811,64377,20231103
202310,경부선,노량진,250512,55327,255152,52521,20231103
202310,경부선,용산,1176622,152270,1162323,151220,20231103
202310,경부선,남영,249260,40224,265767,41365,20231103
202310,경부선,서울역,291012,19004,87690,3902,20231103
202310,경부선,광명,111778,12405,89782,12077,20231103
202310,경부선,평택,380875,76980,381480,75839,20231103
202310,경부선,성환,156651,22830,152731,22509,20231103
202310,경부선,직산,23562,5869,23505,5593,20231103
202310,경부선,두정,217871,29005,235018,29357,20231103
202310,경부선,천안,186547,61911,172513,61036,20231103
202310,경부선,당정,155047,34525,147458,32637,20231103
202310,경부선,평택지제,126677,14859,120393,14642,20231103
202310,경부선,서동탄,36786,8251,32648,7992,20231103
202310,경부선,서정리,232648,38577,220540,37421,20231103
202310,경부선,송탄,124889,24332,124500,23673,20231103
202310,경부선,진위,43102,10777,38268,10464,20231103
202310,경부선,오산,281885,54187,282883,55091,20231103
202310,경부선,오산대,105791,23016,97873,22057,20231103
202310,경부선,세마,78224,17590,74065,16636,20231103
202310,경부선,병점,416066,77459,416970,77380,20231103
202310,경부선,세류,86706,18004,78595,17480,20231103
202310,경부선,독산,420028,74211,428215,75517,20231103
202310,경부선,수원,1092817,170223,1147019,172215,20231103
202310,경부선,화서,209318,51509,201745,50210,20231103
202310,경부선,성균관대,399351,62227,397194,62499,20231103
202310,경부선,의왕,215854,49311,212177,48856,20231103
202310,경부선,군포,165365,42189,159937,41366,20231103
202310,경부선,금정,691023,136993,696556,138330,20231103
202310,경부선,명학,220329,46305,215598,45029,20231103
202310,경부선,관악,173337,60838,161319,58949,20231103
202310,경원선,서빙고,57233,19673,55373,19146,20231103
202310,경원선,소요산,41094,77818,34019,70860,20231103
202310,경원선,동두천,49411,25496,51080,31520,20231103
202310,경원선,보산,36398,14692,34050,13933,20231103
202310,경원선,동두천중앙,58018,37828,54740,37732,20231103
202310,경원선,지행,157008,49551,156871,49124,20231103
202310,경원선,덕정,155650,39957,146131,39783,20231103
202310,경원선,덕계,117313,33458,103394,31862,20231103
202310,경원선,양주,183142,69802,172999,68787,20231103
202310,경원선,녹양,97233,42488,91007,40029,20231103
202310,경원선,가능,138487,62081,131437,62043,20231103
202310,경원선,의정부,459604,127042,477072,129371,20231103
202310,경원선,회룡,231100,165179,226363,163074,20231103
202310,경원선,망월사,185466,76631,187305,78385,20231103
202310,경원선,도봉산,144908,133711,81523,104907,20231103
202310,경원선,도봉,101449,75745,94327,74996,20231103
202310,경원선,방학,183320,119139,177605,116094,20231103
202310,경원선,창동,8,1,0,0,20231103
202310,경원선,녹천,92564,41077,75010,37564,20231103
202310,경원선,월계,151090,68981,136982,66191,20231103
202310,경원선,광운대,197509,59209,190977,57824,20231103
202310,경원선,석계,170843,68085,191979,72881,20231103
202310,경원선,신이문,177897,72831,160276,70982,20231103
202310,경원선,외대앞,248117,50063,244012,50212,20231103
202310,경원선,청량리(서울시립대입구),392089,163730,400660,170166,20231103
202310,경원선,왕십리(성동구청),413637,77840,426679,80840,20231103
202310,경원선,응봉,42353,19015,35457,17164,20231103
202310,경원선,옥수,1895,192,1328,87,20231103
202310,경원선,한남,88618,31651,85946,29631,20231103
202310,경원선,이촌(국립중앙박물관),104852,33031,76340,28431,20231103
202310,경의선,신촌,23374,4024,30151,4936,20231103
202310,경의선,효창공원앞,78126,16610,86318,18850,20231103
202310,경의선,서강대,59391,12223,59490,11412,20231103
202310,경의선,가좌,129740,47504,121904,47478,20231103
202310,경의선,수색,76750,18848,79406,18911,20231103
202310,경의선,화전,73205,10705,68686,10512,20231103
202310,경의선,강매,76505,20968,65377,19657,20231103
202310,경의선,행신,206615,39002,204042,39902,20231103
202310,경의선,야당,220796,44765,223294,43499,20231103
202310,경의선,능곡,112773,38518,103661,37780,20231103
202310,경의선,곡산,13998,6444,14602,6515,20231103
202310,경의선,백마,179177,39998,170554,39425,20231103
202310,경의선,풍산,141837,42099,132341,41206,20231103
202310,경의선,일산,250529,74514,239380,75122,20231103
202310,경의선,탄현,195322,45039,181951,43798,20231103
202310,경의선,운정,180435,46129,163211,45010,20231103
202310,경의선,금릉,134665,32581,127818,31673,20231103
202310,경의선,금촌,158500,50465,154366,51793,20231103
202310,경의선,월롱,56684,9634,52196,10333,20231103
202310,경의선,파주,36683,8812,28290,7926,20231103
202310,경의선,문산,125532,51381,121149,51122,20231103
202310,경의선,임진강,893,945,757,850,20231103
202310,경의선,운천,121,177,43,123,20231103
202310,경의선,서울역,106238,18484,130911,21272,20231103
202310,경의선,공덕,103477,16360,83210,15826,20231103
202310,경의선,홍대입구,64322,5807,80140,6883,20231103
202310,경의선,디지털미디어시티,70987,13968,64169,14187,20231103
202310,경의선,김포공항,3,0,0,0,20231103
202310,경의선,계양,5,0,0,0,20231103
202310,경의선,검암,3,1,0,0,20231103
202310,경인선,송내,648989,138228,640876,136759,20231103
202310,경인선,개봉,481987,174971,461083,180887,20231103
202310,경인선,오류동,254321,97345,231445,94954,20231103
202310,경인선,역곡,653985,165285,642605,169945,20231103
202310,경인선,부천,751433,235254,748527,237165,20231103
202310,경인선,부평,737703,159194,787268,161136,20231103
202310,경인선,백운,160321,65859,154480,66127,20231103
202310,경인선,동암,367034,112475,364069,113894,20231103
202310,경인선,주안,488765,101514,441303,90736,20231103
202310,경인선,제물포,251229,71718,237363,70615,20231103
202310,경인선,동인천,315892,133813,295484,130067,20231103
202310,경인선,인천,103751,51241,80586,45941,20231103
202310,경인선,구일,183959,52888,190560,52038,20231103
202310,경인선,소사,185017,70896,174018,68115,20231103
202310,경인선,부개,191194,74423,174118,72583,20231103
202310,경인선,간석,127545,49607,119666,47774,20231103
202310,경인선,도원,69434,31119,69620,32741,20231103
202310,경인선,온수(성공회대입구),144498,55162,132625,53568,20231103
202310,경인선,중동,197581,79228,179866,77915,20231103
202310,경인선,도화,83785,42579,74159,41354,20231103
202310,경춘선,갈매,70062,23335,58690,21795,20231103
202310,경춘선,별내,73234,24154,69221,22444,20231103
202310,경춘선,퇴계원,79817,31696,71385,29947,20231103
202310,경춘선,사릉,53536,17858,50597,18162,20231103
202310,경춘선,금곡,29416,18385,28218,17960,20231103
202310,경춘선,평내호평,141984,50685,137363,48822,20231103
202310,경춘선,천마산,30555,20254,27701,20491,20231103
202310,경춘선,마석,88048,38994,84451,38477,20231103
202310,경춘선,대성리,15947,8572,15631,8032,20231103
202310,경춘선,청평,41576,23039,38634,22807,20231103
202310,경춘선,상천,5799,7498,4888,7230,20231103
202310,경춘선,신내,46732,20592,44031,20075,20231103
202310,경춘선,가평,64885,25739,64183,25278,20231103
202310,경춘선,굴봉산,2594,2858,2336,2781,20231103
202310,경춘선,백양리,2099,1583,2011,1769,20231103
202310,경춘선,강촌,15254,7138,13064,6995,20231103
202310,경춘선,김유정,11395,5708,13047,6136,20231103
202310,경춘선,남춘천,69752,31465,71573,34790,20231103
202310,경춘선,춘천,47382,23871,42175,18009,20231103
202310,공항철도 1호선,인천공항1터미널,390218,41214,352972,36789,20231103
202310,공항철도 1호선,서울역,392440,39139,346694,35636,20231103
202310,공항철도 1호선,공덕,72207,9134,99287,10800,20231103
202310,공항철도 1호선,홍대입구,434608,21049,428592,18997,20231103
202310,공항철도 1호선,디지털미디어시티,360386,30360,339804,28409,20231103
202310,공항철도 1호선,마곡나루(서울식물원),281088,19837,275507,20190,20231103
202310,공항철도 1호선,김포공항,300278,25936,157973,16050,20231103
202310,공항철도 1호선,계양,347305,40426,323039,37797,20231103
202310,공항철도 1호선,검암,181529,20549,188054,21329,20231103
202310,공항철도 1호선,청라국제도시,195971,16575,186157,16397,20231103
202310,공항철도 1호선,운서,240913,33869,257748,34623,20231103
202310,공항철도 1호선,공항화물청사,50358,10404,53569,9997,20231103
202310,공항철도 1호선,인천공항2터미널,188589,18150,157648,15536,20231103
202310,공항철도 1호선,영종,101878,24408,103666,24465,20231103
202310,과천선,평촌,425901,73617,410424,73542,20231103
202310,과천선,인덕원,597916,131118,604475,133876,20231103
202310,과천선,정부과천청사,260712,59770,271326,59536,20231103
202310,과천선,과천,146712,49635,131968,46513,20231103
202310,과천선,대공원,164174,65049,168160,66970,20231103
202310,과천선,경마공원,106951,81160,108975,80812,20231103
202310,과천선,선바위,201289,40271,169016,39025,20231103
202310,과천선,범계,674389,128054,675701,126342,20231103
202310,분당선,청명,110202,22807,106564,23124,20231103
202310,분당선,매교,122943,27354,122115,27487,20231103
202310,분당선,수원시청,345589,49768,383974,51309,20231103
202310,분당선,매탄권선,134525,25288,128476,24602,20231103
202310,분당선,망포,395004,44674,375759,42997,20231103
202310,분당선,영통,232087,35224,234662,35114,20231103
202310,분당선,상갈,132353,34829,126916,34158,20231103
202310,분당선,기흥,269612,47891,248029,46521,20231103
202310,분당선,신갈,103812,33415,102525,33309,20231103
202310,분당선,구성,106685,41269,111512,41154,20231103
202310,분당선,죽전,346145,79904,378930,82365,20231103
202310,분당선,보정,55498,22810,48665,21663,20231103
202310,분당선,이매,133006,43757,123960,43061,20231103
202310,분당선,오리,249294,76464,206917,66860,20231103
202310,분당선,미금,317461,112665,335111,119525,20231103
202310,분당선,정자,428370,73528,450595,73787,20231103
202310,분당선,수내,312438,81248,314821,79963,20231103
202310,분당선,서현,561539,136509,578191,132085,20231103
202310,분당선,야탑,577085,170772,611859,172367,20231103
202310,분당선,모란,470123,183726,467397,200489,20231103
202310,분당선,태평,299652,97662,277521,100637,20231103
202310,분당선,가천대,296656,30290,308668,31136,20231103
202310,분당선,선정릉,172210,32253,182226,32411,20231103
202310,분당선,강남구청,220199,40679,257911,43977,20231103
202310,분당선,압구정로데오,514600,49353,590256,47520,20231103
202310,분당선,서울숲,364156,39637,381128,39241,20231103
202310,분당선,수원,222610,36800,196950,34291,20231103
202310,분당선,복정,31,1,0,0,20231103
202310,분당선,수서,362461,76091,368163,78422,20231103
202310,분당선,대모산입구,131464,40299,119928,39649,20231103
202310,분당선,개포동,103903,38025,106000,38726,20231103
202310,분당선,구룡,65812,19856,62758,19720,20231103
202310,분당선,도곡,159565,59433,153841,55217,20231103
202310,분당선,한티,387996,73696,406191,75006,20231103
202310,분당선,선릉,289395,45758,456990,61904,20231103
202310,서해선,부천종합운동장,63038,7665,49176,6170,20231103
202310,서해선,김포공항,79553,11029,93396,14385,20231103
202310,서해선,원종,91632,37162,91850,38129,20231103
202310,수인선,어천,30726,8165,29590,9074,20231103
202310,수인선,야목,9334,3332,7284,2707,20231103
202310,수인선,사리,136242,22191,115686,20350,20231103
202310,수인선,달월,1971,1298,1489,752,20231103
202310,수인선,월곶,72856,21848,66112,21147,20231103
202310,수인선,소래포구,118736,89321,115671,88256,20231103
202310,수인선,인천논현,126147,39122,135913,39642,20231103
202310,수인선,호구포,93159,24229,95181,23637,20231103
202310,수인선,남동인더스파크,49035,6873,54817,7136,20231103
202310,수인선,원인재,101087,36505,105004,36429,20231103
202310,수인선,연수,114416,34797,111328,34869,20231103
202310,수인선,송도,54129,26202,47084,25172,20231103
202310,수인선,인하대,179259,31577,170049,30690,20231103
202310,수인선,숭의,88645,33922,81940,31918,20231103
202310,수인선,인천,25659,14473,45045,20395,20231103
202310,수인선,신포,43429,15468,43599,15448,20231103
202310,수인선,고색,128144,21103,123011,19460,20231103
202310,수인선,오목천,119825,17648,101345,17285,20231103
202310,신림선,서울대벤처타운,210092,67732,187443,66469,20231103
202310,신림선,샛강,63151,15634,76714,15399,20231103
202310,신림선,대방,67939,17966,49747,14958,20231103
202310,신림선,서울지방병무청,60237,24382,64053,26628,20231103
202310,신림선,보라매,86154,24683,79922,21834,20231103
202310,신림선,보라매공원,42807,18031,47064,19224,20231103
202310,신림선,보라매병원,141145,52155,148266,51759,20231103
202310,신림선,당곡,92962,37123,89386,36629,20231103
202310,신림선,신림,33434,16370,50723,20132,20231103
202310,신림선,서원,74245,25058,61173,24557,20231103
202310,신림선,관악산(서울대),66091,40714,71265,41245,20231103
202310,안산선,중앙,508106,74675,534229,73387,20231103
202310,안산선,산본,375949,118209,406914,120075,20231103
202310,안산선,대야미,119307,36977,104827,34811,20231103
202310,안산선,반월,97925,34595,93882,34378,20231103
202310,안산선,상록수,400480,79131,400597,80350,20231103
202310,안산선,한대앞,255646,47998,256565,49183,20231103
202310,안산선,고잔,238666,42042,229557,40554,20231103
202310,안산선,초지,139184,21232,139324,21386,20231103
202310,안산선,안산,347348,41800,322524,39709,20231103
202310,안산선,신길온천,51376,11335,46811,11221,20231103
202310,안산선,정왕,278247,31260,283926,32383,20231103
202310,안산선,오이도,227568,43628,224838,43177,20231103
202310,안산선,수리산,88307,35735,71825,34621,20231103
202310,우이신설선,북한산우이,75842,43983,67500,45008,20231103
202310,우이신설선,4.19민주묘지,74438,42482,73172,37462,20231103
202310,우이신설선,가오리,74458,55168,71353,56099,20231103
202310,우이신설선,화계,59690,48879,52936,49485,20231103
202310,우이신설선,삼양,32004,29373,31916,32459,20231103
202310,우이신설선,삼양사거리,38567,39982,38031,39479,20231103
202310,우이신설선,솔샘,131083,43726,118712,45860,20231103
202310,우이신설선,북한산보국문,147399,48907,136000,48088,20231103
202310,우이신설선,정릉,98350,51725,85228,48221,20231103
202310,우이신설선,성신여대입구(돈암),73079,31990,86910,30788,20231103
202310,우이신설선,보문,31441,16510,31631,16023,20231103
202310,우이신설선,신설동,35951,34452,36154,30297,20231103
202310,우이신설선,솔밭공원,47600,32646,41513,34130,20231103
202310,일산선,대화,324522,88514,248126,80906,20231103
202310,일산선,정발산,181235,69695,192193,66576,20231103
202310,일산선,주엽,192757,98558,190988,101727,20231103
202310,일산선,원흥,272635,70927,259123,67957,20231103
202310,일산선,지축,7,1,0,0,20231103
202310,일산선,삼송,476705,105846,454105,107428,20231103
202310,일산선,원당,250110,88749,231888,87727,20231103
202310,일산선,화정,394513,129713,404066,132369,20231103
202310,일산선,대곡,70877,15668,52405,13903,20231103
202310,일산선,백석,219983,79467,222071,78692,20231103
202310,일산선,마두,154186,71115,156967,72482,20231103
202310,장항선,배방,32039,7700,31540,7427,20231103
202310,장항선,신창(순천향대),65764,8815,65266,8172,20231103
202310,장항선,봉명,27645,11338,27698,10877,20231103
202310,장항선,쌍용(나사렛대),70364,16810,67531,16065,20231103
202310,장항선,아산,129289,15767,107991,14768,20231103
202310,장항선,탕정,40713,6382,37097,5901,20231103
202310,장항선,온양온천,96612,62763,97786,63013,20231103
202310,중앙선,원덕,5987,7571,5446,7210,20231103
202310,중앙선,회기,692769,135762,666925,133186,20231103
202310,중앙선,중랑,113813,54331,109035,53729,20231103
202310,중앙선,상봉(시외버스터미널),136192,46323,134829,46067,20231103
202310,중앙선,망우,158890,80734,151683,81893,20231103
202310,중앙선,양원,68385,24327,65067,23682,20231103
202310,중앙선,구리,310847,94165,317086,94114,20231103
202310,중앙선,도농,265330,73725,240259,71324,20231103
202310,중앙선,양정,11510,9065,9129,8163,20231103
202310,중앙선,덕소,119391,50549,116234,49924,20231103
202310,중앙선,도심,52216,21881,39230,20290,20231103
202310,중앙선,팔당,23181,11454,24691,11398,20231103
202310,중앙선,운길산,21702,17706,20592,18173,20231103
202310,중앙선,양수,42257,27885,40522,27535,20231103
202310,중앙선,신원,4113,4676,3033,4062,20231103
202310,중앙선,국수,13640,10925,12910,10864,20231103
202310,중앙선,아신,12317,9209,12262,8894,20231103
202310,중앙선,오빈,5274,4911,5169,4997,20231103
202310,중앙선,양평,68615,40242,67747,41255,20231103
202310,중앙선,용문,37646,50143,36396,49052,20231103
202310,중앙선,지평,947,1263,1305,1468,20231103
202309,1호선,시청,627933,98111,636796,98402,20231003
202309,1호선,종각,899554,138210,882768,127736,20231003
202309,1호선,종로3가,467997,285136,418953,262510,20231003
202309,1호선,종로5가,474020,243837,472301,235844,20231003
202309,1호선,동대문,244748,117292,240045,116736,20231003
202309,1호선,신설동,278667,115977,266224,112061,20231003
202309,1호선,제기동,225337,293172,213872,317701,20231003
202309,1호선,청량리(서울시립대입구),357847,276674,348368,280143,20231003
202309,1호선,동묘앞,143466,152241,149942,153930,20231003
202309,1호선,서울역,1302969,196432,1278959,187106,20231003
202309,2호선,뚝섬,583249,58641,618843,58598,20231003
202309,2호선,성수,959385,96442,1077662,97525,20231003
202309,2호선,건대입구,959147,89641,1012839,92478,20231003
202309,2호선,시청,627077,58310,587581,53764,20231003
202309,2호선,을지로입구,1206816,98980,1229355,91150,20231003
202309,2호선,을지로3가,588752,70324,580810,68301,20231003
202309,2호선,을지로4가,308919,78663,313793,77614,20231003
202309,2호선,동대문역사문화공원(DDP),378329,54361,437379,58523,20231003
202309,2호선,신당,324661,89679,344243,91095,20231003
202309,2호선,상왕십리,334914,65125,320608,65818,20231003
202309,2호선,왕십리(성동구청),401128,50126,348301,44818,20231003
202309,2호선,한양대,337372,13273,372579,14113,20231003
202309,2호선,잠실새내,542033,108017,544402,107155,20231003
202309,2호선,종합운동장,362152,49563,408972,52059,20231003
202309,2호선,삼성(무역센터),1340688,110501,1358615,102455,20231003
202309,2호선,선릉,1239103,216048,1087427,190679,20231003
202309,2호선,역삼,1139546,136328,1287034,137223,20231003
202309,2호선,강남,1978673,151081,1926696,131502,20231003
202309,2호선,교대(법원.검찰청),676986,140930,813356,167311,20231003
202309,2호선,서초,520089,86368,493846,85675,20231003
202309,2호선,방배,412882,74708,428260,74168,20231003
202309,2호선,사당,923637,199070,1036197,191232,20231003
202309,2호선,낙성대(강감찬),678293,104858,644491,105876,20231003
202309,2호선,서울대입구(관악구청),1139284,172281,1101785,162854,20231003
202309,2호선,봉천,520249,143127,471358,141251,20231003
202309,2호선,신림,1331450,191110,1249200,188791,20231003
202309,2호선,신대방,597712,126817,568009,127010,20231003
202309,2호선,구로디지털단지,1368072,179092,1344784,179014,20231003
202309,2호선,대림(구로구청),556413,125012,570719,129221,20231003
202309,2호선,신도림,1182369,215161,1177276,202472,20231003
202309,2호선,문래,507338,83239,527394,82708,20231003
202309,2호선,영등포구청,476754,96781,493981,95747,20231003
202309,2호선,당산,444749,56622,517593,62727,20231003
202309,2호선,합정,851943,68796,937048,69314,20231003
202309,2호선,홍대입구,1872300,95191,2049358,92374,20231003
202309,2호선,신촌,1029811,117266,1050677,115373,20231003
202309,2호선,이대,439728,48195,477501,50579,20231003
202309,2호선,아현,249393,63847,227953,62145,20231003
202309,2호선,충정로(경기대입구),227684,47418,241924,47617,20231003
202309,2호선,용답,68990,17517,68880,17016,20231003
202309,2호선,신답,35639,9611,39485,10199,20231003
202309,2호선,신설동,75345,30532,69860,31938,20231003
202309,2호선,도림천,25923,8127,26421,9100,20231003
202309,2호선,양천구청,141794,50146,150185,51027,20231003
202309,2호선,신정네거리,214505,72909,219651,74095,20231003
202309,2호선,용두(동대문구청),46193,25002,44407,26150,20231003
202309,2호선,구의(광진구청),570344,100980,548138,101537,20231003
202309,2호선,강변(동서울터미널),789388,117178,770652,114318,20231003
202309,2호선,잠실나루,323128,85598,311067,85594,20231003
202309,2호선,잠실(송파구청),1945617,202634,1939759,193835,20231003
202309,3호선,경찰병원,156583,42178,153769,43345,20231003
202309,3호선,대청,230113,60157,211636,58016,20231003
202309,3호선,일원,229351,68250,220087,66995,20231003
202309,3호선,수서,411564,116518,424475,114780,20231003
202309,3호선,오금,148104,32443,131119,30114,20231003
202309,3호선,가락시장,173013,82925,170018,81575,20231003
202309,3호선,지축,158962,33439,156378,31810,20231003
202309,3호선,구파발,485114,125303,475277,120327,20231003
202309,3호선,연신내,731334,254685,687745,246272,20231003
202309,3호선,불광,332892,138127,355116,153287,20231003
202309,3호선,녹번,362915,77712,319285,76406,20231003
202309,3호선,홍제,380246,140031,357148,137606,20231003
202309,3호선,무악재,91420,31296,89476,33648,20231003
202309,3호선,독립문,148076,68369,153488,68554,20231003
202309,3호선,경복궁(정부서울청사),675612,95310,684435,94636,20231003
202309,3호선,안국,663707,100305,682819,102774,20231003
202309,3호선,종로3가,229149,62118,281168,70283,20231003
202309,3호선,을지로3가,266405,46897,273391,44688,20231003
202309,3호선,충무로,46,2,0,0,20231003
202309,3호선,동대입구,273529,41779,307020,44449,20231003
202309,3호선,약수,284923,82109,277461,77274,20231003
202309,3호선,금호,174380,52981,157375,52002,20231003
202309,3호선,옥수,194642,59860,198637,59259,20231003
202309,3호선,압구정,740443,132679,809732,133578,20231003
202309,3호선,신사,703505,65817,739895,63679,20231003
202309,3호선,잠원,113438,30724,108259,29139,20231003
202309,3호선,고속터미널,1235929,201483,1223057,191244,20231003
202309,3호선,교대(법원.검찰청),369737,78878,218479,44292,20231003
202309,3호선,남부터미널(예술의전당),693060,120537,708468,122113,20231003
202309,3호선,양재(서초구청),828809,143894,918905,145954,20231003
202309,3호선,매봉,261597,66920,254789,62602,20231003
202309,3호선,도곡,115076,23181,117731,23202,20231003
202309,3호선,대치,291919,70046,282337,67150,20231003
202309,3호선,학여울,57791,15760,59684,15472,20231003
202309,4호선,미아사거리,578076,181630,560333,180593,20231003
202309,4호선,당고개,201052,76945,168703,76091,20231003
202309,4호선,상계,429233,124689,395327,121621,20231003
202309,4호선,노원,446760,92710,527674,99726,20231003
202309,4호선,창동,516089,212348,549444,220612,20231003
202309,4호선,쌍문,649311,169549,587966,166997,20231003
202309,4호선,수유(강북구청),784977,191543,777720,191848,20231003
202309,4호선,미아(서울사이버대학),328870,114402,310872,116225,20231003
202309,4호선,길음,501735,119155,496302,118936,20231003
202309,4호선,성신여대입구(돈암),544606,86325,515061,84133,20231003
202309,4호선,한성대입구(삼선교),344974,75024,331216,72924,20231003
202309,4호선,혜화,911556,133151,926009,130649,20231003
202309,4호선,동대문,411884,139217,425864,135253,20231003
202309,4호선,동대문역사문화공원(DDP),487282,59883,423311,53426,20231003
202309,4호선,충무로,720685,113875,743248,116033,20231003
202309,4호선,명동,893160,72115,963450,74734,20231003
202309,4호선,회현(남대문시장),539069,178431,561283,178000,20231003
202309,4호선,서울역,303374,40220,554531,51964,20231003
202309,4호선,숙대입구(갈월),379119,54557,362442,50455,20231003
202309,4호선,삼각지,148501,23738,177113,24411,20231003
202309,4호선,신용산,472953,54198,517053,54396,20231003
202309,4호선,이촌(국립중앙박물관),238737,52851,261958,55220,20231003
202309,4호선,동작(현충원),30179,14463,34050,14741,20231003
202309,4호선,총신대입구(이수),388200,150689,425613,157601,20231003
202309,4호선,사당,657194,99825,583543,100510,20231003
202309,4호선,남태령,31836,8803,23266,7973,20231003
202309,5호선,하남검단산,136282,52153,128826,51474,20231003
202309,5호선,방화,142984,54913,135670,53789,20231003
202309,5호선,개화산,122272,40019,115303,39839,20231003
202309,5호선,김포공항,215091,41365,174657,39977,20231003
202309,5호선,송정,130882,49667,122907,47568,20231003
202309,5호선,마곡,262346,44519,269981,43092,20231003
202309,5호선,발산,490234,101006,521961,98306,20231003
202309,5호선,우장산,320012,95953,308703,99833,20231003
202309,5호선,화곡,651284,146278,599081,139216,20231003
202309,5호선,까치산,631714,158926,594905,159388,20231003
202309,5호선,신정(은행정),308246,62729,249742,61277,20231003
202309,5호선,목동,378664,82509,405150,83344,20231003
202309,5호선,오목교(목동운동장앞),515844,86017,551262,85736,20231003
202309,5호선,양평,168582,29326,161900,28860,20231003
202309,5호선,영등포구청,98762,20610,96790,19904,20231003
202309,5호선,영등포시장,233965,74517,239115,76147,20231003
202309,5호선,신길,116501,11261,117981,11495,20231003
202309,5호선,여의도,697388,52406,752939,49476,20231003
202309,5호선,여의나루,439251,31919,472335,31070,20231003
202309,5호선,마포,328749,61553,335280,61349,20231003
202309,5호선,공덕,336101,47500,355190,44675,20231003
202309,5호선,애오개,145742,37651,143293,36163,20231003
202309,5호선,충정로(경기대입구),107940,13907,110185,14732,20231003
202309,5호선,서대문,464122,68939,467455,64534,20231003
202309,5호선,광화문(세종문화회관),806269,86717,853664,84065,20231003
202309,5호선,종로3가,338582,91748,335433,95812,20231003
202309,5호선,을지로4가,133951,42578,140083,42335,20231003
202309,5호선,동대문역사문화공원(DDP),72913,7893,85212,8812,20231003
202309,5호선,청구,84414,24767,82119,19959,20231003
202309,5호선,신금호,139909,38205,144988,42813,20231003
202309,5호선,행당,176305,51267,154286,46352,20231003
202309,5호선,왕십리(성동구청),101881,24705,121386,24817,20231003
202309,5호선,마장,125543,44118,117581,42639,20231003
202309,5호선,답십리,351716,81174,313802,78189,20231003
202309,5호선,장한평,420286,92618,410518,94174,20231003
202309,5호선,군자(능동),283668,40184,312605,43404,20231003
202309,5호선,아차산(어린이대공원후문),327065,97897,312888,94759,20231003
202309,5호선,광나루(장신대),321476,73127,299345,70334,20231003
202309,5호선,천호(풍납토성),406121,136459,395177,138477,20231003
202309,5호선,강동,395272,103316,383364,101213,20231003
202309,5호선,길동,153036,74367,157743,76209,20231003
202309,5호선,굽은다리(강동구민회관앞),194930,76902,186371,71996,20231003
202309,5호선,명일,180350,72095,181768,73262,20231003
202309,5호선,고덕,207566,75031,203199,73831,20231003
202309,5호선,상일동,306883,89949,286819,88062,20231003
202309,5호선,둔촌동,177556,66779,176323,67411,20231003
202309,5호선,올림픽공원(한국체대),114294,38280,99411,34798,20231003
202309,5호선,방이,157281,47972,161869,48083,20231003
202309,5호선,오금,79305,21491,79932,20948,20231003
202309,5호선,개롱,131472,49914,137216,51443,20231003
202309,5호선,거여,217087,65733,209483,63504,20231003
202309,5호선,마천,153209,56666,138651,57967,20231003
202309,5호선,강일,116511,42063,103383,40376,20231003
202309,5호선,미사,398933,82735,407804,82546,20231003
202309,5호선,하남풍산,94038,31351,92702,30992,20231003
202309,5호선,하남시청(덕풍?신장),153290,71025,143852,71166,20231003
202309,6호선,망원,345513,81072,372203,84995,20231003
202309,6호선,응암,376244,119099,368745,118247,20231003
202309,6호선,역촌,75664,34579,95197,33547,20231003
202309,6호선,불광,89999,42505,92103,34323,20231003
202309,6호선,독바위,57758,21006,57740,25815,20231003
202309,6호선,연신내,18,2,0,0,20231003
202309,6호선,구산,170353,54104,114621,55912,20231003
202309,6호선,새절(신사),271953,88445,246676,88067,20231003
202309,6호선,증산(명지대앞),208792,71916,205912,72691,20231003
202309,6호선,디지털미디어시티,334592,59367,374616,59563,20231003
202309,6호선,월드컵경기장(성산),110270,56654,120256,55166,20231003
202309,6호선,마포구청,323133,79414,284126,72279,20231003
202309,6호선,합정,350339,39978,350175,37304,20231003
202309,6호선,상수,281264,21592,330701,21567,20231003
202309,6호선,광흥창(서강),204813,52809,194602,51952,20231003
202309,6호선,대흥(서강대앞),222029,46464,230951,46104,20231003
202309,6호선,공덕,437437,75488,425408,71234,20231003
202309,6호선,효창공원앞,174080,39214,159620,35954,20231003
202309,6호선,삼각지,199086,19642,169755,16627,20231003
202309,6호선,녹사평(용산구청),135307,18271,136949,17353,20231003
202309,6호선,이태원,333056,31072,375517,31752,20231003
202309,6호선,한강진,268630,17046,319817,17010,20231003
202309,6호선,버티고개,48330,14314,45682,16784,20231003
202309,6호선,약수,82264,23263,81011,22102,20231003
202309,6호선,청구,87856,19511,83688,21978,20231003
202309,6호선,신당,213653,38101,218773,36955,20231003
202309,6호선,동묘앞,178112,68039,185191,63573,20231003
202309,6호선,창신,81002,18992,67961,18065,20231003
202309,6호선,보문,192272,30922,175309,29434,20231003
202309,6호선,안암(고대병원앞),354596,36748,355015,36153,20231003
202309,6호선,고려대(종암),232009,34807,221795,33929,20231003
202309,6호선,월곡(동덕여대),283154,69975,270064,68411,20231003
202309,6호선,상월곡(한국과학기술연구원),147718,41973,136109,40640,20231003
202309,6호선,돌곶이,222826,61718,198411,60888,20231003
202309,6호선,석계,273512,78630,286114,78347,20231003
202309,6호선,태릉입구,127604,33209,148335,34900,20231003
202309,6호선,화랑대(서울여대입구),298524,48618,225359,43617,20231003
202309,6호선,봉화산(서울의료원),197330,49894,183546,49505,20231003
202309,6호선,신내,10,2,0,0,20231003
202309,7호선,뚝섬유원지,271939,46759,263671,46382,20231003
202309,7호선,장암,61408,12333,25090,9470,20231003
202309,7호선,도봉산,213211,51712,244125,71697,20231003
202309,7호선,수락산,259857,99285,252001,100140,20231003
202309,7호선,마들,275392,90855,251999,88918,20231003
202309,7호선,노원,435928,126418,459269,120117,20231003
202309,7호선,중계,320257,97123,288595,92919,20231003
202309,7호선,하계,397402,109775,368976,105501,20231003
202309,7호선,공릉(서울과학기술대),276222,72903,269347,73054,20231003
202309,7호선,태릉입구,218086,46092,207389,42049,20231003
202309,7호선,먹골,222089,67181,213464,68432,20231003
202309,7호선,중화,236232,65157,227818,64592,20231003
202309,7호선,상봉(시외버스터미널),406937,74735,392233,72384,20231003
202309,7호선,면목,344501,95457,326155,98324,20231003
202309,7호선,사가정,354373,102333,352265,102378,20231003
202309,7호선,용마산(용마폭포공원),129686,35113,125083,38472,20231003
202309,7호선,중곡,241245,61971,219089,62213,20231003
202309,7호선,군자(능동),344209,80796,261328,68914,20231003
202309,7호선,어린이대공원(세종대),441539,43314,449639,42885,20231003
202309,7호선,건대입구,337937,59334,357334,54420,20231003
202309,7호선,청담,430309,74468,477983,71887,20231003
202309,7호선,강남구청,385195,50922,430381,51835,20231003
202309,7호선,학동,544300,59644,576428,57377,20231003
202309,7호선,논현,424295,42159,437020,40933,20231003
202309,7호선,반포,139596,36038,136252,34466,20231003
202309,7호선,고속터미널,435153,75158,350603,66332,20231003
202309,7호선,내방,316033,72248,322190,69758,20231003
202309,7호선,이수,364924,77755,353690,73908,20231003
202309,7호선,남성,252584,73839,230696,73060,20231003
202309,7호선,숭실대입구(살피재),368406,64945,370181,66910,20231003
202309,7호선,상도,286217,63655,280181,60005,20231003
202309,7호선,장승배기,192740,67957,183445,68976,20231003
202309,7호선,신대방삼거리,329531,90639,304811,93459,20231003
202309,7호선,보라매,162437,31212,165188,33062,20231003
202309,7호선,신풍,244444,72356,225535,71087,20231003
202309,7호선,대림(구로구청),227646,42026,229350,41117,20231003
202309,7호선,남구로,349956,61297,365058,61924,20231003
202309,7호선,가산디지털단지,1004540,86759,1006764,82562,20231003
202309,7호선,철산,489858,100532,500330,99428,20231003
202309,7호선,광명사거리,426801,151828,414523,157926,20231003
202309,7호선,천왕,258165,59215,243261,58735,20231003
202309,7호선,온수(성공회대입구),241869,41347,225449,39219,20231003
202309,7호선,굴포천,1,0,0,0,20231003
202309,8호선,문정,481642,58277,501480,57677,20231003
202309,8호선,장지,386105,82177,351882,77322,20231003
202309,8호선,신흥,102478,40839,107272,43142,20231003
202309,8호선,복정,223953,40095,186296,35715,20231003
202309,8호선,산성,116706,31468,115402,33904,20231003
202309,8호선,남한산성입구(성남법원.검찰청),320985,74795,288145,70683,20231003
202309,8호선,단대오거리,265871,72436,251926,70102,20231003
202309,8호선,암사,409495,106710,352610,104751,20231003
202309,8호선,수진,109300,45004,97404,43540,20231003
202309,8호선,강동구청,217328,65396,222367,65438,20231003
202309,8호선,몽촌토성(평화의문),154491,34688,156520,33700,20231003
202309,8호선,잠실(송파구청),363445,75143,438061,74104,20231003
202309,8호선,모란,86058,56654,71493,44641,20231003
202309,8호선,석촌,166895,50183,200250,53126,20231003
202309,8호선,송파,195550,63437,189629,62511,20231003
202309,8호선,천호(풍납토성),327392,85705,392998,82819,20231003
202309,8호선,가락시장,152238,69022,173421,70854,20231003
202309,8호선,남위례,157209,30978,160775,30268,20231003
202309,9호선,증미,169815,36580,160320,36833,20231003
202309,9호선,가양,477216,134981,457629,131531,20231003
202309,9호선,양천향교,225802,47382,227168,46923,20231003
202309,9호선,마곡나루(서울식물원),322199,34631,319248,34011,20231003
202309,9호선,신방화,147950,47128,142994,47614,20231003
202309,9호선,공항시장,61276,24334,64714,26076,20231003
202309,9호선,김포공항,184536,18684,280534,24238,20231003
202309,9호선,개화,63964,13750,41990,11117,20231003
202309,9호선,신논현,805038,52727,788446,51173,20231003
202309,9호선,사평,87273,23495,82897,23596,20231003
202309,9호선,고속터미널,387072,64937,564997,77387,20231003
202309,9호선,신반포,87800,26121,89113,26658,20231003
202309,9호선,구반포,19986,8681,20422,8942,20231003
202309,9호선,동작(현충원),46486,14122,38486,12732,20231003
202309,9호선,흑석(중앙대입구),224117,55319,224497,55671,20231003
202309,9호선,노들,109081,32772,87186,30085,20231003
202309,9호선,노량진,653287,90779,635445,90796,20231003
202309,9호선,샛강,140538,28892,139922,28296,20231003
202309,9호선,여의도,731462,49824,706051,46357,20231003
202309,9호선,국회의사당,406788,59723,430284,54302,20231003
202309,9호선,당산,472250,68181,470681,63858,20231003
202309,9호선,선유도,204631,30412,191413,29713,20231003
202309,9호선,신목동,94722,23913,80206,22542,20231003
202309,9호선,염창,416259,75443,393955,73600,20231003
202309,9호선,등촌,241081,83476,226654,83304,20231003
202309,9호선2~3단계,석촌,221448,39377,195526,34572,20231003
202309,9호선2~3단계,중앙보훈병원,241095,79793,206085,78008,20231003
202309,9호선2~3단계,둔촌오륜,25388,6927,22976,7473,20231003
202309,9호선2~3단계,올림픽공원(한국체대),218524,32163,233591,32086,20231003
202309,9호선2~3단계,한성백제,67990,18350,59718,16430,20231003
202309,9호선2~3단계,송파나루,120128,28979,130743,30263,20231003
202309,9호선2~3단계,석촌고분,150430,39129,145595,39618,20231003
202309,9호선2~3단계,삼전,168645,38379,156157,37672,20231003
202309,9호선2~3단계,종합운동장,111157,22149,113109,20397,20231003
202309,9호선2~3단계,봉은사,511029,55167,533163,52804,20231003
202309,9호선2~3단계,삼성중앙,178616,27151,185184,26580,20231003
202309,9호선2~3단계,선정릉,233770,26843,249644,27556,20231003
202309,9호선2~3단계,언주,273352,31067,274749,30336,20231003
202309,경강선,여주,69432,18935,70479,19119,20231003
202309,경강선,판교,136365,18004,138934,15857,20231003
202309,경강선,이매,28847,7406,23578,6662,20231003
202309,경강선,삼동,56725,13494,50655,13593,20231003
202309,경강선,경기광주,198476,33232,183332,32854,20231003
202309,경강선,초월,83844,15480,77174,15003,20231003
202309,경강선,곤지암,56440,15059,54504,15215,20231003
202309,경강선,신둔도예촌,37515,8207,34533,8034,20231003
202309,경강선,이천,72265,15218,77637,16326,20231003
202309,경강선,부발,60149,10188,57435,10124,20231003
202309,경강선,세종대왕릉,7212,3831,7225,3975,20231003
202309,경부선,구로,401249,97417,417876,93992,20231003
202309,경부선,서울역,249636,14805,86554,3374,20231003
202309,경부선,남영,244681,37755,256642,38609,20231003
202309,경부선,용산,1062449,129953,1104824,129158,20231003
202309,경부선,노량진,212425,51348,209689,49738,20231003
202309,경부선,대방,234111,56628,263934,58873,20231003
202309,경부선,영등포,928270,271046,963089,272471,20231003
202309,경부선,신도림,82515,24639,85700,29262,20231003
202309,경부선,신길,200851,45656,165527,41919,20231003
202309,경부선,가산디지털단지,391393,35651,452905,38326,20231003
202309,경부선,금천구청,236075,77260,236014,78216,20231003
202309,경부선,석수,209365,48159,187453,45627,20231003
202309,경부선,관악,161538,54247,150514,52236,20231003
202309,경부선,안양,587742,120765,582501,124366,20231003
202309,경부선,명학,208036,40876,202928,39933,20231003
202309,경부선,금정,661600,123234,668375,124006,20231003
202309,경부선,군포,157906,38277,151301,37418,20231003
202309,경부선,의왕,200635,41935,196578,41613,20231003
202309,경부선,성균관대,390071,54261,381155,54522,20231003
202309,경부선,화서,194481,44865,186118,43612,20231003
202309,경부선,수원,1020009,147371,1091193,150015,20231003
202309,경부선,독산,402054,67514,408652,69434,20231003
202309,경부선,세류,81762,16353,74598,15830,20231003
202309,경부선,병점,398351,69484,398461,69650,20231003
202309,경부선,세마,73184,15697,68568,14826,20231003
202309,경부선,오산대,97857,17520,88970,16528,20231003
202309,경부선,오산,270197,48148,269501,48826,20231003
202309,경부선,진위,40981,9492,35618,9100,20231003
202309,경부선,송탄,120149,20880,116534,20389,20231003
202309,경부선,서정리,222425,34783,203035,33757,20231003
202309,경부선,평택지제,118905,13431,114497,13222,20231003
202309,경부선,평택,368419,68171,370052,67215,20231003
202309,경부선,성환,155636,20175,150142,20041,20231003
202309,경부선,직산,22422,5039,22274,4741,20231003
202309,경부선,두정,215788,25887,230103,26505,20231003
202309,경부선,천안,183201,53650,171846,53429,20231003
202309,경부선,당정,146249,30682,138684,29045,20231003
202309,경부선,서동탄,33817,7138,30053,7005,20231003
202309,경부선,광명,100364,10687,85265,10400,20231003
202309,경원선,소요산,31286,52674,26186,47827,20231003
202309,경원선,동두천,47618,23732,50313,27990,20231003
202309,경원선,이촌(국립중앙박물관),88794,30209,64815,25406,20231003
202309,경원선,서빙고,49696,18487,46495,17996,20231003
202309,경원선,한남,83616,28651,80907,26778,20231003
202309,경원선,옥수,1699,163,1238,93,20231003
202309,경원선,응봉,38103,17351,31534,15283,20231003
202309,경원선,왕십리(성동구청),410555,72342,416227,75238,20231003
202309,경원선,청량리(서울시립대입구),357938,147530,377828,156906,20231003
202309,경원선,외대앞,249615,46130,242126,46371,20231003
202309,경원선,신이문,170749,67786,153187,66144,20231003
202309,경원선,석계,165095,61625,183841,65892,20231003
202309,경원선,광운대,201665,55252,193911,54134,20231003
202309,경원선,월계,148062,63511,134446,60760,20231003
202309,경원선,녹천,89840,37158,72583,33962,20231003
202309,경원선,창동,11,2,0,0,20231003
202309,경원선,방학,173768,106888,167905,104172,20231003
202309,경원선,도봉,97378,69513,90897,68602,20231003
202309,경원선,도봉산,128451,106375,70953,83263,20231003
202309,경원선,망월사,177127,69455,177358,71193,20231003
202309,경원선,회룡,216993,148961,214337,147196,20231003
202309,경원선,의정부,434405,112675,451677,114492,20231003
202309,경원선,가능,131651,56177,123912,55805,20231003
202309,경원선,녹양,90318,38241,85696,36322,20231003
202309,경원선,양주,172129,60804,163846,59904,20231003
202309,경원선,덕계,107717,29166,93530,27743,20231003
202309,경원선,덕정,144663,35365,134849,35232,20231003
202309,경원선,지행,150456,45185,150655,44944,20231003
202309,경원선,동두천중앙,55676,33984,53397,34118,20231003
202309,경원선,보산,37448,13301,35172,12496,20231003
202309,경의선,홍대입구,56208,5501,70943,6419,20231003
202309,경의선,신촌,22276,3531,29019,4386,20231003
202309,경의선,효창공원앞,75632,15300,82872,17074,20231003
202309,경의선,서강대,57300,11179,58032,10694,20231003
202309,경의선,가좌,123871,43391,115087,42969,20231003
202309,경의선,수색,69104,16541,71577,16110,20231003
202309,경의선,화전,75123,9529,70284,9233,20231003
202309,경의선,강매,71625,18194,60100,17028,20231003
202309,경의선,행신,198029,35107,193614,35405,20231003
202309,경의선,능곡,106703,35132,96937,34443,20231003
202309,경의선,곡산,12976,5527,13327,5646,20231003
202309,경의선,백마,169064,35242,159731,34823,20231003
202309,경의선,풍산,133727,38409,124615,37489,20231003
202309,경의선,일산,236656,68230,227249,68904,20231003
202309,경의선,탄현,182826,40067,169901,38856,20231003
202309,경의선,야당,203266,39515,206224,38416,20231003
202309,경의선,운정,169673,40702,152426,39242,20231003
202309,경의선,금릉,123356,28275,116665,27700,20231003
202309,경의선,금촌,150276,45811,145633,46572,20231003
202309,경의선,월롱,57517,8906,50282,9282,20231003
202309,경의선,파주,35564,7808,27044,6971,20231003
202309,경의선,문산,118435,44087,114565,43995,20231003
202309,경의선,임진강,687,675,721,676,20231003
202309,경의선,운천,103,137,37,104,20231003
202309,경의선,서울역,100000,15702,124830,18662,20231003
202309,경의선,공덕,97649,14771,78910,14320,20231003
202309,경의선,디지털미디어시티,68736,12701,61477,13265,20231003
202309,경의선,계양,1,0,0,0,20231003
202309,경의선,검암,1,0,0,0,20231003
202309,경인선,도화,79599,38890,70253,37673,20231003
202309,경인선,개봉,459112,158368,437984,163688,20231003
202309,경인선,오류동,239872,88216,215526,86007,20231003
202309,경인선,역곡,627474,149604,612416,154467,20231003
202309,경인선,부천,715893,218160,711853,221672,20231003
202309,경인선,송내,617910,125137,610470,124073,20231003
202309,경인선,부평,707277,143014,765901,146652,20231003
202309,경인선,백운,151302,60406,145295,60059,20231003
202309,경인선,동암,351690,103264,350108,104660,20231003
202309,경인선,주안,469591,90844,423419,80884,20231003
202309,경인선,제물포,240954,63342,227023,62574,20231003
202309,경인선,동인천,298839,119042,280726,116326,20231003
202309,경인선,인천,90528,42215,68302,38284,20231003
202309,경인선,구일,192193,46190,197644,45027,20231003
202309,경인선,소사,172594,62889,165612,61247,20231003
202309,경인선,부개,184642,68120,167911,66372,20231003
202309,경인선,간석,121743,44689,114484,42971,20231003
202309,경인선,도원,70136,29455,70552,31197,20231003
202309,경인선,온수(성공회대입구),136429,50019,126235,48689,20231003
202309,경인선,중동,187552,72895,171538,71453,20231003
202309,경춘선,김유정,7922,4419,8953,4618,20231003
202309,경춘선,신내,44897,18849,42064,18187,20231003
202309,경춘선,갈매,66323,21127,55343,19654,20231003
202309,경춘선,별내,68740,21399,64838,19975,20231003
202309,경춘선,퇴계원,75081,27923,67331,26374,20231003
202309,경춘선,사릉,50020,16389,48107,16342,20231003
202309,경춘선,금곡,27754,16531,26526,16004,20231003
202309,경춘선,평내호평,134156,45069,131180,43434,20231003
202309,경춘선,천마산,28563,17950,25565,18020,20231003
202309,경춘선,마석,83699,34487,80207,34064,20231003
202309,경춘선,대성리,19688,6772,20316,6307,20231003
202309,경춘선,청평,37809,20024,37291,19911,20231003
202309,경춘선,상천,4939,5941,4506,5840,20231003
202309,경춘선,가평,49142,17653,50829,17472,20231003
202309,경춘선,굴봉산,1911,2457,1890,2462,20231003
202309,경춘선,백양리,1792,1452,1612,1492,20231003
202309,경춘선,강촌,11915,5395,11289,5538,20231003
202309,경춘선,남춘천,69470,25805,69314,27179,20231003
202309,경춘선,춘천,42837,16819,37871,13889,20231003
202309,공항철도 1호선,영종,96934,22055,98775,22090,20231003
202309,공항철도 1호선,서울역,364386,33847,328846,30795,20231003
202309,공항철도 1호선,공덕,69341,8847,95119,10157,20231003
202309,공항철도 1호선,홍대입구,389379,19011,389231,17294,20231003
202309,공항철도 1호선,디지털미디어시티,352925,27851,326567,26400,20231003
202309,공항철도 1호선,마곡나루(서울식물원),265124,16149,253009,15893,20231003
202309,공항철도 1호선,김포공항,287535,23530,155597,14834,20231003
202309,공항철도 1호선,계양,328414,35993,306604,33752,20231003
202309,공항철도 1호선,검암,178071,18360,179943,18547,20231003
202309,공항철도 1호선,청라국제도시,187213,14961,177497,14828,20231003
202309,공항철도 1호선,운서,233770,31021,245914,31229,20231003
202309,공항철도 1호선,공항화물청사,50863,10126,54052,9947,20231003
202309,공항철도 1호선,인천공항1터미널,366125,35215,355282,33235,20231003
202309,공항철도 1호선,인천공항2터미널,174927,17462,153367,15555,20231003
202309,과천선,정부과천청사,245511,55104,256125,54720,20231003
202309,과천선,선바위,190957,36277,160908,35088,20231003
202309,과천선,경마공원,100628,74996,103438,75111,20231003
202309,과천선,대공원,104822,42063,109289,43154,20231003
202309,과천선,과천,138912,45835,126800,43659,20231003
202309,과천선,범계,630248,113577,635689,112131,20231003
202309,과천선,평촌,406214,66902,393194,67088,20231003
202309,과천선,인덕원,562516,116759,569699,119215,20231003
202309,분당선,압구정로데오,492951,45793,563862,44144,20231003
202309,분당선,선릉,284986,43987,449631,58751,20231003
202309,분당선,한티,385588,69456,403670,70492,20231003
202309,분당선,도곡,156771,54849,151258,51187,20231003
202309,분당선,구룡,59095,17443,54673,17038,20231003
202309,분당선,개포동,101282,35093,103302,36079,20231003
202309,분당선,대모산입구,127588,37259,116721,36887,20231003
202309,분당선,수서,344855,70865,357814,72931,20231003
202309,분당선,복정,31,1,0,0,20231003
202309,분당선,수원,211824,32585,187352,30089,20231003
202309,분당선,서울숲,313625,31910,322238,31212,20231003
202309,분당선,강남구청,213656,38185,250384,41330,20231003
202309,분당선,선정릉,168818,31505,179372,31373,20231003
202309,분당선,가천대,295380,28365,306305,29061,20231003
202309,분당선,태평,287882,90860,266807,93173,20231003
202309,분당선,모란,418090,172602,413505,188839,20231003
202309,분당선,야탑,542947,153038,580470,154627,20231003
202309,분당선,서현,527246,120792,543635,116958,20231003
202309,분당선,수내,295595,72244,297697,71151,20231003
202309,분당선,정자,413960,67862,434955,68143,20231003
202309,분당선,미금,301982,103067,320602,109915,20231003
202309,분당선,오리,238154,71669,197266,63762,20231003
202309,분당선,이매,128190,39430,120345,39016,20231003
202309,분당선,보정,52912,20401,45822,19339,20231003
202309,분당선,죽전,326782,70865,361306,75389,20231003
202309,분당선,구성,100552,36114,105451,35676,20231003
202309,분당선,신갈,99051,30694,96449,30407,20231003
202309,분당선,기흥,257148,43813,238514,42830,20231003
202309,분당선,상갈,125171,31797,119705,30890,20231003
202309,분당선,청명,104970,20448,101464,20718,20231003
202309,분당선,영통,223792,31492,223716,31460,20231003
202309,분당선,망포,376113,40408,356136,38617,20231003
202309,분당선,매탄권선,128068,22759,120972,21892,20231003
202309,분당선,수원시청,323310,44706,359240,46079,20231003
202309,분당선,매교,114842,23912,113284,24216,20231003
202309,서해선,부천종합운동장,59014,6849,45100,5202,20231003
202309,서해선,김포공항,73079,10087,87566,13192,20231003
202309,서해선,원종,84290,33077,85371,33992,20231003
202309,수인선,어천,30133,6912,27740,7617,20231003
202309,수인선,야목,8944,2949,7223,2415,20231003
202309,수인선,사리,125053,19485,106527,17879,20231003
202309,수인선,달월,1737,1130,1237,664,20231003
202309,수인선,월곶,64400,17043,58217,16811,20231003
202309,수인선,소래포구,115399,70522,114067,69893,20231003
202309,수인선,인천논현,119326,35176,128817,36060,20231003
202309,수인선,호구포,91214,21847,93823,21581,20231003
202309,수인선,남동인더스파크,48251,6368,54057,6513,20231003
202309,수인선,원인재,96067,33239,102870,33695,20231003
202309,수인선,연수,107695,30957,104891,30838,20231003
202309,수인선,송도,50146,21695,44467,20628,20231003
202309,수인선,인하대,176636,28217,166384,27044,20231003
202309,수인선,숭의,84697,30272,77045,28824,20231003
202309,수인선,인천,21917,13709,39277,17550,20231003
202309,수인선,신포,39522,13006,40145,13398,20231003
202309,수인선,고색,120145,19383,116996,17786,20231003
202309,수인선,오목천,116200,15275,96809,14770,20231003
202309,신림선,서울대벤처타운,204469,62122,181133,61696,20231003
202309,신림선,샛강,58898,13953,70324,13406,20231003
202309,신림선,대방,64220,16552,44941,13930,20231003
202309,신림선,서울지방병무청,60661,22964,64122,25119,20231003
202309,신림선,보라매,83789,23375,76988,20341,20231003
202309,신림선,보라매공원,41727,17020,45304,17866,20231003
202309,신림선,보라매병원,140605,51339,147324,50469,20231003
202309,신림선,당곡,92750,35465,89128,34881,20231003
202309,신림선,신림,33090,15394,48438,18942,20231003
202309,신림선,서원,75606,24441,61607,23604,20231003
202309,신림선,관악산(서울대),60579,34840,63755,35563,20231003
202309,안산선,중앙,474406,66111,503350,64515,20231003
202309,안산선,산본,351302,103979,380642,105570,20231003
202309,안산선,대야미,110798,32404,97006,30393,20231003
202309,안산선,반월,91677,31228,87998,30815,20231003
202309,안산선,상록수,381559,71506,384166,72747,20231003
202309,안산선,한대앞,247047,43487,247229,45068,20231003
202309,안산선,고잔,219265,36406,209265,35204,20231003
202309,안산선,초지,132069,19051,133251,19193,20231003
202309,안산선,안산,341990,38334,324234,36085,20231003
202309,안산선,신길온천,47537,10294,43446,9994,20231003
202309,안산선,정왕,272084,28852,274700,30139,20231003
202309,안산선,오이도,212173,36727,212399,36644,20231003
202309,안산선,수리산,85065,32403,67213,30832,20231003
202309,우이신설선,북한산우이,62417,35988,55672,37257,20231003
202309,우이신설선,4.19민주묘지,71169,38776,70368,34816,20231003
202309,우이신설선,가오리,72637,51925,69557,52855,20231003
202309,우이신설선,화계,58095,46176,51430,46925,20231003
202309,우이신설선,삼양,31006,28148,31171,30836,20231003
202309,우이신설선,삼양사거리,37782,37150,37141,36819,20231003
202309,우이신설선,솔샘,125990,41483,115101,43252,20231003
202309,우이신설선,북한산보국문,142242,44408,131486,43373,20231003
202309,우이신설선,정릉,95391,47203,82724,43911,20231003
202309,우이신설선,성신여대입구(돈암),71813,30002,84928,28841,20231003
202309,우이신설선,보문,30806,15898,31088,15109,20231003
202309,우이신설선,신설동,34064,29659,33928,27428,20231003
202309,우이신설선,솔밭공원,46435,30850,40531,31799,20231003
202309,일산선,대화,321908,81153,252138,74375,20231003
202309,일산선,정발산,161611,54742,171571,52151,20231003
202309,일산선,주엽,182899,89348,181594,92311,20231003
202309,일산선,원흥,260008,64405,246182,61739,20231003
202309,일산선,지축,10,0,0,0,20231003
202309,일산선,삼송,455955,97757,432701,99727,20231003
202309,일산선,원당,237734,80574,221643,79566,20231003
202309,일산선,화정,370868,117727,380852,120507,20231003
202309,일산선,대곡,67759,13898,51211,12232,20231003
202309,일산선,백석,211709,74406,215211,73709,20231003
202309,일산선,마두,148737,65656,151801,67166,20231003
202309,장항선,배방,29547,6931,28701,6689,20231003
202309,장항선,신창(순천향대),70637,7761,66170,7237,20231003
202309,장항선,봉명,26432,10162,26415,9824,20231003
202309,장항선,쌍용(나사렛대),66276,15135,62814,14235,20231003
202309,장항선,아산,119120,13222,104670,12513,20231003
202309,장항선,탕정,37295,5639,33529,5232,20231003
202309,장항선,온양온천,89398,51557,92261,52455,20231003
202309,중앙선,중랑,109483,50181,102441,49154,20231003
202309,중앙선,회기,690301,123355,653403,120427,20231003
202309,중앙선,상봉(시외버스터미널),129541,42044,127879,40943,20231003
202309,중앙선,망우,151595,73917,144546,74738,20231003
202309,중앙선,양원,65286,21666,62134,21421,20231003
202309,중앙선,구리,288197,80724,292980,81185,20231003
202309,중앙선,도농,249321,66712,222986,64187,20231003
202309,중앙선,양정,11372,7900,9145,7040,20231003
202309,중앙선,덕소,113628,45947,111289,45791,20231003
202309,중앙선,도심,48897,19130,36167,17521,20231003
202309,중앙선,팔당,19547,9885,20641,9853,20231003
202309,중앙선,운길산,14522,10762,13656,11099,20231003
202309,중앙선,양수,37175,23276,36610,23330,20231003
202309,중앙선,신원,3316,4438,2932,3906,20231003
202309,중앙선,국수,12608,9367,12093,9293,20231003
202309,중앙선,아신,11771,8065,11587,7886,20231003
202309,중앙선,오빈,4723,4306,4839,4328,20231003
202309,중앙선,양평,61616,33323,63595,34209,20231003
202309,중앙선,원덕,5568,6400,5554,6181,20231003
202309,중앙선,용문,32263,36497,33343,36704,20231003
202309,중앙선,지평,845,1099,1096,1109,20231003
202308,1호선,서울역,1348135,192774,1281988,182561,20230903
202308,1호선,시청,632630,91677,638223,90742,20230903
202308,1호선,종각,953269,140171,950241,131098,20230903
202308,1호선,종로3가,448626,272687,405816,253726,20230903
202308,1호선,종로5가,464280,238687,459639,230174,20230903
202308,1호선,동대문,214512,115267,206033,113885,20230903
202308,1호선,신설동,275075,113648,266328,110359,20230903
202308,1호선,제기동,223168,260977,212758,278708,20230903
202308,1호선,청량리(서울시립대입구),336979,261424,328930,263187,20230903
202308,1호선,동묘앞,133008,136307,136485,136815,20230903
202308,2호선,성수,1002228,96700,1109521,98378,20230903
202308,2호선,서초,534732,77671,506543,76582,20230903
202308,2호선,교대(법원.검찰청),703119,136587,839997,160235,20230903
202308,2호선,강남,2135670,150557,2069202,130966,20230903
202308,2호선,역삼,1247168,141477,1418473,144453,20230903
202308,2호선,선릉,1328245,228988,1163038,201665,20230903
202308,2호선,삼성(무역센터),1487097,119111,1489273,110566,20230903
202308,2호선,종합운동장,287943,47898,314537,49847,20230903
202308,2호선,잠실새내,544440,109148,550658,107558,20230903
202308,2호선,잠실(송파구청),2074647,205198,2055206,197159,20230903
202308,2호선,잠실나루,327233,84829,314327,84865,20230903
202308,2호선,강변(동서울터미널),799987,111522,760718,107521,20230903
202308,2호선,용두(동대문구청),45927,23259,44851,24192,20230903
202308,2호선,신정네거리,213641,71724,222076,72997,20230903
202308,2호선,양천구청,138634,48314,147947,49457,20230903
202308,2호선,도림천,28576,8294,29319,9181,20230903
202308,2호선,신설동,74972,29598,69573,31257,20230903
202308,2호선,신답,35697,9219,40878,9793,20230903
202308,2호선,용답,61419,17099,59892,16741,20230903
202308,2호선,충정로(경기대입구),231353,46858,243865,46865,20230903
202308,2호선,아현,240473,63289,219957,61771,20230903
202308,2호선,이대,365764,47378,394327,49420,20230903
202308,2호선,신촌,941200,121905,968610,119289,20230903
202308,2호선,홍대입구,1933296,95908,2100640,93189,20230903
202308,2호선,합정,884224,66417,970452,66725,20230903
202308,2호선,당산,439463,54410,510524,60732,20230903
202308,2호선,건대입구,936286,86114,1006470,89574,20230903
202308,2호선,시청,658957,56731,618840,52487,20230903
202308,2호선,문래,521039,84963,540333,83680,20230903
202308,2호선,신도림,1192555,216688,1177824,203909,20230903
202308,2호선,대림(구로구청),555988,120778,567087,124873,20230903
202308,2호선,구의(광진구청),581923,100509,563214,101269,20230903
202308,2호선,구로디지털단지,1418910,179190,1404355,179971,20230903
202308,2호선,신대방,605214,123389,578717,125047,20230903
202308,2호선,신림,1362479,191981,1280050,189138,20230903
202308,2호선,봉천,534675,145108,491105,144348,20230903
202308,2호선,서울대입구(관악구청),1128806,174731,1113258,164472,20230903
202308,2호선,낙성대(강감찬),684234,103290,653134,105424,20230903
202308,2호선,사당,922409,183648,1037452,177133,20230903
202308,2호선,방배,357167,70469,370908,69878,20230903
202308,2호선,영등포구청,490920,95415,503161,91109,20230903
202308,2호선,을지로입구,1252231,99544,1281552,92157,20230903
202308,2호선,을지로3가,618148,70612,614495,68838,20230903
202308,2호선,을지로4가,315037,76718,317204,74642,20230903
202308,2호선,동대문역사문화공원(DDP),353821,54325,408436,58007,20230903
202308,2호선,신당,322043,90048,342334,91998,20230903
202308,2호선,상왕십리,336721,66345,325545,66795,20230903
202308,2호선,왕십리(성동구청),382784,49847,346931,45075,20230903
202308,2호선,한양대,201249,12648,213698,13202,20230903
202308,2호선,뚝섬,605329,57746,644542,57760,20230903
202308,3호선,잠원,108436,29499,104314,27846,20230903
202308,3호선,지축,157010,32162,155481,30771,20230903
202308,3호선,구파발,493865,127554,483941,123179,20230903
202308,3호선,연신내,736320,252159,694225,245605,20230903
202308,3호선,불광,329242,137371,352107,152818,20230903
202308,3호선,녹번,360921,76970,317416,75085,20230903
202308,3호선,홍제,363574,135242,339942,134457,20230903
202308,3호선,무악재,92367,30925,87959,33283,20230903
202308,3호선,독립문,148771,64504,151242,63130,20230903
202308,3호선,경복궁(정부서울청사),572445,79053,580308,75989,20230903
202308,3호선,안국,623183,92511,640281,94983,20230903
202308,3호선,종로3가,227313,62255,275735,69577,20230903
202308,3호선,을지로3가,274309,47932,281066,45289,20230903
202308,3호선,충무로,68,0,0,0,20230903
202308,3호선,동대입구,211757,34803,231159,37197,20230903
202308,3호선,약수,287389,82612,281321,76563,20230903
202308,3호선,금호,173726,52375,157086,51775,20230903
202308,3호선,옥수,190653,58984,197556,58528,20230903
202308,3호선,압구정,764559,125375,830183,125147,20230903
202308,3호선,신사,722949,64286,758493,61490,20230903
202308,3호선,오금,149111,31327,134630,29965,20230903
202308,3호선,경찰병원,162414,42740,161940,43849,20230903
202308,3호선,가락시장,173048,76908,167674,74956,20230903
202308,3호선,수서,412805,111430,424383,109749,20230903
202308,3호선,일원,235198,67866,225762,67073,20230903
202308,3호선,대청,230046,61473,215325,59651,20230903
202308,3호선,학여울,62728,17402,66125,17611,20230903
202308,3호선,대치,294225,66778,283977,64378,20230903
202308,3호선,도곡,113916,22115,117933,21075,20230903
202308,3호선,매봉,273712,65054,266667,60744,20230903
202308,3호선,양재(서초구청),847961,136240,938573,137782,20230903
202308,3호선,남부터미널(예술의전당),707431,114303,717919,114754,20230903
202308,3호선,교대(법원.검찰청),371073,73627,219569,42910,20230903
202308,3호선,고속터미널,1224005,205962,1158247,193879,20230903
202308,4호선,쌍문,646180,166590,588187,164822,20230903
202308,4호선,수유(강북구청),769373,190588,771792,191764,20230903
202308,4호선,성신여대입구(돈암),489826,85043,475776,83150,20230903
202308,4호선,미아(서울사이버대학),312599,112095,294413,113605,20230903
202308,4호선,미아사거리,570071,182162,558561,182638,20230903
202308,4호선,길음,460512,117314,446404,117312,20230903
202308,4호선,서울역,309030,39725,561018,50457,20230903
202308,4호선,한성대입구(삼선교),308843,72032,296376,69841,20230903
202308,4호선,혜화,910558,131922,929001,129155,20230903
202308,4호선,동대문,399235,138035,418947,134374,20230903
202308,4호선,동대문역사문화공원(DDP),475463,60711,413317,54516,20230903
202308,4호선,충무로,674416,110717,703834,111811,20230903
202308,4호선,명동,847182,67854,919762,69511,20230903
202308,4호선,회현(남대문시장),541051,180699,557556,178680,20230903
202308,4호선,숙대입구(갈월),335551,54722,327855,50689,20230903
202308,4호선,삼각지,149327,22698,177109,23286,20230903
202308,4호선,신용산,497484,53013,539931,52760,20230903
202308,4호선,이촌(국립중앙박물관),262314,48542,280258,51123,20230903
202308,4호선,동작(현충원),24699,12375,28158,12241,20230903
202308,4호선,총신대입구(이수),386920,141356,424955,147399,20230903
202308,4호선,사당,649701,94534,561312,93105,20230903
202308,4호선,남태령,32992,8806,25872,8050,20230903
202308,4호선,당고개,197872,77105,167258,76435,20230903
202308,4호선,상계,422066,121039,387391,118893,20230903
202308,4호선,노원,445760,90787,524344,96992,20230903
202308,4호선,창동,508888,204152,541045,211826,20230903
202308,5호선,을지로4가,134418,41278,140729,40965,20230903
202308,5호선,동대문역사문화공원(DDP),80911,8230,91658,9096,20230903
202308,5호선,청구,83762,24405,82259,20208,20230903
202308,5호선,신금호,139183,37420,144637,42130,20230903
202308,5호선,행당,176946,50928,155564,46550,20230903
202308,5호선,왕십리(성동구청),104179,25274,123980,25364,20230903
202308,5호선,마장,119624,41665,109656,39962,20230903
202308,5호선,답십리,356501,81855,319801,79346,20230903
202308,5호선,장한평,430983,94830,424981,96746,20230903
202308,5호선,군자(능동),283345,41186,312647,44413,20230903
202308,5호선,아차산(어린이대공원후문),313960,94751,304462,92897,20230903
202308,5호선,광나루(장신대),312648,69525,288203,65180,20230903
202308,5호선,천호(풍납토성),413790,140190,402980,142992,20230903
202308,5호선,강동,406621,105015,393310,102529,20230903
202308,5호선,길동,156225,76010,162605,77747,20230903
202308,5호선,굽은다리(강동구민회관앞),200612,77643,194415,72990,20230903
202308,5호선,명일,178518,69510,182829,71407,20230903
202308,5호선,고덕,205141,74270,203300,73458,20230903
202308,5호선,상일동,310565,89560,291722,87892,20230903
202308,5호선,둔촌동,180579,66162,181762,66670,20230903
202308,5호선,올림픽공원(한국체대),109543,34041,98822,32858,20230903
202308,5호선,방이,160307,47303,164964,47610,20230903
202308,5호선,오금,79133,21701,79084,20515,20230903
202308,5호선,개롱,131102,50134,137411,51779,20230903
202308,5호선,거여,214566,65498,208021,63587,20230903
202308,5호선,마천,149456,55909,135789,57582,20230903
202308,5호선,강일,113851,40789,101384,39064,20230903
202308,5호선,미사,401558,80405,413093,80905,20230903
202308,5호선,하남풍산,93462,30658,93829,30417,20230903
202308,5호선,하남검단산,136250,51104,128735,50747,20230903
202308,5호선,하남시청(덕풍?신장),149656,68425,140098,68892,20230903
202308,5호선,목동,379497,80918,409290,82123,20230903
202308,5호선,오목교(목동운동장앞),524203,86507,559217,85902,20230903
202308,5호선,양평,174079,29133,168976,29058,20230903
202308,5호선,영등포구청,100292,19981,99104,19414,20230903
202308,5호선,영등포시장,235953,75779,241261,77224,20230903
202308,5호선,신길,120362,11349,122578,11571,20230903
202308,5호선,여의도,751429,53770,791361,50659,20230903
202308,5호선,방화,142114,55377,134742,54543,20230903
202308,5호선,개화산,124521,39967,117853,39449,20230903
202308,5호선,김포공항,230789,50649,185653,48329,20230903
202308,5호선,송정,132790,48689,125447,47197,20230903
202308,5호선,마곡,268888,44288,276049,42658,20230903
202308,5호선,발산,506361,98831,536138,96216,20230903
202308,5호선,우장산,315314,94310,306418,98042,20230903
202308,5호선,화곡,654209,144721,605536,137796,20230903
202308,5호선,까치산,642282,157224,609342,158427,20230903
202308,5호선,신정(은행정),310926,63635,252175,62510,20230903
202308,5호선,여의나루,351152,30448,398437,29895,20230903
202308,5호선,마포,341589,60869,349800,60741,20230903
202308,5호선,공덕,343702,45728,362479,43057,20230903
202308,5호선,애오개,149305,37299,146891,35946,20230903
202308,5호선,충정로(경기대입구),109751,14590,110310,14853,20230903
202308,5호선,서대문,458077,69136,464923,64554,20230903
202308,5호선,광화문(세종문화회관),826861,86570,869035,83946,20230903
202308,5호선,종로3가,333528,92056,323948,95324,20230903
202308,6호선,신내,9,2,0,0,20230903
202308,6호선,태릉입구,122591,32608,135468,34448,20230903
202308,6호선,석계,259407,77986,270663,78295,20230903
202308,6호선,돌곶이,218208,62385,195120,61415,20230903
202308,6호선,상월곡(한국과학기술연구원),137236,41672,120599,40800,20230903
202308,6호선,월곡(동덕여대),248876,68771,244325,67795,20230903
202308,6호선,고려대(종암),195849,34016,186868,33161,20230903
202308,6호선,안암(고대병원앞),260350,37176,261588,36261,20230903
202308,6호선,보문,185344,30813,169012,29137,20230903
202308,6호선,창신,77051,19609,61942,18532,20230903
202308,6호선,동묘앞,168673,65352,174937,62386,20230903
202308,6호선,신당,208280,39073,212973,37950,20230903
202308,6호선,청구,87611,20049,83677,22057,20230903
202308,6호선,약수,83956,23000,82044,23063,20230903
202308,6호선,버티고개,46203,13974,45455,16549,20230903
202308,6호선,한강진,250646,16354,297881,15869,20230903
202308,6호선,이태원,312524,30254,341906,30772,20230903
202308,6호선,녹사평(용산구청),127068,16691,127477,16295,20230903
202308,6호선,삼각지,191837,18752,164244,15705,20230903
202308,6호선,효창공원앞,162948,37882,143042,34964,20230903
202308,6호선,응암,376071,117750,371834,117147,20230903
202308,6호선,역촌,77907,36650,97455,35334,20230903
202308,6호선,불광,94110,45356,94977,36588,20230903
202308,6호선,독바위,58523,21138,58386,25552,20230903
202308,6호선,연신내,60,2,0,0,20230903
202308,6호선,구산,170055,53625,116523,56370,20230903
202308,6호선,새절(신사),263774,88056,238669,88261,20230903
202308,6호선,증산(명지대앞),207666,71547,204362,72635,20230903
202308,6호선,디지털미디어시티,337631,57415,376912,58692,20230903
202308,6호선,월드컵경기장(성산),110106,51125,119110,49490,20230903
202308,6호선,마포구청,322470,79076,287675,72208,20230903
202308,6호선,망원,344023,77356,370829,81637,20230903
202308,6호선,합정,360120,39912,357632,36783,20230903
202308,6호선,상수,264974,21067,306526,21017,20230903
202308,6호선,광흥창(서강),208507,52918,199594,51814,20230903
202308,6호선,대흥(서강대앞),195506,44606,203962,44693,20230903
202308,6호선,공덕,443538,73738,432354,69747,20230903
202308,6호선,봉화산(서울의료원),195590,49315,183058,48847,20230903
202308,6호선,화랑대(서울여대입구),260121,46862,197695,42436,20230903
202308,7호선,광명사거리,423391,149434,412868,155664,20230903
202308,7호선,온수(성공회대입구),224813,40518,207518,38101,20230903
202308,7호선,천왕,258441,58293,244754,58008,20230903
202308,7호선,철산,488644,99155,498621,98394,20230903
202308,7호선,가산디지털단지,1065296,89140,1063381,84066,20230903
202308,7호선,남구로,357812,61809,372361,62673,20230903
202308,7호선,대림(구로구청),218897,41431,220416,40907,20230903
202308,7호선,신풍,245615,72617,227627,71773,20230903
202308,7호선,보라매,160242,30889,164335,32261,20230903
202308,7호선,신대방삼거리,329245,91702,308867,94732,20230903
202308,7호선,장승배기,192973,68821,185938,69561,20230903
202308,7호선,상도,252240,63408,245031,60205,20230903
202308,7호선,숭실대입구(살피재),276476,63843,279092,65797,20230903
202308,7호선,남성,247661,74010,226979,73381,20230903
202308,7호선,이수,372465,76776,362205,73617,20230903
202308,7호선,내방,323221,73020,329997,70655,20230903
202308,7호선,고속터미널,445918,73344,346922,65616,20230903
202308,7호선,반포,136077,36414,132772,34885,20230903
202308,7호선,논현,440354,42029,452841,40637,20230903
202308,7호선,학동,575962,61532,606957,58472,20230903
202308,7호선,강남구청,398615,49893,445384,51184,20230903
202308,7호선,청담,441163,74131,491946,71403,20230903
202308,7호선,뚝섬유원지,217248,45768,205575,45601,20230903
202308,7호선,건대입구,328047,62200,347014,57066,20230903
202308,7호선,어린이대공원(세종대),332171,41178,329196,41081,20230903
202308,7호선,군자(능동),349341,80337,270065,68782,20230903
202308,7호선,중곡,240260,62142,222653,62930,20230903
202308,7호선,용마산(용마폭포공원),130289,35226,123433,38501,20230903
202308,7호선,사가정,351476,101347,349730,102095,20230903
202308,7호선,면목,321518,96350,305894,98913,20230903
202308,7호선,상봉(시외버스터미널),410913,72634,393626,69855,20230903
202308,7호선,중화,236259,64906,227060,64179,20230903
202308,7호선,먹골,221776,67434,217398,69111,20230903
202308,7호선,태릉입구,196818,47066,186896,43575,20230903
202308,7호선,공릉(서울과학기술대),255504,70935,253603,71015,20230903
202308,7호선,하계,388215,109942,360566,106649,20230903
202308,7호선,중계,312600,92890,279833,88857,20230903
202308,7호선,노원,453396,130996,475758,125773,20230903
202308,7호선,마들,276685,89634,254960,87333,20230903
202308,7호선,수락산,261021,101628,257783,103243,20230903
202308,7호선,도봉산,199148,50698,226613,69444,20230903
202308,7호선,장암,61505,13577,25835,10814,20230903
202308,8호선,송파,199285,63106,194647,62510,20230903
202308,8호선,남한산성입구(성남법원.검찰청),295289,74974,260250,70999,20230903
202308,8호선,단대오거리,258443,72858,251595,72112,20230903
202308,8호선,신흥,106219,42624,111490,44728,20230903
202308,8호선,암사,417369,106569,361029,104842,20230903
202308,8호선,천호(풍납토성),335771,87054,400354,83920,20230903
202308,8호선,강동구청,222424,64216,230854,64907,20230903
202308,8호선,몽촌토성(평화의문),153609,29724,154955,28719,20230903
202308,8호선,잠실(송파구청),394465,79737,466935,77554,20230903
202308,8호선,석촌,173986,50353,205798,53249,20230903
202308,8호선,산성,114876,30616,114025,33103,20230903
202308,8호선,가락시장,153104,61201,172431,62747,20230903
202308,8호선,남위례,154200,28174,157413,27840,20230903
202308,8호선,모란,85427,55576,71093,42943,20230903
202308,8호선,문정,503364,58031,525894,57460,20230903
202308,8호선,수진,110758,47066,99367,46153,20230903
202308,8호선,장지,401471,83917,369320,79570,20230903
202308,8호선,복정,212020,37373,177231,33556,20230903
202308,9호선,흑석(중앙대입구),177877,53454,186290,54184,20230903
202308,9호선,노들,103864,32428,82893,29653,20230903
202308,9호선,노량진,643705,82835,626854,83111,20230903
202308,9호선,샛강,146700,27636,148162,27112,20230903
202308,9호선,여의도,774854,51161,735908,46496,20230903
202308,9호선,국회의사당,399972,56791,423248,50691,20230903
202308,9호선,당산,482511,68422,479751,63714,20230903
202308,9호선,선유도,211093,29553,198653,29154,20230903
202308,9호선,신목동,94613,22261,81241,21255,20230903
202308,9호선,염창,422151,73750,404829,71750,20230903
202308,9호선,등촌,249079,82989,236952,83789,20230903
202308,9호선,증미,176990,37003,168667,37388,20230903
202308,9호선,가양,485890,132683,471661,129756,20230903
202308,9호선,양천향교,231764,47281,236120,47106,20230903
202308,9호선,마곡나루(서울식물원),331812,33192,326968,32409,20230903
202308,9호선,신방화,149047,48362,145135,48792,20230903
202308,9호선,공항시장,63171,24918,67366,26455,20230903
202308,9호선,김포공항,200547,22805,296624,28848,20230903
202308,9호선,개화,64261,13197,42357,10759,20230903
202308,9호선,신논현,845037,51189,825976,49453,20230903
202308,9호선,사평,87760,23017,84502,23318,20230903
202308,9호선,고속터미널,370920,64829,533597,76814,20230903
202308,9호선,신반포,80653,23524,82883,23711,20230903
202308,9호선,구반포,20066,8830,20706,9047,20230903
202308,9호선,동작(현충원),39722,10463,31996,9260,20230903
202308,9호선2~3단계,중앙보훈병원,246253,83317,209919,80772,20230903
202308,9호선2~3단계,올림픽공원(한국체대),228257,33328,231960,30448,20230903
202308,9호선2~3단계,한성백제,67552,17259,61202,15793,20230903
202308,9호선2~3단계,송파나루,127866,29551,141896,31166,20230903
202308,9호선2~3단계,석촌,223152,39430,198607,34648,20230903
202308,9호선2~3단계,석촌고분,156253,40081,152846,40747,20230903
202308,9호선2~3단계,삼전,173847,38817,163406,38070,20230903
202308,9호선2~3단계,종합운동장,112453,22695,117296,21321,20230903
202308,9호선2~3단계,봉은사,583496,60435,608176,58166,20230903
202308,9호선2~3단계,삼성중앙,189422,27469,196220,26511,20230903
202308,9호선2~3단계,선정릉,244075,27068,262778,27739,20230903
202308,9호선2~3단계,언주,290595,32685,292501,31888,20230903
202308,9호선2~3단계,둔촌오륜,23833,6692,22696,7336,20230903
202308,경강선,세종대왕릉,6863,3679,6908,3720,20230903
202308,경강선,부발,55013,9653,52832,9509,20230903
202308,경강선,이천,68594,14406,72584,15286,20230903
202308,경강선,신둔도예촌,34764,8061,32469,7845,20230903
202308,경강선,곤지암,51164,14511,50425,14604,20230903
202308,경강선,초월,81786,15369,76024,15002,20230903
202308,경강선,경기광주,191013,32467,176660,32597,20230903
202308,경강선,삼동,56444,13377,51380,13631,20230903
202308,경강선,이매,27039,7012,22751,6472,20230903
202308,경강선,판교,141690,18405,144203,16145,20230903
202308,경강선,여주,59626,18354,59672,18631,20230903
202308,경부선,명학,194097,40678,189844,39767,20230903
202308,경부선,광명,104625,10581,87159,10201,20230903
202308,경부선,서동탄,32831,7159,28674,6806,20230903
202308,경부선,당정,131357,29697,125416,28670,20230903
202308,경부선,천안,137364,55245,140450,55750,20230903
202308,경부선,두정,162728,25438,168158,25930,20230903
202308,경부선,직산,21028,4955,20332,4614,20230903
202308,경부선,성환,100381,19921,99344,19588,20230903
202308,경부선,평택,323246,67127,322617,65949,20230903
202308,경부선,평택지제,114219,12935,109927,12749,20230903
202308,경부선,서정리,205216,35487,190179,34479,20230903
202308,경부선,송탄,113427,20356,112337,20002,20230903
202308,경부선,진위,39037,8950,34482,8588,20230903
202308,경부선,오산,246918,46415,248929,47304,20230903
202308,경부선,오산대,85453,15982,78429,15156,20230903
202308,경부선,세마,70278,15290,66526,14463,20230903
202308,경부선,병점,345866,67266,345387,67470,20230903
202308,경부선,세류,78660,15512,70685,15002,20230903
202308,경부선,독산,409892,65904,419814,67819,20230903
202308,경부선,수원,951831,147217,1002638,150013,20230903
202308,경부선,화서,187448,43157,179127,41855,20230903
202308,경부선,성균관대,352975,52267,349073,52413,20230903
202308,경부선,의왕,195272,40896,193636,40847,20230903
202308,경부선,군포,156580,37223,151385,36401,20230903
202308,경부선,금정,648048,118912,656133,119347,20230903
202308,경부선,안양,497144,121297,493342,124541,20230903
202308,경부선,관악,159440,53489,150973,52563,20230903
202308,경부선,석수,203611,45829,182237,44284,20230903
202308,경부선,금천구청,229030,74276,229509,75936,20230903
202308,경부선,가산디지털단지,398772,35391,465594,37602,20230903
202308,경부선,구로,400710,95658,412304,92123,20230903
202308,경부선,신길,197855,43670,164309,39838,20230903
202308,경부선,신도림,80236,23272,82217,27419,20230903
202308,경부선,영등포,961177,279986,986443,280606,20230903
202308,경부선,대방,228281,53349,252979,55252,20230903
202308,경부선,노량진,193535,37998,190944,35388,20230903
202308,경부선,용산,1147767,129919,1160359,128607,20230903
202308,경부선,남영,232269,35881,240523,37086,20230903
202308,경부선,서울역,270197,14566,86652,3258,20230903
202308,경원선,창동,14,0,0,0,20230903
202308,경원선,이촌(국립중앙박물관),84975,28994,63477,24815,20230903
202308,경원선,서빙고,47344,17331,43354,16958,20230903
202308,경원선,한남,85872,29463,82993,27713,20230903
202308,경원선,옥수,1658,136,1155,71,20230903
202308,경원선,응봉,35992,16986,29822,15118,20230903
202308,경원선,왕십리(성동구청),397467,73982,416130,76200,20230903
202308,경원선,청량리(서울시립대입구),360032,145074,373368,152640,20230903
202308,경원선,외대앞,189674,44473,183184,44983,20230903
202308,경원선,신이문,170247,66162,153122,64631,20230903
202308,경원선,석계,155699,58868,175946,63237,20230903
202308,경원선,광운대,159185,53591,149387,52152,20230903
202308,경원선,월계,115785,58920,108334,57206,20230903
202308,경원선,녹천,89575,35996,72834,33069,20230903
202308,경원선,도봉,97648,70140,91316,69478,20230903
202308,경원선,방학,170452,104572,165585,103156,20230903
202308,경원선,소요산,31878,62316,25896,58017,20230903
202308,경원선,동두천,39100,24181,41558,28026,20230903
202308,경원선,보산,34489,13389,32433,12807,20230903
202308,경원선,동두천중앙,53144,34362,50797,34632,20230903
202308,경원선,지행,141701,44017,141600,43298,20230903
202308,경원선,덕정,123654,33988,115433,34261,20230903
202308,경원선,덕계,102402,28506,89804,27047,20230903
202308,경원선,양주,156345,54772,148059,53509,20230903
202308,경원선,녹양,88137,36982,83820,34858,20230903
202308,경원선,가능,127581,55742,120714,55649,20230903
202308,경원선,의정부,422120,115052,436159,116625,20230903
202308,경원선,회룡,214213,145231,209240,143548,20230903
202308,경원선,망월사,137039,68707,139688,70393,20230903
202308,경원선,도봉산,121479,103595,65717,81827,20230903
202308,경의선,운정,162145,38066,146419,37164,20230903
202308,경의선,야당,202253,37494,205894,36515,20230903
202308,경의선,탄현,182987,38588,171416,37866,20230903
202308,경의선,일산,218350,61493,209565,62067,20230903
202308,경의선,풍산,128947,36022,121250,34873,20230903
202308,경의선,백마,162031,32298,153892,32402,20230903
202308,경의선,곡산,12110,5218,12504,5289,20230903
202308,경의선,능곡,100144,34060,92337,33810,20230903
202308,경의선,행신,195956,34392,193608,34881,20230903
202308,경의선,강매,70769,17545,59950,16584,20230903
202308,경의선,화전,46676,9266,43960,9039,20230903
202308,경의선,수색,63799,15511,66926,15082,20230903
202308,경의선,가좌,119238,42664,112714,42892,20230903
202308,경의선,서강대,51928,11180,50222,10613,20230903
202308,경의선,효창공원앞,70391,16002,81120,17432,20230903
202308,경의선,신촌,20290,3655,26412,4275,20230903
202308,경의선,검암,2,1,0,0,20230903
202308,경의선,계양,3,0,0,0,20230903
202308,경의선,김포공항,1,0,0,0,20230903
202308,경의선,디지털미디어시티,67376,12338,58943,12732,20230903
202308,경의선,홍대입구,57059,5426,71507,6146,20230903
202308,경의선,공덕,100825,14957,79346,14058,20230903
202308,경의선,서울역,102377,15620,125563,18368,20230903
202308,경의선,운천,80,98,15,88,20230903
202308,경의선,임진강,538,624,511,604,20230903
202308,경의선,문산,114102,46569,111714,46528,20230903
202308,경의선,파주,27673,7561,20311,6633,20230903
202308,경의선,월롱,52230,8665,47475,9009,20230903
202308,경의선,금촌,144821,43779,140634,44355,20230903
202308,경의선,금릉,121515,27835,114989,27574,20230903
202308,경인선,송내,616878,121772,607224,120584,20230903
202308,경인선,도화,76951,38005,68382,36855,20230903
202308,경인선,중동,185417,70355,168676,69063,20230903
202308,경인선,온수(성공회대입구),127270,48144,120090,46652,20230903
202308,경인선,도원,63349,28066,64684,30079,20230903
202308,경인선,간석,121868,43949,115053,42182,20230903
202308,경인선,부개,182183,67326,165743,65552,20230903
202308,경인선,소사,159635,61083,152402,60463,20230903
202308,경인선,구일,172267,44702,179362,43812,20230903
202308,경인선,인천,81261,40274,60636,35269,20230903
202308,경인선,동인천,294022,122044,277786,119504,20230903
202308,경인선,제물포,221709,61890,208036,61155,20230903
202308,경인선,주안,448318,92063,404388,81825,20230903
202308,경인선,동암,347735,101782,346407,102986,20230903
202308,경인선,백운,148557,59676,141697,59481,20230903
202308,경인선,부평,709076,144278,758790,148008,20230903
202308,경인선,부천,702436,214883,700422,218046,20230903
202308,경인선,역곡,588478,146468,580064,151467,20230903
202308,경인선,오류동,237976,88430,217619,86716,20230903
202308,경인선,개봉,453881,158087,435623,164453,20230903
202308,경춘선,갈매,65879,20257,55717,19199,20230903
202308,경춘선,상천,4888,4892,4114,4715,20230903
202308,경춘선,가평,78197,16995,80559,16743,20230903
202308,경춘선,굴봉산,3049,2788,1765,2661,20230903
202308,경춘선,백양리,2480,1752,1608,1821,20230903
202308,경춘선,강촌,16409,5422,12568,5558,20230903
202308,경춘선,김유정,7812,3872,8285,4037,20230903
202308,경춘선,남춘천,58770,27353,60184,28897,20230903
202308,경춘선,춘천,32328,19152,29067,16032,20230903
202308,경춘선,청평,46430,18809,44530,18820,20230903
202308,경춘선,대성리,23652,6509,22812,5941,20230903
202308,경춘선,마석,78392,32597,76413,32647,20230903
202308,경춘선,천마산,27467,17664,24648,17693,20230903
202308,경춘선,평내호평,127582,44166,125849,42680,20230903
202308,경춘선,금곡,26939,15748,25031,15303,20230903
202308,경춘선,사릉,47079,15733,45613,15921,20230903
202308,경춘선,퇴계원,73850,27938,67365,26767,20230903
202308,경춘선,별내,67325,20838,64456,19716,20230903
202308,경춘선,신내,44098,18431,41271,17806,20230903
202308,공항철도 1호선,인천공항1터미널,412818,39760,386681,37307,20230903
202308,공항철도 1호선,영종,100114,21053,101285,21112,20230903
202308,공항철도 1호선,마곡나루(서울식물원),255153,14965,242345,14751,20230903
202308,공항철도 1호선,김포공항,299294,24433,159487,15207,20230903
202308,공항철도 1호선,계양,326090,34492,304517,32417,20230903
202308,공항철도 1호선,검암,175729,17150,177431,17249,20230903
202308,공항철도 1호선,청라국제도시,187143,13544,177339,13413,20230903
202308,공항철도 1호선,운서,247026,29390,260982,30033,20230903
202308,공항철도 1호선,공항화물청사,53316,10336,56932,9935,20230903
202308,공항철도 1호선,인천공항2터미널,190328,28109,161882,25512,20230903
202308,공항철도 1호선,서울역,370511,34060,333570,30557,20230903
202308,공항철도 1호선,공덕,70176,8485,96174,9916,20230903
202308,공항철도 1호선,홍대입구,418596,19287,415010,17767,20230903
202308,공항철도 1호선,디지털미디어시티,362665,27309,335929,25793,20230903
202308,과천선,선바위,187140,33240,160762,32384,20230903
202308,과천선,경마공원,96579,68963,99407,69462,20230903
202308,과천선,대공원,68599,29835,72911,30777,20230903
202308,과천선,과천,139392,46686,128017,44095,20230903
202308,과천선,정부과천청사,253118,55568,263352,55300,20230903
202308,과천선,인덕원,558003,112404,566272,115548,20230903
202308,과천선,평촌,409674,66211,399847,66374,20230903
202308,과천선,범계,634210,114207,635354,112596,20230903
202308,분당선,오리,239412,68025,199240,60342,20230903
202308,분당선,죽전,290553,67980,326055,72902,20230903
202308,분당선,정자,429043,66819,448816,66423,20230903
202308,분당선,수내,306861,71718,307764,70532,20230903
202308,분당선,서현,531942,116040,547678,112149,20230903
202308,분당선,야탑,551485,149578,588797,151695,20230903
202308,분당선,모란,410731,167010,407249,181297,20230903
202308,분당선,태평,290756,92345,268645,95267,20230903
202308,분당선,구성,99132,33759,106279,34159,20230903
202308,분당선,망포,375312,40338,357686,38845,20230903
202308,분당선,매탄권선,124826,22703,119670,21867,20230903
202308,분당선,수원시청,328984,45202,365290,46365,20230903
202308,분당선,매교,107671,23246,106471,23329,20230903
202308,분당선,미금,311190,103250,326017,108623,20230903
202308,분당선,선릉,308746,45318,476181,60449,20230903
202308,분당선,한티,398275,70211,414411,71603,20230903
202308,분당선,도곡,158526,51840,151391,48405,20230903
202308,분당선,구룡,51144,16539,48919,16460,20230903
202308,분당선,개포동,103655,32439,106544,33693,20230903
202308,분당선,대모산입구,124807,36167,116191,36228,20230903
202308,분당선,수서,351576,68766,362689,71067,20230903
202308,분당선,복정,25,1,0,0,20230903
202308,분당선,수원,204513,32386,180704,29300,20230903
202308,분당선,서울숲,331374,29816,340217,29377,20230903
202308,분당선,압구정로데오,522178,46005,587229,43829,20230903
202308,분당선,강남구청,222294,36937,256770,39578,20230903
202308,분당선,선정릉,179994,32632,188153,32136,20230903
202308,분당선,가천대,169125,27949,184269,28817,20230903
202308,분당선,신갈,100219,29866,98006,29827,20230903
202308,분당선,기흥,239585,43265,217684,41931,20230903
202308,분당선,상갈,121143,30990,117096,30057,20230903
202308,분당선,청명,102280,20799,98294,20897,20230903
202308,분당선,영통,213075,31926,213674,31850,20230903
202308,분당선,보정,53449,19976,45819,18815,20230903
202308,분당선,이매,124996,37615,116815,37190,20230903
202308,서해선,김포공항,72424,10739,84512,14208,20230903
202308,서해선,원종,77858,33063,80104,34443,20230903
202308,서해선,부천종합운동장,34926,4641,39861,4478,20230903
202308,수인선,어천,26718,6537,25534,7237,20230903
202308,수인선,인천,21020,15655,36186,19812,20230903
202308,수인선,신포,36622,12587,37463,12784,20230903
202308,수인선,숭의,82385,29185,75883,27630,20230903
202308,수인선,인하대,146960,27980,139090,26652,20230903
202308,수인선,송도,47555,20734,41767,19724,20230903
202308,수인선,연수,103362,30888,101740,31021,20230903
202308,수인선,원인재,90753,31471,94621,31980,20230903
202308,수인선,남동인더스파크,48678,6708,54469,6787,20230903
202308,수인선,호구포,90994,21439,94822,21297,20230903
202308,수인선,인천논현,117506,34217,126298,34577,20230903
202308,수인선,소래포구,94610,46606,88119,45525,20230903
202308,수인선,월곶,61125,17115,55610,16891,20230903
202308,수인선,달월,1734,1094,1168,602,20230903
202308,수인선,사리,119343,19145,101243,17894,20230903
202308,수인선,야목,8673,2663,6661,2198,20230903
202308,수인선,오목천,90501,15305,79314,15088,20230903
202308,수인선,고색,116305,19351,109687,17787,20230903
202308,신림선,서울대벤처타운,200426,60085,184087,61145,20230903
202308,신림선,서원,77922,24679,66757,24252,20230903
202308,신림선,신림,34021,16189,50392,19870,20230903
202308,신림선,샛강,60753,13911,71218,13102,20230903
202308,신림선,보라매,83318,23186,77361,20485,20230903
202308,신림선,당곡,95857,36089,94350,35920,20230903
202308,신림선,서울지방병무청,58890,22821,63579,24744,20230903
202308,신림선,대방,61633,15418,46360,13159,20230903
202308,신림선,보라매병원,149640,53506,158093,52572,20230903
202308,신림선,보라매공원,43178,17235,46489,17727,20230903
202308,신림선,관악산(서울대),59127,40283,58366,39931,20230903
202308,안산선,반월,90506,30363,86626,29929,20230903
202308,안산선,대야미,108813,30460,95114,28730,20230903
202308,안산선,산본,351380,104535,382887,106681,20230903
202308,안산선,수리산,83505,31758,65973,30023,20230903
202308,안산선,오이도,203287,37388,199840,37216,20230903
202308,안산선,정왕,218751,28497,226552,29684,20230903
202308,안산선,신길온천,45031,9579,40978,9415,20230903
202308,안산선,안산,320509,37599,300087,35253,20230903
202308,안산선,초지,124915,18319,123657,18422,20230903
202308,안산선,고잔,209966,34653,199289,33695,20230903
202308,안산선,중앙,461763,63551,486238,62088,20230903
202308,안산선,한대앞,205901,40852,205086,42163,20230903
202308,안산선,상록수,357323,68594,359783,69547,20230903
202308,우이신설선,보문,29434,15613,29727,15131,20230903
202308,우이신설선,북한산우이,59694,40287,55286,41084,20230903
202308,우이신설선,솔밭공원,45316,30248,39975,31318,20230903
202308,우이신설선,4.19민주묘지,46920,38419,45134,35224,20230903
202308,우이신설선,가오리,71535,51309,69654,52865,20230903
202308,우이신설선,화계,56408,45798,50134,46456,20230903
202308,우이신설선,삼양,30514,27684,31164,30451,20230903
202308,우이신설선,삼양사거리,37108,36977,36539,37022,20230903
202308,우이신설선,솔샘,124310,40646,113386,42738,20230903
202308,우이신설선,북한산보국문,129584,42823,119856,42668,20230903
202308,우이신설선,정릉,86063,45309,75868,42576,20230903
202308,우이신설선,성신여대입구(돈암),67800,29417,81325,28535,20230903
202308,우이신설선,신설동,32836,28574,32861,25681,20230903
202308,일산선,대화,310030,87922,241311,80553,20230903
202308,일산선,원흥,255343,61304,243052,59149,20230903
202308,일산선,지축,15,0,0,0,20230903
202308,일산선,삼송,454055,93342,433882,95215,20230903
202308,일산선,원당,231938,76993,216048,76486,20230903
202308,일산선,화정,370529,117089,381574,119771,20230903
202308,일산선,대곡,64237,14057,49120,12295,20230903
202308,일산선,백석,211779,73013,215829,72055,20230903
202308,일산선,마두,152142,66706,153882,67777,20230903
202308,일산선,정발산,162624,54248,171380,51519,20230903
202308,일산선,주엽,187602,90485,186413,93943,20230903
202308,장항선,온양온천,80641,50576,81673,51606,20230903
202308,장항선,봉명,25286,10495,25509,10009,20230903
202308,장항선,쌍용(나사렛대),46755,13293,43972,12685,20230903
202308,장항선,아산,99270,12827,85845,11925,20230903
202308,장항선,탕정,32073,5360,29660,4862,20230903
202308,장항선,배방,26610,6695,25875,6355,20230903
202308,장항선,신창(순천향대),34543,8509,34517,7959,20230903
202308,중앙선,운길산,12200,9223,11401,9379,20230903
202308,중앙선,회기,583876,117894,558976,115680,20230903
202308,중앙선,중랑,113486,50466,106835,49716,20230903
202308,중앙선,상봉(시외버스터미널),129299,40879,128177,39578,20230903
202308,중앙선,망우,154159,72813,145641,73896,20230903
202308,중앙선,양원,64632,21523,62240,21076,20230903
202308,중앙선,구리,292408,79833,297188,80778,20230903
202308,중앙선,도농,245882,64024,223182,62079,20230903
202308,중앙선,양정,11110,7155,8720,6358,20230903
202308,중앙선,덕소,110482,44005,108120,43629,20230903
202308,중앙선,도심,47777,18610,35685,17204,20230903
202308,중앙선,팔당,18697,8722,19462,8583,20230903
202308,중앙선,양수,37296,22227,36342,22254,20230903
202308,중앙선,신원,3045,3183,2575,2606,20230903
202308,중앙선,국수,11539,8749,11410,8671,20230903
202308,중앙선,아신,11379,6594,11134,6391,20230903
202308,중앙선,오빈,5078,4185,4965,4248,20230903
202308,중앙선,양평,61468,31298,60776,31813,20230903
202308,중앙선,원덕,5136,5939,4867,5661,20230903
202308,중앙선,용문,32900,43791,33334,43723,20230903
202308,중앙선,지평,819,1253,1047,1258,20230903
202307,1호선,서울역,1373670,195005,1301690,185973,20230803
202307,1호선,동대문,223223,119648,214104,119156,20230803
202307,1호선,시청,637798,86072,641026,84194,20230803
202307,1호선,종각,976113,139747,969625,131264,20230803
202307,1호선,종로3가,478176,282721,434839,263176,20230803
202307,1호선,종로5가,472806,245844,467415,236244,20230803
202307,1호선,신설동,286770,113722,276608,110263,20230803
202307,1호선,동묘앞,134443,138562,138254,139701,20230803
202307,1호선,청량리(서울시립대입구),334143,251824,327787,253163,20230803
202307,1호선,제기동,226764,255532,215878,272805,20230803
202307,2호선,양천구청,144197,49539,152898,50615,20230803
202307,2호선,성수,1031771,99260,1143014,100958,20230803
202307,2호선,건대입구,973190,87286,1046192,91309,20230803
202307,2호선,구의(광진구청),591665,101876,571528,102810,20230803
202307,2호선,강변(동서울터미널),819307,114031,778968,110193,20230803
202307,2호선,잠실나루,338345,86212,324698,86291,20230803
202307,2호선,잠실(송파구청),2134627,204506,2116888,197307,20230803
202307,2호선,잠실새내,576422,110394,582748,109148,20230803
202307,2호선,종합운동장,364272,51077,401638,53053,20230803
202307,2호선,삼성(무역센터),1564999,117911,1563217,108899,20230803
202307,2호선,선릉,1350731,223074,1184548,196338,20230803
202307,2호선,역삼,1259984,142734,1438197,146099,20230803
202307,2호선,강남,2254653,153723,2183636,134032,20230803
202307,2호선,교대(법원.검찰청),713526,139383,859015,165073,20230803
202307,2호선,서초,544177,81112,514397,79745,20230803
202307,2호선,방배,368376,73243,382714,73017,20230803
202307,2호선,사당,940228,192040,1062846,184323,20230803
202307,2호선,낙성대(강감찬),702243,103283,669179,105137,20230803
202307,2호선,서울대입구(관악구청),1173975,173629,1158607,164283,20230803
202307,2호선,봉천,548707,144794,500129,143165,20230803
202307,2호선,신림,1428816,196785,1360423,193593,20230803
202307,2호선,신대방,618774,125223,590776,126740,20230803
202307,2호선,구로디지털단지,1450868,178511,1428460,179137,20230803
202307,2호선,대림(구로구청),578306,127640,590768,131270,20230803
202307,2호선,신도림,1223778,214667,1211899,201157,20230803
202307,2호선,문래,528034,84579,548658,83866,20230803
202307,2호선,영등포구청,502890,97792,517799,95131,20230803
202307,2호선,당산,454036,56183,525843,62087,20230803
202307,2호선,합정,913698,66593,1001639,67309,20230803
202307,2호선,홍대입구,2003380,95446,2163741,92543,20230803
202307,2호선,신촌,990297,117485,1013494,115288,20230803
202307,2호선,이대,382137,47703,412934,50156,20230803
202307,2호선,아현,246615,64459,226272,63064,20230803
202307,2호선,충정로(경기대입구),237995,47067,250317,47186,20230803
202307,2호선,용답,63635,16981,62167,16766,20230803
202307,2호선,신답,37052,9262,41623,9871,20230803
202307,2호선,신설동,79585,30797,73890,31986,20230803
202307,2호선,도림천,29231,7880,29761,8751,20230803
202307,2호선,뚝섬,607466,57886,647352,57743,20230803
202307,2호선,신정네거리,218952,72236,227347,73832,20230803
202307,2호선,용두(동대문구청),47098,23006,45487,23788,20230803
202307,2호선,왕십리(성동구청),399710,50648,360926,45299,20230803
202307,2호선,상왕십리,347986,66952,333697,68017,20230803
202307,2호선,신당,334258,91179,353202,93523,20230803
202307,2호선,동대문역사문화공원(DDP),371565,56463,430190,60402,20230803
202307,2호선,을지로4가,319804,76283,322385,73757,20230803
202307,2호선,을지로3가,634807,73198,625631,71133,20230803
202307,2호선,을지로입구,1278981,100278,1313984,93155,20230803
202307,2호선,시청,665901,55329,622917,49944,20230803
202307,2호선,한양대,230270,12448,244345,12987,20230803
202307,3호선,무악재,94261,30944,89619,33024,20230803
202307,3호선,홍제,372525,138310,347682,137868,20230803
202307,3호선,녹번,370668,78300,326519,77069,20230803
202307,3호선,불광,337119,138489,360990,153567,20230803
202307,3호선,연신내,757548,251908,714374,243553,20230803
202307,3호선,구파발,505569,125665,497903,121318,20230803
202307,3호선,지축,157616,32327,154426,31385,20230803
202307,3호선,독립문,145428,65230,145874,64260,20230803
202307,3호선,경복궁(정부서울청사),595073,83163,597477,79178,20230803
202307,3호선,안국,639449,94687,651874,98115,20230803
202307,3호선,종로3가,240953,63590,291609,70759,20230803
202307,3호선,을지로3가,282125,48804,288185,46789,20230803
202307,3호선,충무로,34,5,0,0,20230803
202307,3호선,동대입구,227089,44817,243446,46721,20230803
202307,3호선,약수,296626,84103,290013,78563,20230803
202307,3호선,금호,177220,53305,160293,52396,20230803
202307,3호선,옥수,199321,59193,205411,59137,20230803
202307,3호선,압구정,827158,129652,895048,129259,20230803
202307,3호선,신사,751406,65905,786178,63561,20230803
202307,3호선,잠원,113029,29925,108177,28400,20230803
202307,3호선,고속터미널,1294831,210136,1228448,197568,20230803
202307,3호선,교대(법원.검찰청),381240,76473,223350,43674,20230803
202307,3호선,남부터미널(예술의전당),721231,116837,731736,118089,20230803
202307,3호선,양재(서초구청),872655,140104,969584,140741,20230803
202307,3호선,매봉,278560,66465,271046,62311,20230803
202307,3호선,도곡,122221,23529,123587,21308,20230803
202307,3호선,대치,292199,67522,281885,65458,20230803
202307,3호선,학여울,45588,15453,46672,15586,20230803
202307,3호선,대청,236594,63021,220943,60671,20230803
202307,3호선,일원,238466,68020,228134,67146,20230803
202307,3호선,수서,420537,111826,430930,110606,20230803
202307,3호선,가락시장,178875,77063,174670,74715,20230803
202307,3호선,경찰병원,165400,42890,165048,43689,20230803
202307,3호선,오금,152986,31267,137899,30011,20230803
202307,4호선,당고개,201406,75553,171303,76053,20230803
202307,4호선,상계,429420,123711,393305,121000,20230803
202307,4호선,노원,460590,93167,538826,98414,20230803
202307,4호선,창동,522033,212277,553143,219162,20230803
202307,4호선,쌍문,661645,168573,597846,166134,20230803
202307,4호선,수유(강북구청),790599,193780,791423,196127,20230803
202307,4호선,미아(서울사이버대학),317916,114146,297888,114184,20230803
202307,4호선,미아사거리,591654,183452,578073,183146,20230803
202307,4호선,길음,472635,118845,458212,119047,20230803
202307,4호선,성신여대입구(돈암),505444,86313,489299,83819,20230803
202307,4호선,한성대입구(삼선교),307939,72839,296836,71122,20230803
202307,4호선,혜화,914999,130605,937399,128061,20230803
202307,4호선,동대문,428512,151682,447178,146919,20230803
202307,4호선,동대문역사문화공원(DDP),488786,61880,426166,55506,20230803
202307,4호선,충무로,677373,112095,706748,112806,20230803
202307,4호선,명동,836450,71725,903284,73142,20230803
202307,4호선,회현(남대문시장),565514,194739,585522,192407,20230803
202307,4호선,서울역,314549,40555,563733,50558,20230803
202307,4호선,숙대입구(갈월),347129,55330,339300,51354,20230803
202307,4호선,삼각지,155085,23534,183423,24520,20230803
202307,4호선,신용산,504918,52901,550672,53466,20230803
202307,4호선,이촌(국립중앙박물관),263847,50760,285780,52771,20230803
202307,4호선,동작(현충원),25615,12857,29533,12969,20230803
202307,4호선,총신대입구(이수),400165,145989,438941,152070,20230803
202307,4호선,사당,665205,98459,570560,98081,20230803
202307,4호선,남태령,30468,8772,24047,8101,20230803
202307,5호선,군자(능동),286930,41451,317580,43905,20230803
202307,5호선,하남검단산,141417,50738,132972,49914,20230803
202307,5호선,하남시청(덕풍?신장),153151,69466,143941,70301,20230803
202307,5호선,하남풍산,96092,30173,95472,29922,20230803
202307,5호선,미사,413100,80127,423023,80382,20230803
202307,5호선,강일,115334,39746,102588,37901,20230803
202307,5호선,마천,153191,56750,140431,58517,20230803
202307,5호선,거여,220180,65451,211137,63312,20230803
202307,5호선,개롱,136441,50384,141286,52208,20230803
202307,5호선,오금,81009,21543,80778,20476,20230803
202307,5호선,방이,163358,48139,169045,48493,20230803
202307,5호선,올림픽공원(한국체대),111226,35936,100580,32734,20230803
202307,5호선,둔촌동,186265,66873,186969,67458,20230803
202307,5호선,상일동,321128,90340,299565,88489,20230803
202307,5호선,고덕,212553,74045,209661,73264,20230803
202307,5호선,명일,183014,71660,186976,73640,20230803
202307,5호선,굽은다리(강동구민회관앞),204177,77435,196852,73061,20230803
202307,5호선,길동,159716,76765,165458,78118,20230803
202307,5호선,강동,411645,105531,397772,103640,20230803
202307,5호선,천호(풍납토성),425708,140699,413586,143819,20230803
202307,5호선,광나루(장신대),317916,71309,292913,66765,20230803
202307,5호선,아차산(어린이대공원후문),319071,95278,308184,92973,20230803
202307,5호선,장한평,438353,93869,431756,95904,20230803
202307,5호선,답십리,361683,81548,323975,79117,20230803
202307,5호선,마장,121901,42546,111247,40902,20230803
202307,5호선,왕십리(성동구청),106493,25047,127985,25127,20230803
202307,5호선,행당,181338,51346,159898,46721,20230803
202307,5호선,신금호,142932,38577,148057,43226,20230803
202307,5호선,청구,86036,24640,85169,20450,20230803
202307,5호선,동대문역사문화공원(DDP),77243,8444,88907,9238,20230803
202307,5호선,을지로4가,135869,40522,142109,40554,20230803
202307,5호선,종로3가,341338,93901,332551,96905,20230803
202307,5호선,광화문(세종문화회관),827280,80388,866096,77880,20230803
202307,5호선,서대문,466302,69043,477031,64741,20230803
202307,5호선,충정로(경기대입구),108504,14317,108190,14921,20230803
202307,5호선,애오개,153376,38439,151468,37084,20230803
202307,5호선,공덕,349176,47159,370412,44292,20230803
202307,5호선,마포,346144,61761,355475,61583,20230803
202307,5호선,여의나루,336233,29945,390074,29439,20230803
202307,5호선,여의도,756760,54098,798114,51191,20230803
202307,5호선,신길,121279,11479,123975,11761,20230803
202307,5호선,영등포시장,241189,77125,247299,78865,20230803
202307,5호선,영등포구청,99605,20839,98786,19875,20230803
202307,5호선,양평,176320,29901,171482,29799,20230803
202307,5호선,오목교(목동운동장앞),541448,87040,575537,86558,20230803
202307,5호선,목동,387836,81933,416364,82735,20230803
202307,5호선,신정(은행정),319571,63892,258202,62445,20230803
202307,5호선,까치산,659430,158548,623860,159541,20230803
202307,5호선,화곡,668407,147125,617546,140051,20230803
202307,5호선,우장산,324280,94572,312663,98096,20230803
202307,5호선,발산,518590,100609,548493,97853,20230803
202307,5호선,마곡,273573,45040,281413,43278,20230803
202307,5호선,송정,136891,49222,128670,47600,20230803
202307,5호선,김포공항,233121,45418,190630,44007,20230803
202307,5호선,개화산,127123,40370,120533,39932,20230803
202307,5호선,방화,146838,54839,138970,53864,20230803
202307,6호선,응암,383097,117892,380400,117532,20230803
202307,6호선,역촌,77908,35851,98690,34680,20230803
202307,6호선,불광,95697,44567,96649,36180,20230803
202307,6호선,신내,8,2,0,0,20230803
202307,6호선,독바위,59193,21082,58738,25610,20230803
202307,6호선,연신내,26,1,0,0,20230803
202307,6호선,구산,172647,53474,117026,55707,20230803
202307,6호선,새절(신사),271691,88575,245088,88542,20230803
202307,6호선,증산(명지대앞),213163,72197,209823,73281,20230803
202307,6호선,봉화산(서울의료원),199322,50106,185315,49521,20230803
202307,6호선,디지털미디어시티,349093,58553,382021,59432,20230803
202307,6호선,월드컵경기장(성산),165184,51772,200382,50542,20230803
202307,6호선,마포구청,336163,78901,296942,72107,20230803
202307,6호선,망원,351222,77959,379991,82111,20230803
202307,6호선,합정,374751,40714,374090,37220,20230803
202307,6호선,상수,279722,21009,322346,21156,20230803
202307,6호선,광흥창(서강),212275,51275,203391,50282,20230803
202307,6호선,대흥(서강대앞),201475,48282,209098,48189,20230803
202307,6호선,공덕,453367,75377,441314,70692,20230803
202307,6호선,효창공원앞,168989,37582,149263,35015,20230803
202307,6호선,삼각지,195733,18500,167689,15797,20230803
202307,6호선,녹사평(용산구청),134989,17325,135661,16883,20230803
202307,6호선,이태원,322926,31023,348095,31871,20230803
202307,6호선,한강진,268859,16679,323128,16218,20230803
202307,6호선,버티고개,47333,14105,46274,16589,20230803
202307,6호선,약수,85795,22925,84758,22774,20230803
202307,6호선,청구,90401,20095,86929,22398,20230803
202307,6호선,신당,212244,39137,220909,37998,20230803
202307,6호선,동묘앞,173022,65681,180321,62553,20230803
202307,6호선,창신,79243,19374,64193,18535,20230803
202307,6호선,보문,191953,30988,175498,29415,20230803
202307,6호선,안암(고대병원앞),279847,37157,279009,36145,20230803
202307,6호선,고려대(종암),202446,33319,193883,33006,20230803
202307,6호선,월곡(동덕여대),256185,68708,252157,67604,20230803
202307,6호선,상월곡(한국과학기술연구원),140793,41611,123159,40597,20230803
202307,6호선,돌곶이,222752,65039,199660,64020,20230803
202307,6호선,석계,265891,78116,277435,78192,20230803
202307,6호선,태릉입구,124786,31698,138226,33213,20230803
202307,6호선,화랑대(서울여대입구),269502,47421,204213,42437,20230803
202307,7호선,장암,62796,12967,25892,10139,20230803
202307,7호선,도봉산,202087,50480,228154,68944,20230803
202307,7호선,수락산,265930,101587,262458,103046,20230803
202307,7호선,마들,282377,90392,260210,88026,20230803
202307,7호선,노원,467777,132410,493684,127444,20230803
202307,7호선,중계,321643,95302,288253,92077,20230803
202307,7호선,하계,401689,111870,371803,108088,20230803
202307,7호선,공릉(서울과학기술대),264040,72383,260935,72689,20230803
202307,7호선,태릉입구,202983,45893,193152,41996,20230803
202307,7호선,먹골,227165,68227,220914,69780,20230803
202307,7호선,중화,241842,64423,232220,64692,20230803
202307,7호선,상봉(시외버스터미널),419613,73042,401331,69917,20230803
202307,7호선,면목,327476,95217,308581,97979,20230803
202307,7호선,사가정,357549,101944,354983,102364,20230803
202307,7호선,용마산(용마폭포공원),132805,35880,125834,38681,20230803
202307,7호선,중곡,243632,61530,224409,62508,20230803
202307,7호선,군자(능동),357800,80387,276911,69750,20230803
202307,7호선,어린이대공원(세종대),338523,42216,331541,41429,20230803
202307,7호선,건대입구,333477,61573,353756,56197,20230803
202307,7호선,뚝섬유원지,219703,47006,208878,46853,20230803
202307,7호선,청담,454699,75455,509703,72748,20230803
202307,7호선,강남구청,405688,50337,451830,51859,20230803
202307,7호선,학동,580461,61066,615731,58508,20230803
202307,7호선,논현,452471,42920,466680,41458,20230803
202307,7호선,반포,142088,37211,138425,35837,20230803
202307,7호선,고속터미널,456428,73822,354317,66681,20230803
202307,7호선,내방,330307,76352,337378,73902,20230803
202307,7호선,이수,383982,77364,372925,73912,20230803
202307,7호선,남성,251439,73977,228505,73266,20230803
202307,7호선,숭실대입구(살피재),282458,63873,283547,65800,20230803
202307,7호선,상도,255717,63540,248331,60534,20230803
202307,7호선,장승배기,194534,69096,187692,69703,20230803
202307,7호선,신대방삼거리,336389,91293,314583,93864,20230803
202307,7호선,보라매,166770,31983,170572,32974,20230803
202307,7호선,신풍,252259,73768,232870,72640,20230803
202307,7호선,대림(구로구청),228740,42167,231413,41452,20230803
202307,7호선,남구로,363595,62749,380154,63515,20230803
202307,7호선,가산디지털단지,1075270,90600,1074372,85242,20230803
202307,7호선,철산,502035,101171,511731,100332,20230803
202307,7호선,광명사거리,436561,148335,424187,154371,20230803
202307,7호선,천왕,266053,59010,251579,58938,20230803
202307,7호선,온수(성공회대입구),230106,41033,210144,38602,20230803
202307,7호선,부천시청,1,0,0,0,20230803
202307,8호선,암사,426749,106437,368842,104390,20230803
202307,8호선,천호(풍납토성),345247,87070,413869,83795,20230803
202307,8호선,강동구청,230026,64834,237881,65412,20230803
202307,8호선,몽촌토성(평화의문),156476,31206,159195,30313,20230803
202307,8호선,잠실(송파구청),407080,78546,487109,76494,20230803
202307,8호선,석촌,177219,50770,210444,53459,20230803
202307,8호선,송파,206642,63312,201475,62426,20230803
202307,8호선,가락시장,156783,58968,177485,60859,20230803
202307,8호선,문정,513970,58364,538868,57962,20230803
202307,8호선,장지,413920,83823,382149,79177,20230803
202307,8호선,복정,215183,37499,180064,33706,20230803
202307,8호선,산성,117820,30938,116172,33298,20230803
202307,8호선,남한산성입구(성남법원.검찰청),297109,75847,259986,72020,20230803
202307,8호선,단대오거리,264278,73463,257792,72654,20230803
202307,8호선,신흥,108797,42205,115251,44554,20230803
202307,8호선,수진,115183,46646,102561,45706,20230803
202307,8호선,모란,87824,54333,72931,41399,20230803
202307,8호선,남위례,160792,28902,165206,28632,20230803
202307,9호선,염창,433245,74873,415223,72864,20230803
202307,9호선,개화,64155,13518,41974,10978,20230803
202307,9호선,김포공항,202519,20535,304964,26398,20230803
202307,9호선,공항시장,63889,24634,67889,26612,20230803
202307,9호선,신방화,152817,48698,148200,49111,20230803
202307,9호선,마곡나루(서울식물원),336691,33552,331288,33149,20230803
202307,9호선,양천향교,230619,47844,234296,47232,20230803
202307,9호선,가양,498821,135824,482324,132320,20230803
202307,9호선,증미,178533,36865,169815,37218,20230803
202307,9호선,등촌,252500,83738,238099,83843,20230803
202307,9호선,신목동,99180,22576,84794,21438,20230803
202307,9호선,선유도,213128,29867,200946,29105,20230803
202307,9호선,당산,494334,68719,492399,64248,20230803
202307,9호선,국회의사당,391202,56573,407684,51083,20230803
202307,9호선,여의도,780447,51588,746083,47096,20230803
202307,9호선,샛강,150642,28719,152611,28167,20230803
202307,9호선,노량진,663805,83074,644952,83326,20230803
202307,9호선,노들,106394,33700,84645,30721,20230803
202307,9호선,흑석(중앙대입구),185626,56150,192646,56805,20230803
202307,9호선,동작(현충원),41278,10754,33355,9561,20230803
202307,9호선,구반포,21528,9019,21894,9173,20230803
202307,9호선,신반포,86403,24443,87962,24640,20230803
202307,9호선,고속터미널,392934,66778,560588,78790,20230803
202307,9호선,사평,93298,23449,89107,23574,20230803
202307,9호선,신논현,887740,52223,868353,50009,20230803
202307,9호선2~3단계,봉은사,626295,57094,661611,55034,20230803
202307,9호선2~3단계,종합운동장,122918,23461,125193,22005,20230803
202307,9호선2~3단계,언주,290293,32333,294111,31325,20230803
202307,9호선2~3단계,삼전,175443,38174,164295,36973,20230803
202307,9호선2~3단계,석촌고분,158969,40321,153953,40828,20230803
202307,9호선2~3단계,석촌,228277,38763,202385,34527,20230803
202307,9호선2~3단계,송파나루,130651,29725,143409,30527,20230803
202307,9호선2~3단계,한성백제,68130,17247,60335,15861,20230803
202307,9호선2~3단계,올림픽공원(한국체대),233357,28880,233876,28144,20230803
202307,9호선2~3단계,둔촌오륜,24117,6699,23099,7281,20230803
202307,9호선2~3단계,선정릉,249805,25476,269739,26079,20230803
202307,9호선2~3단계,중앙보훈병원,247416,81484,212809,79502,20230803
202307,9호선2~3단계,삼성중앙,190274,28250,198792,27537,20230803
202307,경강선,여주,56671,16567,57020,16715,20230803
202307,경강선,판교,143279,18460,146395,16033,20230803
202307,경강선,이매,27660,6960,23384,7325,20230803
202307,경강선,삼동,58477,13249,53393,13504,20230803
202307,경강선,경기광주,199237,32942,183170,32847,20230803
202307,경강선,초월,83965,15338,77693,15088,20230803
202307,경강선,곤지암,53037,14332,52261,14340,20230803
202307,경강선,신둔도예촌,35441,8470,33504,8298,20230803
202307,경강선,이천,71399,14200,74603,15430,20230803
202307,경강선,부발,55383,9453,54294,9315,20230803
202307,경강선,세종대왕릉,8874,4040,9684,4196,20230803
202307,경부선,평택지제,118622,13160,115381,12931,20230803
202307,경부선,서울역,250210,13389,80319,3090,20230803
202307,경부선,남영,240165,35725,248441,37011,20230803
202307,경부선,용산,1128084,126353,1151649,125708,20230803
202307,경부선,노량진,198751,36972,197643,34422,20230803
202307,경부선,대방,235966,55826,261561,58168,20230803
202307,경부선,영등포,984211,277461,1018598,278294,20230803
202307,경부선,신도림,82354,22908,86213,27726,20230803
202307,경부선,신길,203809,44575,169566,41076,20230803
202307,경부선,구로,413402,97210,428726,93748,20230803
202307,경부선,가산디지털단지,409308,36109,482703,39041,20230803
202307,경부선,금천구청,238057,76933,239230,78109,20230803
202307,경부선,석수,209060,46838,188250,45132,20230803
202307,경부선,관악,163243,53660,154429,52041,20230803
202307,경부선,안양,512865,120321,506428,123421,20230803
202307,경부선,평택,343803,70206,340342,68952,20230803
202307,경부선,광명,106358,10724,89355,10510,20230803
202307,경부선,서동탄,33590,7364,29918,7006,20230803
202307,경부선,당정,134604,29870,127662,28712,20230803
202307,경부선,천안,136190,53335,140652,53676,20230803
202307,경부선,두정,164226,25258,165053,25934,20230803
202307,경부선,직산,21679,4888,21054,4554,20230803
202307,경부선,성환,93341,20125,92179,19809,20230803
202307,경부선,명학,195607,41209,189748,40168,20230803
202307,경부선,금정,668935,121328,678455,122379,20230803
202307,경부선,군포,161862,36575,156294,35519,20230803
202307,경부선,의왕,201146,42478,199084,42331,20230803
202307,경부선,성균관대,352916,53352,349214,53485,20230803
202307,경부선,화서,192372,44337,184229,43050,20230803
202307,경부선,수원,956463,145070,1013143,148880,20230803
202307,경부선,독산,419169,65663,427858,67532,20230803
202307,경부선,세류,81762,16046,73779,15438,20230803
202307,경부선,병점,352560,68379,351687,68749,20230803
202307,경부선,세마,72708,15576,68575,14699,20230803
202307,경부선,오산대,87255,16662,80599,15801,20230803
202307,경부선,오산,255146,46153,256679,47327,20230803
202307,경부선,진위,40189,9614,35450,9283,20230803
202307,경부선,송탄,118446,20353,117739,20019,20230803
202307,경부선,서정리,213005,36026,196935,34777,20230803
202307,경원선,왕십리(성동구청),409168,73715,428542,75668,20230803
202307,경원선,응봉,37099,16991,30745,15105,20230803
202307,경원선,옥수,1582,149,1079,66,20230803
202307,경원선,한남,88033,29123,85943,27177,20230803
202307,경원선,서빙고,50505,17784,47083,17018,20230803
202307,경원선,이촌(국립중앙박물관),88793,29454,66709,25266,20230803
202307,경원선,소요산,32093,56681,25607,52358,20230803
202307,경원선,동두천,38946,23404,41015,27115,20230803
202307,경원선,보산,37554,13667,36078,13047,20230803
202307,경원선,동두천중앙,55268,34501,52923,34556,20230803
202307,경원선,지행,150193,44963,149845,44628,20230803
202307,경원선,덕정,124761,34698,116838,35006,20230803
202307,경원선,덕계,103261,28939,90456,27363,20230803
202307,경원선,양주,161202,54732,151990,53381,20230803
202307,경원선,녹양,91587,38363,87123,36111,20230803
202307,경원선,가능,131136,57600,124343,57643,20230803
202307,경원선,의정부,445180,116621,461168,118285,20230803
202307,경원선,회룡,222164,148503,216508,146892,20230803
202307,경원선,망월사,144600,70221,147444,72196,20230803
202307,경원선,도봉산,123206,105257,66818,83653,20230803
202307,경원선,도봉,99871,71163,94723,70980,20230803
202307,경원선,방학,177462,107471,172006,106059,20230803
202307,경원선,창동,11,0,0,0,20230803
202307,경원선,녹천,93594,36533,76293,33111,20230803
202307,경원선,월계,122471,61177,113287,59105,20230803
202307,경원선,광운대,165694,54244,155203,52885,20230803
202307,경원선,석계,160296,59553,181409,64440,20230803
202307,경원선,신이문,173895,67509,156810,65822,20230803
202307,경원선,외대앞,195343,44987,187576,45681,20230803
202307,경원선,청량리(서울시립대입구),348758,138396,363309,146446,20230803
202307,경의선,파주,29292,7850,20562,6713,20230803
202307,경의선,계양,3,1,0,0,20230803
202307,경의선,김포공항,3,0,0,0,20230803
202307,경의선,디지털미디어시티,69662,12539,60809,12846,20230803
202307,경의선,홍대입구,57943,5587,72677,6384,20230803
202307,경의선,공덕,102353,15112,81430,14087,20230803
202307,경의선,서울역,102619,15828,126792,18564,20230803
202307,경의선,운천,75,125,29,109,20230803
202307,경의선,임진강,507,596,419,542,20230803
202307,경의선,신촌,20719,3660,26777,4314,20230803
202307,경의선,효창공원앞,71873,16117,82393,17298,20230803
202307,경의선,서강대,52775,11419,51089,10767,20230803
202307,경의선,가좌,122024,42689,114287,42743,20230803
202307,경의선,수색,60042,14492,64542,14521,20230803
202307,경의선,화전,43523,9551,40438,9170,20230803
202307,경의선,강매,73733,18146,62375,17073,20230803
202307,경의선,행신,198622,34545,197534,35342,20230803
202307,경의선,능곡,103310,35311,96036,34843,20230803
202307,경의선,곡산,12188,5536,12812,5585,20230803
202307,경의선,백마,165327,33667,156733,33458,20230803
202307,경의선,풍산,130594,36788,122731,36175,20230803
202307,경의선,일산,221961,61599,212404,62038,20230803
202307,경의선,탄현,188383,39647,176373,38803,20230803
202307,경의선,야당,210567,38818,213207,37592,20230803
202307,경의선,운정,165166,38627,148978,38091,20230803
202307,경의선,금릉,125198,29272,119493,28550,20230803
202307,경의선,금촌,149048,44915,145080,45585,20230803
202307,경의선,월롱,51669,8597,47667,9176,20230803
202307,경의선,문산,115948,44998,113965,45114,20230803
202307,경인선,구일,209933,45401,223501,44567,20230803
202307,경인선,인천,79834,37949,59057,33998,20230803
202307,경인선,동인천,301564,122133,283976,118985,20230803
202307,경인선,제물포,227207,63333,213524,62356,20230803
202307,경인선,주안,452406,92517,406340,82052,20230803
202307,경인선,동암,357617,103957,355825,105262,20230803
202307,경인선,백운,147365,60019,141824,59808,20230803
202307,경인선,부평,740514,146173,788814,149397,20230803
202307,경인선,송내,626631,123794,616452,123162,20230803
202307,경인선,개봉,468555,159445,446260,165339,20230803
202307,경인선,오류동,250955,90652,227058,88595,20230803
202307,경인선,부개,189108,68800,171705,67058,20230803
202307,경인선,간석,125254,45220,118188,43797,20230803
202307,경인선,도원,62970,29079,63490,30931,20230803
202307,경인선,온수(성공회대입구),131522,49245,122830,48008,20230803
202307,경인선,중동,192995,71213,175471,70275,20230803
202307,경인선,도화,79917,39514,71555,38294,20230803
202307,경인선,부천,719529,216437,719229,218583,20230803
202307,경인선,역곡,597530,148656,588956,153621,20230803
202307,경인선,소사,167635,65447,157385,62450,20230803
202307,경춘선,춘천,28335,17045,25485,14619,20230803
202307,경춘선,신내,46074,18392,42276,17867,20230803
202307,경춘선,갈매,67467,21573,56651,20118,20230803
202307,경춘선,별내,69356,21325,65773,20273,20230803
202307,경춘선,퇴계원,75839,28220,69162,26804,20230803
202307,경춘선,사릉,47443,15934,45892,16084,20230803
202307,경춘선,금곡,27608,15829,26096,15806,20230803
202307,경춘선,평내호평,130579,44614,127834,43111,20230803
202307,경춘선,천마산,28435,17897,25310,17927,20230803
202307,경춘선,마석,79775,32408,76953,32587,20230803
202307,경춘선,대성리,26034,6694,24827,6104,20230803
202307,경춘선,청평,44007,18487,43107,18539,20230803
202307,경춘선,상천,4886,4600,4265,4454,20230803
202307,경춘선,가평,67436,16275,69736,15983,20230803
202307,경춘선,굴봉산,2894,2522,1736,2396,20230803
202307,경춘선,백양리,2256,1268,1648,1293,20230803
202307,경춘선,강촌,13263,4983,10553,5184,20230803
202307,경춘선,김유정,7373,3692,7678,3924,20230803
202307,경춘선,남춘천,57659,25515,59383,26606,20230803
202307,공항철도 1호선,검암,174935,17131,174815,17236,20230803
202307,공항철도 1호선,운서,245449,30084,259149,30536,20230803
202307,공항철도 1호선,공항화물청사,52533,9962,56682,9599,20230803
202307,공항철도 1호선,인천공항1터미널,386340,35523,371628,33000,20230803
202307,공항철도 1호선,인천공항2터미널,183473,20870,157034,18340,20230803
202307,공항철도 1호선,영종,100007,21265,101734,21465,20230803
202307,공항철도 1호선,서울역,357974,33726,325916,30252,20230803
202307,공항철도 1호선,공덕,70235,7948,96266,9800,20230803
202307,공항철도 1호선,홍대입구,423137,18692,423247,17583,20230803
202307,공항철도 1호선,디지털미디어시티,373499,27363,344107,25673,20230803
202307,공항철도 1호선,마곡나루(서울식물원),260180,14893,249703,15091,20230803
202307,공항철도 1호선,김포공항,305329,23208,163676,14622,20230803
202307,공항철도 1호선,청라국제도시,190845,14258,180651,13958,20230803
202307,공항철도 1호선,계양,331095,34939,306872,33021,20230803
202307,과천선,경마공원,112773,79835,115744,80514,20230803
202307,과천선,선바위,190559,34800,163674,33338,20230803
202307,과천선,인덕원,575083,115269,583111,118619,20230803
202307,과천선,정부과천청사,255926,55032,267826,54726,20230803
202307,과천선,범계,656128,114362,654425,112894,20230803
202307,과천선,평촌,419907,66284,411417,66631,20230803
202307,과천선,과천,143246,46626,131262,43891,20230803
202307,과천선,대공원,76453,33727,81937,34959,20230803
202307,분당선,태평,298955,91290,274769,94603,20230803
202307,분당선,선릉,312625,44809,484252,59772,20230803
202307,분당선,한티,415817,70935,430757,72437,20230803
202307,분당선,도곡,157042,51129,152810,49035,20230803
202307,분당선,구룡,53267,16288,51086,16270,20230803
202307,분당선,개포동,106710,33361,109106,34209,20230803
202307,분당선,대모산입구,127114,36086,118105,36417,20230803
202307,분당선,매교,109956,23448,107808,23553,20230803
202307,분당선,수원시청,346841,46369,381857,47602,20230803
202307,분당선,매탄권선,128154,22889,123223,21877,20230803
202307,분당선,망포,388618,40818,369862,38935,20230803
202307,분당선,영통,220622,32644,220893,32575,20230803
202307,분당선,청명,103978,20771,99353,20900,20230803
202307,분당선,상갈,123302,31594,119263,30414,20230803
202307,분당선,기흥,247406,43282,225389,42005,20230803
202307,분당선,신갈,103873,29100,101013,29079,20230803
202307,분당선,구성,104118,35359,111298,35492,20230803
202307,분당선,죽전,304201,69570,340498,74854,20230803
202307,분당선,보정,55581,20266,48107,19463,20230803
202307,분당선,이매,131753,38765,122588,37818,20230803
202307,분당선,오리,254021,70668,211093,61932,20230803
202307,분당선,미금,322891,103802,341088,110386,20230803
202307,분당선,정자,453006,70678,470089,70155,20230803
202307,분당선,수내,324097,74774,321120,73429,20230803
202307,분당선,서현,608034,123969,623133,119822,20230803
202307,분당선,야탑,573056,152979,611503,154319,20230803
202307,분당선,모란,421494,164303,414727,177474,20230803
202307,분당선,가천대,169966,27707,183489,28553,20230803
202307,분당선,선정릉,181279,26834,190153,26191,20230803
202307,분당선,강남구청,227505,37488,263486,39912,20230803
202307,분당선,압구정로데오,543171,46346,611904,44435,20230803
202307,분당선,서울숲,339442,30029,348329,29427,20230803
202307,분당선,수원,208490,32064,182116,28872,20230803
202307,분당선,복정,32,0,0,0,20230803
202307,분당선,수서,356979,67992,368057,71015,20230803
202307,서해선,부천종합운동장,51646,6521,34944,4878,20230803
202307,서해선,원종,86489,36555,89254,37577,20230803
202307,서해선,김포공항,69502,10948,85219,13557,20230803
202307,수인선,인천,19093,14219,34462,17710,20230803
202307,수인선,신포,38225,12731,38997,13461,20230803
202307,수인선,숭의,84865,30617,78074,29018,20230803
202307,수인선,인하대,144935,28073,136753,26667,20230803
202307,수인선,송도,50724,22192,44854,21094,20230803
202307,수인선,연수,106879,32193,105936,32328,20230803
202307,수인선,원인재,93412,32125,96926,32222,20230803
202307,수인선,남동인더스파크,51177,6810,57726,6966,20230803
202307,수인선,호구포,94801,21963,98468,21948,20230803
202307,수인선,인천논현,122868,35916,131269,36424,20230803
202307,수인선,소래포구,95885,44022,88756,42635,20230803
202307,수인선,월곶,62375,16469,56837,16491,20230803
202307,수인선,달월,1715,1044,1332,627,20230803
202307,수인선,사리,123385,19543,103996,18053,20230803
202307,수인선,어천,29116,6657,27606,7195,20230803
202307,수인선,야목,9235,2646,6939,2214,20230803
202307,수인선,오목천,90787,15858,77701,15699,20230803
202307,수인선,고색,118233,19502,111879,17831,20230803
202307,신림선,보라매공원,45024,16467,48001,17250,20230803
202307,신림선,당곡,97037,36083,94279,35693,20230803
202307,신림선,신림,34612,15843,52608,19554,20230803
202307,신림선,서원,77385,24394,65839,23964,20230803
202307,신림선,대방,62981,15884,45353,13450,20230803
202307,신림선,샛강,61736,14131,73598,13432,20230803
202307,신림선,서울대벤처타운,206518,59894,187425,60267,20230803
202307,신림선,관악산(서울대),58148,40020,57700,39473,20230803
202307,신림선,서울지방병무청,61193,22887,65161,24988,20230803
202307,신림선,보라매,86937,23252,79959,20602,20230803
202307,신림선,보라매병원,148546,51553,156060,50931,20230803
202307,안산선,초지,126342,19016,124521,18774,20230803
202307,안산선,수리산,85071,32049,66563,30120,20230803
202307,안산선,오이도,205613,36561,200878,36335,20230803
202307,안산선,정왕,226110,29297,234352,30699,20230803
202307,안산선,신길온천,46133,9741,41826,9641,20230803
202307,안산선,안산,329681,38145,310581,36043,20230803
202307,안산선,고잔,213601,35687,202681,34618,20230803
202307,안산선,중앙,475783,64221,498335,62915,20230803
202307,안산선,한대앞,215657,42882,215757,43965,20230803
202307,안산선,상록수,362954,70244,363974,71094,20230803
202307,안산선,반월,92865,30477,88713,30132,20230803
202307,안산선,대야미,112286,31540,98296,29805,20230803
202307,안산선,산본,362548,106097,395753,108738,20230803
202307,우이신설선,가오리,72795,51731,69676,53092,20230803
202307,우이신설선,화계,57218,44962,51362,46005,20230803
202307,우이신설선,삼양,31458,27252,31584,30229,20230803
202307,우이신설선,성신여대입구(돈암),69868,29415,83026,28777,20230803
202307,우이신설선,정릉,87934,46433,79046,43622,20230803
202307,우이신설선,북한산보국문,133297,43170,123447,43220,20230803
202307,우이신설선,솔샘,127996,40366,115957,42416,20230803
202307,우이신설선,삼양사거리,37722,37011,37098,37007,20230803
202307,우이신설선,신설동,34143,29366,35102,26130,20230803
202307,우이신설선,보문,29887,15455,29954,15247,20230803
202307,우이신설선,솔밭공원,46336,30238,40846,31833,20230803
202307,우이신설선,북한산우이,57807,37156,52612,38928,20230803
202307,우이신설선,4.19민주묘지,49308,38949,47165,34737,20230803
202307,일산선,마두,153692,67053,155827,68061,20230803
202307,일산선,대화,295780,81375,227129,74677,20230803
202307,일산선,주엽,190213,91007,188824,94156,20230803
202307,일산선,지축,7,0,0,0,20230803
202307,일산선,삼송,469147,94216,448010,95969,20230803
202307,일산선,원당,238265,79453,221644,78598,20230803
202307,일산선,화정,380004,117830,390685,120561,20230803
202307,일산선,대곡,68048,16673,52247,14969,20230803
202307,일산선,백석,215453,73725,218851,72954,20230803
202307,일산선,정발산,170401,54343,179952,51746,20230803
202307,일산선,원흥,265805,62754,252880,60186,20230803
202307,장항선,봉명,26393,10761,26493,10417,20230803
202307,장항선,쌍용(나사렛대),48203,13479,45012,12634,20230803
202307,장항선,아산,100129,13826,89811,12937,20230803
202307,장항선,탕정,32879,5374,29846,5135,20230803
202307,장항선,배방,27404,7009,27116,6770,20230803
202307,장항선,온양온천,81308,47243,81372,48177,20230803
202307,장항선,신창(순천향대),28229,8032,27970,7580,20230803
202307,중앙선,아신,11162,6223,10910,5924,20230803
202307,중앙선,원덕,5351,5835,5063,5586,20230803
202307,중앙선,용문,32452,37376,32943,37801,20230803
202307,중앙선,팔당,19749,9112,20710,8911,20230803
202307,중앙선,도심,49656,18582,37187,17276,20230803
202307,중앙선,덕소,113562,44574,111388,44096,20230803
202307,중앙선,양정,11621,7266,9287,6490,20230803
202307,중앙선,양수,40841,28083,40205,27957,20230803
202307,중앙선,운길산,12581,9656,11963,10096,20230803
202307,중앙선,신원,2884,3280,2627,2731,20230803
202307,중앙선,국수,12258,8944,11938,9019,20230803
202307,중앙선,회기,598321,119448,568141,116931,20230803
202307,중앙선,지평,1069,1283,1144,1160,20230803
202307,중앙선,중랑,115321,50668,108433,49513,20230803
202307,중앙선,상봉(시외버스터미널),131162,41255,130658,39904,20230803
202307,중앙선,망우,157747,72850,149278,74148,20230803
202307,중앙선,양원,66628,21834,64347,21546,20230803
202307,중앙선,구리,301709,80259,307438,80684,20230803
202307,중앙선,도농,255019,65830,230757,63991,20230803
202307,중앙선,오빈,5121,4389,5097,4443,20230803
202307,중앙선,양평,64739,30583,64285,31187,20230803
202306,1호선,서울역,1355284,211835,1285303,201772,20230703
202306,1호선,시청,643718,95097,653701,93981,20230703
202306,1호선,종각,939341,144553,932306,136786,20230703
202306,1호선,종로3가,483658,304455,434093,282796,20230703
202306,1호선,종로5가,468448,261653,468041,251271,20230703
202306,1호선,동대문,224118,126694,214290,126827,20230703
202306,1호선,신설동,287698,119031,276137,115041,20230703
202306,1호선,제기동,231277,275258,219395,295752,20230703
202306,1호선,청량리(서울시립대입구),345435,261650,338983,265212,20230703
202306,1호선,동묘앞,143230,156934,148422,157665,20230703
202306,2호선,양천구청,149574,52030,156407,53187,20230703
202306,2호선,구의(광진구청),588174,105836,566973,106636,20230703
202306,2호선,강변(동서울터미널),810925,123619,769275,119505,20230703
202306,2호선,잠실나루,340672,90236,328163,89991,20230703
202306,2호선,잠실(송파구청),2011091,213227,1994423,202257,20230703
202306,2호선,잠실새내,569815,114410,571318,113165,20230703
202306,2호선,종합운동장,468960,55664,545940,59107,20230703
202306,2호선,삼성(무역센터),1476671,120364,1490899,112574,20230703
202306,2호선,선릉,1320905,223864,1164994,196272,20230703
202306,2호선,역삼,1222972,144973,1405235,148302,20230703
202306,2호선,강남,2123826,156377,2064342,136556,20230703
202306,2호선,교대(법원.검찰청),717012,149235,862373,177718,20230703
202306,2호선,서초,543608,87628,514568,86521,20230703
202306,2호선,방배,416533,77984,432976,76873,20230703
202306,2호선,사당,957936,214674,1083306,206171,20230703
202306,2호선,낙성대(강감찬),701470,107252,667477,108861,20230703
202306,2호선,서울대입구(관악구청),1182884,182288,1157497,172812,20230703
202306,2호선,봉천,550307,151032,497188,149594,20230703
202306,2호선,신림,1451823,203260,1395307,200698,20230703
202306,2호선,신대방,622912,132795,590461,133731,20230703
202306,2호선,구로디지털단지,1461510,184022,1438930,185341,20230703
202306,2호선,대림(구로구청),585810,132557,597329,135989,20230703
202306,2호선,신도림,1236345,220258,1218069,205019,20230703
202306,2호선,문래,525280,88043,549325,87210,20230703
202306,2호선,영등포구청,509058,101510,526019,100847,20230703
202306,2호선,당산,477487,60936,554118,66955,20230703
202306,2호선,합정,894498,71063,983766,71827,20230703
202306,2호선,홍대입구,1926011,100030,2092841,97073,20230703
202306,2호선,신촌,1013083,123481,1013267,117442,20230703
202306,2호선,이대,424389,48597,458356,51092,20230703
202306,2호선,아현,253966,66187,232065,64833,20230703
202306,2호선,충정로(경기대입구),236369,48575,250842,48678,20230703
202306,2호선,용답,67446,17790,66485,17497,20230703
202306,2호선,신답,37983,9988,42147,10599,20230703
202306,2호선,신설동,79126,32048,74525,33584,20230703
202306,2호선,도림천,27311,8123,28515,9028,20230703
202306,2호선,신정네거리,224296,75612,231437,77374,20230703
202306,2호선,용두(동대문구청),46799,23765,45188,24749,20230703
202306,2호선,성수,998837,98780,1116691,100544,20230703
202306,2호선,뚝섬,619328,62607,656344,62501,20230703
202306,2호선,한양대,305324,13874,337457,14861,20230703
202306,2호선,왕십리(성동구청),410633,52833,360171,46800,20230703
202306,2호선,상왕십리,350339,67740,333519,68582,20230703
202306,2호선,신당,335723,95285,353521,97440,20230703
202306,2호선,동대문역사문화공원(DDP),366275,58664,425225,63011,20230703
202306,2호선,을지로4가,317767,81326,325578,79822,20230703
202306,2호선,을지로3가,616126,75842,612805,73391,20230703
202306,2호선,을지로입구,1238072,102362,1281501,95816,20230703
202306,2호선,시청,659576,59548,632170,54214,20230703
202306,2호선,건대입구,993212,94488,1062510,98436,20230703
202306,3호선,불광,341723,141929,366766,157750,20230703
202306,3호선,연신내,763731,260659,716899,252082,20230703
202306,3호선,구파발,503568,128381,493438,123534,20230703
202306,3호선,지축,157753,33893,155751,32854,20230703
202306,3호선,오금,154466,32358,138832,31351,20230703
202306,3호선,경찰병원,164828,43675,163580,44799,20230703
202306,3호선,홍제,384972,145622,355404,143352,20230703
202306,3호선,무악재,94346,32259,89569,34454,20230703
202306,3호선,독립문,150164,71413,158492,72439,20230703
202306,3호선,경복궁(정부서울청사),629362,95778,642365,94838,20230703
202306,3호선,안국,641812,103140,668447,107309,20230703
202306,3호선,종로3가,238198,63883,292817,72149,20230703
202306,3호선,을지로3가,276621,49756,288375,47796,20230703
202306,3호선,충무로,55,1,0,0,20230703
202306,3호선,동대입구,253685,42433,279651,46447,20230703
202306,3호선,약수,299225,86673,291603,80883,20230703
202306,3호선,금호,180270,56377,161529,55458,20230703
202306,3호선,옥수,203202,62537,207793,62126,20230703
202306,3호선,압구정,795786,138923,868583,137021,20230703
202306,3호선,신사,740716,69080,780787,67248,20230703
202306,3호선,잠원,114505,31490,107656,29876,20230703
202306,3호선,고속터미널,1259097,212623,1191316,200272,20230703
202306,3호선,교대(법원.검찰청),384667,82879,227593,45949,20230703
202306,3호선,남부터미널(예술의전당),719926,125846,731584,127506,20230703
202306,3호선,양재(서초구청),882023,153221,979757,153281,20230703
202306,3호선,매봉,277848,68583,270628,63923,20230703
202306,3호선,도곡,125407,24968,126430,23298,20230703
202306,3호선,대치,276223,70964,271861,68351,20230703
202306,3호선,학여울,51983,16513,53562,16415,20230703
202306,3호선,대청,238847,62671,223273,60420,20230703
202306,3호선,일원,239927,71744,228362,71340,20230703
202306,3호선,수서,422296,117843,431644,115259,20230703
202306,3호선,가락시장,179765,80353,175291,78204,20230703
202306,3호선,녹번,376715,80298,329982,78778,20230703
202306,4호선,삼각지,151649,26053,178304,27419,20230703
202306,4호선,당고개,201335,76729,170945,76244,20230703
202306,4호선,상계,436216,128896,397276,125257,20230703
202306,4호선,노원,458537,97165,537189,99993,20230703
202306,4호선,창동,529047,214565,560694,221147,20230703
202306,4호선,쌍문,669764,173240,605248,171410,20230703
202306,4호선,수유(강북구청),801416,199069,801003,199891,20230703
202306,4호선,미아(서울사이버대학),329299,115178,309191,117444,20230703
202306,4호선,미아사거리,598050,188161,580980,187715,20230703
202306,4호선,길음,502204,123389,492884,123752,20230703
202306,4호선,성신여대입구(돈암),535560,90183,512058,87146,20230703
202306,4호선,한성대입구(삼선교),339960,76970,327130,75288,20230703
202306,4호선,혜화,896846,136275,917111,134560,20230703
202306,4호선,동대문,430712,162591,447539,157899,20230703
202306,4호선,동대문역사문화공원(DDP),480379,63934,419949,57040,20230703
202306,4호선,충무로,716163,119443,745367,121294,20230703
202306,4호선,명동,861926,76322,930481,78481,20230703
202306,4호선,회현(남대문시장),570529,211592,603967,210929,20230703
202306,4호선,서울역,311479,41224,561617,54716,20230703
202306,4호선,숙대입구(갈월),373258,56802,358847,52746,20230703
202306,4호선,신용산,494643,56627,536280,56804,20230703
202306,4호선,이촌(국립중앙박물관),237312,55323,262224,57217,20230703
202306,4호선,동작(현충원),34710,20686,38373,19582,20230703
202306,4호선,총신대입구(이수),402084,155291,441320,161360,20230703
202306,4호선,사당,684861,107324,591081,108417,20230703
202306,4호선,남태령,31081,9098,24466,8528,20230703
202306,5호선,고덕,212032,77402,209349,76373,20230703
202306,5호선,방화,144764,55675,136470,54224,20230703
202306,5호선,개화산,124636,41524,118797,40986,20230703
202306,5호선,김포공항,211914,38636,192650,40825,20230703
202306,5호선,송정,135306,51545,127491,50135,20230703
202306,5호선,마곡,263681,45200,271189,43588,20230703
202306,5호선,발산,506810,103475,538605,100072,20230703
202306,5호선,우장산,327244,97938,313988,101429,20230703
202306,5호선,화곡,684487,156192,631077,149267,20230703
202306,5호선,까치산,667506,164043,627458,165001,20230703
202306,5호선,신정(은행정),324136,65622,261536,63120,20230703
202306,5호선,하남풍산,96636,32018,96262,31663,20230703
202306,5호선,미사,415571,84055,424807,83990,20230703
202306,5호선,강일,116479,41565,103571,39959,20230703
202306,5호선,마천,159702,59801,146392,61291,20230703
202306,5호선,거여,227308,67486,216557,65459,20230703
202306,5호선,개롱,137855,51413,143141,52698,20230703
202306,5호선,오금,83925,22490,84385,21238,20230703
202306,5호선,방이,163299,48751,168061,48766,20230703
202306,5호선,올림픽공원(한국체대),125088,39284,113281,35726,20230703
202306,5호선,둔촌동,188265,67708,187892,68393,20230703
202306,5호선,상일동,323750,94576,300431,92014,20230703
202306,5호선,명일,186614,74360,189205,76366,20230703
202306,5호선,굽은다리(강동구민회관앞),203223,77753,194558,72631,20230703
202306,5호선,길동,158457,77707,163356,79136,20230703
202306,5호선,강동,415231,107607,398071,105150,20230703
202306,5호선,천호(풍납토성),417786,142022,409534,145476,20230703
202306,5호선,광나루(장신대),325954,76360,299784,72698,20230703
202306,5호선,아차산(어린이대공원후문),341880,103272,328680,100506,20230703
202306,5호선,군자(능동),294770,42976,326115,45844,20230703
202306,5호선,장한평,441660,96982,430859,98364,20230703
202306,5호선,답십리,362994,85804,324806,83073,20230703
202306,5호선,마장,126237,41125,115990,39842,20230703
202306,5호선,왕십리(성동구청),104592,25289,124999,25419,20230703
202306,5호선,행당,184462,53424,161646,48198,20230703
202306,5호선,신금호,145075,39734,150319,44774,20230703
202306,5호선,청구,86557,25412,85053,20499,20230703
202306,5호선,동대문역사문화공원(DDP),75976,8496,88859,9627,20230703
202306,5호선,을지로4가,139753,44059,147383,43732,20230703
202306,5호선,종로3가,345353,96354,340408,99624,20230703
202306,5호선,광화문(세종문화회관),817120,86382,873227,86008,20230703
202306,5호선,서대문,476032,71101,487103,66421,20230703
202306,5호선,충정로(경기대입구),109881,14050,109830,14425,20230703
202306,5호선,애오개,154490,39804,151610,38537,20230703
202306,5호선,공덕,355709,49992,375503,46863,20230703
202306,5호선,마포,346611,64198,353351,63641,20230703
202306,5호선,여의나루,404455,34583,450844,33790,20230703
202306,5호선,여의도,720995,55935,776605,53309,20230703
202306,5호선,신길,120851,12173,122692,12670,20230703
202306,5호선,영등포시장,242815,78614,249715,80692,20230703
202306,5호선,영등포구청,100002,21727,99544,20765,20230703
202306,5호선,목동,396332,86520,423749,87390,20230703
202306,5호선,양평,175136,30582,168571,30260,20230703
202306,5호선,오목교(목동운동장앞),531339,89883,568717,89740,20230703
202306,5호선,하남검단산,140803,53212,132549,52588,20230703
202306,5호선,하남시청(덕풍?신장),156153,73713,147615,74085,20230703
202306,6호선,신내,8,1,0,0,20230703
202306,6호선,봉화산(서울의료원),202647,51803,188377,51376,20230703
202306,6호선,화랑대(서울여대입구),297180,50625,226584,45463,20230703
202306,6호선,태릉입구,130962,34675,151575,35941,20230703
202306,6호선,석계,274647,81692,287361,81652,20230703
202306,6호선,응암,389334,121824,382708,121223,20230703
202306,6호선,돌곶이,228568,64322,204798,63183,20230703
202306,6호선,상월곡(한국과학기술연구원),149074,42330,133303,40946,20230703
202306,6호선,월곡(동덕여대),275088,71439,266800,70368,20230703
202306,6호선,고려대(종암),220095,35431,210007,35138,20230703
202306,6호선,안암(고대병원앞),327598,39081,328953,38094,20230703
202306,6호선,보문,197396,31749,179213,30092,20230703
202306,6호선,창신,83865,19207,69510,18280,20230703
202306,6호선,동묘앞,178819,69272,185568,65006,20230703
202306,6호선,신당,212599,39904,219178,38718,20230703
202306,6호선,청구,90892,20172,86426,22918,20230703
202306,6호선,약수,86215,23105,84462,22972,20230703
202306,6호선,버티고개,48780,14400,46528,17094,20230703
202306,6호선,한강진,277187,18214,335518,18224,20230703
202306,6호선,이태원,327646,33078,354258,33690,20230703
202306,6호선,녹사평(용산구청),138298,18298,139404,17920,20230703
202306,6호선,삼각지,204996,22000,174295,17588,20230703
202306,6호선,효창공원앞,178919,40328,161869,37526,20230703
202306,6호선,공덕,456404,78962,444408,74086,20230703
202306,6호선,대흥(서강대앞),220936,49366,229294,48957,20230703
202306,6호선,광흥창(서강),213719,53499,203289,52429,20230703
202306,6호선,상수,276848,21869,322030,22283,20230703
202306,6호선,합정,366421,42378,364033,39197,20230703
202306,6호선,망원,352944,82364,381074,86165,20230703
202306,6호선,마포구청,337193,82984,296303,74168,20230703
202306,6호선,월드컵경기장(성산),107384,63334,123558,62973,20230703
202306,6호선,디지털미디어시티,350840,61680,384204,62168,20230703
202306,6호선,증산(명지대앞),217696,74407,213577,75292,20230703
202306,6호선,새절(신사),281520,90795,253376,89925,20230703
202306,6호선,역촌,76780,34639,97137,33416,20230703
202306,6호선,구산,176542,54673,114469,56193,20230703
202306,6호선,연신내,16,0,0,0,20230703
202306,6호선,독바위,58651,21144,58098,25800,20230703
202306,6호선,불광,94099,43212,96997,35619,20230703
202306,7호선,마들,289365,91958,264622,89662,20230703
202306,7호선,신중동,1,0,0,0,20230703
202306,7호선,춘의,1,0,0,0,20230703
202306,7호선,까치울,2,0,0,0,20230703
202306,7호선,온수(성공회대입구),247098,42300,228064,40172,20230703
202306,7호선,천왕,270032,60974,254534,60638,20230703
202306,7호선,광명사거리,449592,153328,434653,159760,20230703
202306,7호선,철산,507779,105185,516532,103719,20230703
202306,7호선,가산디지털단지,1059708,95001,1062311,89316,20230703
202306,7호선,남구로,359521,62559,377644,63125,20230703
202306,7호선,대림(구로구청),226205,42629,228556,41909,20230703
202306,7호선,신풍,254893,74904,234792,73923,20230703
202306,7호선,보라매,169644,32599,173905,33867,20230703
202306,7호선,신대방삼거리,342363,93293,316875,95603,20230703
202306,7호선,장승배기,194938,69863,187358,70967,20230703
202306,7호선,상도,283513,64819,276543,62107,20230703
202306,7호선,숭실대입구(살피재),335730,66792,334917,68948,20230703
202306,7호선,남성,258797,75546,234837,74755,20230703
202306,7호선,이수,382025,80156,371047,76505,20230703
202306,7호선,내방,332816,75727,340002,73222,20230703
202306,7호선,고속터미널,437973,77968,353423,69635,20230703
202306,7호선,반포,144939,37984,141073,36394,20230703
202306,7호선,논현,454422,43839,468550,42425,20230703
202306,7호선,학동,577934,62939,616035,60592,20230703
202306,7호선,강남구청,406951,53029,456680,54774,20230703
202306,7호선,청담,461550,78444,515543,75497,20230703
202306,7호선,뚝섬유원지,253350,49610,239931,49425,20230703
202306,7호선,건대입구,343006,61448,365063,55968,20230703
202306,7호선,어린이대공원(세종대),421724,45863,427448,45558,20230703
202306,7호선,군자(능동),360278,83953,274973,71825,20230703
202306,7호선,중곡,249637,64923,227293,65399,20230703
202306,7호선,용마산(용마폭포공원),136000,37628,130258,40934,20230703
202306,7호선,사가정,367821,106644,363810,107135,20230703
202306,7호선,면목,350700,98850,329019,101383,20230703
202306,7호선,상봉(시외버스터미널),421025,76877,403556,73885,20230703
202306,7호선,중화,245053,66304,236217,66098,20230703
202306,7호선,먹골,227516,71384,220927,73033,20230703
202306,7호선,태릉입구,222900,48821,211576,44834,20230703
202306,7호선,공릉(서울과학기술대),274037,74588,267030,74971,20230703
202306,7호선,하계,411672,114313,380719,110985,20230703
202306,7호선,중계,330694,99227,295721,95069,20230703
202306,7호선,노원,456939,132088,489194,130323,20230703
202306,7호선,수락산,271657,105935,265684,107247,20230703
202306,7호선,도봉산,214815,58237,243722,78871,20230703
202306,7호선,장암,64564,12681,26032,9690,20230703
202306,8호선,잠실(송파구청),374360,76478,453682,74719,20230703
202306,8호선,석촌,171841,51906,207967,56090,20230703
202306,8호선,송파,200573,65414,193043,64616,20230703
202306,8호선,가락시장,157143,62858,178793,64643,20230703
202306,8호선,문정,509386,60605,533746,60616,20230703
202306,8호선,장지,413166,86096,382092,81132,20230703
202306,8호선,복정,228841,40675,192048,36315,20230703
202306,8호선,산성,123714,33577,121101,36333,20230703
202306,8호선,남한산성입구(성남법원.검찰청),324809,80764,291223,76843,20230703
202306,8호선,단대오거리,281260,76995,268041,75031,20230703
202306,8호선,신흥,108011,42711,113974,45122,20230703
202306,8호선,수진,113207,46347,101287,44958,20230703
202306,8호선,모란,88936,56973,73250,44199,20230703
202306,8호선,남위례,166856,32503,172407,32337,20230703
202306,8호선,암사,432294,109818,369245,107725,20230703
202306,8호선,천호(풍납토성),340163,88037,409108,84772,20230703
202306,8호선,강동구청,230142,67611,236606,68176,20230703
202306,8호선,몽촌토성(평화의문),155957,35274,161287,34485,20230703
202306,9호선,노들,111345,34911,89203,31810,20230703
202306,9호선,흑석(중앙대입구),217840,59586,220119,59933,20230703
202306,9호선,동작(현충원),54815,26751,48040,26767,20230703
202306,9호선,구반포,21146,9507,21987,9788,20230703
202306,9호선,신반포,92554,26057,95829,26410,20230703
202306,9호선,고속터미널,398959,68817,552994,81440,20230703
202306,9호선,개화,65824,14570,42547,11936,20230703
202306,9호선,김포공항,217448,20764,320755,26109,20230703
202306,9호선,공항시장,62776,24176,65678,26016,20230703
202306,9호선,신방화,150017,49095,143718,49539,20230703
202306,9호선,마곡나루(서울식물원),334125,35933,329632,35173,20230703
202306,9호선,양천향교,232213,48432,236150,48243,20230703
202306,9호선,가양,498176,138590,481203,134709,20230703
202306,9호선,증미,174897,36733,164307,37128,20230703
202306,9호선,등촌,249175,84819,231404,85094,20230703
202306,9호선,염창,436263,76954,418698,75624,20230703
202306,9호선,신목동,100588,24664,85257,23119,20230703
202306,9호선,선유도,212729,30665,199777,30038,20230703
202306,9호선,당산,494893,71600,493502,66817,20230703
202306,9호선,국회의사당,389882,59097,409570,53608,20230703
202306,9호선,여의도,742365,52255,721429,48282,20230703
202306,9호선,샛강,149316,30642,148867,30256,20230703
202306,9호선,노량진,660144,88829,639808,88844,20230703
202306,9호선,사평,90801,24676,86101,24712,20230703
202306,9호선,신논현,850831,55017,833056,53101,20230703
202306,9호선2~3단계,중앙보훈병원,245096,83752,211353,81797,20230703
202306,9호선2~3단계,언주,278475,31525,283005,31055,20230703
202306,9호선2~3단계,선정릉,251981,28324,275866,29503,20230703
202306,9호선2~3단계,삼성중앙,181724,28173,189707,27396,20230703
202306,9호선2~3단계,봉은사,570742,58132,604108,55732,20230703
202306,9호선2~3단계,종합운동장,127981,24346,128717,22721,20230703
202306,9호선2~3단계,삼전,171249,38394,158750,37456,20230703
202306,9호선2~3단계,석촌고분,155655,40402,149582,40860,20230703
202306,9호선2~3단계,석촌,229635,40249,203746,34912,20230703
202306,9호선2~3단계,송파나루,123908,29609,136135,30645,20230703
202306,9호선2~3단계,한성백제,68616,18491,61196,16887,20230703
202306,9호선2~3단계,올림픽공원(한국체대),253949,32308,258064,32247,20230703
202306,9호선2~3단계,둔촌오륜,26409,6705,24786,7367,20230703
202306,경강선,부발,56909,10307,54795,10270,20230703
202306,경강선,판교,141444,19235,143327,16706,20230703
202306,경강선,이매,28594,7843,23813,7704,20230703
202306,경강선,삼동,58482,13870,52488,14076,20230703
202306,경강선,경기광주,201618,35961,186773,35408,20230703
202306,경강선,초월,84561,16523,78266,16080,20230703
202306,경강선,곤지암,56488,15923,55518,16069,20230703
202306,경강선,신둔도예촌,39291,9380,36609,9045,20230703
202306,경강선,이천,70975,15640,75347,16827,20230703
202306,경강선,여주,65178,19432,65600,19735,20230703
202306,경강선,세종대왕릉,7232,4029,7295,4120,20230703
202306,경부선,서정리,230096,37133,209033,35760,20230703
202306,경부선,서울역,258515,16266,80341,3451,20230703
202306,경부선,광명,105200,11365,88280,10813,20230703
202306,경부선,서동탄,34241,7863,30637,7550,20230703
202306,경부선,당정,152260,32900,144166,31366,20230703
202306,경부선,천안,162669,57244,155025,57236,20230703
202306,경부선,두정,202174,26556,210964,27347,20230703
202306,경부선,직산,23046,5554,22375,5179,20230703
202306,경부선,성환,131438,21387,127196,21312,20230703
202306,경부선,평택,353271,71453,356852,70471,20230703
202306,경부선,평택지제,119041,13742,115219,13457,20230703
202306,경부선,남영,251698,38651,262503,39209,20230703
202306,경부선,용산,1119282,137418,1118204,134274,20230703
202306,경부선,노량진,212423,43959,210278,40999,20230703
202306,경부선,대방,248550,60091,275413,62271,20230703
202306,경부선,영등포,987860,286880,1021890,287948,20230703
202306,경부선,신도림,90729,26745,93242,31544,20230703
202306,경부선,신길,212733,48263,176296,44762,20230703
202306,경부선,구로,420154,103314,435782,99654,20230703
202306,경부선,가산디지털단지,426255,38300,507116,42840,20230703
202306,경부선,금천구청,252046,84893,251614,85123,20230703
202306,경부선,석수,220356,51922,197815,48941,20230703
202306,경부선,관악,172759,58209,159997,56297,20230703
202306,경부선,안양,595996,127846,591554,131692,20230703
202306,경부선,명학,213586,43631,207496,42832,20230703
202306,경부선,금정,686031,130236,694693,131109,20230703
202306,경부선,군포,168887,38660,162553,37867,20230703
202306,경부선,의왕,218626,46442,215196,46498,20230703
202306,경부선,성균관대,379530,57260,374596,57941,20230703
202306,경부선,화서,201778,49380,193379,47967,20230703
202306,경부선,수원,993865,156732,1054761,159635,20230703
202306,경부선,독산,427498,69397,435774,71540,20230703
202306,경부선,세류,82493,17556,75185,16888,20230703
202306,경부선,병점,393009,73378,394237,73414,20230703
202306,경부선,세마,74407,16500,70841,15496,20230703
202306,경부선,오산대,100020,20634,91693,19521,20230703
202306,경부선,오산,266839,50587,266754,51820,20230703
202306,경부선,진위,42296,10230,36847,9814,20230703
202306,경부선,송탄,123520,22108,120253,21484,20230703
202306,경원선,양주,172262,58173,160806,56155,20230703
202306,경원선,녹양,95893,40380,91098,37969,20230703
202306,경원선,가능,138322,59829,130666,59686,20230703
202306,경원선,의정부,445565,121022,465884,123524,20230703
202306,경원선,회룡,229286,154559,225600,152793,20230703
202306,경원선,망월사,175941,73527,176990,75391,20230703
202306,경원선,도봉산,132984,120677,74978,97260,20230703
202306,경원선,도봉,102194,73509,95878,72740,20230703
202306,경원선,이촌(국립중앙박물관),93654,30948,68331,26918,20230703
202306,경원선,신이문,177918,69969,159194,68126,20230703
202306,경원선,석계,169785,63413,191711,68164,20230703
202306,경원선,광운대,188008,55527,179152,54450,20230703
202306,경원선,월계,149594,64405,135944,62157,20230703
202306,경원선,녹천,95633,38529,77252,35108,20230703
202306,경원선,창동,11,2,0,0,20230703
202306,경원선,서빙고,54491,19502,50663,18486,20230703
202306,경원선,한남,92230,30740,88890,28903,20230703
202306,경원선,옥수,1691,177,1186,96,20230703
202306,경원선,응봉,40392,18109,33253,15987,20230703
202306,경원선,왕십리(성동구청),416877,72961,425848,75611,20230703
202306,경원선,청량리(서울시립대입구),370632,152810,379284,159019,20230703
202306,경원선,방학,183831,111296,178048,109308,20230703
202306,경원선,외대앞,235145,46368,226296,47137,20230703
202306,경원선,덕계,104446,30012,92717,28742,20230703
202306,경원선,덕정,139073,36931,130442,36989,20230703
202306,경원선,지행,154010,47786,154279,47583,20230703
202306,경원선,동두천중앙,57191,36493,54774,36147,20230703
202306,경원선,보산,34967,14101,31999,13380,20230703
202306,경원선,동두천,47546,24264,49604,28897,20230703
202306,경원선,소요산,31911,57565,26053,52221,20230703
202306,경의선,강매,77481,19608,65183,18398,20230703
202306,경의선,계양,5,1,0,0,20230703
202306,경의선,디지털미디어시티,71707,13370,62367,13519,20230703
202306,경의선,홍대입구,56617,5886,69590,6894,20230703
202306,경의선,공덕,100647,15641,82139,15081,20230703
202306,경의선,서울역,107307,17288,135889,21129,20230703
202306,경의선,운천,49,103,21,91,20230703
202306,경의선,임진강,569,580,449,500,20230703
202306,경의선,문산,117271,44155,115191,44444,20230703
202306,경의선,파주,32969,8193,23753,7077,20230703
202306,경의선,월롱,59293,9027,52994,9704,20230703
202306,경의선,금촌,151658,47641,146835,48311,20230703
202306,경의선,금릉,126767,31199,121806,30540,20230703
202306,경의선,운정,166968,41865,151953,40947,20230703
202306,경의선,야당,208002,41132,212136,39612,20230703
202306,경의선,탄현,189349,41778,176037,40816,20230703
202306,경의선,일산,224489,64578,214840,64929,20230703
202306,경의선,풍산,129534,38827,121566,37979,20230703
202306,경의선,백마,165741,35267,155062,35070,20230703
202306,경의선,곡산,12831,5850,13509,5875,20230703
202306,경의선,능곡,89495,31911,78941,31108,20230703
202306,경의선,행신,203542,37141,202090,37844,20230703
202306,경의선,화전,65762,10584,60772,10376,20230703
202306,경의선,수색,61099,15744,66042,15660,20230703
202306,경의선,가좌,127855,45187,118684,45235,20230703
202306,경의선,서강대,57759,12173,56501,11391,20230703
202306,경의선,효창공원앞,76103,16235,84478,17686,20230703
202306,경의선,신촌,22117,3781,29409,4565,20230703
202306,경인선,온수(성공회대입구),144539,52620,134663,50835,20230703
202306,경인선,도원,70400,30215,70648,31965,20230703
202306,경인선,간석,128035,46952,119923,45179,20230703
202306,경인선,부개,193788,70936,175793,69519,20230703
202306,경인선,소사,179651,66980,176012,66905,20230703
202306,경인선,구일,208736,47608,223051,46537,20230703
202306,경인선,인천,88016,43871,66019,39564,20230703
202306,경인선,동인천,309720,126577,291989,123296,20230703
202306,경인선,제물포,246887,66852,231340,66457,20230703
202306,경인선,주안,469579,96780,422269,85983,20230703
202306,경인선,동암,367517,108501,365007,109572,20230703
202306,경인선,백운,144266,60755,139004,61098,20230703
202306,경인선,부평,726491,150024,781621,152129,20230703
202306,경인선,송내,654421,132183,646953,131277,20230703
202306,경인선,부천,743422,221222,742335,223540,20230703
202306,경인선,역곡,658353,158094,644259,162718,20230703
202306,경인선,오류동,255285,93619,229195,91711,20230703
202306,경인선,개봉,482003,167384,454941,173071,20230703
202306,경인선,중동,198356,73843,180391,72699,20230703
202306,경인선,도화,83116,41301,73409,39564,20230703
202306,경춘선,사릉,51805,17074,49862,17282,20230703
202306,경춘선,백양리,1841,1328,1681,1451,20230703
202306,경춘선,굴봉산,2275,2962,2003,2867,20230703
202306,경춘선,가평,54890,20889,56039,20598,20230703
202306,경춘선,상천,5488,6178,4910,5972,20230703
202306,경춘선,청평,40868,21113,40531,21254,20230703
202306,경춘선,대성리,24218,8029,25723,7460,20230703
202306,경춘선,마석,85571,36232,83895,36264,20230703
202306,경춘선,천마산,31177,18977,28216,18977,20230703
202306,경춘선,평내호평,138165,48373,136659,46396,20230703
202306,경춘선,금곡,29882,17169,28494,16978,20230703
202306,경춘선,퇴계원,77496,29832,69905,28497,20230703
202306,경춘선,별내,72211,23776,68601,22520,20230703
202306,경춘선,갈매,68395,22842,57540,21302,20230703
202306,경춘선,신내,48018,19531,44123,18854,20230703
202306,경춘선,춘천,39565,19996,34466,15859,20230703
202306,경춘선,남춘천,64880,27847,64202,29878,20230703
202306,경춘선,김유정,8849,4641,10202,4999,20230703
202306,경춘선,강촌,13771,5748,12174,5869,20230703
202306,공항철도 1호선,영종,98691,23401,100469,23541,20230703
202306,공항철도 1호선,검암,173815,18117,174414,18528,20230703
202306,공항철도 1호선,계양,332691,37014,307869,34759,20230703
202306,공항철도 1호선,청라국제도시,187011,15167,177654,14979,20230703
202306,공항철도 1호선,운서,237292,32034,249055,32499,20230703
202306,공항철도 1호선,김포공항,324408,25859,172013,15917,20230703
202306,공항철도 1호선,마곡나루(서울식물원),272965,17475,263113,17871,20230703
202306,공항철도 1호선,디지털미디어시티,362838,28354,338399,26658,20230703
202306,공항철도 1호선,홍대입구,392468,19715,385660,18568,20230703
202306,공항철도 1호선,공덕,68994,8387,94513,10250,20230703
202306,공항철도 1호선,서울역,354741,35991,316227,32158,20230703
202306,공항철도 1호선,인천공항1터미널,378619,35415,365963,32003,20230703
202306,공항철도 1호선,공항화물청사,51972,9921,55765,9558,20230703
202306,공항철도 1호선,인천공항2터미널,131820,14131,115312,12688,20230703
202306,과천선,경마공원,106411,76237,109032,76196,20230703
202306,과천선,범계,659757,120392,662951,118546,20230703
202306,과천선,평촌,428010,69909,417359,70155,20230703
202306,과천선,인덕원,593998,123087,600439,125884,20230703
202306,과천선,정부과천청사,258823,57162,269003,57146,20230703
202306,과천선,과천,145602,47836,131953,45178,20230703
202306,과천선,대공원,124510,59297,133287,61116,20230703
202306,과천선,선바위,197968,39503,169823,37904,20230703
202306,분당선,강남구청,227793,39015,264028,42287,20230703
202306,분당선,선릉,306584,45041,478297,60185,20230703
202306,분당선,한티,380176,72856,401235,74391,20230703
202306,분당선,도곡,158563,54760,154593,51825,20230703
202306,분당선,구룡,57794,17758,54198,17422,20230703
202306,분당선,개포동,104022,35120,105839,35809,20230703
202306,분당선,대모산입구,127532,37509,116097,37305,20230703
202306,분당선,수서,356984,72607,368336,75599,20230703
202306,분당선,복정,26,2,0,0,20230703
202306,분당선,수원,215175,34361,188315,31297,20230703
202306,분당선,서울숲,348268,36624,359149,35492,20230703
202306,분당선,압구정로데오,538392,48335,611922,46165,20230703
202306,분당선,태평,301319,94838,280010,99419,20230703
202306,분당선,선정릉,179568,32963,189148,32116,20230703
202306,분당선,가천대,245897,28917,258268,29958,20230703
202306,분당선,매탄권선,133990,24144,128633,23077,20230703
202306,분당선,망포,397422,43068,376843,41661,20230703
202306,분당선,영통,231472,33745,233927,33463,20230703
202306,분당선,청명,108346,22214,103682,22138,20230703
202306,분당선,상갈,128543,33960,124191,33000,20230703
202306,분당선,기흥,257574,45430,238314,44385,20230703
202306,분당선,신갈,104661,31595,102322,31585,20230703
202306,분당선,구성,106070,39358,114629,39305,20230703
202306,분당선,죽전,330863,75206,365221,79378,20230703
202306,분당선,보정,57417,22093,49545,21177,20230703
202306,분당선,이매,135114,43140,125185,42232,20230703
202306,분당선,오리,253764,75441,208736,64803,20230703
202306,분당선,미금,324928,110190,344771,117693,20230703
202306,분당선,정자,448624,75573,467300,75051,20230703
202306,분당선,수내,321639,80671,320029,78953,20230703
202306,분당선,서현,584145,128973,600230,125109,20230703
202306,분당선,야탑,579951,163335,619641,164472,20230703
202306,분당선,모란,430007,176147,424457,190186,20230703
202306,분당선,매교,115218,25327,112923,25569,20230703
202306,분당선,수원시청,347703,50197,385094,51312,20230703
202306,수인선,인천,21614,13938,37527,18201,20230703
202306,수인선,신포,41943,14498,42685,14764,20230703
202306,수인선,숭의,88491,32422,81701,30533,20230703
202306,수인선,인하대,165175,30149,155498,29040,20230703
202306,수인선,송도,53618,24121,46757,23186,20230703
202306,수인선,연수,110389,34152,108407,33909,20230703
202306,수인선,원인재,98604,34088,103072,34335,20230703
202306,수인선,남동인더스파크,51662,6942,58003,7135,20230703
202306,수인선,호구포,95386,23105,98138,22998,20230703
202306,수인선,인천논현,124657,37739,134668,38014,20230703
202306,수인선,소래포구,106422,71206,99567,69722,20230703
202306,수인선,월곶,66257,17942,60644,17690,20230703
202306,수인선,달월,1996,1089,1510,655,20230703
202306,수인선,사리,130118,21073,110393,19435,20230703
202306,수인선,야목,10084,2873,7357,2453,20230703
202306,수인선,어천,28864,7111,27454,7720,20230703
202306,수인선,오목천,110595,16482,93258,16078,20230703
202306,수인선,고색,122289,19602,118121,18157,20230703
202306,신림선,샛강,61968,15049,75226,14370,20230703
202306,신림선,대방,64385,17078,45726,14018,20230703
202306,신림선,서울지방병무청,61420,23422,63996,25625,20230703
202306,신림선,보라매,85063,22864,78141,20068,20230703
202306,신림선,보라매공원,43682,16855,47401,17779,20230703
202306,신림선,보라매병원,141254,50339,149822,50181,20230703
202306,신림선,당곡,93507,36858,89035,35966,20230703
202306,신림선,신림,33809,16132,51849,19725,20230703
202306,신림선,서원,75516,23924,60509,23630,20230703
202306,신림선,서울대벤처타운,204344,63491,183338,63133,20230703
202306,신림선,관악산(서울대),62350,41685,64350,42081,20230703
202306,안산선,초지,135493,19970,135924,19884,20230703
202306,안산선,고잔,228638,39418,219089,38296,20230703
202306,안산선,중앙,488581,68656,518096,67248,20230703
202306,안산선,한대앞,245204,46421,243193,47583,20230703
202306,안산선,상록수,391771,74644,392813,75947,20230703
202306,안산선,반월,97970,33247,93956,32812,20230703
202306,안산선,대야미,116596,34457,102404,32533,20230703
202306,안산선,산본,369538,112077,403093,113510,20230703
202306,안산선,수리산,88866,34177,70523,33041,20230703
202306,안산선,오이도,213345,39453,210453,39301,20230703
202306,안산선,정왕,253825,30797,259084,32378,20230703
202306,안산선,신길온천,47482,10902,42971,10632,20230703
202306,안산선,안산,332973,40366,310140,38069,20230703
202306,우이신설선,신설동,35652,30054,36639,26898,20230703
202306,우이신설선,삼양사거리,38377,37792,37229,37574,20230703
202306,우이신설선,삼양,31261,27893,31301,30733,20230703
202306,우이신설선,화계,58993,44754,52227,45633,20230703
202306,우이신설선,가오리,74574,52659,70413,53387,20230703
202306,우이신설선,4.19민주묘지,64029,41016,62531,36023,20230703
202306,우이신설선,솔밭공원,47325,31216,40810,32493,20230703
202306,우이신설선,북한산우이,62044,36960,55197,38551,20230703
202306,우이신설선,북한산보국문,143795,45248,130783,44885,20230703
202306,우이신설선,정릉,93383,48434,82434,45394,20230703
202306,우이신설선,성신여대입구(돈암),70742,30119,85311,29355,20230703
202306,우이신설선,보문,30793,15990,31216,15643,20230703
202306,우이신설선,솔샘,129742,41451,117262,43500,20230703
202306,일산선,원흥,271457,65804,256271,63238,20230703
202306,일산선,마두,146196,69287,148834,70630,20230703
202306,일산선,백석,208488,74211,209507,73109,20230703
202306,일산선,대곡,48834,12912,36950,11879,20230703
202306,일산선,화정,377035,121338,383803,123814,20230703
202306,일산선,원당,241493,84198,224532,83441,20230703
202306,일산선,삼송,469235,100169,446814,101429,20230703
202306,일산선,지축,13,0,0,0,20230703
202306,일산선,대화,297641,85164,225056,77967,20230703
202306,일산선,주엽,181032,92766,178314,95943,20230703
202306,일산선,정발산,160703,56394,170181,53974,20230703
202306,장항선,봉명,26884,10999,26918,10783,20230703
202306,장항선,탕정,36397,5955,32192,5521,20230703
202306,장항선,배방,29777,7655,29642,7479,20230703
202306,장항선,온양온천,86792,51987,88310,52644,20230703
202306,장항선,신창(순천향대),48126,7944,45340,7473,20230703
202306,장항선,쌍용(나사렛대),63466,15871,59200,15013,20230703
202306,장항선,아산,111451,15140,98110,14238,20230703
202306,중앙선,용문,33026,39032,32914,39002,20230703
202306,중앙선,아신,11761,6950,11966,6734,20230703
202306,중앙선,국수,13853,10134,13464,10280,20230703
202306,중앙선,신원,3599,3726,3065,3162,20230703
202306,중앙선,양수,40098,26492,39446,26169,20230703
202306,중앙선,운길산,16694,13618,16092,14113,20230703
202306,중앙선,팔당,20860,10268,21706,10185,20230703
202306,중앙선,도심,51787,20088,38854,18691,20230703
202306,중앙선,덕소,116475,47084,115291,46837,20230703
202306,중앙선,양정,12031,8258,10070,7302,20230703
202306,중앙선,도농,262873,71436,236967,69223,20230703
202306,중앙선,구리,307504,87317,313419,87477,20230703
202306,중앙선,양원,69721,23098,66956,23040,20230703
202306,중앙선,망우,161741,75344,153657,76457,20230703
202306,중앙선,상봉(시외버스터미널),134021,43300,133181,42036,20230703
202306,중앙선,지평,909,1228,1215,1238,20230703
202306,중앙선,중랑,116998,52371,109723,51012,20230703
202306,중앙선,회기,674405,128459,638701,125796,20230703
202306,중앙선,오빈,5536,4809,5400,4811,20230703
202306,중앙선,양평,65004,35460,66025,36569,20230703
202306,중앙선,원덕,5758,6638,5537,6476,20230703
202305,1호선,동묘앞,146784,161080,154602,163899,20230603
202305,1호선,서울역,1383395,221340,1317062,211295,20230603
202305,1호선,시청,672017,93371,683164,92606,20230603
202305,1호선,종각,961459,154073,938722,143949,20230603
202305,1호선,종로3가,513730,318832,454635,294026,20230603
202305,1호선,종로5가,492324,275274,489056,264438,20230603
202305,1호선,동대문,237662,131381,228809,131438,20230603
202305,1호선,신설동,294047,120978,283536,116895,20230603
202305,1호선,제기동,237588,281634,227570,302727,20230603
202305,1호선,청량리(서울시립대입구),354304,268576,350667,269941,20230603
202305,2호선,신촌,1080312,125929,1058211,117209,20230603
202305,2호선,시청,671046,60018,633834,54991,20230603
202305,2호선,을지로입구,1240802,103975,1268374,96307,20230603
202305,2호선,을지로3가,621118,77106,607268,75004,20230603
202305,2호선,을지로4가,317071,81932,328403,80824,20230603
202305,2호선,동대문역사문화공원(DDP),381719,61801,441176,67181,20230603
202305,2호선,신당,343211,98679,362899,100893,20230603
202305,2호선,상왕십리,355270,69426,337678,69879,20230603
202305,2호선,왕십리(성동구청),434259,54368,377655,48414,20230603
202305,2호선,한양대,376138,15364,426614,16240,20230603
202305,2호선,뚝섬,624420,62969,656231,63123,20230603
202305,2호선,성수,1033035,104553,1157050,106603,20230603
202305,2호선,건대입구,1066115,97476,1124784,101408,20230603
202305,2호선,구의(광진구청),595610,107943,575231,109168,20230603
202305,2호선,강변(동서울터미널),851805,128510,808389,123763,20230603
202305,2호선,잠실나루,343051,91899,329945,91936,20230603
202305,2호선,잠실(송파구청),2100551,218443,2071419,206352,20230603
202305,2호선,잠실새내,570990,117157,571206,115499,20230603
202305,2호선,종합운동장,375767,61106,423597,64926,20230603
202305,2호선,삼성(무역센터),1444890,121333,1463501,113387,20230603
202305,2호선,선릉,1300842,224684,1150081,197318,20230603
202305,2호선,역삼,1204572,147709,1392729,151255,20230603
202305,2호선,강남,2117612,158849,2063949,139697,20230603
202305,2호선,교대(법원.검찰청),729435,151054,878560,179796,20230603
202305,2호선,서초,537205,87787,508254,87348,20230603
202305,2호선,방배,457407,80577,477256,79690,20230603
202305,2호선,사당,961741,213403,1092785,205084,20230603
202305,2호선,낙성대(강감찬),717807,111464,690354,112570,20230603
202305,2호선,서울대입구(관악구청),1227696,183189,1192751,174741,20230603
202305,2호선,봉천,555986,152660,506606,152592,20230603
202305,2호선,신림,1486621,207915,1430333,205626,20230603
202305,2호선,신대방,637972,135960,607814,137376,20230603
202305,2호선,구로디지털단지,1465443,189668,1441688,189349,20230603
202305,2호선,대림(구로구청),601076,133884,611787,137744,20230603
202305,2호선,신도림,1254775,221507,1243615,207891,20230603
202305,2호선,문래,526008,88429,548868,87413,20230603
202305,2호선,영등포구청,510362,102450,529357,101964,20230603
202305,2호선,당산,492385,61450,571653,67686,20230603
202305,2호선,합정,908785,72532,1001108,73403,20230603
202305,2호선,홍대입구,1993284,101797,2145437,98680,20230603
202305,2호선,이대,486035,50554,529891,53682,20230603
202305,2호선,아현,263745,67189,244434,65829,20230603
202305,2호선,충정로(경기대입구),238875,49045,254063,49070,20230603
202305,2호선,용답,72398,18155,73495,17929,20230603
202305,2호선,신답,38662,10323,42588,10939,20230603
202305,2호선,신설동,83106,32146,77870,33481,20230603
202305,2호선,도림천,27364,8500,28286,9452,20230603
202305,2호선,양천구청,155211,53465,162240,54283,20230603
202305,2호선,신정네거리,230960,76202,238543,78054,20230603
202305,2호선,용두(동대문구청),47140,24320,45202,25103,20230603
202305,3호선,동대입구,306865,43215,349505,47897,20230603
202305,3호선,지축,158635,35103,156695,33762,20230603
202305,3호선,구파발,516140,131742,506723,127185,20230603
202305,3호선,연신내,789420,269133,744785,260293,20230603
202305,3호선,불광,355320,146088,381723,162131,20230603
202305,3호선,녹번,389990,83066,344517,82148,20230603
202305,3호선,홍제,405884,151305,380680,148747,20230603
202305,3호선,무악재,97477,33253,94765,35664,20230603
202305,3호선,독립문,158898,75724,167886,77110,20230603
202305,3호선,경복궁(정부서울청사),706851,105604,715344,106019,20230603
202305,3호선,안국,689428,110348,718617,114844,20230603
202305,3호선,종로3가,242575,64620,297204,73049,20230603
202305,3호선,을지로3가,279924,50345,285903,48237,20230603
202305,3호선,충무로,50,3,0,0,20230603
202305,3호선,약수,307100,86861,297734,81379,20230603
202305,3호선,옥수,209570,63146,213696,63050,20230603
202305,3호선,압구정,781814,144534,854246,142422,20230603
202305,3호선,신사,743884,70795,782526,68732,20230603
202305,3호선,잠원,119249,31619,111858,30167,20230603
202305,3호선,고속터미널,1354650,219051,1279714,208463,20230603
202305,3호선,교대(법원.검찰청),388976,82728,231425,46227,20230603
202305,3호선,남부터미널(예술의전당),746961,128767,760243,129961,20230603
202305,3호선,양재(서초구청),887129,156561,989603,157217,20230603
202305,3호선,매봉,276710,67904,269945,64035,20230603
202305,3호선,도곡,129339,26126,132522,25026,20230603
202305,3호선,대치,287300,71156,281852,68791,20230603
202305,3호선,학여울,53200,16152,54311,16300,20230603
202305,3호선,대청,238073,62776,222839,60710,20230603
202305,3호선,일원,239581,71582,228199,71212,20230603
202305,3호선,수서,431359,120246,441278,118284,20230603
202305,3호선,금호,184230,56278,165617,55093,20230603
202305,3호선,가락시장,181628,80186,178066,78255,20230603
202305,3호선,경찰병원,165081,44420,163476,45760,20230603
202305,3호선,오금,155687,32775,140548,31847,20230603
202305,4호선,당고개,207624,81020,177237,79979,20230603
202305,4호선,상계,452735,132795,412206,129088,20230603
202305,4호선,노원,487196,98458,564063,95911,20230603
202305,4호선,창동,548476,218888,581526,224071,20230603
202305,4호선,쌍문,693436,179690,628025,176714,20230603
202305,4호선,수유(강북구청),836789,207178,835546,207820,20230603
202305,4호선,남태령,31861,9447,25028,8833,20230603
202305,4호선,미아(서울사이버대학),347816,119911,329716,121961,20230603
202305,4호선,미아사거리,619104,193514,604048,192867,20230603
202305,4호선,길음,542458,127561,542637,128589,20230603
202305,4호선,성신여대입구(돈암),581791,93883,556901,90398,20230603
202305,4호선,한성대입구(삼선교),378591,81660,365441,80084,20230603
202305,4호선,혜화,1004129,141136,1016757,138908,20230603
202305,4호선,동대문,451987,172062,469525,165668,20230603
202305,4호선,동대문역사문화공원(DDP),495131,65869,429560,58993,20230603
202305,4호선,충무로,763111,120904,788008,123438,20230603
202305,4호선,명동,875037,78093,935289,80687,20230603
202305,4호선,사당,701156,104675,610333,105710,20230603
202305,4호선,회현(남대문시장),594935,224133,626756,222992,20230603
202305,4호선,서울역,310574,41375,572223,56214,20230603
202305,4호선,숙대입구(갈월),404723,58162,383573,53765,20230603
202305,4호선,삼각지,147404,26098,173854,27465,20230603
202305,4호선,신용산,479983,57655,511793,58555,20230603
202305,4호선,이촌(국립중앙박물관),219632,54180,243183,56416,20230603
202305,4호선,동작(현충원),36800,16436,42954,17186,20230603
202305,4호선,총신대입구(이수),411777,158974,452020,165562,20230603
202305,5호선,오금,84235,22642,84672,21504,20230603
202305,5호선,하남검단산,147314,53361,138453,52627,20230603
202305,5호선,하남시청(덕풍?신장),162530,75287,153152,75404,20230603
202305,5호선,하남풍산,98656,31574,98467,31290,20230603
202305,5호선,미사,425859,84602,435939,84654,20230603
202305,5호선,강일,121318,42384,108065,40708,20230603
202305,5호선,마천,163421,60823,150886,62558,20230603
202305,5호선,거여,233519,68388,221771,66571,20230603
202305,5호선,개롱,140399,51679,146586,52619,20230603
202305,5호선,방이,163963,49695,168603,49269,20230603
202305,5호선,올림픽공원(한국체대),121926,41261,108617,37707,20230603
202305,5호선,둔촌동,193106,68357,192200,68861,20230603
202305,5호선,상일동,330384,96341,308062,92976,20230603
202305,5호선,고덕,217775,77512,215513,76748,20230603
202305,5호선,명일,191413,75270,194482,77610,20230603
202305,5호선,굽은다리(강동구민회관앞),205959,77929,198025,72947,20230603
202305,5호선,길동,162105,79076,167766,80582,20230603
202305,5호선,강동,421974,110667,406578,108263,20230603
202305,5호선,천호(풍납토성),430877,144325,420397,147910,20230603
202305,5호선,광나루(장신대),349222,77703,323440,74424,20230603
202305,5호선,아차산(어린이대공원후문),358345,106457,342369,104456,20230603
202305,5호선,군자(능동),303588,44509,336680,46582,20230603
202305,5호선,장한평,447266,98707,438670,100095,20230603
202305,5호선,답십리,370025,87177,331723,84355,20230603
202305,5호선,마장,131977,42514,122899,40892,20230603
202305,5호선,왕십리(성동구청),106784,25481,127382,25428,20230603
202305,5호선,행당,186749,54733,163776,49348,20230603
202305,5호선,신금호,148391,40713,154005,46403,20230603
202305,5호선,청구,89622,26169,86681,21448,20230603
202305,5호선,동대문역사문화공원(DDP),74359,8581,86492,9861,20230603
202305,5호선,을지로4가,140700,44515,146866,43787,20230603
202305,5호선,종로3가,358364,100473,349015,105095,20230603
202305,5호선,광화문(세종문화회관),851390,87136,898468,86701,20230603
202305,5호선,서대문,484835,72609,493275,68294,20230603
202305,5호선,충정로(경기대입구),114642,14521,114387,14759,20230603
202305,5호선,애오개,155367,40346,152807,38940,20230603
202305,5호선,공덕,358352,50500,380995,47169,20230603
202305,5호선,마포,344036,64344,351260,64389,20230603
202305,5호선,여의나루,444122,34199,490225,33176,20230603
202305,5호선,여의도,710411,55822,762903,53673,20230603
202305,5호선,신길,120001,12680,123985,13210,20230603
202305,5호선,영등포시장,241220,79008,248837,80970,20230603
202305,5호선,영등포구청,99254,21764,99003,21076,20230603
202305,5호선,양평,175905,30381,169160,30247,20230603
202305,5호선,오목교(목동운동장앞),544084,92129,584064,91280,20230603
202305,5호선,목동,404169,87903,432887,88750,20230603
202305,5호선,신정(은행정),332669,66971,268583,64715,20230603
202305,5호선,까치산,682922,168567,643860,169029,20230603
202305,5호선,화곡,700274,158668,648108,152256,20230603
202305,5호선,우장산,340325,102083,326915,105618,20230603
202305,5호선,발산,515516,105788,546417,102260,20230603
202305,5호선,마곡,263983,47165,270848,45883,20230603
202305,5호선,송정,138493,52441,130379,50785,20230603
202305,5호선,김포공항,207096,38572,192471,41711,20230603
202305,5호선,개화산,126533,42503,120189,42185,20230603
202305,5호선,방화,147299,56681,139200,55197,20230603
202305,6호선,삼각지,213052,21530,182272,17830,20230603
202305,6호선,안암(고대병원앞),400830,39270,413622,38894,20230603
202305,6호선,고려대(종암),249904,37469,238741,37070,20230603
202305,6호선,월곡(동덕여대),307654,74247,294003,72890,20230603
202305,6호선,상월곡(한국과학기술연구원),159818,42898,147335,41306,20230603
202305,6호선,돌곶이,236638,66934,212844,66089,20230603
202305,6호선,석계,292566,84349,309153,83344,20230603
202305,6호선,태릉입구,161688,51395,199053,58172,20230603
202305,6호선,화랑대(서울여대입구),326065,51926,245813,46281,20230603
202305,6호선,봉화산(서울의료원),208519,52862,194158,52250,20230603
202305,6호선,신내,18,2,0,0,20230603
202305,6호선,응암,399392,125498,394208,124084,20230603
202305,6호선,역촌,77684,34940,98396,33895,20230603
202305,6호선,불광,95222,43349,97808,35586,20230603
202305,6호선,독바위,60144,21266,60107,26048,20230603
202305,6호선,연신내,20,1,0,0,20230603
202305,6호선,구산,180102,55698,117106,57882,20230603
202305,6호선,새절(신사),292072,92855,266302,92788,20230603
202305,6호선,증산(명지대앞),225748,76250,223732,76402,20230603
202305,6호선,디지털미디어시티,358640,63167,389822,64492,20230603
202305,6호선,월드컵경기장(성산),134277,58686,145900,57727,20230603
202305,6호선,마포구청,344211,82666,303196,74743,20230603
202305,6호선,망원,364038,84815,390732,88782,20230603
202305,6호선,합정,377701,42915,373608,39716,20230603
202305,6호선,상수,300498,22500,346652,22931,20230603
202305,6호선,광흥창(서강),216313,50991,207325,50563,20230603
202305,6호선,대흥(서강대앞),233509,50396,243765,50019,20230603
202305,6호선,공덕,459345,79377,447915,74507,20230603
202305,6호선,효창공원앞,184133,40892,172398,37893,20230603
202305,6호선,녹사평(용산구청),142297,19312,143413,18878,20230603
202305,6호선,이태원,334868,34292,355217,34903,20230603
202305,6호선,한강진,286500,20004,343880,19936,20230603
202305,6호선,버티고개,50193,14803,47392,17298,20230603
202305,6호선,약수,88413,23663,87003,23225,20230603
202305,6호선,청구,92063,21037,89065,23754,20230603
202305,6호선,신당,218043,40577,223456,38833,20230603
202305,6호선,동묘앞,187451,71316,195997,66738,20230603
202305,6호선,창신,89534,19770,75785,18978,20230603
202305,6호선,보문,207734,33297,189803,31556,20230603
202305,7호선,남구로,365438,64710,383979,65042,20230603
202305,7호선,장암,64988,13343,26379,10071,20230603
202305,7호선,도봉산,228358,56870,258203,79304,20230603
202305,7호선,수락산,282040,107631,273109,108772,20230603
202305,7호선,마들,298970,93873,272392,92083,20230603
202305,7호선,가산디지털단지,1065480,99114,1066894,93108,20230603
202305,7호선,신대방삼거리,352372,94537,327894,96631,20230603
202305,7호선,장승배기,200463,72190,193308,72758,20230603
202305,7호선,상도,308607,66067,304963,63264,20230603
202305,7호선,숭실대입구(살피재),399336,68695,400376,71242,20230603
202305,7호선,남성,268572,77551,245852,76387,20230603
202305,7호선,이수,390525,78907,380321,76346,20230603
202305,7호선,내방,342676,78436,349606,76369,20230603
202305,7호선,고속터미널,472039,80513,367993,69920,20230603
202305,7호선,반포,149112,37958,145781,36574,20230603
202305,7호선,논현,455995,44431,470485,43270,20230603
202305,7호선,학동,576162,63683,617610,61450,20230603
202305,7호선,강남구청,408498,54632,458740,56092,20230603
202305,7호선,청담,471763,79233,524969,76835,20230603
202305,7호선,뚝섬유원지,316851,49829,306716,49847,20230603
202305,7호선,건대입구,365058,62050,395209,56554,20230603
202305,7호선,어린이대공원(세종대),506506,48591,525562,47992,20230603
202305,7호선,군자(능동),367099,84581,279384,72599,20230603
202305,7호선,중곡,254443,65753,232346,66418,20230603
202305,7호선,용마산(용마폭포공원),140240,38243,133299,41703,20230603
202305,7호선,사가정,384002,109683,380658,109201,20230603
202305,7호선,면목,373748,101373,351318,104051,20230603
202305,7호선,상봉(시외버스터미널),432768,78702,415268,75306,20230603
202305,7호선,중화,267570,76049,254473,73396,20230603
202305,7호선,먹골,247983,78343,238031,78800,20230603
202305,7호선,태릉입구,279770,72613,277928,69854,20230603
202305,7호선,공릉(서울과학기술대),299699,77155,294115,77458,20230603
202305,7호선,하계,436831,119852,405674,116080,20230603
202305,7호선,중계,346541,102599,310189,98464,20230603
202305,7호선,노원,477396,134659,515276,137076,20230603
202305,7호선,철산,526137,106857,532556,105525,20230603
202305,7호선,광명사거리,468569,157214,452515,162953,20230603
202305,7호선,천왕,275530,61834,259553,61421,20230603
202305,7호선,온수(성공회대입구),258302,43485,242427,41565,20230603
202305,7호선,신중동,3,0,0,0,20230603
202305,7호선,삼산체육관,1,0,0,0,20230603
202305,7호선,보라매,176595,35464,182069,37182,20230603
202305,7호선,신풍,263898,76858,244136,75585,20230603
202305,7호선,대림(구로구청),233799,43153,235409,42084,20230603
202305,8호선,단대오거리,295838,82514,279863,80023,20230603
202305,8호선,남위례,168791,33688,175194,33366,20230603
202305,8호선,모란,92368,63716,77120,49387,20230603
202305,8호선,수진,117323,48251,105098,47514,20230603
202305,8호선,신흥,112383,44354,118285,46181,20230603
202305,8호선,남한산성입구(성남법원.검찰청),349295,83989,312270,79209,20230603
202305,8호선,산성,126941,34292,124546,37274,20230603
202305,8호선,복정,237829,42211,199607,37670,20230603
202305,8호선,장지,424194,86817,397359,81904,20230603
202305,8호선,문정,502654,61769,528608,61611,20230603
202305,8호선,가락시장,157833,63332,179747,64857,20230603
202305,8호선,송파,204341,66046,197448,65123,20230603
202305,8호선,석촌,176097,53020,212242,56789,20230603
202305,8호선,잠실(송파구청),384788,76440,472101,74487,20230603
202305,8호선,몽촌토성(평화의문),170589,37460,175630,36830,20230603
202305,8호선,강동구청,233642,69201,240593,69766,20230603
202305,8호선,천호(풍납토성),348703,88844,419751,84806,20230603
202305,8호선,암사,439583,111690,376440,109670,20230603
202305,9호선,고속터미널,428354,70099,591686,82783,20230603
202305,9호선,구반포,22360,10046,24295,10075,20230603
202305,9호선,동작(현충원),49401,14838,40083,13360,20230603
202305,9호선,흑석(중앙대입구),248042,59725,249614,60559,20230603
202305,9호선,노들,111634,35638,90345,32607,20230603
202305,9호선,노량진,693042,89434,675147,89642,20230603
202305,9호선,샛강,146174,29884,146664,29408,20230603
202305,9호선,여의도,724037,51720,705386,47643,20230603
202305,9호선,국회의사당,377172,61499,400857,55756,20230603
202305,9호선,당산,495111,70979,497041,66658,20230603
202305,9호선,선유도,214693,31826,201527,31062,20230603
202305,9호선,신목동,103256,25018,87210,23521,20230603
202305,9호선,개화,69191,15193,43375,12580,20230603
202305,9호선,김포공항,215697,21380,313860,26574,20230603
202305,9호선,공항시장,62753,24994,65792,26948,20230603
202305,9호선,신방화,151948,49199,145793,49032,20230603
202305,9호선,마곡나루(서울식물원),336401,36990,330908,36063,20230603
202305,9호선,양천향교,235401,48304,239087,48015,20230603
202305,9호선,가양,498495,140119,481173,136597,20230603
202305,9호선,증미,173435,36610,162751,36973,20230603
202305,9호선,등촌,251356,87473,233430,87227,20230603
202305,9호선,염창,442888,77785,425419,76548,20230603
202305,9호선,신논현,850323,55248,833494,53903,20230603
202305,9호선,사평,90546,24548,85467,24405,20230603
202305,9호선,신반포,103144,26665,110510,27015,20230603
202305,9호선2~3단계,한성백제,71203,19522,63801,17811,20230603
202305,9호선2~3단계,송파나루,125460,29799,134890,31073,20230603
202305,9호선2~3단계,석촌,232911,40505,207105,35973,20230603
202305,9호선2~3단계,석촌고분,156506,40211,149396,40387,20230603
202305,9호선2~3단계,삼전,172022,39105,161582,38091,20230603
202305,9호선2~3단계,종합운동장,119213,24776,121626,22815,20230603
202305,9호선2~3단계,봉은사,544387,62506,572113,60069,20230603
202305,9호선2~3단계,삼성중앙,181656,28517,189184,27678,20230603
202305,9호선2~3단계,선정릉,250077,28271,275287,29531,20230603
202305,9호선2~3단계,언주,272097,30802,278227,30549,20230603
202305,9호선2~3단계,중앙보훈병원,246571,81779,211437,80066,20230603
202305,9호선2~3단계,둔촌오륜,25580,6905,24434,7431,20230603
202305,9호선2~3단계,올림픽공원(한국체대),245175,37712,252878,36717,20230603
202305,경강선,여주,70025,20913,70113,20827,20230603
202305,경강선,세종대왕릉,7574,4242,7624,4433,20230603
202305,경강선,부발,60106,10630,58374,10481,20230603
202305,경강선,이천,72973,16136,77364,17142,20230603
202305,경강선,신둔도예촌,41029,9589,37798,9417,20230603
202305,경강선,곤지암,59375,16913,58519,17019,20230603
202305,경강선,초월,85300,16580,79953,16265,20230603
202305,경강선,경기광주,208985,37183,194769,36714,20230603
202305,경강선,삼동,58255,14169,52318,14274,20230603
202305,경강선,이매,29610,7815,23895,7297,20230603
202305,경강선,판교,141581,19595,142446,17087,20230603
202305,경부선,금천구청,266066,87378,265278,88899,20230603
202305,경부선,서울역,278170,17839,81185,3712,20230603
202305,경부선,남영,268460,39436,278265,40474,20230603
202305,경부선,용산,1148553,144978,1166315,142875,20230603
202305,경부선,노량진,230100,44860,229145,42293,20230603
202305,경부선,대방,258083,59869,286713,61597,20230603
202305,경부선,영등포,1008789,290318,1039587,290048,20230603
202305,경부선,신도림,90723,26718,93073,31790,20230603
202305,경부선,신길,221542,49348,184533,45924,20230603
202305,경부선,구로,437468,104435,454221,100941,20230603
202305,경부선,가산디지털단지,431698,39535,517954,44363,20230603
202305,경부선,성환,166718,22443,162074,22120,20230603
202305,경부선,직산,24455,5989,24101,5695,20230603
202305,경부선,두정,233811,26746,254895,27207,20230603
202305,경부선,천안,196740,59513,178931,59653,20230603
202305,경부선,송탄,131146,22872,129763,22344,20230603
202305,경부선,당정,164802,33856,156141,32455,20230603
202305,경부선,서동탄,36395,8318,33080,7999,20230603
202305,경부선,광명,107880,11480,89576,10621,20230603
202305,경부선,서정리,244228,37330,227028,35912,20230603
202305,경부선,평택지제,125942,14462,121306,14483,20230603
202305,경부선,평택,388637,72475,396699,71256,20230603
202305,경부선,진위,44906,10928,38274,10358,20230603
202305,경부선,오산,287577,52169,288229,53651,20230603
202305,경부선,오산대,109327,21015,101842,19994,20230603
202305,경부선,세마,78973,17021,74998,15879,20230603
202305,경부선,병점,440068,74354,443808,74743,20230603
202305,경부선,세류,86179,17734,78883,17015,20230603
202305,경부선,독산,438052,70297,443254,72223,20230603
202305,경부선,수원,1091758,161478,1152448,163793,20230603
202305,경부선,화서,214810,48971,206787,47767,20230603
202305,경부선,성균관대,418965,58716,415674,59382,20230603
202305,경부선,의왕,231526,48281,227759,48058,20230603
202305,경부선,군포,175310,39343,169368,38129,20230603
202305,경부선,금정,709004,131272,715397,132437,20230603
202305,경부선,명학,234100,44528,229179,43531,20230603
202305,경부선,안양,654326,129349,651005,133301,20230603
202305,경부선,관악,180881,60415,167472,58637,20230603
202305,경부선,석수,233138,53023,208537,50420,20230603
202305,경원선,소요산,35396,61904,28218,55003,20230603
202305,경원선,동두천,52039,25365,55113,31148,20230603
202305,경원선,보산,36849,14383,33506,13677,20230603
202305,경원선,동두천중앙,59982,37902,57722,37713,20230603
202305,경원선,지행,163039,49610,163449,49119,20230603
202305,경원선,덕정,154067,38983,145691,38933,20230603
202305,경원선,덕계,108635,31585,95257,29973,20230603
202305,경원선,양주,187366,60131,175059,58004,20230603
202305,경원선,녹양,103853,42058,97971,39886,20230603
202305,경원선,가능,147068,61454,138783,61148,20230603
202305,경원선,의정부,472313,123526,495102,126464,20230603
202305,경원선,회룡,238340,157966,236294,156358,20230603
202305,경원선,망월사,206699,76401,206726,78281,20230603
202305,경원선,도봉산,139048,125003,79851,99568,20230603
202305,경원선,도봉,106224,75125,98751,73996,20230603
202305,경원선,방학,193119,113990,186150,112797,20230603
202305,경원선,창동,15,0,0,0,20230603
202305,경원선,녹천,98313,40035,79663,36797,20230603
202305,경원선,월계,169852,66465,153979,63575,20230603
202305,경원선,광운대,215983,56797,208527,56028,20230603
202305,경원선,석계,183830,65418,206325,70623,20230603
202305,경원선,신이문,184032,72245,165123,69839,20230603
202305,경원선,외대앞,268051,47614,262618,48552,20230603
202305,경원선,청량리(서울시립대입구),385775,157488,393433,163623,20230603
202305,경원선,왕십리(성동구청),437204,74025,442769,76889,20230603
202305,경원선,응봉,43037,18507,35375,16703,20230603
202305,경원선,옥수,1792,166,1340,82,20230603
202305,경원선,한남,92206,31431,88849,29472,20230603
202305,경원선,서빙고,55218,19949,49910,19051,20230603
202305,경원선,이촌(국립중앙박물관),94755,31942,69385,27622,20230603
202305,경의선,풍산,136273,39975,126575,39020,20230603
202305,경의선,신촌,25020,3851,32870,4754,20230603
202305,경의선,효창공원앞,82270,16148,88367,17747,20230603
202305,경의선,서강대,60516,12336,60355,11584,20230603
202305,경의선,가좌,134471,47240,125304,47373,20230603
202305,경의선,수색,62708,16082,67526,15985,20230603
202305,경의선,화전,88192,10934,83012,10833,20230603
202305,경의선,강매,80488,20796,68414,19543,20230603
202305,경의선,행신,212669,38216,212068,39259,20230603
202305,경의선,능곡,92635,33945,82391,33191,20230603
202305,경의선,곡산,13325,5945,14048,5899,20230603
202305,경의선,백마,174708,36503,164144,36127,20230603
202305,경의선,일산,234805,66490,225480,67244,20230603
202305,경의선,탄현,197854,42748,183941,42130,20230603
202305,경의선,야당,215613,43043,219430,41813,20230603
202305,경의선,운정,176700,43824,160561,42651,20230603
202305,경의선,금릉,133993,33495,128637,32770,20230603
202305,경의선,금촌,158167,50809,153025,51480,20230603
202305,경의선,월롱,64849,9612,58199,10019,20230603
202305,경의선,파주,38185,8551,28733,7319,20230603
202305,경의선,문산,122160,45904,120382,46005,20230603
202305,경의선,임진강,536,603,497,582,20230603
202305,경의선,운천,79,146,33,147,20230603
202305,경의선,서울역,111082,18556,140026,21923,20230603
202305,경의선,공덕,99996,15882,82137,15284,20230603
202305,경의선,홍대입구,61368,6354,75292,7191,20230603
202305,경의선,디지털미디어시티,75583,14119,66564,14209,20230603
202305,경의선,김포공항,1,0,0,0,20230603
202305,경의선,계양,4,1,0,0,20230603
202305,경인선,도화,86057,42188,76257,41080,20230603
202305,경인선,개봉,504244,168576,477779,173929,20230603
202305,경인선,오류동,265988,95777,240232,93902,20230603
202305,경인선,소사,192899,68805,192954,69284,20230603
202305,경인선,역곡,715503,162795,699775,167265,20230603
202305,경인선,부천,784094,224608,784391,227533,20230603
202305,경인선,송내,676057,134442,668829,132767,20230603
202305,경인선,부평,759938,151733,816920,154782,20230603
202305,경인선,백운,148443,61158,143129,62118,20230603
202305,경인선,동암,381810,111560,379530,112629,20230603
202305,경인선,주안,507701,99946,460195,88542,20230603
202305,경인선,제물포,263089,69073,247179,68398,20230603
202305,경인선,동인천,321559,132423,303074,128339,20230603
202305,경인선,인천,93508,43757,70228,39457,20230603
202305,경인선,구일,214465,48170,216400,47455,20230603
202305,경인선,부개,200602,71857,181573,70218,20230603
202305,경인선,간석,132277,48080,124313,46258,20230603
202305,경인선,도원,78311,33673,78184,35773,20230603
202305,경인선,온수(성공회대입구),158601,54711,147051,52701,20230603
202305,경인선,중동,206166,75772,187478,74351,20230603
202305,경춘선,대성리,33484,8776,34170,8213,20230603
202305,경춘선,춘천,47368,20599,42538,16107,20230603
202305,경춘선,남춘천,75548,28878,76316,31038,20230603
202305,경춘선,김유정,9631,5350,11296,5628,20230603
202305,경춘선,강촌,14939,6353,14253,6746,20230603
202305,경춘선,백양리,2059,1479,1913,1467,20230603
202305,경춘선,굴봉산,2384,3508,2324,3349,20230603
202305,경춘선,가평,50364,20578,49459,20216,20230603
202305,경춘선,상천,6478,6908,6126,6768,20230603
202305,경춘선,청평,42425,22223,41265,22134,20230603
202305,경춘선,마석,93636,39287,91271,39601,20230603
202305,경춘선,천마산,32917,20275,29939,20337,20230603
202305,경춘선,평내호평,148576,50330,146313,48275,20230603
202305,경춘선,금곡,31538,17862,29743,17674,20230603
202305,경춘선,사릉,55862,17557,53406,17684,20230603
202305,경춘선,퇴계원,81063,30843,72351,29497,20230603
202305,경춘선,별내,75514,24258,71008,22940,20230603
202305,경춘선,갈매,70288,24664,58919,23046,20230603
202305,경춘선,신내,49712,20254,45846,19712,20230603
202305,공항철도 1호선,마곡나루(서울식물원),271045,17937,262910,18488,20230603
202305,공항철도 1호선,디지털미디어시티,354758,28649,333300,26940,20230603
202305,공항철도 1호선,홍대입구,406664,20275,397471,18783,20230603
202305,공항철도 1호선,공덕,67881,8575,93908,10501,20230603
202305,공항철도 1호선,서울역,361307,37774,327907,33603,20230603
202305,공항철도 1호선,영종,99989,24386,101409,24278,20230603
202305,공항철도 1호선,인천공항2터미널,128291,13556,113503,12042,20230603
202305,공항철도 1호선,인천공항1터미널,365625,34330,350473,31784,20230603
202305,공항철도 1호선,공항화물청사,52184,9953,55254,9720,20230603
202305,공항철도 1호선,운서,239280,33036,250833,33350,20230603
202305,공항철도 1호선,청라국제도시,189898,14957,179940,14887,20230603
202305,공항철도 1호선,검암,177790,19238,179366,19435,20230603
202305,공항철도 1호선,계양,341901,37300,315460,34727,20230603
202305,공항철도 1호선,김포공항,321668,26519,174415,17494,20230603
202305,과천선,인덕원,611097,126728,618468,129557,20230603
202305,과천선,과천,150985,48176,137015,45192,20230603
202305,과천선,대공원,140572,66696,141813,68390,20230603
202305,과천선,경마공원,104034,73462,106704,73493,20230603
202305,과천선,선바위,199976,40152,172339,38974,20230603
202305,과천선,범계,689308,122070,695323,120213,20230603
202305,과천선,평촌,436415,71816,424466,71963,20230603
202305,과천선,정부과천청사,260213,57916,269522,58113,20230603
202305,분당선,서현,598590,133642,611026,129045,20230603
202305,분당선,수내,330114,84545,327270,82642,20230603
202305,분당선,정자,455498,79446,475882,79727,20230603
202305,분당선,미금,331455,111330,352035,119723,20230603
202305,분당선,오리,258434,76858,211395,66557,20230603
202305,분당선,이매,139936,45190,129869,44687,20230603
202305,분당선,보정,59158,22613,51540,21657,20230603
202305,분당선,죽전,364837,77135,405219,80960,20230603
202305,분당선,구성,111780,40564,119556,40874,20230603
202305,분당선,신갈,106278,31997,104780,32131,20230603
202305,분당선,기흥,282337,46667,265363,45711,20230603
202305,분당선,상갈,138589,34456,132877,33441,20230603
202305,분당선,영통,248100,34669,250995,34620,20230603
202305,분당선,청명,112588,22319,107974,22302,20230603
202305,분당선,망포,409846,42914,392935,41335,20230603
202305,분당선,복정,25,1,0,0,20230603
202305,분당선,수서,363643,74435,373148,77345,20230603
202305,분당선,대모산입구,126591,37745,114987,37305,20230603
202305,분당선,개포동,107228,36242,109415,37133,20230603
202305,분당선,구룡,59073,18802,55317,18101,20230603
202305,분당선,도곡,158660,55578,153530,52090,20230603
202305,분당선,한티,386761,73368,405743,74534,20230603
202305,분당선,선릉,303168,44754,473926,59705,20230603
202305,분당선,압구정로데오,538212,49083,612822,47411,20230603
202305,분당선,서울숲,363981,37002,376659,36201,20230603
202305,분당선,선정릉,179779,33321,190600,32992,20230603
202305,분당선,매교,119146,25881,116662,26113,20230603
202305,분당선,수원시청,354715,48144,392629,49764,20230603
202305,분당선,매탄권선,140420,24262,134440,23336,20230603
202305,분당선,강남구청,227128,39948,264959,43554,20230603
202305,분당선,가천대,320687,30070,332793,30648,20230603
202305,분당선,수원,228532,35026,197628,31991,20230603
202305,분당선,태평,310174,98289,290893,103172,20230603
202305,분당선,모란,447819,190435,445695,205936,20230603
202305,분당선,야탑,600404,168939,641850,169766,20230603
202305,수인선,어천,28008,7331,26496,7783,20230603
202305,수인선,인천,22717,13937,40519,18700,20230603
202305,수인선,신포,43296,14949,44153,15091,20230603
202305,수인선,숭의,93032,32259,85899,30679,20230603
202305,수인선,인하대,202437,30677,194065,29428,20230603
202305,수인선,송도,56600,24859,49909,23841,20230603
202305,수인선,연수,115486,32740,113715,32696,20230603
202305,수인선,원인재,102997,35256,107959,35250,20230603
202305,수인선,남동인더스파크,50386,6823,57126,7161,20230603
202305,수인선,호구포,96383,23129,99075,22980,20230603
202305,수인선,인천논현,132073,38159,142445,38788,20230603
202305,수인선,소래포구,113562,74484,105728,72825,20230603
202305,수인선,월곶,69846,18074,63779,17792,20230603
202305,수인선,달월,2136,1175,1688,709,20230603
202305,수인선,사리,138136,21347,117346,19725,20230603
202305,수인선,야목,9684,2847,7532,2423,20230603
202305,수인선,오목천,126057,16925,106048,16344,20230603
202305,수인선,고색,126045,19427,124575,18148,20230603
202305,신림선,관악산(서울대),65957,39175,69791,39460,20230603
202305,신림선,서울대벤처타운,211416,63498,188700,63625,20230603
202305,신림선,샛강,61469,14801,75645,14118,20230603
202305,신림선,대방,66776,16902,48360,14100,20230603
202305,신림선,서울지방병무청,61467,23251,64694,25289,20230603
202305,신림선,보라매,86713,23694,80279,20621,20230603
202305,신림선,보라매공원,45452,16691,49047,17874,20230603
202305,신림선,보라매병원,139373,48533,147316,48366,20230603
202305,신림선,당곡,94024,36625,89747,35497,20230603
202305,신림선,신림,35033,15655,54050,19278,20230603
202305,신림선,서원,77294,24076,61520,23539,20230603
202305,안산선,오이도,226941,41309,223674,40940,20230603
202305,안산선,수리산,92044,35689,74042,34646,20230603
202305,안산선,중앙,516500,68845,547986,67362,20230603
202305,안산선,산본,383038,114290,418622,115572,20230603
202305,안산선,대야미,121751,35553,107142,33428,20230603
202305,안산선,반월,100233,34198,95768,33473,20230603
202305,안산선,상록수,418129,76038,420820,77603,20230603
202305,안산선,한대앞,267249,46979,267597,48155,20230603
202305,안산선,고잔,242010,40239,231304,38891,20230603
202305,안산선,초지,141791,20230,141894,20069,20230603
202305,안산선,안산,338194,40893,313627,38525,20230603
202305,안산선,신길온천,50094,11333,45153,11038,20230603
202305,안산선,정왕,289092,31008,293619,32628,20230603
202305,우이신설선,북한산보국문,158116,47299,144137,46732,20230603
202305,우이신설선,솔샘,135044,41992,123329,43945,20230603
202305,우이신설선,삼양사거리,39310,38532,38435,38295,20230603
202305,우이신설선,삼양,32728,28885,32695,31714,20230603
202305,우이신설선,화계,62012,47618,54961,47818,20230603
202305,우이신설선,가오리,76759,52855,71990,54247,20230603
202305,우이신설선,4.19민주묘지,82324,41060,83229,36450,20230603
202305,우이신설선,솔밭공원,50155,31752,42676,32836,20230603
202305,우이신설선,북한산우이,67515,41950,59696,43534,20230603
202305,우이신설선,정릉,101532,50146,88628,47000,20230603
202305,우이신설선,성신여대입구(돈암),78360,31251,93668,30904,20230603
202305,우이신설선,보문,32476,16599,33825,16186,20230603
202305,우이신설선,신설동,36896,31331,37556,27893,20230603
202305,일산선,주엽,192021,94892,189446,98012,20230603
202305,일산선,원흥,280115,68101,264504,65275,20230603
202305,일산선,지축,12,0,0,0,20230603
202305,일산선,삼송,491718,104976,469605,106385,20230603
202305,일산선,원당,256572,88372,236987,87375,20230603
202305,일산선,화정,395951,126456,402306,128793,20230603
202305,일산선,대곡,51141,13650,38871,12458,20230603
202305,일산선,대화,325425,89762,248058,82111,20230603
202305,일산선,백석,216799,76124,217078,74999,20230603
202305,일산선,마두,152595,71678,155491,73176,20230603
202305,일산선,정발산,185459,82678,196913,79725,20230603
202305,장항선,배방,33610,7933,33344,7537,20230603
202305,장항선,봉명,29077,11263,28937,11010,20230603
202305,장항선,쌍용(나사렛대),76152,16439,73291,15464,20230603
202305,장항선,아산,134522,15131,114186,14234,20230603
202305,장항선,탕정,39507,5918,35272,5644,20230603
202305,장항선,온양온천,96783,56038,97344,55254,20230603
202305,장항선,신창(순천향대),81857,8218,79962,7669,20230603
202305,중앙선,지평,960,1271,1235,1297,20230603
202305,중앙선,회기,758312,133704,729456,130825,20230603
202305,중앙선,중랑,123415,56023,115656,54624,20230603
202305,중앙선,상봉(시외버스터미널),138108,44154,136849,43010,20230603
202305,중앙선,망우,167785,77749,159591,78911,20230603
202305,중앙선,양원,70013,23322,67541,23283,20230603
202305,중앙선,구리,322989,89239,330011,89700,20230603
202305,중앙선,도농,273437,72618,246464,70341,20230603
202305,중앙선,양정,12603,8628,10329,7789,20230603
202305,중앙선,덕소,123919,48589,123158,48107,20230603
202305,중앙선,도심,54211,20334,40605,18802,20230603
202305,중앙선,팔당,22633,10980,23511,10518,20230603
202305,중앙선,운길산,18067,15550,17703,16151,20230603
202305,중앙선,양수,42529,27232,41427,26875,20230603
202305,중앙선,신원,3711,4445,3207,3821,20230603
202305,중앙선,국수,14350,10951,14034,11121,20230603
202305,중앙선,아신,13789,7594,13728,7369,20230603
202305,중앙선,오빈,5547,5005,5309,4997,20230603
202305,중앙선,양평,67373,37931,68476,38595,20230603
202305,중앙선,원덕,6126,7533,5717,7183,20230603
202305,중앙선,용문,35837,44061,35387,43552,20230603
202304,1호선,시청,642597,96416,647250,94082,20230503
202304,1호선,종각,923198,143472,904949,133863,20230503
202304,1호선,종로3가,487157,304625,438797,282190,20230503
202304,1호선,종로5가,471855,255817,470399,247162,20230503
202304,1호선,동대문,229644,125974,223394,126273,20230503
202304,1호선,신설동,285693,119333,274762,115973,20230503
202304,1호선,제기동,232674,277194,222285,297591,20230503
202304,1호선,청량리(서울시립대입구),345292,259065,340230,258269,20230503
202304,1호선,서울역,1332718,217525,1270254,207338,20230503
202304,1호선,동묘앞,145465,164781,153478,167005,20230503
202304,2호선,강남,2087262,153363,2036135,135021,20230503
202304,2호선,용답,72892,17688,73079,17603,20230503
202304,2호선,충정로(경기대입구),234133,48554,251568,48640,20230503
202304,2호선,아현,254760,65455,236411,64317,20230503
202304,2호선,이대,468241,49949,505293,52435,20230503
202304,2호선,신촌,1025389,121845,1046327,120011,20230503
202304,2호선,홍대입구,1942056,97947,2078739,94746,20230503
202304,2호선,합정,906332,72826,1003786,74064,20230503
202304,2호선,당산,488264,62592,565888,68604,20230503
202304,2호선,영등포구청,506033,100937,524003,100538,20230503
202304,2호선,문래,524427,86123,544434,85993,20230503
202304,2호선,신도림,1243293,219513,1239147,207841,20230503
202304,2호선,대림(구로구청),591615,135279,604754,139559,20230503
202304,2호선,구로디지털단지,1456156,184979,1432544,186268,20230503
202304,2호선,신대방,630359,134165,603355,136723,20230503
202304,2호선,신림,1469914,202776,1408666,200691,20230503
202304,2호선,봉천,552430,150141,503290,149872,20230503
202304,2호선,서울대입구(관악구청),1210925,180920,1176518,172352,20230503
202304,2호선,낙성대(강감찬),712606,110334,684086,111528,20230503
202304,2호선,사당,957076,218098,1087682,210687,20230503
202304,2호선,방배,450711,78520,469405,77749,20230503
202304,2호선,서초,550779,89960,514715,87154,20230503
202304,2호선,교대(법원.검찰청),734519,150293,870036,176479,20230503
202304,2호선,역삼,1209268,143611,1386567,146499,20230503
202304,2호선,선릉,1285364,214121,1134640,188513,20230503
202304,2호선,삼성(무역센터),1426493,117190,1446829,109666,20230503
202304,2호선,종합운동장,398632,63667,443109,64144,20230503
202304,2호선,잠실새내,563086,112721,564328,111347,20230503
202304,2호선,신설동,82163,34282,78693,35656,20230503
202304,2호선,신답,38588,10124,42219,10721,20230503
202304,2호선,도림천,28372,8511,30250,9443,20230503
202304,2호선,양천구청,152138,52326,159847,53171,20230503
202304,2호선,신정네거리,228661,74420,235776,75923,20230503
202304,2호선,용두(동대문구청),46587,23247,44895,24224,20230503
202304,2호선,시청,646021,59602,603305,53559,20230503
202304,2호선,을지로입구,1208103,100389,1244442,93336,20230503
202304,2호선,을지로3가,608969,78137,603545,76554,20230503
202304,2호선,을지로4가,311136,77137,320574,75933,20230503
202304,2호선,동대문역사문화공원(DDP),367063,57869,427158,63260,20230503
202304,2호선,신당,337378,96292,354767,98322,20230503
202304,2호선,상왕십리,348239,68456,330794,68597,20230503
202304,2호선,왕십리(성동구청),426623,53457,366325,47196,20230503
202304,2호선,한양대,356708,14637,398617,15531,20230503
202304,2호선,뚝섬,639617,61914,665980,61482,20230503
202304,2호선,성수,993946,104007,1101383,106162,20230503
202304,2호선,건대입구,1025199,94192,1078266,98513,20230503
202304,2호선,구의(광진구청),584192,104723,566111,105943,20230503
202304,2호선,강변(동서울터미널),811412,125299,768332,122026,20230503
202304,2호선,잠실나루,336278,88806,327194,88864,20230503
202304,2호선,잠실(송파구청),2159887,224300,2136298,211319,20230503
202304,3호선,매봉,278715,65722,272460,61784,20230503
202304,3호선,대치,268627,69941,266885,67445,20230503
202304,3호선,도곡,129755,25553,136612,25431,20230503
202304,3호선,양재(서초구청),886495,152961,979952,152920,20230503
202304,3호선,남부터미널(예술의전당),719276,124392,730789,126069,20230503
202304,3호선,교대(법원.검찰청),370783,79091,228662,45272,20230503
202304,3호선,고속터미널,1251110,208072,1195125,200531,20230503
202304,3호선,잠원,116065,30853,109713,29510,20230503
202304,3호선,신사,743363,69068,778417,67522,20230503
202304,3호선,압구정,767248,140306,842163,139013,20230503
202304,3호선,옥수,203786,61058,209300,61403,20230503
202304,3호선,금호,181219,55516,163145,54002,20230503
202304,3호선,녹번,377964,79558,332916,78519,20230503
202304,3호선,불광,346915,141934,371075,157131,20230503
202304,3호선,연신내,773388,260702,728312,251853,20230503
202304,3호선,구파발,501374,124909,487720,121293,20230503
202304,3호선,지축,154466,32744,150940,31551,20230503
202304,3호선,안국,690953,106241,727344,110199,20230503
202304,3호선,종로3가,235141,62138,283445,68969,20230503
202304,3호선,을지로3가,271196,50048,278146,48220,20230503
202304,3호선,충무로,47,2,0,0,20230503
202304,3호선,동대입구,280558,46398,316709,51698,20230503
202304,3호선,약수,299071,83661,290879,79100,20230503
202304,3호선,홍제,395171,145471,371190,143140,20230503
202304,3호선,무악재,94209,32004,90714,34148,20230503
202304,3호선,독립문,150252,71427,159525,72403,20230503
202304,3호선,경복궁(정부서울청사),678110,102988,700213,104803,20230503
202304,3호선,오금,152410,31943,135684,30609,20230503
202304,3호선,경찰병원,163357,42640,162357,44067,20230503
202304,3호선,가락시장,181364,77354,178321,75438,20230503
202304,3호선,수서,425111,118639,434752,116018,20230503
202304,3호선,일원,237992,69257,226617,69237,20230503
202304,3호선,대청,236801,61413,220273,59169,20230503
202304,3호선,학여울,54643,19896,56285,19942,20230503
202304,4호선,창동,534406,208184,566886,214015,20230503
202304,4호선,노원,464084,94190,538942,92832,20230503
202304,4호선,상계,442018,129892,404907,127396,20230503
202304,4호선,당고개,200486,77445,171470,76401,20230503
202304,4호선,사당,698244,106474,602428,107942,20230503
202304,4호선,남태령,31888,9164,25157,8441,20230503
202304,4호선,삼각지,144058,25770,171643,27450,20230503
202304,4호선,숙대입구(갈월),391634,55430,376928,52303,20230503
202304,4호선,서울역,307079,40569,555252,55968,20230503
202304,4호선,회현(남대문시장),566207,200059,596674,198406,20230503
202304,4호선,명동,863532,76918,932285,79701,20230503
202304,4호선,충무로,730480,118340,757088,121727,20230503
202304,4호선,동대문역사문화공원(DDP),475725,62651,412947,56124,20230503
202304,4호선,쌍문,675054,174362,615178,172265,20230503
202304,4호선,동대문,414139,157988,430121,152959,20230503
202304,4호선,혜화,931645,136234,941736,135591,20230503
202304,4호선,한성대입구(삼선교),363081,74490,351827,73410,20230503
202304,4호선,성신여대입구(돈암),551140,88816,528231,85994,20230503
202304,4호선,길음,521251,122510,518179,123818,20230503
202304,4호선,미아사거리,604567,186277,587056,185143,20230503
202304,4호선,미아(서울사이버대학),335993,115943,318367,117454,20230503
202304,4호선,수유(강북구청),814444,202483,814336,203792,20230503
202304,4호선,신용산,462125,55166,489289,55427,20230503
202304,4호선,이촌(국립중앙박물관),205489,50914,230049,53409,20230503
202304,4호선,동작(현충원),33294,15882,38895,16739,20230503
202304,4호선,총신대입구(이수),401781,155789,443476,161282,20230503
202304,5호선,송정,138259,51228,128567,49678,20230503
202304,5호선,하남검단산,141199,52584,133155,51871,20230503
202304,5호선,하남시청(덕풍?신장),157093,73160,149718,73616,20230503
202304,5호선,하남풍산,98626,30436,98501,30246,20230503
202304,5호선,미사,415736,83598,425119,83743,20230503
202304,5호선,강일,118110,40858,104646,39166,20230503
202304,5호선,마천,161957,59146,151131,60628,20230503
202304,5호선,거여,229665,66025,218585,64250,20230503
202304,5호선,개롱,139828,49965,146312,51580,20230503
202304,5호선,오금,82208,21622,82662,20634,20230503
202304,5호선,방이,164868,48396,169279,48150,20230503
202304,5호선,올림픽공원(한국체대),115888,39740,104254,35464,20230503
202304,5호선,둔촌동,192373,66142,192585,66870,20230503
202304,5호선,상일동,322896,92317,301910,89762,20230503
202304,5호선,고덕,212226,73968,209674,73449,20230503
202304,5호선,명일,188912,74098,192495,76310,20230503
202304,5호선,굽은다리(강동구민회관앞),203680,77049,195052,71325,20230503
202304,5호선,길동,158794,75076,165457,76801,20230503
202304,5호선,강동,418214,107013,401081,104455,20230503
202304,5호선,천호(풍납토성),422645,138761,411813,141456,20230503
202304,5호선,광나루(장신대),341110,75515,316520,72619,20230503
202304,5호선,아차산(어린이대공원후문),355868,104733,342589,102372,20230503
202304,5호선,군자(능동),297297,43365,327622,45572,20230503
202304,5호선,장한평,440727,95792,431515,96952,20230503
202304,5호선,답십리,376627,83687,339344,81010,20230503
202304,5호선,마장,132344,42090,122637,41160,20230503
202304,5호선,왕십리(성동구청),106165,24986,125180,25072,20230503
202304,5호선,행당,183342,52099,162164,47156,20230503
202304,5호선,신금호,144233,39229,149490,44635,20230503
202304,5호선,청구,86890,25291,84563,20863,20230503
202304,5호선,동대문역사문화공원(DDP),74439,8299,86592,9494,20230503
202304,5호선,을지로4가,137019,41530,144015,40898,20230503
202304,5호선,종로3가,346807,95834,332217,99291,20230503
202304,5호선,광화문(세종문화회관),813260,88055,864747,86738,20230503
202304,5호선,서대문,474142,70379,480618,65902,20230503
202304,5호선,충정로(경기대입구),112724,14616,114055,14657,20230503
202304,5호선,애오개,153772,38195,152545,37362,20230503
202304,5호선,공덕,359320,49150,379109,45940,20230503
202304,5호선,마포,344567,62047,349045,61491,20230503
202304,5호선,여의나루,508299,42226,586970,42818,20230503
202304,5호선,여의도,724370,56949,766533,55035,20230503
202304,5호선,신길,121589,12633,126249,13118,20230503
202304,5호선,영등포시장,242721,78194,251091,79975,20230503
202304,5호선,영등포구청,96713,20833,96791,20171,20230503
202304,5호선,양평,175985,30050,171721,29995,20230503
202304,5호선,오목교(목동운동장앞),536902,89488,574915,88977,20230503
202304,5호선,목동,395169,85901,427228,87070,20230503
202304,5호선,신정(은행정),324688,64807,260363,62200,20230503
202304,5호선,까치산,673778,164812,636813,165277,20230503
202304,5호선,화곡,691729,151610,638293,146345,20230503
202304,5호선,우장산,332591,94531,320212,98327,20230503
202304,5호선,발산,503944,101812,532297,98685,20230503
202304,5호선,마곡,256519,44601,262430,43144,20230503
202304,5호선,방화,144552,54315,137723,52893,20230503
202304,5호선,개화산,125391,40631,118905,40294,20230503
202304,5호선,김포공항,193061,39268,181206,42192,20230503
202304,6호선,불광,94618,41839,97147,34497,20230503
202304,6호선,독바위,59974,20129,60026,24873,20230503
202304,6호선,연신내,20,3,0,0,20230503
202304,6호선,구산,177859,54624,115734,56056,20230503
202304,6호선,새절(신사),291235,90712,265946,90276,20230503
202304,6호선,월곡(동덕여대),294329,71061,283073,70078,20230503
202304,6호선,증산(명지대앞),222901,74059,220846,75331,20230503
202304,6호선,디지털미디어시티,351778,60506,385043,61941,20230503
202304,6호선,월드컵경기장(성산),115894,58324,128409,57309,20230503
202304,6호선,마포구청,338313,80852,299109,73163,20230503
202304,6호선,망원,358628,82330,384642,86303,20230503
202304,6호선,합정,378270,42440,370894,39300,20230503
202304,6호선,상수,286045,21593,330795,21973,20230503
202304,6호선,광흥창(서강),213224,51209,203262,50918,20230503
202304,6호선,대흥(서강대앞),227982,48152,236774,47832,20230503
202304,6호선,공덕,455050,77805,444507,73080,20230503
202304,6호선,효창공원앞,180823,39350,169049,36347,20230503
202304,6호선,삼각지,203064,19772,174660,16180,20230503
202304,6호선,녹사평(용산구청),138838,18733,138445,18418,20230503
202304,6호선,이태원,327062,32949,343631,33873,20230503
202304,6호선,한강진,284660,19113,341560,19587,20230503
202304,6호선,버티고개,48534,14033,46503,16711,20230503
202304,6호선,약수,85663,22925,85586,22082,20230503
202304,6호선,청구,89742,20661,86117,23135,20230503
202304,6호선,신당,211630,39990,216723,38192,20230503
202304,6호선,동묘앞,184587,70663,194060,64845,20230503
202304,6호선,창신,87534,19264,74298,18383,20230503
202304,6호선,보문,200411,31587,183494,30107,20230503
202304,6호선,상월곡(한국과학기술연구원),152331,41978,139809,40223,20230503
202304,6호선,돌곶이,228559,61998,207125,61790,20230503
202304,6호선,석계,284172,79668,297882,79776,20230503
202304,6호선,태릉입구,131814,32008,155119,32888,20230503
202304,6호선,화랑대(서울여대입구),314076,50288,238126,44963,20230503
202304,6호선,봉화산(서울의료원),203246,49969,189909,49583,20230503
202304,6호선,신내,12,1,0,0,20230503
202304,6호선,안암(고대병원앞),361963,37341,366656,36564,20230503
202304,6호선,고려대(종암),235333,35373,225483,35051,20230503
202304,6호선,응암,397310,123761,396034,123221,20230503
202304,6호선,역촌,75951,32913,96103,31969,20230503
202304,7호선,광명사거리,462325,151891,447656,157451,20230503
202304,7호선,천왕,269272,59470,253321,59088,20230503
202304,7호선,온수(성공회대입구),256523,42054,239413,40383,20230503
202304,7호선,까치울,2,0,0,0,20230503
202304,7호선,신대방삼거리,346787,89273,322531,90947,20230503
202304,7호선,삼산체육관,0,1,0,0,20230503
202304,7호선,장승배기,196318,68478,189278,69800,20230503
202304,7호선,상도,297764,63540,293325,61182,20230503
202304,7호선,숭실대입구(살피재),388816,65434,388896,68153,20230503
202304,7호선,남성,262339,73894,238709,73238,20230503
202304,7호선,이수,380242,76543,368383,73805,20230503
202304,7호선,내방,333094,73051,339501,71123,20230503
202304,7호선,고속터미널,445041,80017,350953,67633,20230503
202304,7호선,반포,143403,36691,140304,35296,20230503
202304,7호선,논현,447229,43462,464559,42383,20230503
202304,7호선,학동,570189,62922,610625,60428,20230503
202304,7호선,강남구청,404824,52656,452980,54035,20230503
202304,7호선,청담,468760,77261,524321,74640,20230503
202304,7호선,뚝섬유원지,287512,46633,279754,46290,20230503
202304,7호선,건대입구,347018,58380,372544,53455,20230503
202304,7호선,어린이대공원(세종대),477209,49138,495751,48643,20230503
202304,7호선,군자(능동),360576,81973,273369,70374,20230503
202304,7호선,중곡,249431,63411,227083,64208,20230503
202304,7호선,용마산(용마폭포공원),137655,36944,132268,39676,20230503
202304,7호선,사가정,374287,102643,369954,103104,20230503
202304,7호선,면목,368464,98705,347645,100946,20230503
202304,7호선,상봉(시외버스터미널),424230,75445,406280,72267,20230503
202304,7호선,중화,248594,64703,241453,65353,20230503
202304,7호선,먹골,230288,68140,222436,69696,20230503
202304,7호선,태릉입구,233292,47013,219474,43885,20230503
202304,7호선,공릉(서울과학기술대),290242,73828,285130,74338,20230503
202304,7호선,하계,420514,115557,392139,112066,20230503
202304,7호선,중계,336817,98231,302749,94959,20230503
202304,7호선,노원,455412,127240,485034,128753,20230503
202304,7호선,마들,289599,89980,266269,88260,20230503
202304,7호선,장암,62800,12539,25896,9372,20230503
202304,7호선,도봉산,222342,52380,252234,74536,20230503
202304,7호선,수락산,273783,102356,266627,103780,20230503
202304,7호선,보라매,173019,32136,178130,33391,20230503
202304,7호선,신풍,259963,75054,241150,74156,20230503
202304,7호선,대림(구로구청),224749,40670,227395,39671,20230503
202304,7호선,남구로,360746,62487,378389,62376,20230503
202304,7호선,가산디지털단지,1033817,92024,1039440,86540,20230503
202304,7호선,철산,514230,102299,520724,101126,20230503
202304,8호선,남한산성입구(성남법원.검찰청),346172,82363,312856,78692,20230503
202304,8호선,남위례,161836,33232,168467,32641,20230503
202304,8호선,모란,90847,62106,76047,46876,20230503
202304,8호선,수진,116477,47606,104705,47285,20230503
202304,8호선,신흥,109537,42731,114352,44197,20230503
202304,8호선,단대오거리,289656,79857,273229,77393,20230503
202304,8호선,산성,125881,33641,123916,36573,20230503
202304,8호선,복정,239523,41773,200392,37049,20230503
202304,8호선,장지,415839,84022,388715,79039,20230503
202304,8호선,문정,504236,61029,529603,61017,20230503
202304,8호선,가락시장,158218,62074,178929,63505,20230503
202304,8호선,송파,198878,63716,193188,63235,20230503
202304,8호선,석촌,181171,54084,224146,58677,20230503
202304,8호선,잠실(송파구청),390872,76904,469149,75600,20230503
202304,8호선,몽촌토성(평화의문),159661,36424,162992,35459,20230503
202304,8호선,강동구청,228542,66751,236436,67434,20230503
202304,8호선,천호(풍납토성),346595,86140,414974,82346,20230503
202304,8호선,암사,433827,107803,373855,105871,20230503
202304,9호선,신반포,90364,25750,93619,25729,20230503
202304,9호선,동작(현충원),52963,18163,43161,16383,20230503
202304,9호선,흑석(중앙대입구),232542,58313,234991,58760,20230503
202304,9호선,노들,108710,34998,87939,31988,20230503
202304,9호선,노량진,678189,88717,656702,89166,20230503
202304,9호선,샛강,148818,29883,145783,29432,20230503
202304,9호선,여의도,729433,52001,706438,47999,20230503
202304,9호선,국회의사당,430645,68366,448535,59895,20230503
202304,9호선,당산,495694,70119,497262,65221,20230503
202304,9호선,선유도,216595,30566,203518,29742,20230503
202304,9호선,신목동,100809,23540,86361,22164,20230503
202304,9호선,염창,440304,75916,421635,74414,20230503
202304,9호선,김포공항,198286,21799,287322,26394,20230503
202304,9호선,공항시장,62337,24003,65995,25801,20230503
202304,9호선,신방화,151718,47675,146257,47930,20230503
202304,9호선,마곡나루(서울식물원),334501,37329,327743,36187,20230503
202304,9호선,양천향교,234976,46488,239580,46268,20230503
202304,9호선,가양,494465,136970,476210,133438,20230503
202304,9호선,증미,171538,35880,159777,36277,20230503
202304,9호선,등촌,248019,83012,229086,82842,20230503
202304,9호선,개화,67682,14497,41613,11751,20230503
202304,9호선,신논현,834328,53940,819604,52551,20230503
202304,9호선,사평,87260,23802,83613,23845,20230503
202304,9호선,고속터미널,389940,66555,544490,79000,20230503
202304,9호선,구반포,20991,9240,22114,9518,20230503
202304,9호선2~3단계,송파나루,131008,29539,138832,30296,20230503
202304,9호선2~3단계,석촌,239051,40393,216396,35627,20230503
202304,9호선2~3단계,석촌고분,158657,39173,153023,39080,20230503
202304,9호선2~3단계,삼전,171127,38212,159922,37667,20230503
202304,9호선2~3단계,종합운동장,124379,21678,123859,20085,20230503
202304,9호선2~3단계,봉은사,521367,55373,548889,53129,20230503
202304,9호선2~3단계,삼성중앙,181064,26952,187904,26378,20230503
202304,9호선2~3단계,선정릉,246707,27070,272831,28476,20230503
202304,9호선2~3단계,언주,268862,30092,274439,29959,20230503
202304,9호선2~3단계,중앙보훈병원,239468,78353,205131,76404,20230503
202304,9호선2~3단계,둔촌오륜,26060,6890,24954,7393,20230503
202304,9호선2~3단계,올림픽공원(한국체대),223585,33094,229067,33103,20230503
202304,9호선2~3단계,한성백제,69237,18119,59858,16417,20230503
202304,경강선,세종대왕릉,7406,4425,7426,4571,20230503
202304,경강선,여주,66097,19357,66384,19353,20230503
202304,경강선,부발,58155,10184,56270,10045,20230503
202304,경강선,이천,70444,15590,74703,16666,20230503
202304,경강선,신둔도예촌,39158,9581,36273,9236,20230503
202304,경강선,곤지암,57976,16449,57325,16550,20230503
202304,경강선,초월,81482,16196,75626,15950,20230503
202304,경강선,경기광주,205995,35765,191162,34985,20230503
202304,경강선,삼동,57504,13500,51685,13899,20230503
202304,경강선,이매,29317,7794,23656,7276,20230503
202304,경강선,판교,138531,18944,139927,16474,20230503
202304,경부선,가산디지털단지,430435,38231,506219,42232,20230503
202304,경부선,서울역,257027,17449,77496,3622,20230503
202304,경부선,남영,255537,37815,272896,38905,20230503
202304,경부선,용산,1084596,143850,1103180,141827,20230503
202304,경부선,노량진,227076,44570,227411,42103,20230503
202304,경부선,대방,254925,60363,281382,62110,20230503
202304,경부선,영등포,984870,281896,1013001,281687,20230503
202304,경부선,신도림,87401,25594,90067,30204,20230503
202304,경부선,신길,218124,49254,181923,45875,20230503
202304,경부선,구로,425034,101054,440786,97935,20230503
202304,경부선,직산,23718,5928,23248,5624,20230503
202304,경부선,두정,223808,25815,242471,26481,20230503
202304,경부선,천안,187926,58171,170354,57945,20230503
202304,경부선,당정,161715,32608,153049,31487,20230503
202304,경부선,서동탄,35340,7996,31930,7800,20230503
202304,경부선,진위,43962,10489,37029,9958,20230503
202304,경부선,광명,103533,11142,86803,10325,20230503
202304,경부선,송탄,127808,22253,125418,21739,20230503
202304,경부선,서정리,240575,36608,218939,34963,20230503
202304,경부선,평택지제,123537,14009,118981,13827,20230503
202304,경부선,평택,375658,70434,381619,68827,20230503
202304,경부선,성환,162730,22012,155210,21659,20230503
202304,경부선,오산,280188,50541,280149,51788,20230503
202304,경부선,오산대,107524,20134,99213,18968,20230503
202304,경부선,세마,76261,16197,72494,15253,20230503
202304,경부선,병점,426233,72333,429018,72465,20230503
202304,경부선,세류,85112,17208,78034,16699,20230503
202304,경부선,독산,432258,68802,438005,70552,20230503
202304,경부선,수원,1054728,156207,1118966,159564,20230503
202304,경부선,화서,210650,48544,201352,47126,20230503
202304,경부선,성균관대,406765,57835,400304,58178,20230503
202304,경부선,의왕,228539,47543,225554,47037,20230503
202304,경부선,군포,174243,38834,167981,37941,20230503
202304,경부선,금정,698700,131275,709254,132053,20230503
202304,경부선,명학,228043,43176,223247,42405,20230503
202304,경부선,안양,646037,124716,638981,128411,20230503
202304,경부선,관악,177646,57678,163502,55809,20230503
202304,경부선,석수,227533,51761,206090,49600,20230503
202304,경부선,금천구청,260724,85817,260169,87201,20230503
202304,경원선,양주,178683,58088,166332,56092,20230503
202304,경원선,소요산,34657,61222,27854,53470,20230503
202304,경원선,동두천,51800,24295,53600,30705,20230503
202304,경원선,보산,35509,14011,32982,13282,20230503
202304,경원선,동두천중앙,58076,35641,55927,35685,20230503
202304,경원선,지행,157650,46111,158069,45697,20230503
202304,경원선,덕정,152789,37740,144664,37558,20230503
202304,경원선,덕계,99797,29743,88160,28495,20230503
202304,경원선,녹양,99999,40080,95238,38280,20230503
202304,경원선,가능,142610,59137,134806,59023,20230503
202304,경원선,의정부,458189,116528,476000,118229,20230503
202304,경원선,회룡,231155,152027,230374,150703,20230503
202304,경원선,망월사,201195,72963,201492,74847,20230503
202304,경원선,도봉산,137308,119763,78502,95018,20230503
202304,경원선,도봉,103143,71916,95916,70752,20230503
202304,경원선,방학,187818,110973,180454,109103,20230503
202304,경원선,창동,12,0,0,0,20230503
202304,경원선,녹천,96284,39040,78856,35528,20230503
202304,경원선,월계,165060,64069,150504,61623,20230503
202304,경원선,광운대,206202,54926,200276,54331,20230503
202304,경원선,석계,177608,62416,198956,67099,20230503
202304,경원선,신이문,177920,69599,159714,67327,20230503
202304,경원선,외대앞,250467,45834,244200,46639,20230503
202304,경원선,청량리(서울시립대입구),367127,153433,374325,159104,20230503
202304,경원선,왕십리(성동구청),417307,70902,428554,74263,20230503
202304,경원선,응봉,43307,19090,38754,17713,20230503
202304,경원선,옥수,1647,144,1270,82,20230503
202304,경원선,한남,89679,30248,85707,28073,20230503
202304,경원선,서빙고,51789,18490,49845,17657,20230503
202304,경원선,이촌(국립중앙박물관),91778,30902,67946,26489,20230503
202304,경의선,풍산,133190,38881,124512,37901,20230503
202304,경의선,신촌,23321,3543,30539,4133,20230503
202304,경의선,효창공원앞,79386,15878,84894,17331,20230503
202304,경의선,서강대,58414,11768,58329,11083,20230503
202304,경의선,가좌,131579,46270,123043,46468,20230503
202304,경의선,수색,61131,15768,65840,15576,20230503
202304,경의선,화전,78443,10472,73367,10354,20230503
202304,경의선,강매,77617,19727,65826,18672,20230503
202304,경의선,행신,205330,37062,204307,37883,20230503
202304,경의선,능곡,90681,32223,80737,32083,20230503
202304,경의선,곡산,13020,5608,13456,5628,20230503
202304,경의선,백마,168978,35785,158887,35600,20230503
202304,경의선,일산,228514,65072,220423,65675,20230503
202304,경의선,탄현,192058,41594,179694,40461,20230503
202304,경의선,야당,207172,40851,212839,39929,20230503
202304,경의선,운정,167531,42224,152006,41097,20230503
202304,경의선,금릉,127380,28888,122674,28405,20230503
202304,경의선,금촌,154140,47473,148582,48002,20230503
202304,경의선,월롱,65471,9161,56664,9638,20230503
202304,경의선,파주,36740,8164,27077,6984,20230503
202304,경의선,문산,118236,43748,115852,43691,20230503
202304,경의선,임진강,581,537,546,456,20230503
202304,경의선,운천,60,122,30,131,20230503
202304,경의선,서울역,105433,17382,133862,21031,20230503
202304,경의선,공덕,99054,15224,80368,14779,20230503
202304,경의선,홍대입구,57477,6072,71736,6798,20230503
202304,경의선,디지털미디어시티,73987,13567,65584,13872,20230503
202304,경의선,계양,3,0,0,0,20230503
202304,경인선,도화,84204,40748,74771,39013,20230503
202304,경인선,개봉,493492,163664,468983,169133,20230503
202304,경인선,오류동,259041,93939,234607,92603,20230503
202304,경인선,역곡,688937,158445,673038,161620,20230503
202304,경인선,소사,190493,67490,189553,68140,20230503
202304,경인선,부천,764640,215095,763829,217770,20230503
202304,경인선,송내,665108,128230,657329,127421,20230503
202304,경인선,부평,730771,147362,787448,148692,20230503
202304,경인선,백운,144546,58756,139289,59403,20230503
202304,경인선,동암,372910,107630,370576,108761,20230503
202304,경인선,주안,489543,93245,442332,82659,20230503
202304,경인선,제물포,258875,65964,243595,65626,20230503
202304,경인선,동인천,312522,124539,296024,120336,20230503
202304,경인선,인천,94139,42907,71338,38635,20230503
202304,경인선,구일,202393,48005,203399,47522,20230503
202304,경인선,부개,194753,69313,178205,67680,20230503
202304,경인선,간석,128485,46266,121157,44707,20230503
202304,경인선,도원,71912,29914,71060,32089,20230503
202304,경인선,온수(성공회대입구),153337,52900,143128,51158,20230503
202304,경인선,중동,201150,73322,183329,71755,20230503
202304,경춘선,김유정,9218,4890,10984,5301,20230503
202304,경춘선,춘천,43677,19151,39311,15123,20230503
202304,경춘선,남춘천,68080,27355,68876,29495,20230503
202304,경춘선,강촌,14351,6436,12599,6404,20230503
202304,경춘선,백양리,1215,1662,1266,1692,20230503
202304,경춘선,굴봉산,2562,3937,2559,3852,20230503
202304,경춘선,가평,44898,18593,44741,18402,20230503
202304,경춘선,상천,7424,7752,6933,7667,20230503
202304,경춘선,청평,39394,21728,37821,21468,20230503
202304,경춘선,대성리,28970,8846,26397,8233,20230503
202304,경춘선,마석,87855,37777,86647,38324,20230503
202304,경춘선,천마산,32058,19077,29041,19075,20230503
202304,경춘선,평내호평,142943,48015,140525,46299,20230503
202304,경춘선,금곡,30181,17195,28118,16749,20230503
202304,경춘선,사릉,54129,16974,51977,17250,20230503
202304,경춘선,퇴계원,77185,29287,69517,27920,20230503
202304,경춘선,별내,72794,22599,68627,21318,20230503
202304,경춘선,갈매,68796,22814,58183,21497,20230503
202304,경춘선,신내,47008,19158,43777,18839,20230503
202304,공항철도 1호선,홍대입구,396071,19356,388927,17837,20230503
202304,공항철도 1호선,디지털미디어시티,358047,27964,331157,26093,20230503
202304,공항철도 1호선,마곡나루(서울식물원),270951,17975,264285,18427,20230503
202304,공항철도 1호선,김포공항,300019,27838,170935,18832,20230503
202304,공항철도 1호선,계양,330797,36190,305121,33683,20230503
202304,공항철도 1호선,검암,172581,18425,173734,18761,20230503
202304,공항철도 1호선,청라국제도시,182850,14526,174199,14630,20230503
202304,공항철도 1호선,운서,233235,32236,243546,32704,20230503
202304,공항철도 1호선,공항화물청사,51113,9417,54396,9191,20230503
202304,공항철도 1호선,인천공항1터미널,337937,32183,315784,29165,20230503
202304,공항철도 1호선,인천공항2터미널,124819,12885,110255,11346,20230503
202304,공항철도 1호선,영종,94080,23513,94655,23339,20230503
202304,공항철도 1호선,서울역,343719,35909,313481,32305,20230503
202304,공항철도 1호선,공덕,66838,8368,92379,10292,20230503
202304,과천선,정부과천청사,253696,56237,262386,56225,20230503
202304,과천선,인덕원,608994,124637,615672,126718,20230503
202304,과천선,평촌,432205,69450,418775,69572,20230503
202304,과천선,범계,673581,118233,678056,116151,20230503
202304,과천선,선바위,198987,39784,173332,38874,20230503
202304,과천선,경마공원,133812,84112,137529,84359,20230503
202304,과천선,대공원,137707,61107,141307,62892,20230503
202304,과천선,과천,149738,47870,138114,45246,20230503
202304,분당선,이매,137856,43898,129476,43420,20230503
202304,분당선,보정,57212,21833,49911,20766,20230503
202304,분당선,죽전,352702,74765,388410,78025,20230503
202304,분당선,구성,111248,38935,117851,39306,20230503
202304,분당선,신갈,104964,31430,103675,31514,20230503
202304,분당선,기흥,271307,44695,254412,43924,20230503
202304,분당선,상갈,131905,33547,127177,32557,20230503
202304,분당선,청명,109575,21314,105540,21266,20230503
202304,분당선,복정,24,1,0,0,20230503
202304,분당선,망포,400200,41993,382991,40838,20230503
202304,분당선,매탄권선,136678,23370,132039,22566,20230503
202304,분당선,수원시청,343660,47091,380988,48133,20230503
202304,분당선,매교,115016,24669,113001,24619,20230503
202304,분당선,영통,240547,33310,241869,32935,20230503
202304,분당선,수서,359138,72493,367734,75587,20230503
202304,분당선,대모산입구,120498,36424,109919,35952,20230503
202304,분당선,개포동,102625,34878,105986,35383,20230503
202304,분당선,수원,224043,33842,191877,30433,20230503
202304,분당선,서울숲,414795,40497,447312,39492,20230503
202304,분당선,압구정로데오,543937,48148,620276,46480,20230503
202304,분당선,강남구청,227633,39234,264900,42206,20230503
202304,분당선,선정릉,178961,32766,188807,32206,20230503
202304,분당선,가천대,310527,29232,325107,30011,20230503
202304,분당선,태평,303901,94155,284277,98575,20230503
202304,분당선,모란,439743,179830,436784,196718,20230503
202304,분당선,야탑,587678,163117,628958,164003,20230503
202304,분당선,서현,578719,127300,590973,123362,20230503
202304,분당선,수내,325916,80289,321400,78478,20230503
202304,분당선,선릉,303356,43660,472362,57813,20230503
202304,분당선,한티,370264,70596,389687,71779,20230503
202304,분당선,도곡,157223,53317,149882,49442,20230503
202304,분당선,구룡,56019,17286,52891,16959,20230503
202304,분당선,정자,454392,78102,471288,78180,20230503
202304,분당선,미금,326646,107997,346354,116336,20230503
202304,분당선,오리,252581,74277,207469,64265,20230503
202304,수인선,송도,54165,23879,47517,23165,20230503
202304,수인선,고색,122772,18778,120520,17358,20230503
202304,수인선,오목천,121591,16218,102576,15518,20230503
202304,수인선,어천,26980,7142,25300,7559,20230503
202304,수인선,인천논현,127591,35028,138010,35712,20230503
202304,수인선,소래포구,111040,63581,105445,62272,20230503
202304,수인선,호구포,94355,22065,96249,21848,20230503
202304,수인선,월곶,67408,17031,61862,16621,20230503
202304,수인선,달월,1870,1210,1552,708,20230503
202304,수인선,사리,135525,20443,115287,18798,20230503
202304,수인선,야목,9014,2766,6934,2378,20230503
202304,수인선,남동인더스파크,49447,6887,56302,7081,20230503
202304,수인선,원인재,102674,34419,106851,34734,20230503
202304,수인선,연수,113333,32155,111142,31828,20230503
202304,수인선,인하대,189040,29605,179742,28536,20230503
202304,수인선,숭의,89623,30824,82833,29048,20230503
202304,수인선,신포,43312,14273,43160,14293,20230503
202304,수인선,인천,22603,14045,41070,18742,20230503
202304,신림선,당곡,92996,35177,88941,34386,20230503
202304,신림선,신림,35458,15135,53929,18071,20230503
202304,신림선,서원,76664,22909,62214,22747,20230503
202304,신림선,서울대벤처타운,208339,61271,187189,61560,20230503
202304,신림선,샛강,62486,14778,77895,14870,20230503
202304,신림선,대방,66501,16802,48917,14188,20230503
202304,신림선,서울지방병무청,60468,22722,63888,24819,20230503
202304,신림선,보라매,85950,21856,78621,19448,20230503
202304,신림선,보라매공원,46212,16268,51228,17518,20230503
202304,신림선,보라매병원,138611,47633,145192,46973,20230503
202304,신림선,관악산(서울대),63684,35209,69063,35595,20230503
202304,안산선,산본,381097,113343,412853,111529,20230503
202304,안산선,수리산,108060,52160,97015,55591,20230503
202304,안산선,정왕,279729,30126,283555,31706,20230503
202304,안산선,신길온천,48423,10834,43682,10667,20230503
202304,안산선,안산,331981,39152,310085,36983,20230503
202304,안산선,초지,137318,19583,138773,19339,20230503
202304,안산선,고잔,236748,38829,225616,37292,20230503
202304,안산선,중앙,502624,67296,532547,65422,20230503
202304,안산선,한대앞,260185,45867,259143,47069,20230503
202304,안산선,상록수,410788,74086,412406,75778,20230503
202304,안산선,반월,97564,33271,93216,32736,20230503
202304,안산선,대야미,121172,36162,105713,33168,20230503
202304,안산선,오이도,220423,40135,218309,39903,20230503
202304,우이신설선,보문,31447,15812,32804,15571,20230503
202304,우이신설선,성신여대입구(돈암),73309,29762,87224,29634,20230503
202304,우이신설선,정릉,96553,48430,84539,45781,20230503
202304,우이신설선,북한산보국문,151042,45952,137635,45458,20230503
202304,우이신설선,솔샘,130935,40734,118922,42506,20230503
202304,우이신설선,삼양사거리,38186,36648,37123,36908,20230503
202304,우이신설선,삼양,32224,27547,32032,30266,20230503
202304,우이신설선,화계,59968,44665,53165,45116,20230503
202304,우이신설선,가오리,75494,51392,71133,52187,20230503
202304,우이신설선,4.19민주묘지,77386,38927,78596,34509,20230503
202304,우이신설선,솔밭공원,48024,30062,41114,31090,20230503
202304,우이신설선,북한산우이,65509,36808,58236,38862,20230503
202304,우이신설선,신설동,35326,30313,36256,26753,20230503
202304,일산선,주엽,182933,89837,179890,92593,20230503
202304,일산선,대화,310029,83062,237422,76210,20230503
202304,일산선,정발산,172419,65030,181455,62582,20230503
202304,일산선,마두,148207,67393,150511,68735,20230503
202304,일산선,백석,209810,72721,210292,71826,20230503
202304,일산선,대곡,49878,12880,37378,11759,20230503
202304,일산선,화정,382192,118793,387962,120767,20230503
202304,일산선,원당,245336,85081,228264,84083,20230503
202304,일산선,삼송,469407,99952,449070,101465,20230503
202304,일산선,지축,15,0,0,0,20230503
202304,일산선,원흥,272381,64864,257499,62085,20230503
202304,장항선,신창(순천향대),73840,8140,71588,7638,20230503
202304,장항선,온양온천,93236,56728,95731,57112,20230503
202304,장항선,배방,32191,7654,31274,7344,20230503
202304,장항선,탕정,36635,5914,32953,5706,20230503
202304,장항선,아산,126783,14801,108445,13891,20230503
202304,장항선,쌍용(나사렛대),72941,15466,70173,14526,20230503
202304,장항선,봉명,27589,10711,26978,10337,20230503
202304,중앙선,상봉(시외버스터미널),134317,43027,133144,41576,20230503
202304,중앙선,중랑,118050,51231,111137,50375,20230503
202304,중앙선,회기,726572,129444,697343,127188,20230503
202304,중앙선,도심,52014,19771,39420,18185,20230503
202304,중앙선,덕소,120001,46953,119781,46719,20230503
202304,중앙선,양정,12117,8542,10011,7427,20230503
202304,중앙선,도농,265925,70106,240402,68181,20230503
202304,중앙선,구리,311657,85635,318352,85714,20230503
202304,중앙선,양원,68358,22334,65866,21980,20230503
202304,중앙선,망우,165749,75420,156397,76999,20230503
202304,중앙선,용문,34713,42629,34477,42294,20230503
202304,중앙선,원덕,7330,8256,6644,7791,20230503
202304,중앙선,양평,64904,37599,66464,38374,20230503
202304,중앙선,오빈,5245,5089,5270,5197,20230503
202304,중앙선,아신,13134,7627,13132,7541,20230503
202304,중앙선,국수,13945,11103,13380,11050,20230503
202304,중앙선,신원,4035,4553,3294,3920,20230503
202304,중앙선,양수,41635,26078,40314,25992,20230503
202304,중앙선,운길산,17584,14705,16743,15124,20230503
202304,중앙선,팔당,22505,10964,24309,10861,20230503
202304,중앙선,지평,918,1230,1184,1280,20230503
202303,1호선,서울역,1349455,223511,1298855,212406,20230403
202303,1호선,시청,669179,108562,673785,107376,20230403
202303,1호선,종각,992515,156932,975393,147033,20230403
202303,1호선,종로3가,516820,338698,464324,313743,20230403
202303,1호선,종로5가,497105,282207,498548,271364,20230403
202303,1호선,동대문,233383,134328,223763,134865,20230403
202303,1호선,신설동,303835,126310,291812,122327,20230403
202303,1호선,제기동,247546,299315,237304,320638,20230403
202303,1호선,청량리(서울시립대입구),365529,275822,359389,273290,20230403
202303,1호선,동묘앞,147036,175816,156142,179572,20230403
202303,2호선,합정,931946,75242,1023245,76608,20230403
202303,2호선,홍대입구,2027453,104002,2165965,100607,20230403
202303,2호선,신촌,1105774,131677,1117870,129608,20230403
202303,2호선,이대,508783,52639,553032,55412,20230403
202303,2호선,아현,270482,69510,252555,68188,20230403
202303,2호선,충정로(경기대입구),249784,51331,268813,51828,20230403
202303,2호선,용답,79039,19767,81401,20175,20230403
202303,2호선,신답,40903,11091,44927,11601,20230403
202303,2호선,신설동,86456,35019,83144,36679,20230403
202303,2호선,도림천,30132,8456,32017,9479,20230403
202303,2호선,양천구청,161801,54977,170050,55955,20230403
202303,2호선,용두(동대문구청),49375,25759,47738,26244,20230403
202303,2호선,신정네거리,242105,77818,249888,79700,20230403
202303,2호선,시청,670095,65798,633443,59673,20230403
202303,2호선,을지로입구,1258308,108987,1296611,101293,20230403
202303,2호선,을지로3가,631036,81539,625437,80172,20230403
202303,2호선,을지로4가,327493,85577,334278,84471,20230403
202303,2호선,동대문역사문화공원(DDP),377886,61893,430085,66869,20230403
202303,2호선,신당,351084,100943,364711,101962,20230403
202303,2호선,상왕십리,367382,72092,348826,72914,20230403
202303,2호선,왕십리(성동구청),464096,55615,393814,49170,20230403
202303,2호선,한양대,394951,14946,449953,15903,20230403
202303,2호선,뚝섬,632157,63592,671557,63811,20230403
202303,2호선,성수,1054570,110515,1174298,112697,20230403
202303,2호선,건대입구,1085894,98661,1139508,102902,20230403
202303,2호선,구의(광진구청),617646,112433,597256,113889,20230403
202303,2호선,강변(동서울터미널),847733,127464,794552,123058,20230403
202303,2호선,잠실나루,354259,93902,343200,93782,20230403
202303,2호선,잠실(송파구청),2092005,227110,2080087,216735,20230403
202303,2호선,잠실새내,578713,119702,573343,119415,20230403
202303,2호선,종합운동장,212738,52502,227597,54622,20230403
202303,2호선,삼성(무역센터),1466935,124517,1488896,115848,20230403
202303,2호선,선릉,1372249,234019,1214123,205410,20230403
202303,2호선,역삼,1299415,156648,1509438,160097,20230403
202303,2호선,강남,2222474,167802,2153324,146766,20230403
202303,2호선,교대(법원.검찰청),809510,169153,931365,194019,20230403
202303,2호선,서초,571427,93965,543488,94490,20230403
202303,2호선,방배,488876,84758,510884,84161,20230403
202303,2호선,사당,1011580,233382,1148276,224984,20230403
202303,2호선,낙성대(강감찬),753095,116087,718709,117554,20230403
202303,2호선,서울대입구(관악구청),1294865,194379,1261926,184663,20230403
202303,2호선,봉천,576863,157995,525543,158836,20230403
202303,2호선,신림,1534995,213710,1477009,210944,20230403
202303,2호선,신대방,654068,138901,627678,141177,20230403
202303,2호선,구로디지털단지,1545127,197470,1529539,198586,20230403
202303,2호선,대림(구로구청),616456,140032,628561,145199,20230403
202303,2호선,신도림,1306855,226993,1301277,215549,20230403
202303,2호선,문래,557838,92739,580182,92534,20230403
202303,2호선,영등포구청,535982,106680,557586,105831,20230403
202303,2호선,당산,515845,65273,598000,71841,20230403
202303,3호선,동대입구,286845,41090,326119,46254,20230403
202303,3호선,지축,159870,33374,157192,32328,20230403
202303,3호선,구파발,523670,130722,510309,126383,20230403
202303,3호선,연신내,812751,276984,768050,266381,20230403
202303,3호선,불광,364952,150729,392349,166777,20230403
202303,3호선,녹번,400212,83357,353850,82500,20230403
202303,3호선,홍제,411766,152314,390091,149441,20230403
202303,3호선,무악재,99208,33768,95974,36562,20230403
202303,3호선,독립문,161270,77336,171396,78774,20230403
202303,3호선,경복궁(정부서울청사),681533,104670,692733,104414,20230403
202303,3호선,안국,700265,111912,737294,117619,20230403
202303,3호선,종로3가,241076,65936,292204,73865,20230403
202303,3호선,을지로3가,281544,54172,287178,52138,20230403
202303,3호선,충무로,45,3,0,0,20230403
202303,3호선,약수,312819,88444,303239,83091,20230403
202303,3호선,금호,190682,58126,172126,56555,20230403
202303,3호선,옥수,215813,66005,219357,65950,20230403
202303,3호선,압구정,816906,148583,897410,146639,20230403
202303,3호선,신사,802525,74654,840977,72896,20230403
202303,3호선,잠원,122302,32336,115749,30911,20230403
202303,3호선,고속터미널,1260865,212669,1209770,203583,20230403
202303,3호선,교대(법원.검찰청),374610,83017,245102,49588,20230403
202303,3호선,남부터미널(예술의전당),794074,131918,808225,133378,20230403
202303,3호선,양재(서초구청),946650,161113,1043824,161559,20230403
202303,3호선,매봉,295478,70359,287559,65340,20230403
202303,3호선,도곡,134905,27428,141750,26946,20230403
202303,3호선,대치,296706,73426,294978,70410,20230403
202303,3호선,학여울,72866,19181,76950,18990,20230403
202303,3호선,대청,251843,64513,234249,62307,20230403
202303,3호선,일원,253570,73422,240454,73113,20230403
202303,3호선,수서,444998,122995,453079,121508,20230403
202303,3호선,가락시장,194620,82432,190226,80421,20230403
202303,3호선,경찰병원,174010,45636,173221,46946,20230403
202303,3호선,오금,160241,33240,144574,32388,20230403
202303,4호선,창동,565595,219171,599895,224371,20230403
202303,4호선,쌍문,713088,181812,649537,180222,20230403
202303,4호선,수유(강북구청),856739,208618,859292,208155,20230403
202303,4호선,미아(서울사이버대학),357974,121086,340684,124449,20230403
202303,4호선,미아사거리,637197,197588,619630,197242,20230403
202303,4호선,길음,558345,130174,557496,130880,20230403
202303,4호선,성신여대입구(돈암),596111,94030,568413,91128,20230403
202303,4호선,한성대입구(삼선교),382052,78434,368162,77801,20230403
202303,4호선,혜화,994475,146875,999667,145692,20230403
202303,4호선,동대문,441550,174641,462315,167446,20230403
202303,4호선,동대문역사문화공원(DDP),493510,65734,427442,58573,20230403
202303,4호선,충무로,770904,123572,787608,125540,20230403
202303,4호선,명동,896817,77982,961974,80701,20230403
202303,4호선,회현(남대문시장),583044,222327,617822,220974,20230403
202303,4호선,서울역,326743,42044,577069,55579,20230403
202303,4호선,숙대입구(갈월),420250,58821,403864,55098,20230403
202303,4호선,삼각지,150520,27468,176782,28760,20230403
202303,4호선,신용산,492647,58192,524418,58807,20230403
202303,4호선,이촌(국립중앙박물관),218402,56255,245159,58929,20230403
202303,4호선,동작(현충원),31269,16133,35202,16657,20230403
202303,4호선,총신대입구(이수),424120,164845,465372,170703,20230403
202303,4호선,사당,734273,112140,635720,114182,20230403
202303,4호선,남태령,34638,9276,27342,8660,20230403
202303,4호선,당고개,207577,80677,177236,79017,20230403
202303,4호선,상계,462793,132306,425024,130323,20230403
202303,4호선,노원,492665,100773,572684,99341,20230403
202303,5호선,을지로4가,145146,46844,151159,45944,20230403
202303,5호선,동대문역사문화공원(DDP),82944,8971,95915,10129,20230403
202303,5호선,청구,91936,27146,88496,22001,20230403
202303,5호선,신금호,154614,41335,158905,46824,20230403
202303,5호선,행당,193579,54434,171002,49463,20230403
202303,5호선,왕십리(성동구청),112567,26283,134410,26349,20230403
202303,5호선,마장,137601,44790,126562,43420,20230403
202303,5호선,답십리,399508,89482,359809,86568,20230403
202303,5호선,장한평,465686,101761,457665,103242,20230403
202303,5호선,군자(능동),313558,47604,349151,49656,20230403
202303,5호선,하남검단산,148114,55435,139937,54602,20230403
202303,5호선,아차산(어린이대공원후문),368040,111392,354516,107998,20230403
202303,5호선,광나루(장신대),354403,80418,328284,78950,20230403
202303,5호선,천호(풍납토성),439278,147308,431599,149998,20230403
202303,5호선,강동,441697,112695,424312,109777,20230403
202303,5호선,길동,165928,79351,173899,81264,20230403
202303,5호선,굽은다리(강동구민회관앞),214938,82193,205870,75956,20230403
202303,5호선,명일,199118,77982,203995,80341,20230403
202303,5호선,고덕,226543,79727,223104,78383,20230403
202303,5호선,상일동,343161,97416,321237,94622,20230403
202303,5호선,둔촌동,203683,70953,202803,71295,20230403
202303,5호선,올림픽공원(한국체대),127876,40384,117165,36464,20230403
202303,5호선,방이,173073,50945,178520,50826,20230403
202303,5호선,오금,87591,22482,87602,21685,20230403
202303,5호선,개롱,146910,52930,153707,54254,20230403
202303,5호선,거여,243686,69425,232381,68266,20230403
202303,5호선,마천,171876,62933,160383,64194,20230403
202303,5호선,강일,122449,43748,109427,42100,20230403
202303,5호선,미사,436264,89145,446689,89071,20230403
202303,5호선,하남시청(덕풍?신장),165058,78379,157224,79211,20230403
202303,5호선,하남풍산,103737,31298,103289,31320,20230403
202303,5호선,방화,152824,56389,145151,54601,20230403
202303,5호선,개화산,132027,42563,125039,42627,20230403
202303,5호선,김포공항,193901,39313,181548,42974,20230403
202303,5호선,송정,144548,52405,134908,50614,20230403
202303,5호선,마곡,272307,46530,277589,44982,20230403
202303,5호선,발산,530234,105778,559531,102550,20230403
202303,5호선,우장산,351209,99978,337251,103683,20230403
202303,5호선,화곡,726936,161599,672551,155705,20230403
202303,5호선,까치산,706818,172891,670492,173375,20230403
202303,5호선,신정(은행정),342925,67184,273902,64832,20230403
202303,5호선,목동,416528,89997,451485,91496,20230403
202303,5호선,오목교(목동운동장앞),569365,95792,613108,95123,20230403
202303,5호선,양평,187755,31784,182893,31708,20230403
202303,5호선,영등포구청,103724,22391,102803,21609,20230403
202303,5호선,영등포시장,252967,82486,261226,84338,20230403
202303,5호선,신길,121295,12921,127178,13462,20230403
202303,5호선,여의도,762294,60519,808624,57929,20230403
202303,5호선,여의나루,440784,36517,495851,36333,20230403
202303,5호선,마포,359789,66087,368432,65716,20230403
202303,5호선,공덕,376556,52359,397709,49216,20230403
202303,5호선,애오개,162526,40859,161619,39446,20230403
202303,5호선,충정로(경기대입구),120443,15106,121483,15410,20230403
202303,5호선,서대문,509375,75749,519554,71660,20230403
202303,5호선,광화문(세종문화회관),855048,97606,909684,97403,20230403
202303,5호선,종로3가,347395,104273,329183,108814,20230403
202303,6호선,버티고개,51782,14831,49728,17570,20230403
202303,6호선,신내,8,1,0,0,20230403
202303,6호선,봉화산(서울의료원),217594,53822,203070,53226,20230403
202303,6호선,화랑대(서울여대입구),335674,52141,254403,47310,20230403
202303,6호선,태릉입구,140567,33121,167518,33004,20230403
202303,6호선,석계,303286,83657,319894,83603,20230403
202303,6호선,돌곶이,240580,63658,219250,63504,20230403
202303,6호선,상월곡(한국과학기술연구원),160760,43483,148214,41723,20230403
202303,6호선,월곡(동덕여대),323644,76311,310102,75206,20230403
202303,6호선,고려대(종암),250792,37794,243466,37544,20230403
202303,6호선,안암(고대병원앞),419713,39927,426979,39317,20230403
202303,6호선,보문,211334,33230,193065,31094,20230403
202303,6호선,창신,93673,19913,80369,19122,20230403
202303,6호선,동묘앞,191676,77192,202006,70266,20230403
202303,6호선,신당,212131,40512,218313,39044,20230403
202303,6호선,청구,94118,21643,90731,24553,20230403
202303,6호선,약수,88824,23547,87979,23582,20230403
202303,6호선,한강진,293895,19355,353076,19309,20230403
202303,6호선,이태원,325981,34259,336139,35452,20230403
202303,6호선,녹사평(용산구청),141046,19573,140684,19255,20230403
202303,6호선,삼각지,207266,21773,180212,17531,20230403
202303,6호선,효창공원앞,189693,42357,180441,39174,20230403
202303,6호선,공덕,479379,81578,468798,76539,20230403
202303,6호선,대흥(서강대앞),242746,51823,255116,51580,20230403
202303,6호선,광흥창(서강),224799,54979,214467,54205,20230403
202303,6호선,상수,294699,22604,343906,23020,20230403
202303,6호선,합정,393982,45096,387845,41598,20230403
202303,6호선,망원,371734,85041,398416,89343,20230403
202303,6호선,마포구청,353949,84077,313957,76208,20230403
202303,6호선,월드컵경기장(성산),115540,58929,140472,57156,20230403
202303,6호선,디지털미디어시티,377541,63265,406098,64948,20230403
202303,6호선,증산(명지대앞),234762,78314,232720,79529,20230403
202303,6호선,새절(신사),304896,94388,277355,94536,20230403
202303,6호선,구산,188869,57727,122861,59814,20230403
202303,6호선,연신내,23,0,0,0,20230403
202303,6호선,독바위,62110,20955,63111,26382,20230403
202303,6호선,불광,98614,44149,100734,36020,20230403
202303,6호선,역촌,79140,34536,100139,33933,20230403
202303,6호선,응암,415297,128040,412954,127526,20230403
202303,7호선,남구로,381549,66013,400970,65376,20230403
202303,7호선,어린이대공원(세종대),504855,50468,521366,50154,20230403
202303,7호선,군자(능동),379868,86616,287601,75069,20230403
202303,7호선,중곡,263830,67467,240945,67790,20230403
202303,7호선,용마산(용마폭포공원),144094,38927,138896,42048,20230403
202303,7호선,사가정,396599,107633,393024,108468,20230403
202303,7호선,면목,389719,104067,367164,106481,20230403
202303,7호선,상봉(시외버스터미널),443635,79293,426395,76355,20230403
202303,7호선,중화,262006,68944,256138,69255,20230403
202303,7호선,먹골,243390,72248,235822,74192,20230403
202303,7호선,태릉입구,249733,49669,235660,46811,20230403
202303,7호선,공릉(서울과학기술대),314056,76821,306384,77507,20230403
202303,7호선,하계,442726,120520,412972,117287,20230403
202303,7호선,중계,354290,102129,317728,98166,20230403
202303,7호선,노원,485950,135068,517032,137047,20230403
202303,7호선,마들,307766,95391,282349,93019,20230403
202303,7호선,수락산,289600,110157,283482,111852,20230403
202303,7호선,도봉산,231209,54639,264093,78631,20230403
202303,7호선,장암,65644,12542,25953,9032,20230403
202303,7호선,굴포천,1,0,0,0,20230403
202303,7호선,상동,1,0,0,0,20230403
202303,7호선,부천시청,3,0,0,0,20230403
202303,7호선,신중동,2,0,0,0,20230403
202303,7호선,까치울,1,0,0,0,20230403
202303,7호선,온수(성공회대입구),275656,43581,255996,41580,20230403
202303,7호선,천왕,286050,61887,268684,61712,20230403
202303,7호선,광명사거리,493764,160693,478316,166381,20230403
202303,7호선,철산,546427,107067,554452,106687,20230403
202303,7호선,가산디지털단지,1118392,98700,1127743,92929,20230403
202303,7호선,대림(구로구청),227086,43105,229538,41621,20230403
202303,7호선,신풍,273531,78504,253911,77269,20230403
202303,7호선,보라매,182463,34544,187307,36404,20230403
202303,7호선,신대방삼거리,368289,95116,342553,97684,20230403
202303,7호선,장승배기,205805,72618,198950,74105,20230403
202303,7호선,상도,321551,67760,319499,64318,20230403
202303,7호선,숭실대입구(살피재),423808,69142,428255,71739,20230403
202303,7호선,남성,277655,78720,253440,77563,20230403
202303,7호선,이수,403552,81447,387903,78560,20230403
202303,7호선,내방,359675,79096,369968,77046,20230403
202303,7호선,고속터미널,453459,79223,363784,69777,20230403
202303,7호선,반포,151907,39388,147519,37737,20230403
202303,7호선,논현,488537,46166,507540,45322,20230403
202303,7호선,학동,622970,67965,667311,65485,20230403
202303,7호선,강남구청,433211,56137,484667,57754,20230403
202303,7호선,청담,495226,82787,554770,79852,20230403
202303,7호선,뚝섬유원지,278518,48632,268031,48219,20230403
202303,7호선,건대입구,372040,60665,400307,55261,20230403
202303,8호선,몽촌토성(평화의문),161860,37676,171051,36752,20230403
202303,8호선,강동구청,244064,69771,252189,70356,20230403
202303,8호선,천호(풍납토성),364310,90966,434946,87309,20230403
202303,8호선,석촌,185912,55683,226708,60149,20230403
202303,8호선,암사,459759,113131,395229,111202,20230403
202303,8호선,문정,538110,65520,567558,65426,20230403
202303,8호선,장지,447148,90285,418651,85314,20230403
202303,8호선,복정,255143,43144,210510,38268,20230403
202303,8호선,산성,132871,35110,129989,38440,20230403
202303,8호선,남한산성입구(성남법원.검찰청),369640,86552,335979,83106,20230403
202303,8호선,단대오거리,308706,84341,290268,81709,20230403
202303,8호선,신흥,115778,44862,121515,46713,20230403
202303,8호선,수진,119966,50332,108677,49927,20230403
202303,8호선,모란,96401,64801,80683,49094,20230403
202303,8호선,남위례,168338,35346,175618,34899,20230403
202303,8호선,잠실(송파구청),397323,81368,475888,79845,20230403
202303,8호선,송파,208452,66101,202593,65685,20230403
202303,8호선,가락시장,167817,66380,191196,67519,20230403
202303,9호선,마곡나루(서울식물원),347951,37160,341072,36105,20230403
202303,9호선,개화,69671,14179,42763,11361,20230403
202303,9호선,김포공항,202289,21819,292339,26608,20230403
202303,9호선,공항시장,64519,24603,68957,26175,20230403
202303,9호선,신방화,160950,50865,155098,50693,20230403
202303,9호선,양천향교,248343,48137,253196,48131,20230403
202303,9호선,가양,523289,144024,507427,140471,20230403
202303,9호선,증미,181839,36494,169984,36740,20230403
202303,9호선,등촌,259920,88091,242178,88034,20230403
202303,9호선,염창,461363,78914,443424,78045,20230403
202303,9호선,신목동,106236,24553,89993,23233,20230403
202303,9호선,선유도,223134,30423,208669,29183,20230403
202303,9호선,당산,513928,72195,516654,67218,20230403
202303,9호선,국회의사당,405915,64028,430310,56968,20230403
202303,9호선,여의도,767763,54916,745855,50097,20230403
202303,9호선,샛강,154535,30727,154485,30697,20230403
202303,9호선,노량진,697012,92219,681144,92759,20230403
202303,9호선,노들,111510,35179,88556,32141,20230403
202303,9호선,흑석(중앙대입구),255246,60187,255476,61316,20230403
202303,9호선,동작(현충원),45922,14595,36503,13034,20230403
202303,9호선,구반포,21842,9554,22877,9752,20230403
202303,9호선,신반포,91486,25643,91443,25648,20230403
202303,9호선,고속터미널,380990,68246,527912,80343,20230403
202303,9호선,사평,91450,24599,87819,24559,20230403
202303,9호선,신논현,877754,57799,862264,55933,20230403
202303,9호선2~3단계,송파나루,134127,31029,143909,31961,20230403
202303,9호선2~3단계,한성백제,66781,18014,60123,16209,20230403
202303,9호선2~3단계,올림픽공원(한국체대),249250,33404,257915,33687,20230403
202303,9호선2~3단계,둔촌오륜,28881,7353,26988,7861,20230403
202303,9호선2~3단계,중앙보훈병원,253938,83974,215930,81956,20230403
202303,9호선2~3단계,언주,284719,31590,291042,31437,20230403
202303,9호선2~3단계,선정릉,259069,29166,287278,30705,20230403
202303,9호선2~3단계,삼성중앙,189243,28964,196491,28185,20230403
202303,9호선2~3단계,봉은사,534657,62027,557914,59648,20230403
202303,9호선2~3단계,종합운동장,120585,22633,119291,20991,20230403
202303,9호선2~3단계,삼전,181301,41382,170513,40208,20230403
202303,9호선2~3단계,석촌고분,164480,41542,158310,41435,20230403
202303,9호선2~3단계,석촌,242709,41783,218991,36738,20230403
202303,경강선,부발,60922,10591,58837,10434,20230403
202303,경강선,세종대왕릉,7600,4460,7684,4511,20230403
202303,경강선,여주,67558,19422,66594,19113,20230403
202303,경강선,판교,146411,19982,147248,17326,20230403
202303,경강선,이매,30726,8024,24507,7469,20230403
202303,경강선,삼동,61091,14331,55249,14588,20230403
202303,경강선,경기광주,215939,37420,201820,36567,20230403
202303,경강선,초월,86322,16707,80516,16486,20230403
202303,경강선,곤지암,58369,16310,56471,16302,20230403
202303,경강선,신둔도예촌,41986,9850,38903,9618,20230403
202303,경강선,이천,73569,16379,77828,17508,20230403
202303,경부선,병점,454697,75090,458944,74654,20230403
202303,경부선,세마,80792,16899,76960,15806,20230403
202303,경부선,오산대,112936,18960,104170,18012,20230403
202303,경부선,오산,291809,52370,292676,53514,20230403
202303,경부선,진위,47275,11150,39932,10425,20230403
202303,경부선,송탄,131563,22880,129694,22543,20230403
202303,경부선,서정리,251709,37417,227324,35901,20230403
202303,경부선,평택지제,131229,14329,126128,14082,20230403
202303,경부선,평택,388510,74119,394964,72417,20230403
202303,경부선,성환,174327,22520,166048,22400,20230403
202303,경부선,서울역,258873,15954,77870,3463,20230403
202303,경부선,남영,273147,40378,289964,41500,20230403
202303,경부선,용산,1108115,142449,1116626,141002,20230403
202303,경부선,노량진,231734,45964,232379,43624,20230403
202303,경부선,대방,272269,64821,299708,66434,20230403
202303,경부선,영등포,1021094,291568,1055715,291390,20230403
202303,경부선,신도림,93555,26957,94357,31711,20230403
202303,경부선,신길,230131,50648,189930,47037,20230403
202303,경부선,구로,444208,106206,462195,103256,20230403
202303,경부선,가산디지털단지,458721,40222,538325,44654,20230403
202303,경부선,금천구청,273833,89737,273266,90906,20230403
202303,경부선,석수,239456,54104,216912,51621,20230403
202303,경부선,관악,187282,60926,171806,58366,20230403
202303,경부선,안양,686758,131769,682518,135217,20230403
202303,경부선,명학,244882,46055,240133,45229,20230403
202303,경부선,금정,732668,134121,745641,135262,20230403
202303,경부선,군포,184007,40684,177248,39789,20230403
202303,경부선,의왕,243445,48039,238650,47738,20230403
202303,경부선,성균관대,438608,60554,433395,61238,20230403
202303,경부선,화서,218901,50181,209406,48880,20230403
202303,경부선,수원,1108665,159671,1174070,163828,20230403
202303,경부선,독산,458994,72668,467352,74968,20230403
202303,경부선,세류,85948,17816,78297,17294,20230403
202303,경부선,직산,25060,5760,24672,5596,20230403
202303,경부선,두정,244616,27123,263906,27552,20230403
202303,경부선,천안,197343,57926,178396,58285,20230403
202303,경부선,당정,175313,34390,166050,33071,20230403
202303,경부선,서동탄,36505,8379,33196,8111,20230403
202303,경부선,광명,105725,11098,88523,10312,20230403
202303,경원선,동두천,55148,25039,57354,29625,20230403
202303,경원선,이촌(국립중앙박물관),94000,32580,70654,27555,20230403
202303,경원선,서빙고,51430,19111,48781,18152,20230403
202303,경원선,한남,93596,32175,89631,30017,20230403
202303,경원선,옥수,1725,158,1237,97,20230403
202303,경원선,응봉,48162,22424,45777,22473,20230403
202303,경원선,왕십리(성동구청),451648,74325,456032,77330,20230403
202303,경원선,청량리(서울시립대입구),375849,155918,380895,162492,20230403
202303,경원선,외대앞,275911,46625,274391,48569,20230403
202303,경원선,신이문,187617,73147,168532,71087,20230403
202303,경원선,석계,188559,65691,210829,70472,20230403
202303,경원선,광운대,226844,57410,219726,56549,20230403
202303,경원선,월계,175983,66002,161309,63482,20230403
202303,경원선,녹천,101861,39905,83302,36225,20230403
202303,경원선,창동,14,5,0,0,20230403
202303,경원선,방학,197300,116132,190252,114229,20230403
202303,경원선,도봉,108495,75856,100659,75085,20230403
202303,경원선,도봉산,142846,129385,82643,102714,20230403
202303,경원선,망월사,212455,75833,212676,77795,20230403
202303,경원선,회룡,242522,158737,240851,156910,20230403
202303,경원선,의정부,476363,121538,497097,124560,20230403
202303,경원선,가능,149557,61452,141619,60589,20230403
202303,경원선,녹양,104244,41589,99252,39839,20230403
202303,경원선,양주,188104,59513,173948,57188,20230403
202303,경원선,소요산,32799,61517,26029,55355,20230403
202303,경원선,덕계,101073,29572,88445,28278,20230403
202303,경원선,덕정,158013,38828,148553,38689,20230403
202303,경원선,지행,165057,48760,165369,48332,20230403
202303,경원선,동두천중앙,59797,37844,57323,37447,20230403
202303,경원선,보산,36071,14605,32855,13874,20230403
202303,경의선,강매,82102,20257,69889,19140,20230403
202303,경의선,신촌,25489,3668,33594,4452,20230403
202303,경의선,효창공원앞,82820,16172,88358,17830,20230403
202303,경의선,서강대,62670,12134,62489,11641,20230403
202303,경의선,가좌,138685,50167,129509,50211,20230403
202303,경의선,수색,65069,16155,70473,16107,20230403
202303,경의선,화전,88504,10276,82407,10056,20230403
202303,경의선,행신,219274,38580,219414,39189,20230403
202303,경의선,능곡,94596,32555,83688,32126,20230403
202303,경의선,곡산,13537,5648,14008,5771,20230403
202303,경의선,백마,180793,38354,170617,38201,20230403
202303,경의선,풍산,139544,40525,130385,39288,20230403
202303,경의선,일산,242444,67517,233667,67895,20230403
202303,경의선,탄현,203160,43161,190914,42329,20230403
202303,경의선,야당,218645,43072,224391,42481,20230403
202303,경의선,운정,176312,43911,160909,42446,20230403
202303,경의선,금릉,131803,30963,127991,30546,20230403
202303,경의선,금촌,160191,49912,154442,50453,20230403
202303,경의선,월롱,71417,9292,61468,9726,20230403
202303,경의선,파주,37775,7842,26925,6601,20230403
202303,경의선,문산,121717,45624,119648,45593,20230403
202303,경의선,임진강,475,438,363,388,20230403
202303,경의선,운천,70,145,40,139,20230403
202303,경의선,서울역,113130,18173,142718,21735,20230403
202303,경의선,공덕,102962,15748,84946,14977,20230403
202303,경의선,홍대입구,59476,6094,74736,6831,20230403
202303,경의선,디지털미디어시티,77407,13646,69532,14010,20230403
202303,경의선,김포공항,2,1,0,0,20230403
202303,경의선,계양,6,0,0,0,20230403
202303,경인선,도화,88957,42192,78477,40727,20230403
202303,경인선,도원,75716,31592,74425,34031,20230403
202303,경인선,간석,135283,47616,126876,46042,20230403
202303,경인선,부개,203364,71991,185736,70201,20230403
202303,경인선,소사,199270,68598,197168,69459,20230403
202303,경인선,구일,189744,49260,186671,48144,20230403
202303,경인선,인천,87115,41910,65276,37965,20230403
202303,경인선,동인천,321412,129391,304636,124644,20230403
202303,경인선,제물포,273879,69575,257285,68550,20230403
202303,경인선,주안,522402,96133,471731,85660,20230403
202303,경인선,동암,388201,112969,387721,114296,20230403
202303,경인선,백운,151543,63076,145750,63685,20230403
202303,경인선,부평,759756,154008,821327,156265,20230403
202303,경인선,송내,699186,133902,692559,132960,20230403
202303,경인선,부천,802000,226480,802462,229189,20230403
202303,경인선,역곡,729262,165291,713192,169147,20230403
202303,경인선,오류동,272581,98651,247139,97175,20230403
202303,경인선,개봉,518251,169821,493151,175311,20230403
202303,경인선,온수(성공회대입구),163412,54067,152736,52569,20230403
202303,경인선,중동,212387,77182,193942,75295,20230403
202303,경춘선,남춘천,72247,27229,70947,28529,20230403
202303,경춘선,신내,50080,19893,46649,19557,20230403
202303,경춘선,갈매,71742,22275,60720,20934,20230403
202303,경춘선,별내,76788,23396,72464,22166,20230403
202303,경춘선,퇴계원,81456,30639,73511,29491,20230403
202303,경춘선,사릉,56628,17785,54496,17742,20230403
202303,경춘선,금곡,32218,17796,30103,16978,20230403
202303,경춘선,평내호평,151913,50781,150673,49022,20230403
202303,경춘선,천마산,33512,19914,30288,20008,20230403
202303,경춘선,마석,92012,37923,90116,37866,20230403
202303,경춘선,대성리,22292,7024,24533,6597,20230403
202303,경춘선,청평,35584,19715,35189,19637,20230403
202303,경춘선,상천,5364,5554,4882,5222,20230403
202303,경춘선,가평,39637,16160,39885,15819,20230403
202303,경춘선,굴봉산,1625,2331,1748,2223,20230403
202303,경춘선,백양리,2361,1202,1972,1242,20230403
202303,경춘선,강촌,12289,4897,11695,5083,20230403
202303,경춘선,김유정,7922,4623,9131,4811,20230403
202303,경춘선,춘천,44968,17789,39381,14514,20230403
202303,공항철도 1호선,청라국제도시,194715,14503,184596,14503,20230403
202303,공항철도 1호선,서울역,345128,36643,291389,32263,20230403
202303,공항철도 1호선,공덕,69536,8729,96104,10788,20230403
202303,공항철도 1호선,홍대입구,402194,20549,400956,18734,20230403
202303,공항철도 1호선,디지털미디어시티,383441,29465,356717,27668,20230403
202303,공항철도 1호선,마곡나루(서울식물원),276157,17742,267198,18250,20230403
202303,공항철도 1호선,김포공항,301027,27876,174393,18672,20230403
202303,공항철도 1호선,계양,346718,36767,320297,34626,20230403
202303,공항철도 1호선,검암,181361,18407,180738,18645,20230403
202303,공항철도 1호선,운서,233611,32199,244445,32279,20230403
202303,공항철도 1호선,공항화물청사,54758,9676,58081,9479,20230403
202303,공항철도 1호선,인천공항1터미널,356315,32941,316284,30214,20230403
202303,공항철도 1호선,인천공항2터미널,125592,12689,105306,11290,20230403
202303,공항철도 1호선,영종,95473,23454,95979,23196,20230403
202303,과천선,인덕원,644158,129347,653853,131498,20230403
202303,과천선,평촌,459532,72676,445814,72803,20230403
202303,과천선,범계,710096,122344,716395,120306,20230403
202303,과천선,경마공원,105386,74820,108229,74639,20230403
202303,과천선,대공원,73954,50333,77707,52570,20230403
202303,과천선,선바위,210645,39666,180816,38792,20230403
202303,과천선,과천,155878,49166,143336,46373,20230403
202303,과천선,정부과천청사,268024,58673,277036,58646,20230403
202303,분당선,영통,259703,35278,262433,35055,20230403
202303,분당선,망포,432070,43809,413443,42996,20230403
202303,분당선,매탄권선,144800,24650,140042,23525,20230403
202303,분당선,수원시청,361827,50146,400607,51808,20230403
202303,분당선,매교,122790,26076,120928,26141,20230403
202303,분당선,미금,349337,114961,370655,122624,20230403
202303,분당선,정자,480710,78960,505389,80713,20230403
202303,분당선,수내,343884,86337,341257,84604,20230403
202303,분당선,서현,616604,136470,628015,131695,20230403
202303,분당선,야탑,625811,174350,667679,175282,20230403
202303,분당선,모란,469074,193979,467440,210238,20230403
202303,분당선,태평,319363,99846,298056,105462,20230403
202303,분당선,가천대,351658,30508,367993,31261,20230403
202303,분당선,선정릉,187909,34505,200032,33933,20230403
202303,분당선,강남구청,243534,43287,281754,46149,20230403
202303,분당선,압구정로데오,557670,51198,632385,49462,20230403
202303,분당선,서울숲,354446,35271,367255,33515,20230403
202303,분당선,수원,236084,35517,201464,31489,20230403
202303,분당선,복정,15,0,0,0,20230403
202303,분당선,수서,372084,75628,382720,78596,20230403
202303,분당선,대모산입구,124148,36867,112959,36504,20230403
202303,분당선,오리,271544,80122,221941,69234,20230403
202303,분당선,개포동,105555,35913,108716,36688,20230403
202303,분당선,이매,142439,45275,133854,44886,20230403
202303,분당선,선릉,326147,47789,506087,63760,20230403
202303,분당선,한티,402591,75656,424501,77478,20230403
202303,분당선,구룡,60610,18424,56338,18256,20230403
202303,분당선,도곡,170301,56632,162975,52773,20230403
202303,분당선,보정,60705,23271,53368,22131,20230403
202303,분당선,죽전,379986,76752,420496,81585,20230403
202303,분당선,구성,117793,41444,124782,41770,20230403
202303,분당선,신갈,112702,33300,110670,33548,20230403
202303,분당선,기흥,290868,46680,274979,46114,20230403
202303,분당선,상갈,139514,35278,134244,34201,20230403
202303,분당선,청명,116543,22590,111779,22493,20230403
202303,수인선,신포,44286,15539,45155,15617,20230403
202303,수인선,고색,131030,19638,128121,18202,20230403
202303,수인선,오목천,130073,17271,109879,16555,20230403
202303,수인선,어천,28397,7030,26640,7545,20230403
202303,수인선,야목,9367,2516,7294,2191,20230403
202303,수인선,사리,141837,21305,121023,19632,20230403
202303,수인선,달월,1741,1218,1439,648,20230403
202303,수인선,월곶,71430,18639,65404,18070,20230403
202303,수인선,소래포구,113210,61681,105713,60314,20230403
202303,수인선,인천논현,134967,36910,146474,37409,20230403
202303,수인선,호구포,99654,23789,102104,23643,20230403
202303,수인선,남동인더스파크,52917,7192,59593,7562,20230403
202303,수인선,원인재,105385,35087,109515,35181,20230403
202303,수인선,연수,116881,33995,114957,33743,20230403
202303,수인선,송도,56416,25683,49861,24643,20230403
202303,수인선,인하대,212775,31584,202228,30143,20230403
202303,수인선,숭의,94697,32307,87123,30904,20230403
202303,수인선,인천,21763,13914,38115,18564,20230403
202303,신림선,보라매공원,44670,16414,48611,17765,20230403
202303,신림선,보라매병원,143949,49031,152463,48424,20230403
202303,신림선,당곡,95648,36834,93488,36365,20230403
202303,신림선,신림,35761,15762,54139,18859,20230403
202303,신림선,샛강,64347,14582,80015,14445,20230403
202303,신림선,대방,67762,17451,50106,14857,20230403
202303,신림선,서울지방병무청,64516,23401,67908,25764,20230403
202303,신림선,보라매,86855,23300,79459,20370,20230403
202303,신림선,관악산(서울대),66794,37582,71624,38637,20230403
202303,신림선,서울대벤처타운,211830,64100,190648,64005,20230403
202303,신림선,서원,79441,23235,63911,23014,20230403
202303,안산선,오이도,230379,40467,228394,40286,20230403
202303,안산선,신길온천,50077,10997,45168,10730,20230403
202303,안산선,정왕,294992,31396,299091,33293,20230403
202303,안산선,안산,334398,40941,308584,38203,20230403
202303,안산선,초지,140394,19709,141377,19568,20230403
202303,안산선,고잔,243940,40324,231295,38776,20230403
202303,안산선,중앙,529024,70059,563370,68390,20230403
202303,안산선,한대앞,278252,47195,276325,48425,20230403
202303,안산선,상록수,431975,76679,436055,78305,20230403
202303,안산선,반월,102996,34362,97887,33731,20230403
202303,안산선,대야미,125076,34754,110254,32519,20230403
202303,안산선,산본,391565,111295,430226,112626,20230403
202303,안산선,수리산,94238,33491,75325,32417,20230403
202303,우이신설선,화계,63813,47200,56954,47629,20230403
202303,우이신설선,삼양,33630,29189,33641,32086,20230403
202303,우이신설선,삼양사거리,39586,39500,38634,39635,20230403
202303,우이신설선,솔샘,139305,42968,126520,44824,20230403
202303,우이신설선,북한산보국문,161277,49187,148226,48909,20230403
202303,우이신설선,정릉,101213,51441,89633,48979,20230403
202303,우이신설선,성신여대입구(돈암),80171,32391,95548,31443,20230403
202303,우이신설선,보문,33495,16695,33992,16349,20230403
202303,우이신설선,신설동,38069,32816,38527,28780,20230403
202303,우이신설선,가오리,79496,54522,74858,55226,20230403
202303,우이신설선,4.19민주묘지,84931,40943,85036,36347,20230403
202303,우이신설선,솔밭공원,50642,31986,43460,33290,20230403
202303,우이신설선,북한산우이,65814,38757,58614,41044,20230403
202303,일산선,마두,156122,72008,158636,73023,20230403
202303,일산선,백석,220287,76656,222032,75585,20230403
202303,일산선,대곡,52430,12801,39336,11817,20230403
202303,일산선,화정,402724,125188,409994,127931,20230403
202303,일산선,원당,259410,87592,241597,85976,20230403
202303,일산선,삼송,498718,105650,476606,106933,20230403
202303,일산선,지축,17,0,0,0,20230403
202303,일산선,원흥,286285,67339,271368,64757,20230403
202303,일산선,정발산,165932,55601,177028,52588,20230403
202303,일산선,대화,318945,87099,242207,79944,20230403
202303,일산선,주엽,191417,94313,188060,97444,20230403
202303,장항선,배방,33669,7762,33076,7460,20230403
202303,장항선,탕정,38801,6151,34413,5760,20230403
202303,장항선,아산,135706,14909,115791,13926,20230403
202303,장항선,쌍용(나사렛대),79641,16038,75792,15165,20230403
202303,장항선,봉명,29497,11348,28933,10940,20230403
202303,장항선,신창(순천향대),83997,7931,78479,7465,20230403
202303,장항선,온양온천,94865,60912,97762,61388,20230403
202303,중앙선,상봉(시외버스터미널),138183,44259,136588,42926,20230403
202303,중앙선,지평,872,1134,1268,1158,20230403
202303,중앙선,용문,33567,38996,32676,38784,20230403
202303,중앙선,원덕,6060,7153,5623,6945,20230403
202303,중앙선,양평,64398,36640,66169,36969,20230403
202303,중앙선,오빈,5248,4899,5225,5137,20230403
202303,중앙선,아신,13055,6904,12618,6715,20230403
202303,중앙선,국수,14284,10428,13711,10681,20230403
202303,중앙선,신원,3721,4140,3361,3559,20230403
202303,중앙선,양수,40046,25383,39596,25016,20230403
202303,중앙선,운길산,16182,12561,14957,12983,20230403
202303,중앙선,팔당,21846,10643,22891,10375,20230403
202303,중앙선,도심,55199,20168,41766,18423,20230403
202303,중앙선,덕소,125116,49324,126540,49086,20230403
202303,중앙선,양정,12637,7686,10321,6818,20230403
202303,중앙선,도농,282929,73925,256198,71404,20230403
202303,중앙선,구리,328114,91046,338106,91506,20230403
202303,중앙선,양원,72499,23147,69421,22834,20230403
202303,중앙선,망우,170678,78223,161810,79452,20230403
202303,중앙선,중랑,123198,53123,115782,52079,20230403
202303,중앙선,회기,785695,136214,755726,133329,20230403
202302,1호선,종로5가,440520,238125,440031,229346,20230303
202302,1호선,동대문,203174,113345,193753,112857,20230303
202302,1호선,신설동,260818,111587,254274,107535,20230303
202302,1호선,제기동,220559,259286,212160,277782,20230303
202302,1호선,청량리(서울시립대입구),307649,239405,304860,236513,20230303
202302,1호선,동묘앞,122760,146547,130605,149164,20230303
202302,1호선,서울역,1249188,189394,1200852,179379,20230303
202302,1호선,시청,586202,87441,598377,84167,20230303
202302,1호선,종각,916978,135260,900438,128068,20230303
202302,1호선,종로3가,463092,296614,422317,274619,20230303
202302,2호선,잠실새내,511176,103873,509049,104357,20230303
202302,2호선,종합운동장,172371,39974,191499,41807,20230303
202302,2호선,삼성(무역센터),1364566,109406,1377939,101497,20230303
202302,2호선,선릉,1258668,205720,1108299,180182,20230303
202302,2호선,역삼,1207249,136689,1382107,139243,20230303
202302,2호선,강남,2115103,151412,2067847,133228,20230303
202302,2호선,시청,603886,56467,574949,50614,20230303
202302,2호선,을지로입구,1117701,95387,1144180,89220,20230303
202302,2호선,을지로3가,559224,71963,557192,70472,20230303
202302,2호선,을지로4가,287713,75682,295232,75353,20230303
202302,2호선,동대문역사문화공원(DDP),299618,52014,340535,55858,20230303
202302,2호선,교대(법원.검찰청),728153,147941,829756,169227,20230303
202302,2호선,신당,302983,89277,319533,90495,20230303
202302,2호선,상왕십리,319814,62485,305573,63334,20230303
202302,2호선,서초,519507,81948,491298,81590,20230303
202302,2호선,방배,353215,72276,368477,71928,20230303
202302,2호선,사당,904657,202208,1028914,193251,20230303
202302,2호선,낙성대(강감찬),649451,101001,618110,102000,20230303
202302,2호선,서울대입구(관악구청),1110055,169957,1063821,158538,20230303
202302,2호선,봉천,514951,138377,471548,139771,20230303
202302,2호선,신림,1372341,187032,1323380,185405,20230303
202302,2호선,신대방,575832,117499,549999,119526,20230303
202302,2호선,구로디지털단지,1398543,174566,1388292,176493,20230303
202302,2호선,대림(구로구청),545454,120642,554641,125032,20230303
202302,2호선,신도림,1185168,201432,1177208,190952,20230303
202302,2호선,문래,506102,82280,524805,82241,20230303
202302,2호선,영등포구청,488789,93274,504914,93079,20230303
202302,2호선,당산,438379,56121,511479,61753,20230303
202302,2호선,합정,864608,64906,954001,65314,20230303
202302,2호선,홍대입구,1826125,90954,1942785,87709,20230303
202302,2호선,신촌,900881,116589,917241,114574,20230303
202302,2호선,이대,342778,46283,367763,48708,20230303
202302,2호선,아현,222919,60491,206635,59431,20230303
202302,2호선,충정로(경기대입구),221835,45526,237615,45686,20230303
202302,2호선,용답,58999,16061,57517,16007,20230303
202302,2호선,신답,36167,9414,40172,9856,20230303
202302,2호선,신설동,73324,30829,71862,32416,20230303
202302,2호선,도림천,26879,7226,28424,8263,20230303
202302,2호선,양천구청,140320,47482,146733,48211,20230303
202302,2호선,용두(동대문구청),43091,21768,41988,22455,20230303
202302,2호선,신정네거리,212858,67403,219402,69335,20230303
202302,2호선,왕십리(성동구청),384354,49527,341797,43188,20230303
202302,2호선,한양대,181740,12737,200094,13282,20230303
202302,2호선,뚝섬,558853,54836,593553,55287,20230303
202302,2호선,성수,982582,98470,1079958,99812,20230303
202302,2호선,건대입구,947004,86577,1009896,90060,20230303
202302,2호선,구의(광진구청),551482,99951,535706,100902,20230303
202302,2호선,강변(동서울터미널),788824,110687,744138,106819,20230303
202302,2호선,잠실나루,307657,80508,296019,80074,20230303
202302,2호선,잠실(송파구청),2014270,191556,1985212,183734,20230303
202302,3호선,고속터미널,1180211,185185,1140283,176348,20230303
202302,3호선,오금,139363,28641,125559,27267,20230303
202302,3호선,경찰병원,156405,40930,154749,41938,20230303
202302,3호선,가락시장,175248,71432,171399,69498,20230303
202302,3호선,수서,394836,105149,404028,103785,20230303
202302,3호선,일원,217410,62702,207027,62672,20230303
202302,3호선,대청,213041,56605,200676,55143,20230303
202302,3호선,학여울,50462,18430,52648,18473,20230303
202302,3호선,대치,271902,64048,266294,61700,20230303
202302,3호선,도곡,114285,25117,116952,23365,20230303
202302,3호선,매봉,262097,60496,252302,56294,20230303
202302,3호선,양재(서초구청),844419,141603,935289,142169,20230303
202302,3호선,남부터미널(예술의전당),732741,115665,741279,116637,20230303
202302,3호선,교대(법원.검찰청),322294,71153,209571,42476,20230303
202302,3호선,옥수,186213,55866,192698,56137,20230303
202302,3호선,잠원,102676,27904,99058,26713,20230303
202302,3호선,신사,755201,66988,784035,65193,20230303
202302,3호선,압구정,754825,128518,825634,126714,20230303
202302,3호선,지축,136902,28965,133301,27980,20230303
202302,3호선,구파발,457952,112725,444805,108958,20230303
202302,3호선,연신내,716205,233362,683480,225337,20230303
202302,3호선,불광,312067,130313,335112,144190,20230303
202302,3호선,녹번,341573,73205,302381,72332,20230303
202302,3호선,홍제,343554,132246,323039,130752,20230303
202302,3호선,무악재,86471,29629,81023,31679,20230303
202302,3호선,독립문,136959,63603,140557,63920,20230303
202302,3호선,경복궁(정부서울청사),529365,82861,536762,81268,20230303
202302,3호선,안국,593719,93180,619244,97624,20230303
202302,3호선,종로3가,211445,55351,260063,62321,20230303
202302,3호선,을지로3가,248106,47950,259978,45799,20230303
202302,3호선,충무로,46,2,0,0,20230303
202302,3호선,동대입구,198860,34523,215661,38390,20230303
202302,3호선,약수,272540,77328,265870,72851,20230303
202302,3호선,금호,166630,50388,150522,49349,20230303
202302,4호선,당고개,179740,69742,155028,68515,20230303
202302,4호선,노원,434304,86148,505481,85475,20230303
202302,4호선,창동,493508,190658,523439,195561,20230303
202302,4호선,쌍문,621547,158631,567008,157028,20230303
202302,4호선,수유(강북구청),741731,180911,748939,180714,20230303
202302,4호선,미아(서울사이버대학),292707,106035,277662,108356,20230303
202302,4호선,미아사거리,561645,171349,549225,171574,20230303
202302,4호선,길음,446102,112106,432307,112606,20230303
202302,4호선,성신여대입구(돈암),463029,80363,449232,77919,20230303
202302,4호선,한성대입구(삼선교),281936,67489,273638,66832,20230303
202302,4호선,혜화,881661,124631,886589,122957,20230303
202302,4호선,동대문,378887,141046,398274,136473,20230303
202302,4호선,동대문역사문화공원(DDP),404323,57157,354470,51022,20230303
202302,4호선,충무로,584730,108522,611205,109487,20230303
202302,4호선,명동,649984,65600,695586,67782,20230303
202302,4호선,회현(남대문시장),501111,181999,528293,181508,20230303
202302,4호선,서울역,280733,35989,524818,47089,20230303
202302,4호선,숙대입구(갈월),316813,51548,308786,48251,20230303
202302,4호선,삼각지,140561,23686,165260,25331,20230303
202302,4호선,신용산,453394,50617,478139,50749,20230303
202302,4호선,이촌(국립중앙박물관),233105,47600,254746,50128,20230303
202302,4호선,동작(현충원),23110,12470,26671,13125,20230303
202302,4호선,총신대입구(이수),373047,141786,412018,147446,20230303
202302,4호선,사당,646905,96481,552712,99444,20230303
202302,4호선,남태령,28490,7740,22206,7184,20230303
202302,4호선,상계,397209,112979,364234,110932,20230303
202302,5호선,마장,114861,39680,105824,38592,20230303
202302,5호선,하남검단산,130880,47658,123157,46920,20230303
202302,5호선,하남시청(덕풍?신장),141773,66545,134710,67626,20230303
202302,5호선,하남풍산,90319,27115,90440,27354,20230303
202302,5호선,미사,391039,75919,398663,76195,20230303
202302,5호선,강일,105498,37176,94745,35466,20230303
202302,5호선,마천,145033,54287,137980,55854,20230303
202302,5호선,거여,207530,60388,197277,59010,20230303
202302,5호선,개롱,125503,46083,131526,47391,20230303
202302,5호선,오금,74257,19492,74413,19025,20230303
202302,5호선,방이,154498,44088,156959,44252,20230303
202302,5호선,올림픽공원(한국체대),86645,33526,74677,30325,20230303
202302,5호선,둔촌동,174731,61370,175003,61732,20230303
202302,5호선,상일동,303916,84465,284761,82621,20230303
202302,5호선,고덕,193910,68176,192945,67416,20230303
202302,5호선,명일,173748,66305,176454,68613,20230303
202302,5호선,굽은다리(강동구민회관앞),189773,70758,181387,64994,20230303
202302,5호선,길동,148888,69450,155447,70655,20230303
202302,5호선,강동,393762,101441,373411,98875,20230303
202302,5호선,천호(풍납토성),400484,128482,391874,130370,20230303
202302,5호선,광나루(장신대),306865,68159,283127,67431,20230303
202302,5호선,아차산(어린이대공원후문),308127,95500,298319,92626,20230303
202302,5호선,군자(능동),272083,41160,304508,43345,20230303
202302,5호선,장한평,412081,89932,404678,91270,20230303
202302,5호선,답십리,350418,78536,316100,75864,20230303
202302,5호선,왕십리(성동구청),100063,23253,121271,23222,20230303
202302,5호선,행당,168086,47458,148790,43375,20230303
202302,5호선,신금호,130188,36580,133616,41080,20230303
202302,5호선,청구,79857,23889,78801,19709,20230303
202302,5호선,동대문역사문화공원(DDP),74226,8074,86126,9028,20230303
202302,5호선,을지로4가,128292,40348,135394,39948,20230303
202302,5호선,종로3가,319551,91116,299042,95228,20230303
202302,5호선,광화문(세종문화회관),762354,75785,801929,74744,20230303
202302,5호선,서대문,429636,64924,440752,60667,20230303
202302,5호선,충정로(경기대입구),104657,13001,105265,13457,20230303
202302,5호선,애오개,141936,35686,141961,34596,20230303
202302,5호선,공덕,334422,45209,355330,42966,20230303
202302,5호선,마포,324551,58622,333649,58075,20230303
202302,5호선,여의나루,281260,26149,334332,25604,20230303
202302,5호선,여의도,698313,52294,726818,49297,20230303
202302,5호선,신길,104147,10999,109305,11346,20230303
202302,5호선,영등포시장,225811,71454,231733,72329,20230303
202302,5호선,영등포구청,93078,19449,90999,18923,20230303
202302,5호선,양평,169273,27586,164901,27322,20230303
202302,5호선,오목교(목동운동장앞),509947,82093,542457,81261,20230303
202302,5호선,목동,363901,78014,393451,79556,20230303
202302,5호선,신정(은행정),301283,58006,241678,55974,20230303
202302,5호선,까치산,626604,149771,593983,150839,20230303
202302,5호선,화곡,633610,139804,587344,134445,20230303
202302,5호선,우장산,296233,87419,287240,90582,20230303
202302,5호선,발산,480171,93296,508538,90306,20230303
202302,5호선,마곡,245497,40291,249724,38962,20230303
202302,5호선,송정,129490,45817,120990,44311,20230303
202302,5호선,김포공항,182124,33221,175309,35997,20230303
202302,5호선,개화산,117900,35929,111525,35711,20230303
202302,5호선,방화,133234,48361,125869,46918,20230303
202302,6호선,신내,2,1,0,0,20230303
202302,6호선,봉화산(서울의료원),188081,46617,176521,45894,20230303
202302,6호선,화랑대(서울여대입구),256084,45243,192729,40750,20230303
202302,6호선,태릉입구,119899,28281,135936,28164,20230303
202302,6호선,석계,251540,72855,261342,72712,20230303
202302,6호선,돌곶이,201458,56201,184021,56001,20230303
202302,6호선,상월곡(한국과학기술연구원),129227,37839,113422,36803,20230303
202302,6호선,월곡(동덕여대),241052,65192,235046,64718,20230303
202302,6호선,고려대(종암),188054,32522,181983,32227,20230303
202302,6호선,안암(고대병원앞),257193,35186,259432,34633,20230303
202302,6호선,보문,176718,28768,159858,27092,20230303
202302,6호선,창신,71399,17778,56390,17000,20230303
202302,6호선,동묘앞,165873,66553,172009,60983,20230303
202302,6호선,신당,184088,36399,190300,35417,20230303
202302,6호선,청구,82302,18946,78447,21713,20230303
202302,6호선,약수,76096,20627,78811,20617,20230303
202302,6호선,버티고개,44035,12892,42959,15122,20230303
202302,6호선,한강진,259789,15605,302118,15628,20230303
202302,6호선,이태원,263750,29098,269794,30339,20230303
202302,6호선,녹사평(용산구청),116004,16677,119129,16476,20230303
202302,6호선,삼각지,179160,18641,158424,15612,20230303
202302,6호선,효창공원앞,155933,35248,138919,33173,20230303
202302,6호선,공덕,427224,72052,418581,67167,20230303
202302,6호선,대흥(서강대앞),180528,43397,188872,43083,20230303
202302,6호선,광흥창(서강),196770,47253,189551,46937,20230303
202302,6호선,상수,243947,19578,285630,19811,20230303
202302,6호선,합정,353115,38346,346858,35563,20230303
202302,6호선,망원,335401,73546,359769,77240,20230303
202302,6호선,마포구청,307900,73662,277163,66527,20230303
202302,6호선,월드컵경기장(성산),85848,44643,92140,43335,20230303
202302,6호선,디지털미디어시티,322753,54071,359875,55809,20230303
202302,6호선,증산(명지대앞),202096,66682,198243,67432,20230303
202302,6호선,새절(신사),255496,81319,232671,81291,20230303
202302,6호선,구산,161812,48246,108781,50187,20230303
202302,6호선,연신내,26,2,0,0,20230303
202302,6호선,독바위,54944,17983,55365,21952,20230303
202302,6호선,불광,87409,37803,86975,30469,20230303
202302,6호선,역촌,70705,29358,88113,29036,20230303
202302,6호선,응암,363135,110097,362046,109720,20230303
202302,7호선,장암,55178,9933,21908,7039,20230303
202302,7호선,온수(성공회대입구),212094,37804,196512,35904,20230303
202302,7호선,천왕,249133,53370,231941,53351,20230303
202302,7호선,광명사거리,435621,141047,423133,146105,20230303
202302,7호선,철산,479877,95684,488850,95233,20230303
202302,7호선,가산디지털단지,1021529,86849,1017800,81281,20230303
202302,7호선,남구로,341434,58667,360530,58427,20230303
202302,7호선,대림(구로구청),200411,36953,204703,35700,20230303
202302,7호선,신풍,238925,68637,221618,68479,20230303
202302,7호선,보라매,161028,31017,163684,32556,20230303
202302,7호선,신대방삼거리,318764,84012,297353,86494,20230303
202302,7호선,장승배기,182376,63910,175924,64982,20230303
202302,7호선,상도,240185,58682,232599,55964,20230303
202302,7호선,숭실대입구(살피재),258528,59481,262298,61892,20230303
202302,7호선,남성,234248,68210,212650,67634,20230303
202302,7호선,이수,363812,72055,349640,68982,20230303
202302,7호선,내방,315455,66290,323602,64251,20230303
202302,7호선,고속터미널,425314,67760,331929,60573,20230303
202302,7호선,반포,131119,34052,126981,32600,20230303
202302,7호선,논현,442037,41171,462453,40575,20230303
202302,7호선,학동,563026,60585,600132,58609,20230303
202302,7호선,강남구청,392399,49649,436555,50330,20230303
202302,7호선,청담,440050,73067,504635,70867,20230303
202302,7호선,뚝섬유원지,186492,42360,179786,41988,20230303
202302,7호선,건대입구,300432,53828,329253,49935,20230303
202302,7호선,어린이대공원(세종대),312909,40388,310100,40366,20230303
202302,7호선,군자(능동),338196,75396,257034,65076,20230303
202302,7호선,중곡,229215,59544,211648,60072,20230303
202302,7호선,용마산(용마폭포공원),124009,33508,118054,36655,20230303
202302,7호선,사가정,342920,94516,338908,94575,20230303
202302,7호선,면목,313249,92088,296153,94864,20230303
202302,7호선,상봉(시외버스터미널),398034,69226,381119,66830,20230303
202302,7호선,중화,228046,60780,219990,61114,20230303
202302,7호선,먹골,214059,62517,207910,64015,20230303
202302,7호선,태릉입구,196578,43362,185307,40365,20230303
202302,7호선,공릉(서울과학기술대),257282,66171,254990,67001,20230303
202302,7호선,하계,372640,102568,347130,99748,20230303
202302,7호선,중계,295927,85377,263934,82093,20230303
202302,7호선,노원,434696,118544,461012,119467,20230303
202302,7호선,마들,268021,81759,246797,80536,20230303
202302,7호선,수락산,251248,93126,246529,94296,20230303
202302,7호선,도봉산,187955,43146,213986,64234,20230303
202302,8호선,송파,181642,57998,176922,57779,20230303
202302,8호선,석촌,165666,48469,197367,51591,20230303
202302,8호선,잠실(송파구청),369756,70959,447222,69230,20230303
202302,8호선,몽촌토성(평화의문),143408,31443,147263,31077,20230303
202302,8호선,강동구청,218246,62132,225148,62824,20230303
202302,8호선,천호(풍납토성),327907,79844,393473,76746,20230303
202302,8호선,암사,408130,99055,351387,97454,20230303
202302,8호선,남위례,140385,29082,146400,28892,20230303
202302,8호선,모란,80621,54198,68451,40678,20230303
202302,8호선,수진,102695,43405,92115,43006,20230303
202302,8호선,신흥,101919,40609,106032,41940,20230303
202302,8호선,단대오거리,252362,72604,244647,70397,20230303
202302,8호선,남한산성입구(성남법원.검찰청),281170,74720,248477,71764,20230303
202302,8호선,산성,111310,30329,108652,33125,20230303
202302,8호선,복정,206392,36494,174258,32906,20230303
202302,8호선,장지,391607,76192,367722,71762,20230303
202302,8호선,문정,490786,59438,514648,59143,20230303
202302,8호선,가락시장,152142,57668,173053,58840,20230303
202302,9호선,증미,159006,32191,148231,31550,20230303
202302,9호선,양천향교,214153,41823,218792,41856,20230303
202302,9호선,마곡나루(서울식물원),318755,31773,311436,30866,20230303
202302,9호선,신방화,141104,43822,135587,43780,20230303
202302,9호선,공항시장,57503,21310,61755,22834,20230303
202302,9호선,김포공항,195026,17955,284307,21577,20230303
202302,9호선,개화,59380,11066,37753,8638,20230303
202302,9호선,신논현,818416,51116,807246,49766,20230303
202302,9호선,사평,79272,20295,76110,20284,20230303
202302,9호선,고속터미널,339507,58305,479599,67604,20230303
202302,9호선,신반포,77477,21233,76783,21195,20230303
202302,9호선,구반포,18970,8408,20246,8504,20230303
202302,9호선,동작(현충원),37292,10333,30905,8920,20230303
202302,9호선,흑석(중앙대입구),167784,51816,174909,52459,20230303
202302,9호선,노들,94843,30218,76289,27797,20230303
202302,9호선,노량진,622773,81962,611231,82238,20230303
202302,9호선,샛강,140249,26304,140119,26345,20230303
202302,9호선,여의도,711402,47928,675258,43350,20230303
202302,9호선,국회의사당,373342,55990,389645,50126,20230303
202302,9호선,당산,462811,63213,467878,58532,20230303
202302,9호선,선유도,197969,25755,184859,24616,20230303
202302,9호선,신목동,91414,22161,77520,20884,20230303
202302,9호선,염창,410169,68646,394106,68264,20230303
202302,9호선,등촌,232647,76076,219347,75755,20230303
202302,9호선,가양,466318,123964,453842,121515,20230303
202302,9호선2~3단계,삼전,164377,35922,155165,35079,20230303
202302,9호선2~3단계,종합운동장,109712,19307,109175,18197,20230303
202302,9호선2~3단계,봉은사,497398,50995,516574,48584,20230303
202302,9호선2~3단계,삼성중앙,173184,25382,180612,24751,20230303
202302,9호선2~3단계,선정릉,235427,25613,261506,26637,20230303
202302,9호선2~3단계,언주,265425,28047,270516,27540,20230303
202302,9호선2~3단계,중앙보훈병원,225348,73484,190705,71899,20230303
202302,9호선2~3단계,둔촌오륜,21099,5913,21041,6353,20230303
202302,9호선2~3단계,올림픽공원(한국체대),174982,28253,175797,28198,20230303
202302,9호선2~3단계,한성백제,59605,15471,52086,13673,20230303
202302,9호선2~3단계,송파나루,125183,27161,131151,28025,20230303
202302,9호선2~3단계,석촌,214423,36377,190296,31646,20230303
202302,9호선2~3단계,석촌고분,147287,36507,142864,36583,20230303
202302,경강선,경기광주,187024,31775,173501,31265,20230303
202302,경강선,삼동,52501,12222,48202,12391,20230303
202302,경강선,이매,24782,6883,20368,6379,20230303
202302,경강선,판교,131868,16685,133127,14283,20230303
202302,경강선,여주,51231,15653,50998,15389,20230303
202302,경강선,세종대왕릉,6783,3376,6606,3384,20230303
202302,경강선,부발,52537,8860,50095,8628,20230303
202302,경강선,이천,65451,13075,67203,13793,20230303
202302,경강선,신둔도예촌,33947,7702,32207,7476,20230303
202302,경강선,곤지암,53981,13004,51131,12846,20230303
202302,경강선,초월,73431,14574,68534,14212,20230303
202302,경부선,영등포,930103,247352,958524,247283,20230303
202302,경부선,서동탄,31274,7007,28428,6602,20230303
202302,경부선,당정,132331,29136,125732,28010,20230303
202302,경부선,천안,123081,49123,126872,49250,20230303
202302,경부선,두정,148484,22857,152283,23202,20230303
202302,경부선,직산,20546,4717,20084,4549,20230303
202302,경부선,성환,79321,18758,78333,18564,20230303
202302,경부선,평택,299965,61910,298352,60392,20230303
202302,경부선,평택지제,112068,12263,108354,11772,20230303
202302,경부선,서정리,198794,31923,180753,30916,20230303
202302,경부선,송탄,109104,20035,107495,19488,20230303
202302,경부선,진위,38725,9376,33036,8833,20230303
202302,경부선,오산,234872,45843,234604,46441,20230303
202302,경부선,오산대,79927,14823,74365,14035,20230303
202302,경부선,세마,65920,14326,62201,13578,20230303
202302,경부선,병점,335989,63850,333288,63435,20230303
202302,경부선,세류,72490,15439,66588,14915,20230303
202302,경부선,독산,402225,62315,411372,63629,20230303
202302,경부선,수원,905157,135968,966440,139927,20230303
202302,경부선,화서,181998,41994,174186,40917,20230303
202302,경부선,성균관대,339497,51711,337575,52667,20230303
202302,경부선,의왕,198800,39849,195382,39731,20230303
202302,경부선,군포,160351,34508,154964,34032,20230303
202302,경부선,금정,629410,115460,640415,116337,20230303
202302,경부선,명학,189598,39828,185096,38956,20230303
202302,경부선,안양,480701,113634,476387,117104,20230303
202302,경부선,관악,153795,51292,144116,49209,20230303
202302,경부선,석수,199272,46197,181546,44270,20230303
202302,경부선,금천구청,234078,76633,233158,77547,20230303
202302,경부선,가산디지털단지,409081,34003,481877,38499,20230303
202302,경부선,구로,389583,92608,403725,89685,20230303
202302,경부선,신길,197450,42529,165383,39489,20230303
202302,경부선,신도림,80673,22563,82609,26481,20230303
202302,경부선,광명,96288,9763,80187,9155,20230303
202302,경부선,대방,228892,54325,253358,55691,20230303
202302,경부선,노량진,197611,39811,203666,37667,20230303
202302,경부선,용산,1052173,121213,1060575,119669,20230303
202302,경부선,남영,220547,35150,226238,36285,20230303
202302,경부선,서울역,256846,13548,75524,2968,20230303
202302,경원선,청량리(서울시립대입구),340640,133384,342740,138532,20230303
202302,경원선,외대앞,173118,40271,167852,42159,20230303
202302,경원선,신이문,162268,62978,146400,61374,20230303
202302,경원선,석계,157895,56588,179222,60990,20230303
202302,경원선,광운대,150808,48964,143806,48304,20230303
202302,경원선,월계,114332,56459,106785,54251,20230303
202302,경원선,녹천,87348,33215,71778,30464,20230303
202302,경원선,창동,9,0,0,0,20230303
202302,경원선,방학,168006,99359,160752,98073,20230303
202302,경원선,도봉,93356,64673,87037,64360,20230303
202302,경원선,의정부,415938,106653,432880,108752,20230303
202302,경원선,도봉산,119530,104142,63705,80839,20230303
202302,경원선,망월사,136795,66225,138115,67954,20230303
202302,경원선,회룡,207809,135559,204105,134759,20230303
202302,경원선,응봉,35445,15489,29329,13944,20230303
202302,경원선,왕십리(성동구청),364386,63018,390926,66455,20230303
202302,경원선,이촌(국립중앙박물관),79423,27678,60380,23648,20230303
202302,경원선,서빙고,42231,16027,41034,15406,20230303
202302,경원선,한남,80922,27898,77700,25824,20230303
202302,경원선,소요산,29466,46961,23236,43019,20230303
202302,경원선,동두천,34381,20813,37570,23451,20230303
202302,경원선,보산,30796,12098,28574,11437,20230303
202302,경원선,동두천중앙,48955,31686,47573,31400,20230303
202302,경원선,지행,134527,41526,132640,41174,20230303
202302,경원선,덕정,113637,32183,106592,32349,20230303
202302,경원선,덕계,75376,22994,66116,21961,20230303
202302,경원선,양주,148459,49727,138441,47590,20230303
202302,경원선,녹양,88334,35866,82541,34113,20230303
202302,경원선,가능,121268,52590,114841,52096,20230303
202302,경원선,옥수,1298,119,992,80,20230303
202302,경의선,능곡,78063,26861,69122,26620,20230303
202302,경의선,디지털미디어시티,64607,11807,57781,11540,20230303
202302,경의선,김포공항,2,0,0,0,20230303
202302,경의선,계양,2,0,0,0,20230303
202302,경의선,검암,2,0,0,0,20230303
202302,경의선,홍대입구,52283,5345,66515,6013,20230303
202302,경의선,서울역,97673,14918,122064,18333,20230303
202302,경의선,운천,53,84,39,95,20230303
202302,경의선,임진강,374,276,259,232,20230303
202302,경의선,문산,105497,37515,103921,37443,20230303
202302,경의선,파주,22498,6423,16814,5290,20230303
202302,경의선,월롱,57307,7722,48544,7995,20230303
202302,경의선,금촌,136645,42461,130964,42707,20230303
202302,경의선,금릉,113929,26754,108021,26522,20230303
202302,경의선,운정,148517,37502,134075,36515,20230303
202302,경의선,야당,191738,36213,195383,35809,20230303
202302,경의선,탄현,175742,36703,164127,36242,20230303
202302,경의선,일산,196532,57891,189613,58359,20230303
202302,경의선,풍산,121974,34897,113634,33899,20230303
202302,경의선,백마,152166,33642,142307,33513,20230303
202302,경의선,곡산,11321,4504,11477,4635,20230303
202302,경의선,행신,188007,32581,186395,33396,20230303
202302,경의선,강매,69749,17520,59097,16343,20230303
202302,경의선,화전,35359,7923,32362,7657,20230303
202302,경의선,수색,55757,14021,59400,13948,20230303
202302,경의선,가좌,113686,44850,105810,44830,20230303
202302,경의선,서강대,47204,10270,46596,9740,20230303
202302,경의선,효창공원앞,65271,13910,74319,15224,20230303
202302,경의선,신촌,18666,3117,25187,3736,20230303
202302,경의선,공덕,94421,13788,76573,13245,20230303
202302,경인선,구일,124908,40157,122178,39501,20230303
202302,경인선,인천,75422,31363,55985,28395,20230303
202302,경인선,동인천,276110,109744,261955,106103,20230303
202302,경인선,제물포,210797,58891,198056,58866,20230303
202302,경인선,주안,424624,82933,382900,74387,20230303
202302,경인선,동암,338453,96834,335312,97805,20230303
202302,경인선,백운,126062,53132,121703,53852,20230303
202302,경인선,부평,687666,134033,740684,136878,20230303
202302,경인선,송내,596149,113459,585996,112339,20230303
202302,경인선,부개,170357,61939,155131,60797,20230303
202302,경인선,부천,685711,195764,688801,197703,20230303
202302,경인선,역곡,569134,142860,558812,146446,20230303
202302,경인선,오류동,230398,84296,208572,82947,20230303
202302,경인선,개봉,443689,146777,427293,151871,20230303
202302,경인선,도화,72711,36154,64610,34708,20230303
202302,경인선,중동,182229,66493,166244,65033,20230303
202302,경인선,온수(성공회대입구),125531,45854,117836,44482,20230303
202302,경인선,도원,46715,27759,45856,28983,20230303
202302,경인선,간석,114117,41586,106482,39622,20230303
202302,경인선,소사,163824,59898,158926,59419,20230303
202302,경춘선,퇴계원,67832,26656,60519,25564,20230303
202302,경춘선,춘천,25649,13892,23735,12155,20230303
202302,경춘선,남춘천,54520,23669,55405,23807,20230303
202302,경춘선,김유정,7711,3230,7741,3207,20230303
202302,경춘선,강촌,7917,3654,7667,3726,20230303
202302,경춘선,백양리,10434,1085,8415,1111,20230303
202302,경춘선,굴봉산,2562,1421,3219,1375,20230303
202302,경춘선,가평,39431,12451,39821,12100,20230303
202302,경춘선,상천,3776,3617,3214,3501,20230303
202302,경춘선,청평,32711,15327,30759,15391,20230303
202302,경춘선,대성리,13615,4892,12625,4378,20230303
202302,경춘선,마석,70588,32588,68096,32268,20230303
202302,경춘선,천마산,26635,16948,23650,16839,20230303
202302,경춘선,평내호평,120964,43051,118474,41793,20230303
202302,경춘선,금곡,24433,14950,23241,14635,20230303
202302,경춘선,사릉,44511,15013,43091,14985,20230303
202302,경춘선,별내,63405,20267,59357,19172,20230303
202302,경춘선,갈매,60147,18790,51097,17599,20230303
202302,경춘선,신내,40114,16578,37367,16133,20230303
202302,공항철도 1호선,공항화물청사,48877,8566,51733,8258,20230303
202302,공항철도 1호선,인천공항2터미널,112368,10848,96148,9688,20230303
202302,공항철도 1호선,영종,86433,19505,86835,19245,20230303
202302,공항철도 1호선,서울역,298626,31502,269885,27634,20230303
202302,공항철도 1호선,마곡나루(서울식물원),253684,14782,245482,15533,20230303
202302,공항철도 1호선,김포공항,285967,21090,158917,13960,20230303
202302,공항철도 1호선,계양,303769,31529,278114,29540,20230303
202302,공항철도 1호선,검암,162448,15537,159658,15472,20230303
202302,공항철도 1호선,청라국제도시,174892,12353,165704,12192,20230303
202302,공항철도 1호선,운서,209879,26969,218767,27354,20230303
202302,공항철도 1호선,인천공항1터미널,315335,24610,283216,23110,20230303
202302,공항철도 1호선,공덕,63484,7727,88269,9626,20230303
202302,공항철도 1호선,홍대입구,371643,17770,370878,16276,20230303
202302,공항철도 1호선,디지털미디어시티,345670,26303,321040,24885,20230303
202302,과천선,선바위,181507,32117,155651,31604,20230303
202302,과천선,경마공원,95686,66770,97644,66934,20230303
202302,과천선,대공원,65698,34789,68126,36604,20230303
202302,과천선,과천,134560,42308,125231,40361,20230303
202302,과천선,정부과천청사,233949,49343,240988,49064,20230303
202302,과천선,인덕원,558485,111432,568827,113819,20230303
202302,과천선,평촌,398710,64003,388224,63653,20230303
202302,과천선,범계,624757,105754,625237,104196,20230303
202302,분당선,미금,309985,99816,329269,106416,20230303
202302,분당선,오리,239185,69451,193727,60474,20230303
202302,분당선,이매,116692,38955,114115,38750,20230303
202302,분당선,보정,49325,19955,44133,18877,20230303
202302,분당선,죽전,290229,66453,322614,70965,20230303
202302,분당선,구성,101278,35086,107128,35753,20230303
202302,분당선,신갈,98200,28342,95974,28573,20230303
202302,분당선,기흥,232319,40280,214084,39602,20230303
202302,분당선,상갈,118507,30276,113296,29347,20230303
202302,분당선,청명,96646,19056,92090,19001,20230303
202302,분당선,영통,208037,30383,207558,30071,20230303
202302,분당선,망포,366654,37805,351768,36941,20230303
202302,분당선,수원시청,320706,43771,356081,44798,20230303
202302,분당선,매탄권선,117657,20875,112790,20000,20230303
202302,분당선,매교,94537,21818,93031,21998,20230303
202302,분당선,선릉,296372,42473,459962,56777,20230303
202302,분당선,한티,371707,66881,383226,68315,20230303
202302,분당선,도곡,145673,46181,141198,43766,20230303
202302,분당선,구룡,40077,15976,37213,15820,20230303
202302,분당선,개포동,84602,28273,87263,28743,20230303
202302,분당선,대모산입구,101105,30997,91521,30636,20230303
202302,분당선,수서,330590,64413,342943,66670,20230303
202302,분당선,복정,19,3,0,0,20230303
202302,분당선,수원,198788,30376,169529,26958,20230303
202302,분당선,서울숲,294930,27167,303376,26089,20230303
202302,분당선,압구정로데오,517386,45132,581938,43426,20230303
202302,분당선,강남구청,218453,37161,252761,39739,20230303
202302,분당선,선정릉,170970,30341,180758,29812,20230303
202302,분당선,가천대,162278,26271,177943,27372,20230303
202302,분당선,태평,280620,87263,260156,92214,20230303
202302,분당선,모란,402904,161190,401783,174687,20230303
202302,분당선,야탑,554798,150790,585658,151562,20230303
202302,분당선,서현,570881,119952,581244,115812,20230303
202302,분당선,수내,313776,74665,308709,72513,20230303
202302,분당선,정자,438282,69041,460233,70017,20230303
202302,수인선,월곶,56885,15414,52316,15050,20230303
202302,수인선,고색,108229,16685,100091,15455,20230303
202302,수인선,오목천,75889,14273,68345,14049,20230303
202302,수인선,어천,21467,5633,19903,6052,20230303
202302,수인선,야목,7208,2023,5977,1732,20230303
202302,수인선,사리,113323,17690,96143,16464,20230303
202302,수인선,달월,1568,987,1193,558,20230303
202302,수인선,소래포구,92293,45026,86148,43817,20230303
202302,수인선,인천논현,114558,31116,121959,31869,20230303
202302,수인선,호구포,85861,20241,87631,20210,20230303
202302,수인선,남동인더스파크,47152,6728,52053,6718,20230303
202302,수인선,원인재,88587,30181,91111,30478,20230303
202302,수인선,연수,95916,29288,95774,28926,20230303
202302,수인선,송도,45671,22655,41472,22009,20230303
202302,수인선,인하대,132677,25967,126689,24698,20230303
202302,수인선,숭의,79271,27083,72180,25889,20230303
202302,수인선,신포,35075,12973,36145,13235,20230303
202302,수인선,인천,19656,11773,34822,15203,20230303
202302,신림선,샛강,55006,11856,69007,11758,20230303
202302,신림선,서울지방병무청,54922,20405,58339,22138,20230303
202302,신림선,보라매,73404,19844,67728,17247,20230303
202302,신림선,보라매공원,36794,13361,40349,14565,20230303
202302,신림선,보라매병원,133771,42685,142316,42791,20230303
202302,신림선,당곡,85722,31982,84433,31564,20230303
202302,신림선,신림,31812,13584,48493,15648,20230303
202302,신림선,서원,70087,20233,57106,19928,20230303
202302,신림선,서울대벤처타운,177708,54568,162462,55451,20230303
202302,신림선,대방,57617,14998,44314,12498,20230303
202302,신림선,관악산(서울대),45556,28428,44510,28961,20230303
202302,안산선,산본,344264,95799,375808,96704,20230303
202302,안산선,대야미,106059,28551,92896,26568,20230303
202302,안산선,반월,86677,28416,82019,28318,20230303
202302,안산선,상록수,346240,65812,352746,67448,20230303
202302,안산선,한대앞,197937,39518,198324,40602,20230303
202302,안산선,중앙,446301,59944,472855,58234,20230303
202302,안산선,고잔,207691,34391,197004,33303,20230303
202302,안산선,초지,113750,16382,113018,16252,20230303
202302,안산선,안산,292400,35184,268325,32854,20230303
202302,안산선,신길온천,41793,9005,38121,8952,20230303
202302,안산선,정왕,192239,26994,197907,28028,20230303
202302,안산선,오이도,194007,31915,190564,31694,20230303
202302,안산선,수리산,77700,28197,61335,26839,20230303
202302,우이신설선,정릉,82952,44495,74345,42289,20230303
202302,우이신설선,북한산우이,49071,32445,42578,34270,20230303
202302,우이신설선,솔밭공원,42335,27250,36473,28205,20230303
202302,우이신설선,4.19민주묘지,47233,34511,44686,30732,20230303
202302,우이신설선,가오리,67986,46606,64444,47651,20230303
202302,우이신설선,화계,54032,40854,48413,41355,20230303
202302,우이신설선,삼양,29312,24887,29324,27483,20230303
202302,우이신설선,삼양사거리,34687,33621,34309,34120,20230303
202302,우이신설선,솔샘,121268,36792,109566,38333,20230303
202302,우이신설선,북한산보국문,126892,41823,115291,42149,20230303
202302,우이신설선,성신여대입구(돈암),66086,27682,78808,27072,20230303
202302,우이신설선,보문,26879,14637,27336,14573,20230303
202302,우이신설선,신설동,31660,27551,33066,24564,20230303
202302,일산선,원흥,244550,57679,230355,55507,20230303
202302,일산선,화정,351581,107700,359532,109961,20230303
202302,일산선,대곡,44544,9629,33521,8844,20230303
202302,일산선,백석,197036,66103,197898,65123,20230303
202302,일산선,마두,139411,62867,141586,64031,20230303
202302,일산선,정발산,153338,47420,161389,44720,20230303
202302,일산선,주엽,167000,80169,163388,83171,20230303
202302,일산선,대화,273682,75050,209546,68861,20230303
202302,일산선,지축,14,1,0,0,20230303
202302,일산선,삼송,437028,91441,416230,92787,20230303
202302,일산선,원당,222356,74084,206602,72661,20230303
202302,장항선,온양온천,75794,53052,77044,53410,20230303
202302,장항선,신창(순천향대),29429,6442,29487,6077,20230303
202302,장항선,쌍용(나사렛대),45996,12383,43600,11972,20230303
202302,장항선,아산,95197,11852,83359,10751,20230303
202302,장항선,탕정,28714,5244,25932,5018,20230303
202302,장항선,배방,27013,6697,26298,6416,20230303
202302,장항선,봉명,23907,9671,23668,9276,20230303
202302,중앙선,구리,285387,77080,290999,77575,20230303
202302,중앙선,회기,564802,117140,543156,114775,20230303
202302,중앙선,중랑,106892,45943,100635,45455,20230303
202302,중앙선,상봉(시외버스터미널),120879,37503,120253,36392,20230303
202302,중앙선,망우,144189,66084,136563,67474,20230303
202302,중앙선,양원,56511,19773,54401,19529,20230303
202302,중앙선,도농,233330,63000,213091,61102,20230303
202302,중앙선,지평,739,891,796,829,20230303
202302,중앙선,용문,26624,27936,27255,27947,20230303
202302,중앙선,원덕,4936,5128,4551,4892,20230303
202302,중앙선,양평,54652,33562,54782,33926,20230303
202302,중앙선,오빈,4477,3853,4397,3869,20230303
202302,중앙선,아신,9487,5613,9267,5435,20230303
202302,중앙선,국수,10763,8531,10632,8632,20230303
202302,중앙선,신원,2699,2662,2589,2405,20230303
202302,중앙선,양수,32592,19442,31543,19259,20230303
202302,중앙선,운길산,11640,8357,10825,8464,20230303
202302,중앙선,팔당,18390,8040,19415,8037,20230303
202302,중앙선,도심,44460,16565,32442,15096,20230303
202302,중앙선,덕소,106768,42045,105226,41833,20230303
202302,중앙선,양정,10785,5635,8862,4834,20230303
202301,1호선,서울역,1228346,171270,1173888,161413,20230203
202301,1호선,시청,566559,76126,580516,73149,20230203
202301,1호선,종각,885821,125085,862251,117231,20230203
202301,1호선,종로3가,447641,271449,411958,251592,20230203
202301,1호선,종로5가,428412,217290,424366,209180,20230203
202301,1호선,동대문,210265,104059,198163,102142,20230203
202301,1호선,신설동,256664,104780,248625,100582,20230203
202301,1호선,제기동,221450,266914,215567,289322,20230203
202301,1호선,청량리(서울시립대입구),309342,242454,305961,243890,20230203
202301,1호선,동묘앞,118696,129707,125235,132735,20230203
202301,2호선,시청,585786,49461,558820,45261,20230203
202301,2호선,을지로입구,1103017,92071,1132715,86397,20230203
202301,2호선,을지로3가,549488,70676,555415,69456,20230203
202301,2호선,을지로4가,274018,72790,281698,71775,20230203
202301,2호선,동대문역사문화공원(DDP),305501,47632,349119,51389,20230203
202301,2호선,신당,296738,83785,312727,85100,20230203
202301,2호선,상왕십리,318432,60485,305365,60982,20230203
202301,2호선,왕십리(성동구청),379698,46265,338425,40303,20230203
202301,2호선,한양대,187650,11297,198011,11818,20230203
202301,2호선,뚝섬,535807,50135,572051,50808,20230203
202301,2호선,성수,937726,93876,1024575,95163,20230203
202301,2호선,건대입구,936471,80990,1011543,84397,20230203
202301,2호선,구의(광진구청),548178,94243,534712,95644,20230203
202301,2호선,강변(동서울터미널),789594,101350,748549,97511,20230203
202301,2호선,잠실나루,300853,76060,288717,75729,20230203
202301,2호선,잠실(송파구청),1953738,178541,1927046,170514,20230203
202301,2호선,잠실새내,504396,99417,506535,98845,20230203
202301,2호선,종합운동장,159884,37774,176045,39430,20230203
202301,2호선,삼성(무역센터),1300392,105771,1303276,97366,20230203
202301,2호선,선릉,1235356,187583,1092153,164282,20230203
202301,2호선,역삼,1198133,131686,1356184,133769,20230203
202301,2호선,강남,2075004,141570,2017884,123640,20230203
202301,2호선,교대(법원.검찰청),714309,135251,808294,152597,20230203
202301,2호선,서초,502721,74895,472536,73616,20230203
202301,2호선,방배,349847,66403,365322,66086,20230203
202301,2호선,사당,882736,174525,996504,167694,20230203
202301,2호선,낙성대(강감찬),645257,94897,620515,95584,20230203
202301,2호선,서울대입구(관악구청),1107910,160667,1091693,153152,20230203
202301,2호선,봉천,514001,131862,473732,132541,20230203
202301,2호선,신림,1385366,176605,1338211,175244,20230203
202301,2호선,신대방,579885,109609,555518,111808,20230203
202301,2호선,구로디지털단지,1388509,165858,1379298,167583,20230203
202301,2호선,대림(구로구청),544821,113689,557846,117364,20230203
202301,2호선,신도림,1157537,184270,1149404,174082,20230203
202301,2호선,문래,488335,74951,504590,74902,20230203
202301,2호선,영등포구청,478179,87977,493349,87715,20230203
202301,2호선,당산,417737,50411,485977,55616,20230203
202301,2호선,합정,830337,60806,909139,60791,20230203
202301,2호선,홍대입구,1796107,84934,1894987,81345,20230203
202301,2호선,신촌,877238,108231,895999,105765,20230203
202301,2호선,이대,327818,42408,350968,44365,20230203
202301,2호선,아현,219601,58652,205442,57642,20230203
202301,2호선,충정로(경기대입구),214810,42578,228828,42919,20230203
202301,2호선,용답,59974,14973,58629,15093,20230203
202301,2호선,신답,35749,8799,39751,9316,20230203
202301,2호선,신설동,71075,27699,71336,29726,20230203
202301,2호선,도림천,27314,7049,28222,7837,20230203
202301,2호선,양천구청,138455,43417,144857,44312,20230203
202301,2호선,신정네거리,213140,62871,219865,65091,20230203
202301,2호선,용두(동대문구청),44381,21372,43181,22298,20230203
202301,3호선,지축,132458,26440,127892,25514,20230203
202301,3호선,구파발,452949,104105,441453,100445,20230203
202301,3호선,연신내,716907,223042,687002,216229,20230203
202301,3호선,불광,307536,122508,328524,135163,20230203
202301,3호선,녹번,341307,69288,300423,68208,20230203
202301,3호선,홍제,341173,125796,321125,124281,20230203
202301,3호선,무악재,85211,27962,81036,29815,20230203
202301,3호선,독립문,129390,57849,133205,57708,20230203
202301,3호선,경복궁(정부서울청사),500501,74203,508054,72919,20230203
202301,3호선,안국,552027,83113,573236,86675,20230203
202301,3호선,종로3가,206893,52449,253439,57975,20230203
202301,3호선,을지로3가,241101,46009,248071,43592,20230203
202301,3호선,충무로,31,2,0,0,20230203
202301,3호선,동대입구,194097,31791,208284,35563,20230203
202301,3호선,약수,269907,73442,264031,68802,20230203
202301,3호선,금호,167310,47820,151764,46727,20230203
202301,3호선,옥수,184617,51510,191824,52271,20230203
202301,3호선,압구정,756501,119947,827702,118498,20230203
202301,3호선,신사,734519,61227,764278,59796,20230203
202301,3호선,잠원,97529,26574,94409,25514,20230203
202301,3호선,고속터미널,1203551,170770,1165844,162656,20230203
202301,3호선,교대(법원.검찰청),308104,62822,202557,38580,20230203
202301,3호선,남부터미널(예술의전당),718979,106570,726606,106824,20230203
202301,3호선,양재(서초구청),829877,128947,913194,129282,20230203
202301,3호선,매봉,260266,56767,251223,52856,20230203
202301,3호선,도곡,108238,21404,110052,19681,20230203
202301,3호선,대치,276705,60733,267525,58792,20230203
202301,3호선,학여울,41762,13573,42835,13416,20230203
202301,3호선,대청,209106,53520,197938,51487,20230203
202301,3호선,일원,212661,59696,203404,59278,20230203
202301,3호선,수서,395384,98928,400340,96997,20230203
202301,3호선,가락시장,173656,70482,171117,69200,20230203
202301,3호선,경찰병원,155794,38815,155406,40178,20230203
202301,3호선,오금,137678,26794,124755,25771,20230203
202301,4호선,당고개,180665,64805,156778,63922,20230203
202301,4호선,상계,398124,105354,365675,103448,20230203
202301,4호선,노원,432972,81829,504043,80839,20230203
202301,4호선,창동,496599,182871,528390,187953,20230203
202301,4호선,쌍문,629762,150720,572818,148435,20230203
202301,4호선,수유(강북구청),749472,169496,759691,169869,20230203
202301,4호선,미아(서울사이버대학),293435,100614,277083,102508,20230203
202301,4호선,미아사거리,563364,161319,551470,160460,20230203
202301,4호선,길음,443709,104295,427440,105039,20230203
202301,4호선,성신여대입구(돈암),465000,76053,452038,73743,20230203
202301,4호선,한성대입구(삼선교),279566,63941,270625,63034,20230203
202301,4호선,혜화,834617,116577,839342,114809,20230203
202301,4호선,동대문,354229,119403,373941,117187,20230203
202301,4호선,동대문역사문화공원(DDP),408883,52522,358524,47259,20230203
202301,4호선,충무로,557608,101469,586968,102937,20230203
202301,4호선,명동,627182,60917,669245,62228,20230203
202301,4호선,회현(남대문시장),480748,145966,504065,145510,20230203
202301,4호선,서울역,274069,34313,501255,43729,20230203
202301,4호선,숙대입구(갈월),304793,48224,297155,44871,20230203
202301,4호선,삼각지,135996,21541,158263,22232,20230203
202301,4호선,신용산,451080,46615,472074,47253,20230203
202301,4호선,이촌(국립중앙박물관),219297,43534,237241,45414,20230203
202301,4호선,동작(현충원),21371,10783,24540,11050,20230203
202301,4호선,총신대입구(이수),372829,133999,413536,140403,20230203
202301,4호선,사당,634816,85543,540587,85640,20230203
202301,4호선,남태령,28366,7245,23191,6756,20230203
202301,5호선,공덕,322727,40940,343127,39048,20230203
202301,5호선,하남검단산,131383,43743,124177,43308,20230203
202301,5호선,하남시청(덕풍?신장),141477,60205,135228,61143,20230203
202301,5호선,하남풍산,90415,26161,90105,26092,20230203
202301,5호선,미사,387651,70210,394122,70588,20230203
202301,5호선,강일,102808,33660,93176,32015,20230203
202301,5호선,마천,142570,50818,136183,52362,20230203
202301,5호선,거여,206356,56397,196367,55261,20230203
202301,5호선,개롱,121212,42255,128801,43748,20230203
202301,5호선,오금,72669,18089,72728,17700,20230203
202301,5호선,방이,154154,42229,156369,41923,20230203
202301,5호선,올림픽공원(한국체대),87697,30798,76361,28108,20230203
202301,5호선,둔촌동,171457,56630,173578,57124,20230203
202301,5호선,상일동,301508,79275,284328,77042,20230203
202301,5호선,고덕,189004,62747,189169,62487,20230203
202301,5호선,명일,170938,61384,175191,64205,20230203
202301,5호선,굽은다리(강동구민회관앞),194384,66402,188285,61364,20230203
202301,5호선,길동,151176,65356,158116,67187,20230203
202301,5호선,강동,392747,96426,374852,93769,20230203
202301,5호선,천호(풍납토성),397095,118883,387105,119477,20230203
202301,5호선,광나루(장신대),297404,62739,272494,61207,20230203
202301,5호선,아차산(어린이대공원후문),302817,87290,295440,84976,20230203
202301,5호선,군자(능동),268023,37717,299634,39174,20230203
202301,5호선,장한평,403509,81943,399784,83573,20230203
202301,5호선,답십리,350178,73854,316809,70980,20230203
202301,5호선,마장,117619,39783,110036,38913,20230203
202301,5호선,왕십리(성동구청),99604,21276,120452,21537,20230203
202301,5호선,행당,169682,45178,151073,41096,20230203
202301,5호선,신금호,130750,34164,134217,38341,20230203
202301,5호선,청구,79030,22686,76667,17950,20230203
202301,5호선,동대문역사문화공원(DDP),73256,7832,84917,8715,20230203
202301,5호선,을지로4가,122152,38949,129671,37950,20230203
202301,5호선,종로3가,309595,85352,290958,89201,20230203
202301,5호선,광화문(세종문화회관),762655,72940,787521,70456,20230203
202301,5호선,서대문,420180,61017,429360,57294,20230203
202301,5호선,충정로(경기대입구),102239,12486,103632,12919,20230203
202301,5호선,애오개,140475,34111,140895,32963,20230203
202301,5호선,마포,318461,54593,327362,54214,20230203
202301,5호선,여의나루,241432,23700,289001,22860,20230203
202301,5호선,여의도,696238,48937,724841,46819,20230203
202301,5호선,신길,102872,10289,109210,10564,20230203
202301,5호선,영등포시장,221999,67435,228130,68165,20230203
202301,5호선,영등포구청,87930,18605,87822,17923,20230203
202301,5호선,양평,165575,25947,161509,25669,20230203
202301,5호선,오목교(목동운동장앞),502896,76540,536438,75576,20230203
202301,5호선,목동,361900,71583,395275,73864,20230203
202301,5호선,신정(은행정),303478,57523,242716,54731,20230203
202301,5호선,까치산,632676,142488,601621,143820,20230203
202301,5호선,화곡,632332,130384,588030,125184,20230203
202301,5호선,우장산,295832,82419,289169,85434,20230203
202301,5호선,발산,471640,85592,500618,82333,20230203
202301,5호선,마곡,241207,37242,244884,36418,20230203
202301,5호선,송정,131268,42920,123132,41434,20230203
202301,5호선,김포공항,190177,32614,182137,34990,20230203
202301,5호선,개화산,115928,34074,110358,33595,20230203
202301,5호선,방화,134562,45579,127944,44401,20230203
202301,6호선,상수,244939,18677,284113,18983,20230203
202301,6호선,광흥창(서강),192456,43769,186853,43328,20230203
202301,6호선,대흥(서강대앞),175272,40093,183569,39950,20230203
202301,6호선,공덕,413055,67259,405797,62906,20230203
202301,6호선,효창공원앞,152870,32655,136243,30592,20230203
202301,6호선,삼각지,169062,17130,151319,14574,20230203
202301,6호선,녹사평(용산구청),111202,15979,112686,15236,20230203
202301,6호선,이태원,253576,27846,259128,28789,20230203
202301,6호선,한강진,227022,13964,259668,14051,20230203
202301,6호선,버티고개,43647,12113,42880,14384,20230203
202301,6호선,약수,74908,19674,76448,19198,20230203
202301,6호선,청구,80078,17304,77446,20382,20230203
202301,6호선,보문,174424,26615,158088,25264,20230203
202301,6호선,신당,179175,33607,185659,32834,20230203
202301,6호선,동묘앞,157609,59391,163392,54886,20230203
202301,6호선,창신,72677,17408,58781,16356,20230203
202301,6호선,응암,365653,104124,363785,103672,20230203
202301,6호선,신내,4,0,0,0,20230203
202301,6호선,봉화산(서울의료원),187945,43223,177310,42643,20230203
202301,6호선,화랑대(서울여대입구),251166,41717,190994,37271,20230203
202301,6호선,태릉입구,121789,27120,133133,27137,20230203
202301,6호선,석계,252085,69544,262838,69106,20230203
202301,6호선,돌곶이,203083,55110,185973,54887,20230203
202301,6호선,상월곡(한국과학기술연구원),128831,35705,113153,34453,20230203
202301,6호선,월곡(동덕여대),240269,61391,234196,60692,20230203
202301,6호선,고려대(종암),182855,29842,175799,29268,20230203
202301,6호선,안암(고대병원앞),239966,32437,241606,31708,20230203
202301,6호선,역촌,72433,27763,89255,27225,20230203
202301,6호선,불광,85901,36097,85420,29131,20230203
202301,6호선,독바위,55262,17256,55031,20861,20230203
202301,6호선,연신내,20,1,0,0,20230203
202301,6호선,구산,160266,44636,109382,46876,20230203
202301,6호선,새절(신사),256917,75745,234447,75696,20230203
202301,6호선,증산(명지대앞),203525,62479,199192,63102,20230203
202301,6호선,디지털미디어시티,317888,50558,354954,52343,20230203
202301,6호선,월드컵경기장(성산),73469,41653,79949,40267,20230203
202301,6호선,마포구청,305775,68835,275809,62255,20230203
202301,6호선,망원,329886,71428,355536,75419,20230203
202301,6호선,합정,342980,34919,337216,32520,20230203
202301,7호선,광명사거리,442497,137931,431561,143564,20230203
202301,7호선,천왕,249260,51135,232736,51285,20230203
202301,7호선,뚝섬유원지,179288,38090,175261,37619,20230203
202301,7호선,온수(성공회대입구),213262,36067,195690,34547,20230203
202301,7호선,건대입구,302223,51819,330321,47944,20230203
202301,7호선,어린이대공원(세종대),307676,36399,302521,35757,20230203
202301,7호선,군자(능동),336800,70508,259452,61775,20230203
202301,7호선,중곡,226585,56226,210945,56865,20230203
202301,7호선,용마산(용마폭포공원),124996,31954,118166,34376,20230203
202301,7호선,사가정,342711,87828,341608,88384,20230203
202301,7호선,면목,313782,85635,298629,88394,20230203
202301,7호선,상봉(시외버스터미널),394916,65485,380050,63162,20230203
202301,7호선,중화,228748,56702,219811,57090,20230203
202301,7호선,먹골,215242,59090,209232,60422,20230203
202301,7호선,태릉입구,191231,39149,179462,36307,20230203
202301,7호선,공릉(서울과학기술대),245631,62235,244464,62915,20230203
202301,7호선,하계,374747,95866,348282,93178,20230203
202301,7호선,중계,294550,78191,263114,75763,20230203
202301,7호선,노원,435380,111955,459942,112493,20230203
202301,7호선,마들,269141,77512,249591,76359,20230203
202301,7호선,수락산,252230,83321,246193,84415,20230203
202301,7호선,도봉산,188861,37764,211804,56431,20230203
202301,7호선,장암,52049,7937,19642,5466,20230203
202301,7호선,청담,427342,68879,486619,66464,20230203
202301,7호선,강남구청,382243,45654,422652,46097,20230203
202301,7호선,학동,551748,56019,586269,53728,20230203
202301,7호선,논현,434819,38857,457473,38461,20230203
202301,7호선,반포,128570,31886,124380,30594,20230203
202301,7호선,고속터미널,441669,65915,332871,57830,20230203
202301,7호선,내방,312648,62965,321809,60947,20230203
202301,7호선,이수,363013,67756,347948,64396,20230203
202301,7호선,남성,233954,64293,213847,63461,20230203
202301,7호선,숭실대입구(살피재),256929,55973,259451,57627,20230203
202301,7호선,상도,238272,55371,230528,53034,20230203
202301,7호선,장승배기,183108,60725,176985,61020,20230203
202301,7호선,신대방삼거리,319667,79148,300511,81532,20230203
202301,7호선,보라매,158491,29793,161699,31072,20230203
202301,7호선,신풍,239761,64614,222023,64258,20230203
202301,7호선,대림(구로구청),217075,35955,220360,34955,20230203
202301,7호선,남구로,350865,55872,369263,56162,20230203
202301,7호선,가산디지털단지,1014235,81898,1004312,75872,20230203
202301,7호선,철산,477371,91818,489051,90897,20230203
202301,8호선,천호(풍납토성),327552,74622,392436,72482,20230203
202301,8호선,남위례,134604,25333,139821,25619,20230203
202301,8호선,모란,80952,50282,68608,37870,20230203
202301,8호선,수진,104478,41882,92507,41650,20230203
202301,8호선,신흥,101998,38325,106943,40092,20230203
202301,8호선,단대오거리,244398,67623,238358,66004,20230203
202301,8호선,남한산성입구(성남법원.검찰청),278883,70270,246495,67213,20230203
202301,8호선,산성,110632,28150,107050,30545,20230203
202301,8호선,복정,202902,33297,171234,30002,20230203
202301,8호선,장지,391098,71388,372377,67243,20230203
202301,8호선,문정,478254,54126,501532,53699,20230203
202301,8호선,가락시장,153273,58982,175634,60906,20230203
202301,8호선,송파,183956,55446,180438,55151,20230203
202301,8호선,석촌,166895,44935,197323,47423,20230203
202301,8호선,잠실(송파구청),382291,67901,454638,65851,20230203
202301,8호선,몽촌토성(평화의문),142184,28381,146414,28013,20230203
202301,8호선,강동구청,218742,59670,225814,59965,20230203
202301,8호선,암사,409394,93902,355244,93277,20230203
202301,9호선,고속터미널,336686,53907,474976,61644,20230203
202301,9호선,신반포,74557,19942,73501,19953,20230203
202301,9호선,구반포,19242,8059,20110,8153,20230203
202301,9호선,동작(현충원),39009,10500,31556,9463,20230203
202301,9호선,흑석(중앙대입구),163383,48933,170808,49700,20230203
202301,9호선,노들,94730,29357,76997,26941,20230203
202301,9호선,노량진,637013,80400,624793,80243,20230203
202301,9호선,샛강,138069,24362,138067,24715,20230203
202301,9호선,여의도,703952,45419,664647,41344,20230203
202301,9호선,국회의사당,362449,52432,377378,46322,20230203
202301,9호선,당산,452790,59634,454045,54770,20230203
202301,9호선,선유도,196171,26018,184578,25363,20230203
202301,9호선,신목동,90487,19623,77667,18627,20230203
202301,9호선,신방화,142231,41918,138517,42100,20230203
202301,9호선,마곡나루(서울식물원),309375,28700,304068,27761,20230203
202301,9호선,양천향교,210770,40322,218002,40237,20230203
202301,9호선,가양,457184,118688,446934,116440,20230203
202301,9호선,증미,154898,31016,145822,30931,20230203
202301,9호선,등촌,232934,72163,222206,72588,20230203
202301,9호선,개화,57693,9932,37320,7694,20230203
202301,9호선,김포공항,196610,17569,290858,21839,20230203
202301,9호선,공항시장,58722,20617,64035,22646,20230203
202301,9호선,염창,407298,65725,391917,64829,20230203
202301,9호선,신논현,800307,47640,791475,45843,20230203
202301,9호선,사평,79413,19517,77190,19753,20230203
202301,9호선2~3단계,언주,259113,26280,263592,25858,20230203
202301,9호선2~3단계,중앙보훈병원,220209,69377,187363,67927,20230203
202301,9호선2~3단계,둔촌오륜,19908,5563,20009,5916,20230203
202301,9호선2~3단계,올림픽공원(한국체대),181742,23278,182401,23562,20230203
202301,9호선2~3단계,한성백제,60016,14720,53443,12832,20230203
202301,9호선2~3단계,송파나루,126227,25622,134602,26714,20230203
202301,9호선2~3단계,석촌,210088,32865,186234,29063,20230203
202301,9호선2~3단계,석촌고분,145573,34214,142287,34230,20230203
202301,9호선2~3단계,삼전,164923,33366,156371,32687,20230203
202301,9호선2~3단계,종합운동장,105500,17891,104805,16664,20230203
202301,9호선2~3단계,봉은사,456198,48825,472477,46736,20230203
202301,9호선2~3단계,삼성중앙,171179,24063,178525,23455,20230203
202301,9호선2~3단계,선정릉,228011,23659,251580,24368,20230203
202301,경강선,삼동,52922,11179,47972,11492,20230203
202301,경강선,경기광주,188733,28951,171484,28215,20230203
202301,경강선,초월,73996,13347,69625,13135,20230203
202301,경강선,곤지암,57066,11787,53794,11564,20230203
202301,경강선,세종대왕릉,7066,2891,6925,2850,20230203
202301,경강선,신둔도예촌,34317,7187,32633,7033,20230203
202301,경강선,이천,68802,12224,70501,12782,20230203
202301,경강선,부발,54229,8000,51680,7746,20230203
202301,경강선,판교,131175,15721,132883,13495,20230203
202301,경강선,이매,24911,6168,20373,5721,20230203
202301,경강선,여주,53274,13885,52404,13605,20230203
202301,경부선,성환,81440,17035,80536,16780,20230203
202301,경부선,직산,20239,4205,19974,4086,20230203
202301,경부선,두정,145293,21122,148750,21321,20230203
202301,경부선,천안,127545,44775,132648,44986,20230203
202301,경부선,당정,131410,25525,124397,24389,20230203
202301,경부선,서동탄,30951,6322,27488,5984,20230203
202301,경부선,군포,161998,31338,157019,30832,20230203
202301,경부선,광명,97037,8533,79194,8031,20230203
202301,경부선,의왕,192826,36917,190622,36644,20230203
202301,경부선,성균관대,326460,48491,325604,48787,20230203
202301,경부선,화서,176264,37061,169287,36466,20230203
202301,경부선,수원,930458,125626,987423,128894,20230203
202301,경부선,독산,400500,59456,410265,60799,20230203
202301,경부선,금정,626754,107848,638634,109006,20230203
202301,경부선,명학,186342,37274,182047,36512,20230203
202301,경부선,안양,476749,105218,471870,109159,20230203
202301,경부선,관악,150859,47231,142482,45644,20230203
202301,경부선,석수,196891,42209,178042,40379,20230203
202301,경부선,금천구청,230210,69548,229791,70807,20230203
202301,경부선,가산디지털단지,399500,30596,475941,34754,20230203
202301,경부선,구로,389626,86669,402319,83940,20230203
202301,경부선,신길,195365,38590,163854,35941,20230203
202301,경부선,신도림,76314,20662,79513,24101,20230203
202301,경부선,대방,227504,50818,249586,51731,20230203
202301,경부선,노량진,202264,39758,211463,38403,20230203
202301,경부선,용산,1093126,114280,1084721,112197,20230203
202301,경부선,남영,213159,33819,220396,34519,20230203
202301,경부선,서울역,254560,12036,74191,2710,20230203
202301,경부선,영등포,955183,227882,982701,227493,20230203
202301,경부선,세류,73737,13740,67024,13367,20230203
202301,경부선,병점,332657,58809,331517,58610,20230203
202301,경부선,세마,64869,13094,61270,12360,20230203
202301,경부선,오산대,78713,13900,73233,13070,20230203
202301,경부선,오산,241457,41682,241596,42479,20230203
202301,경부선,진위,38686,8299,32988,7974,20230203
202301,경부선,송탄,111649,18753,112988,18486,20230203
202301,경부선,서정리,196703,29005,185213,28085,20230203
202301,경부선,평택지제,112813,11218,109037,10914,20230203
202301,경부선,평택,310816,56241,312459,54884,20230203
202301,경원선,응봉,34359,14740,28327,13068,20230203
202301,경원선,소요산,30778,37631,24115,34793,20230203
202301,경원선,동두천,36304,19112,40165,20889,20230203
202301,경원선,보산,32686,11583,31034,10846,20230203
202301,경원선,동두천중앙,52473,29249,50770,29118,20230203
202301,경원선,지행,137890,37930,135620,37726,20230203
202301,경원선,덕정,115692,29193,109023,29426,20230203
202301,경원선,덕계,69318,20077,60818,19019,20230203
202301,경원선,양주,151032,45867,141373,43876,20230203
202301,경원선,녹양,87502,31807,82155,30212,20230203
202301,경원선,가능,123226,49452,116999,48872,20230203
202301,경원선,의정부,428594,99622,443655,101582,20230203
202301,경원선,회룡,205782,123119,202063,122588,20230203
202301,경원선,망월사,136012,60680,136827,62123,20230203
202301,경원선,도봉산,115343,87247,61371,66069,20230203
202301,경원선,도봉,94999,61392,88428,61108,20230203
202301,경원선,방학,167826,95054,162274,93465,20230203
202301,경원선,창동,17,0,0,0,20230203
202301,경원선,녹천,87585,31230,71882,28433,20230203
202301,경원선,월계,113839,52866,105892,50891,20230203
202301,경원선,광운대,151512,46901,145888,46873,20230203
202301,경원선,석계,156624,52945,177624,57206,20230203
202301,경원선,신이문,163049,61150,145602,58621,20230203
202301,경원선,외대앞,169849,38247,165398,40332,20230203
202301,경원선,청량리(서울시립대입구),348807,129399,346245,134229,20230203
202301,경원선,왕십리(성동구청),362604,59624,396358,62983,20230203
202301,경원선,옥수,1507,133,1024,78,20230203
202301,경원선,한남,79816,25257,77061,23599,20230203
202301,경원선,서빙고,41129,15090,39140,14208,20230203
202301,경원선,이촌(국립중앙박물관),77936,25755,59440,21857,20230203
202301,경의선,검암,2,0,0,0,20230203
202301,경의선,신촌,18025,2820,24063,3366,20230203
202301,경의선,효창공원앞,64216,12824,74204,14243,20230203
202301,경의선,서강대,46647,9865,46376,9103,20230203
202301,경의선,가좌,113394,37293,106223,37738,20230203
202301,경의선,수색,53838,12868,57591,12784,20230203
202301,경의선,화전,36129,6896,33368,6567,20230203
202301,경의선,강매,68041,15414,57836,14633,20230203
202301,경의선,행신,188564,29826,185486,30242,20230203
202301,경의선,능곡,75336,24599,66564,24011,20230203
202301,경의선,곡산,10875,3722,11009,3813,20230203
202301,경의선,백마,149646,32085,140949,32007,20230203
202301,경의선,풍산,121058,31487,112381,30568,20230203
202301,경의선,일산,192103,51821,185676,52001,20230203
202301,경의선,탄현,174742,33421,164316,32765,20230203
202301,경의선,야당,189043,33186,192835,32434,20230203
202301,경의선,운정,147548,34212,133599,33663,20230203
202301,경의선,금릉,113774,24769,107475,24451,20230203
202301,경의선,금촌,139195,38322,135361,39123,20230203
202301,경의선,월롱,57429,7226,50622,7425,20230203
202301,경의선,파주,23352,5917,17269,4784,20230203
202301,경의선,문산,107529,34313,107019,34418,20230203
202301,경의선,임진강,317,196,195,162,20230203
202301,경의선,운천,73,104,55,104,20230203
202301,경의선,서울역,93069,12995,115620,16038,20230203
202301,경의선,공덕,92119,12837,74293,11965,20230203
202301,경의선,홍대입구,50584,4703,64759,5221,20230203
202301,경의선,디지털미디어시티,64188,10716,56287,10564,20230203
202301,경의선,계양,6,0,0,0,20230203
202301,경인선,개봉,443733,136091,427766,140853,20230203
202301,경인선,오류동,229355,80549,209495,78992,20230203
202301,경인선,역곡,567699,133959,559904,138435,20230203
202301,경인선,부천,697838,187598,701842,189720,20230203
202301,경인선,송내,590484,105004,580199,103963,20230203
202301,경인선,부평,709981,127569,762584,130476,20230203
202301,경인선,백운,127859,49017,123066,49213,20230203
202301,경인선,동암,342960,89712,339479,91102,20230203
202301,경인선,주안,426601,79668,385110,71618,20230203
202301,경인선,제물포,211230,55705,199516,55563,20230203
202301,경인선,동인천,273551,102032,260302,98956,20230203
202301,경인선,인천,72001,26799,52290,23867,20230203
202301,경인선,구일,125059,37082,123903,36811,20230203
202301,경인선,소사,159953,53914,156728,53683,20230203
202301,경인선,부개,171518,58135,156164,56894,20230203
202301,경인선,간석,115035,38210,108140,36588,20230203
202301,경인선,도원,51788,25955,50615,27121,20230203
202301,경인선,온수(성공회대입구),125029,43340,116859,41632,20230203
202301,경인선,중동,182490,62075,167439,60767,20230203
202301,경인선,도화,74065,34345,66312,33102,20230203
202301,경춘선,천마산,26761,15755,23596,15780,20230203
202301,경춘선,춘천,25930,12452,23217,10990,20230203
202301,경춘선,남춘천,53713,20471,55605,20774,20230203
202301,경춘선,김유정,6433,2616,6366,2593,20230203
202301,경춘선,강촌,7808,3262,7387,3263,20230203
202301,경춘선,백양리,10808,1056,8520,999,20230203
202301,경춘선,굴봉산,2419,1265,3321,1140,20230203
202301,경춘선,가평,38550,11584,38409,11401,20230203
202301,경춘선,상천,3452,2982,3001,2746,20230203
202301,경춘선,청평,33216,13804,30810,13781,20230203
202301,경춘선,대성리,12396,4262,11320,3882,20230203
202301,경춘선,마석,71955,28862,69904,28736,20230203
202301,경춘선,평내호평,121343,39449,118734,37840,20230203
202301,경춘선,금곡,24538,13709,23343,13359,20230203
202301,경춘선,사릉,44460,14428,42984,14444,20230203
202301,경춘선,퇴계원,67358,24677,60881,23762,20230203
202301,경춘선,별내,62614,18420,58789,17435,20230203
202301,경춘선,갈매,59356,17497,49915,16253,20230203
202301,경춘선,신내,39566,14955,37064,14447,20230203
202301,공항철도 1호선,인천공항2터미널,116249,10805,104723,9669,20230203
202301,공항철도 1호선,영종,85599,17722,86150,17596,20230203
202301,공항철도 1호선,마곡나루(서울식물원),247108,13239,237359,13957,20230203
202301,공항철도 1호선,김포공항,300405,21322,169664,14065,20230203
202301,공항철도 1호선,계양,297241,28681,273531,27091,20230203
202301,공항철도 1호선,검암,161977,14398,158713,14063,20230203
202301,공항철도 1호선,청라국제도시,172948,11510,164099,11362,20230203
202301,공항철도 1호선,운서,214757,25639,225806,25876,20230203
202301,공항철도 1호선,공항화물청사,53919,8637,57242,8254,20230203
202301,공항철도 1호선,인천공항1터미널,316087,22724,305609,21281,20230203
202301,공항철도 1호선,서울역,303007,29043,268367,25369,20230203
202301,공항철도 1호선,공덕,63790,7221,87082,8956,20230203
202301,공항철도 1호선,홍대입구,354648,16525,358941,15278,20230203
202301,공항철도 1호선,디지털미디어시티,338019,23865,314446,22745,20230203
202301,과천선,선바위,177556,28022,153541,27741,20230203
202301,과천선,과천,134606,39794,124727,38036,20230203
202301,과천선,정부과천청사,232703,46117,240384,46158,20230203
202301,과천선,인덕원,548024,100572,562544,103481,20230203
202301,과천선,평촌,394959,59658,386591,58916,20230203
202301,과천선,범계,621955,96616,622915,94855,20230203
202301,과천선,대공원,50893,26592,52819,27833,20230203
202301,과천선,경마공원,78040,52474,79469,52464,20230203
202301,분당선,오리,240879,65206,196597,56519,20230203
202301,분당선,이매,115369,35276,112796,34949,20230203
202301,분당선,보정,50561,18071,44836,17183,20230203
202301,분당선,구성,102416,31549,108160,32223,20230203
202301,분당선,신갈,99136,25487,96098,25535,20230203
202301,분당선,기흥,232613,37541,215808,36936,20230203
202301,분당선,상갈,118002,27904,112758,27185,20230203
202301,분당선,청명,96462,17771,92477,17803,20230203
202301,분당선,영통,205599,28001,206178,27946,20230203
202301,분당선,망포,363360,34826,348744,33462,20230203
202301,분당선,매탄권선,119476,18518,113696,17740,20230203
202301,분당선,수원시청,317006,38783,349480,39500,20230203
202301,분당선,매교,94716,19654,93073,19894,20230203
202301,분당선,죽전,291373,60886,325082,65310,20230203
202301,분당선,선릉,295286,39408,452333,52233,20230203
202301,분당선,한티,377628,62400,386879,63743,20230203
202301,분당선,도곡,145492,44080,141169,42287,20230203
202301,분당선,구룡,39850,14621,36665,14741,20230203
202301,분당선,개포동,85195,24273,86439,23734,20230203
202301,분당선,대모산입구,99668,29164,90937,28968,20230203
202301,분당선,수서,333962,59523,343557,61655,20230203
202301,분당선,복정,19,1,0,0,20230203
202301,분당선,수원,204586,28516,173452,25121,20230203
202301,분당선,서울숲,281460,24685,293025,23768,20230203
202301,분당선,압구정로데오,500928,42695,564594,41101,20230203
202301,분당선,강남구청,213330,33267,246126,35879,20230203
202301,분당선,선정릉,167658,27698,176508,27465,20230203
202301,분당선,가천대,158022,24867,174329,25785,20230203
202301,분당선,태평,288005,83949,267720,88558,20230203
202301,분당선,모란,402733,152610,404768,166460,20230203
202301,분당선,야탑,560302,139692,590445,139550,20230203
202301,분당선,서현,586536,112376,599689,107790,20230203
202301,분당선,수내,311768,68793,307360,67115,20230203
202301,분당선,정자,437861,63633,459377,64176,20230203
202301,분당선,미금,317496,93760,334822,99333,20230203
202301,수인선,고색,107312,15386,99495,14184,20230203
202301,수인선,오목천,72846,12561,65916,12471,20230203
202301,수인선,어천,21731,4989,20525,5251,20230203
202301,수인선,야목,7029,1864,5489,1573,20230203
202301,수인선,사리,114830,16583,95620,15336,20230203
202301,수인선,달월,1583,1004,1317,552,20230203
202301,수인선,월곶,56770,13902,51700,13741,20230203
202301,수인선,소래포구,94361,38601,87729,37596,20230203
202301,수인선,인천논현,115650,29232,123388,29796,20230203
202301,수인선,호구포,86466,19395,89702,19276,20230203
202301,수인선,남동인더스파크,47548,6357,53567,6490,20230203
202301,수인선,원인재,89082,27886,91330,28188,20230203
202301,수인선,연수,97851,25971,97056,25924,20230203
202301,수인선,송도,46016,19493,41896,19080,20230203
202301,수인선,인하대,128137,24119,121332,23019,20230203
202301,수인선,숭의,79901,25018,72619,23883,20230203
202301,수인선,신포,33897,11998,35210,12068,20230203
202301,수인선,인천,18260,11072,31981,13795,20230203
202301,신림선,샛강,53664,10714,67797,10202,20230203
202301,신림선,대방,54096,12753,42575,11031,20230203
202301,신림선,서울지방병무청,51254,19244,55374,20980,20230203
202301,신림선,보라매,73613,18415,67706,15677,20230203
202301,신림선,보라매공원,36659,12031,40137,13227,20230203
202301,신림선,보라매병원,131005,39173,139113,39206,20230203
202301,신림선,당곡,86143,29365,85099,29154,20230203
202301,신림선,신림,31215,11933,45860,13249,20230203
202301,신림선,서원,71495,18806,58048,18742,20230203
202301,신림선,서울대벤처타운,174969,50009,162382,51331,20230203
202301,신림선,관악산(서울대),42001,21984,41065,22305,20230203
202301,안산선,산본,342643,89937,374738,91390,20230203
202301,안산선,대야미,105477,25935,92827,24347,20230203
202301,안산선,반월,87797,26109,83510,25779,20230203
202301,안산선,상록수,348514,61056,352986,62362,20230203
202301,안산선,한대앞,199628,37023,200223,38321,20230203
202301,안산선,중앙,450935,53437,475787,51841,20230203
202301,안산선,고잔,203167,31397,193033,29903,20230203
202301,안산선,초지,112948,14579,111830,14466,20230203
202301,안산선,안산,314971,33472,292103,31627,20230203
202301,안산선,신길온천,41254,8082,37345,7840,20230203
202301,안산선,정왕,202996,24623,208718,25745,20230203
202301,안산선,오이도,190984,28279,188406,27748,20230203
202301,안산선,수리산,78295,27247,61006,25256,20230203
202301,우이신설선,솔밭공원,41974,25537,36746,26638,20230203
202301,우이신설선,신설동,31614,25971,32449,22938,20230203
202301,우이신설선,보문,27428,13742,27832,13671,20230203
202301,우이신설선,성신여대입구(돈암),66999,26625,80392,25736,20230203
202301,우이신설선,정릉,83679,41206,75766,39404,20230203
202301,우이신설선,북한산보국문,126859,38915,115785,39309,20230203
202301,우이신설선,솔샘,121229,35540,109379,36741,20230203
202301,우이신설선,삼양사거리,35688,31075,35129,31607,20230203
202301,우이신설선,삼양,30323,23927,29857,26344,20230203
202301,우이신설선,화계,54752,38395,48573,38574,20230203
202301,우이신설선,가오리,69002,43367,65858,44376,20230203
202301,우이신설선,4.19민주묘지,46988,30977,44105,28167,20230203
202301,우이신설선,북한산우이,48001,29228,40620,30259,20230203
202301,일산선,지축,8,0,0,0,20230203
202301,일산선,원흥,243130,53568,229436,51306,20230203
202301,일산선,화정,347304,100040,357817,102302,20230203
202301,일산선,원당,219980,67429,205767,66635,20230203
202301,일산선,삼송,442781,86857,422148,87803,20230203
202301,일산선,대곡,43617,8478,32973,7513,20230203
202301,일산선,백석,198689,61461,200096,60602,20230203
202301,일산선,마두,137473,57780,139401,59263,20230203
202301,일산선,정발산,151458,43338,159987,40684,20230203
202301,일산선,주엽,167082,73546,163518,75980,20230203
202301,일산선,대화,267026,66091,206022,60812,20230203
202301,장항선,아산,91082,10674,79453,9706,20230203
202301,장항선,탕정,26603,4749,24042,4507,20230203
202301,장항선,배방,26333,6128,25635,5991,20230203
202301,장항선,온양온천,77942,48861,79449,49386,20230203
202301,장항선,신창(순천향대),26104,6170,26015,5662,20230203
202301,장항선,봉명,23983,9140,23764,8855,20230203
202301,장항선,쌍용(나사렛대),44826,11558,42660,11043,20230203
202301,중앙선,양원,55534,18089,52931,17718,20230203
202301,중앙선,신원,2325,2198,2223,1872,20230203
202301,중앙선,양수,31411,16678,30711,16758,20230203
202301,중앙선,운길산,10715,6399,9913,6471,20230203
202301,중앙선,팔당,17036,6576,18203,6490,20230203
202301,중앙선,도심,44722,15460,33068,14190,20230203
202301,중앙선,덕소,107019,38855,105375,38472,20230203
202301,중앙선,양정,10438,4813,8691,4138,20230203
202301,중앙선,도농,231508,57658,210895,55791,20230203
202301,중앙선,양평,54662,25120,54856,25617,20230203
202301,중앙선,오빈,4394,3257,4248,3243,20230203
202301,중앙선,아신,9366,4876,9250,4687,20230203
202301,중앙선,회기,545030,108378,523665,105356,20230203
202301,중앙선,국수,11135,7597,11010,7687,20230203
202301,중앙선,중랑,107464,43348,101389,42883,20230203
202301,중앙선,구리,282355,70136,288245,71021,20230203
202301,중앙선,상봉(시외버스터미널),120902,35672,120164,34745,20230203
202301,중앙선,원덕,5212,4519,4636,4236,20230203
202301,중앙선,망우,144794,61056,138230,62805,20230203
202301,중앙선,용문,28309,24759,29018,24812,20230203
202301,중앙선,지평,725,758,809,704,20230203
