사용월,호선명,지하철역,유임승차인원,무임승차인원,유임하차인원,무임하차인원,작업일자
202512,1호선,청량리(서울시립대입구),444639,301014,441089,302847,20260103
202512,1호선,동묘앞,159800,151749,165315,154303,20260103
202512,1호선,서울역,2139266,285273,2033765,269301,20260103
202512,1호선,시청,757526,123162,761025,121534,20260103
202512,1호선,종각,1169643,185655,1114545,171213,20260103
202512,1호선,종로3가,532846,323524,469163,295418,20260103
202512,1호선,종로5가,498106,257349,489492,250684,20260103
202512,1호선,동대문,268677,135572,260411,133695,20260103
202512,1호선,신설동,315831,127075,303373,122587,20260103
202512,1호선,제기동,237506,260338,228264,280931,20260103
202512,2호선,신당,383643,98557,406379,101115,20260103
202512,2호선,상왕십리,376492,73922,368773,74682,20260103
202512,2호선,왕십리(성동구청),463488,61261,427821,56615,20260103
202512,2호선,건대입구,1146662,108026,1201189,112317,20260103
202512,2호선,잠실나루,350294,99708,337564,98672,20260103
202512,2호선,강변(동서울터미널),758582,124365,690840,118310,20260103
202512,2호선,시청,776522,72809,707569,64681,20260103
202512,2호선,을지로입구,1583801,133059,1615231,124417,20260103
202512,2호선,을지로3가,728968,85225,729511,85343,20260103
202512,2호선,을지로4가,382908,81434,379952,80679,20260103
202512,2호선,구의(광진구청),749759,132893,736055,133642,20260103
202512,2호선,동대문역사문화공원(DDP),435023,67464,515054,74358,20260103
202512,2호선,교대(법원.검찰청),755413,175037,913328,210019,20260103
202512,2호선,강남,2354430,188170,2331914,164829,20260103
202512,2호선,역삼,1320249,155711,1491414,158757,20260103
202512,2호선,선릉,1449962,260590,1268619,229004,20260103
202512,2호선,삼성(무역센터),1734254,145294,1696150,135573,20260103
202512,2호선,종합운동장,251004,57781,276465,60513,20260103
202512,2호선,잠실새내,633605,128352,625195,127505,20260103
202512,2호선,잠실(송파구청),2570844,255953,2520700,245328,20260103
202512,2호선,방배,437408,86849,450108,85668,20260103
202512,2호선,사당,1121638,275361,1248205,261207,20260103
202512,2호선,낙성대(강감찬),737576,123794,706399,125897,20260103
202512,2호선,서울대입구(관악구청),1249968,197578,1200142,186331,20260103
202512,2호선,봉천,589359,167691,543952,167176,20260103
202512,2호선,신림,1520913,220738,1483487,221716,20260103
202512,2호선,신대방,626153,139542,592764,140705,20260103
202512,2호선,구로디지털단지,1504375,240595,1484292,239869,20260103
202512,2호선,대림(구로구청),604793,152139,615864,158080,20260103
202512,2호선,신도림,1282044,255430,1240026,239698,20260103
202512,2호선,문래,610866,97565,635935,97328,20260103
202512,2호선,영등포구청,588329,120297,611747,119780,20260103
202512,2호선,당산,499331,65991,568940,72809,20260103
202512,2호선,합정,958696,77764,1056224,79792,20260103
202512,2호선,홍대입구,2326666,114074,2506305,110914,20260103
202512,2호선,신촌,1079062,141665,1091088,140173,20260103
202512,2호선,이대,477437,54610,514498,58558,20260103
202512,2호선,아현,276334,72298,258162,71205,20260103
202512,2호선,충정로(경기대입구),261004,51525,282726,51581,20260103
202512,2호선,용답,73430,18701,72920,18455,20260103
202512,2호선,신답,42160,10326,48625,10624,20260103
202512,2호선,신설동,87083,35866,84575,38080,20260103
202512,2호선,도림천,30624,9937,31628,10938,20260103
202512,2호선,양천구청,149990,58691,159434,59453,20260103
202512,2호선,신정네거리,234674,82790,238313,84556,20260103
202512,2호선,용두(동대문구청),52739,22915,50804,24453,20260103
202512,2호선,한양대,344962,15906,370603,17294,20260103
202512,2호선,뚝섬,711688,72272,744323,71937,20260103
202512,2호선,성수,1715327,110207,1839341,110770,20260103
202512,2호선,서초,581170,110299,560063,111427,20260103
202512,3호선,오금,159208,37873,141748,35844,20260103
202512,3호선,대청,265377,69466,245707,67291,20260103
202512,3호선,일원,268896,78225,260401,77783,20260103
202512,3호선,수서,453621,136190,451243,131804,20260103
202512,3호선,가락시장,204549,91033,202096,88473,20260103
202512,3호선,경찰병원,175503,51305,172881,53283,20260103
202512,3호선,지축,191017,39021,192132,38417,20260103
202512,3호선,구파발,538244,151848,524205,145121,20260103
202512,3호선,연신내,875925,290989,834583,281694,20260103
202512,3호선,불광,354968,159919,373131,176692,20260103
202512,3호선,녹번,380360,88656,344310,87486,20260103
202512,3호선,홍제,406550,159242,383797,156037,20260103
202512,3호선,무악재,93762,35155,89663,37444,20260103
202512,3호선,독립문,172962,74939,181145,75828,20260103
202512,3호선,경복궁(정부서울청사),713570,100445,725011,95898,20260103
202512,3호선,안국,690644,115055,717788,123228,20260103
202512,3호선,종로3가,274380,77847,310346,88422,20260103
202512,3호선,을지로3가,365850,58153,350234,53854,20260103
202512,3호선,충무로,157,4,0,0,20260103
202512,3호선,동대입구,303928,46716,335941,50983,20260103
202512,3호선,약수,312274,89369,308735,84284,20260103
202512,3호선,금호,192826,58673,178987,57508,20260103
202512,3호선,옥수,213343,67250,220179,67620,20260103
202512,3호선,압구정,840950,156900,907930,156358,20260103
202512,3호선,신사,787471,79605,824665,77294,20260103
202512,3호선,잠원,175527,48387,167342,46415,20260103
202512,3호선,고속터미널,1461584,266459,1404032,246821,20260103
202512,3호선,교대(법원.검찰청),421878,104747,237155,58070,20260103
202512,3호선,남부터미널(예술의전당),831489,146911,830988,147268,20260103
202512,3호선,양재(서초구청),976910,179002,1038266,180260,20260103
202512,3호선,매봉,301391,89350,292897,84041,20260103
202512,3호선,도곡,155349,36259,155841,34436,20260103
202512,3호선,대치,284519,79759,280754,77776,20260103
202512,3호선,학여울,65824,22743,67831,22086,20260103
202512,4호선,회현(남대문시장),693480,225474,736883,228743,20260103
202512,4호선,남태령,35890,8819,28865,8060,20260103
202512,4호선,사당,724199,120891,644632,130880,20260103
202512,4호선,총신대입구(이수),437326,176087,477466,185829,20260103
202512,4호선,동작(현충원),41250,12778,42917,12942,20260103
202512,4호선,이촌(국립중앙박물관),305223,65639,324604,68773,20260103
202512,4호선,신용산,651048,67484,706742,67844,20260103
202512,4호선,삼각지(전쟁기념관),207379,27301,249560,28902,20260103
202512,4호선,숙대입구(갈월),426680,62478,418709,58951,20260103
202512,4호선,서울역,344268,46616,682739,68102,20260103
202512,4호선,명동,1171722,106197,1277143,112202,20260103
202512,4호선,충무로,822215,136281,853933,138861,20260103
202512,4호선,동대문역사문화공원(DDP),582701,77152,504291,68060,20260103
202512,4호선,동대문,421561,160537,444687,157113,20260103
202512,4호선,혜화,1108491,151248,1104362,147786,20260103
202512,4호선,한성대입구(삼선교),375732,83203,361881,81798,20260103
202512,4호선,성신여대입구(돈암),629237,103964,601912,102380,20260103
202512,4호선,길음,527707,136388,525225,135081,20260103
202512,4호선,미아사거리,612958,205459,604929,205307,20260103
202512,4호선,미아(서울사이버대학),362090,133884,341394,136543,20260103
202512,4호선,수유(강북구청),859364,214081,863328,215929,20260103
202512,4호선,쌍문,699028,201958,638554,199499,20260103
202512,4호선,불암산,211656,84689,176068,83475,20260103
202512,4호선,상계,453155,147628,419649,144972,20260103
202512,4호선,노원,538630,123029,618465,121097,20260103
202512,4호선,창동,595091,257102,627617,264859,20260103
202512,5호선,양평,215525,35306,211118,34693,20260103
202512,5호선,방화,152646,63595,146486,62170,20260103
202512,5호선,개화산,138175,50685,132471,48704,20260103
202512,5호선,김포공항,384535,63767,234954,48286,20260103
202512,5호선,송정,142940,56255,136158,53997,20260103
202512,5호선,마곡,411018,73717,415110,71327,20260103
202512,5호선,발산,604025,145934,630332,141543,20260103
202512,5호선,우장산,350940,112078,345655,117038,20260103
202512,5호선,화곡,715104,172511,663348,165107,20260103
202512,5호선,까치산,675766,178964,641177,181092,20260103
202512,5호선,신정(은행정),340945,76407,274808,74665,20260103
202512,5호선,목동,405940,99517,445694,101169,20260103
202512,5호선,오목교(목동운동장앞),556179,107806,596656,106662,20260103
202512,5호선,영등포구청,128672,22966,125637,22673,20260103
202512,5호선,영등포시장,296387,87785,297468,89860,20260103
202512,5호선,신길,139455,14015,146782,14585,20260103
202512,5호선,여의도,825021,69169,862132,65932,20260103
202512,5호선,여의나루,308750,32658,375442,32481,20260103
202512,5호선,마포,384974,76472,394663,75804,20260103
202512,5호선,공덕,384959,60671,406657,58164,20260103
202512,5호선,애오개,162925,43814,159827,42435,20260103
202512,5호선,충정로(경기대입구),129667,19757,134045,19684,20260103
202512,5호선,서대문,494987,83934,500670,81001,20260103
202512,5호선,광화문(세종문화회관),1071243,128365,1134292,128349,20260103
202512,5호선,종로3가,387600,105419,388061,104934,20260103
202512,5호선,을지로4가,158208,47741,160970,46774,20260103
202512,5호선,동대문역사문화공원(DDP),89461,9652,100899,10857,20260103
202512,5호선,청구,82958,22249,82539,18729,20260103
202512,5호선,신금호,151274,43117,158483,48349,20260103
202512,5호선,행당,191899,56152,170533,51093,20260103
202512,5호선,왕십리(성동구청),119534,30290,142571,30471,20260103
202512,5호선,마장,143839,47364,135210,47622,20260103
202512,5호선,답십리,397825,93725,352132,90433,20260103
202512,5호선,장한평,497855,113294,489509,115667,20260103
202512,5호선,군자(능동),331454,52359,370839,57137,20260103
202512,5호선,아차산(어린이대공원후문),344159,118319,336952,115915,20260103
202512,5호선,광나루(장신대),275492,74744,262807,73779,20260103
202512,5호선,천호(풍납토성),474170,186154,450735,182188,20260103
202512,5호선,강동,455684,132335,438424,129137,20260103
202512,5호선,길동,190452,93988,194336,96496,20260103
202512,5호선,굽은다리(강동구민회관앞),223610,96259,214671,91146,20260103
202512,5호선,명일,182710,77259,177214,78591,20260103
202512,5호선,고덕,236993,88707,229724,86050,20260103
202512,5호선,상일동,345174,106810,325645,106428,20260103
202512,5호선,둔촌동,311602,109611,305857,109260,20260103
202512,5호선,올림픽공원(한국체대),132149,43960,112283,39373,20260103
202512,5호선,방이,175124,60507,180676,60572,20260103
202512,5호선,오금,87363,25803,89661,25091,20260103
202512,5호선,개롱,142615,57582,146218,59845,20260103
202512,5호선,거여,233051,79279,227534,77731,20260103
202512,5호선,마천,158329,62214,135154,63598,20260103
202512,5호선,강일,136469,52223,125135,50140,20260103
202512,5호선,미사,469529,104869,470951,104138,20260103
202512,5호선,하남풍산,106149,41741,104548,41062,20260103
202512,5호선,하남시청(덕풍?신장),185253,92530,169380,92586,20260103
202512,5호선,하남검단산,156414,61680,146280,61101,20260103
202512,6호선,삼각지(전쟁기념관),237548,23267,216095,20194,20260103
202512,6호선,신내,27,1,0,0,20260103
202512,6호선,봉화산(서울의료원),202424,58694,188149,58161,20260103
202512,6호선,화랑대(서울여대입구),296392,56405,238903,51820,20260103
202512,6호선,태릉입구,145144,38209,159194,37773,20260103
202512,6호선,석계,298382,91944,305900,90769,20260103
202512,6호선,돌곶이,293365,75922,267714,75351,20260103
202512,6호선,상월곡(한국과학기술연구원),156228,45614,139781,44361,20260103
202512,6호선,월곡(동덕여대),288667,75599,276799,75561,20260103
202512,6호선,고려대(종암),236966,39930,224892,39457,20260103
202512,6호선,안암(고대병원앞),370416,44020,363227,43294,20260103
202512,6호선,보문,219167,35865,205547,33992,20260103
202512,6호선,창신,89771,20868,73052,19444,20260103
202512,6호선,동묘앞,213526,78226,221335,72867,20260103
202512,6호선,신당,240983,44524,243543,43214,20260103
202512,6호선,청구,95372,20841,91587,22255,20260103
202512,6호선,약수,92331,22628,91431,22595,20260103
202512,6호선,버티고개,54576,14597,50004,16250,20260103
202512,6호선,한강진,297246,19486,358417,19646,20260103
202512,6호선,이태원,357201,32943,405490,33083,20260103
202512,6호선,녹사평(용산구청),152543,20104,161544,19888,20260103
202512,6호선,효창공원앞,192483,42007,176368,38760,20260103
202512,6호선,공덕,489910,94528,478901,88050,20260103
202512,6호선,대흥(서강대앞),242822,54263,254194,54785,20260103
202512,6호선,광흥창(서강),233208,61374,221895,60423,20260103
202512,6호선,상수,321130,27397,364940,27824,20260103
202512,6호선,합정,391822,47671,393493,44357,20260103
202512,6호선,망원,434597,94388,466897,98137,20260103
202512,6호선,마포구청,361485,90671,327639,83747,20260103
202512,6호선,월드컵경기장(성산),101913,50063,105835,48896,20260103
202512,6호선,디지털미디어시티,368403,66518,404196,66898,20260103
202512,6호선,증산(명지대앞),211593,76210,207772,77144,20260103
202512,6호선,새절(신사),288401,98618,265992,98588,20260103
202512,6호선,구산,189949,61759,130980,66561,20260103
202512,6호선,연신내,74,5,0,0,20260103
202512,6호선,독바위,57443,22293,56971,27360,20260103
202512,6호선,불광,101296,51371,96626,41050,20260103
202512,6호선,역촌,82660,37618,103304,37676,20260103
202512,6호선,응암,411953,142624,407569,141559,20260103
202512,7호선,온수(성공회대입구),246070,49843,224081,47129,20260103
202512,7호선,천왕,288868,71501,276906,72135,20260103
202512,7호선,광명사거리,494347,186761,483753,192714,20260103
202512,7호선,철산,561847,133977,577629,133754,20260103
202512,7호선,가산디지털단지,1110915,115715,1109859,107880,20260103
202512,7호선,남구로,365494,75790,389412,78038,20260103
202512,7호선,대림(구로구청),237462,55368,240561,54272,20260103
202512,7호선,신풍,282193,89501,263858,88301,20260103
202512,7호선,보라매,168301,37215,175958,38200,20260103
202512,7호선,신대방삼거리,357943,102364,338451,104825,20260103
202512,7호선,장승배기,217654,80365,210518,80645,20260103
202512,7호선,상도,303323,72695,295341,69682,20260103
202512,7호선,숭실대입구(살피재),340636,71958,336157,74588,20260103
202512,7호선,남성,258779,87741,243513,88640,20260103
202512,7호선,이수,434366,101565,424754,95179,20260103
202512,7호선,내방,359165,85949,364706,83135,20260103
202512,7호선,고속터미널,494659,95286,404488,86908,20260103
202512,7호선,반포,165401,49880,159384,47493,20260103
202512,7호선,논현,519562,52323,550759,51566,20260103
202512,7호선,학동,605373,72745,636283,69392,20260103
202512,7호선,강남구청,426215,61323,482193,63036,20260103
202512,7호선,청담,462597,90276,517701,87805,20260103
202512,7호선,자양(뚝섬한강공원),208892,51238,201958,50886,20260103
202512,7호선,건대입구,388730,78654,410856,73240,20260103
202512,7호선,어린이대공원(세종대),454517,48757,457574,48462,20260103
202512,7호선,군자(능동),383570,96160,296221,81382,20260103
202512,7호선,중곡,266747,76819,246860,77848,20260103
202512,7호선,용마산(용마폭포공원),136377,39293,131062,42658,20260103
202512,7호선,사가정,377448,118849,378166,121084,20260103
202512,7호선,면목,349014,107352,331802,110376,20260103
202512,7호선,상봉,463284,99625,457765,96801,20260103
202512,7호선,중화,265771,77656,262486,78403,20260103
202512,7호선,먹골,239630,80302,235632,82059,20260103
202512,7호선,장암,68869,16047,24072,11976,20260103
202512,7호선,태릉입구,215581,54409,204848,51211,20260103
202512,7호선,도봉산,218060,50361,241399,73118,20260103
202512,7호선,수락산,275766,121103,271674,122493,20260103
202512,7호선,마들,304570,107733,281788,105986,20260103
202512,7호선,노원,494468,162545,523927,162914,20260103
202512,7호선,중계,342373,109335,311199,106374,20260103
202512,7호선,하계,432909,134507,401949,129195,20260103
202512,7호선,공릉(서울과학기술대),297200,90403,289355,90996,20260103
202512,8호선,암사역사공원,172472,38557,146426,37318,20260103
202512,8호선,남위례,193477,43793,190442,41719,20260103
202512,8호선,모란,98983,63680,82263,49525,20260103
202512,8호선,수진,122740,51754,110635,51154,20260103
202512,8호선,신흥,121339,48763,123327,49688,20260103
202512,8호선,단대오거리,286412,86600,271684,85453,20260103
202512,8호선,남한산성입구(성남법원.검찰청),315896,84408,281775,80069,20260103
202512,8호선,산성,150083,39727,150872,42440,20260103
202512,8호선,복정,247404,49136,208673,44760,20260103
202512,8호선,장지,435704,105176,400602,99444,20260103
202512,8호선,문정,586359,80136,611885,79998,20260103
202512,8호선,가락시장,202053,81117,229871,82739,20260103
202512,8호선,송파,230611,81694,228723,80329,20260103
202512,8호선,석촌,221040,68677,260789,71076,20260103
202512,8호선,잠실(송파구청),594964,110611,702823,109131,20260103
202512,8호선,몽촌토성(평화의문),191805,41912,199635,42144,20260103
202512,8호선,강동구청,249487,82708,256308,83962,20260103
202512,8호선,천호(풍납토성),438253,128039,515876,130529,20260103
202512,8호선,암사,376714,121827,342740,120479,20260103
202512,9호선,동작(현충원),48136,13648,41494,12197,20260103
202512,9호선,흑석(중앙대입구),225517,68895,232639,68869,20260103
202512,9호선,노들,111613,37737,90335,35187,20260103
202512,9호선,노량진,792815,105114,774371,102533,20260103
202512,9호선,샛강,165829,33908,164830,33462,20260103
202512,9호선,여의도,885032,68957,837825,63353,20260103
202512,9호선,국회의사당,458883,76927,469225,69260,20260103
202512,9호선,당산,513789,85592,501696,79545,20260103
202512,9호선,선유도,231765,39388,212908,38802,20260103
202512,9호선,신목동,108697,30524,94366,29200,20260103
202512,9호선,염창,465064,93190,443036,89926,20260103
202512,9호선,등촌,287317,102094,270673,104398,20260103
202512,9호선,증미,194154,42747,185854,42655,20260103
202512,9호선,가양,519036,158972,508924,155627,20260103
202512,9호선,양천향교,272684,55080,280161,54530,20260103
202512,9호선,마곡나루(서울식물원),431666,52604,416524,51705,20260103
202512,9호선,신방화,160253,53409,157709,53673,20260103
202512,9호선,공항시장,62287,23994,67003,25837,20260103
202512,9호선,김포공항,188149,20217,354483,32385,20260103
202512,9호선,개화,61339,12952,40902,10382,20260103
202512,9호선,구반포,49835,12183,43865,11689,20260103
202512,9호선,신반포,115835,34480,108804,34334,20260103
202512,9호선,고속터미널,421183,84211,602998,104256,20260103
202512,9호선,사평,106296,28855,101421,28639,20260103
202512,9호선,신논현,952734,65959,974262,63857,20260103
202512,9호선2~3단계,선정릉,268286,34210,292724,35733,20260103
202512,9호선2~3단계,중앙보훈병원,295260,96674,245254,93314,20260103
202512,9호선2~3단계,둔촌오륜,115940,27177,111951,28141,20260103
202512,9호선2~3단계,올림픽공원(한국체대),256362,33146,272634,33331,20260103
202512,9호선2~3단계,한성백제,82387,21904,73471,19389,20260103
202512,9호선2~3단계,송파나루,161778,37233,172152,39746,20260103
202512,9호선2~3단계,석촌,259700,51130,235680,45296,20260103
202512,9호선2~3단계,석촌고분,185049,49386,180118,49231,20260103
202512,9호선2~3단계,삼전,209780,51753,197531,50783,20260103
202512,9호선2~3단계,종합운동장,146085,26432,145663,24129,20260103
202512,9호선2~3단계,봉은사,682953,71905,758988,68267,20260103
202512,9호선2~3단계,삼성중앙,210435,34606,219603,34142,20260103
202512,9호선2~3단계,언주,317028,37724,320670,37181,20260103
202512,경강선,곤지암,55180,15834,51610,15400,20260103
202512,경강선,초월,96440,20056,87861,19583,20260103
202512,경강선,경기광주,211373,40387,201570,39889,20260103
202512,경강선,삼동,57136,16314,52625,16463,20260103
202512,경강선,이매,25172,6673,21400,6490,20260103
202512,경강선,판교,164847,23803,161355,20296,20260103
202512,경강선,성남,33585,7739,28790,8057,20260103
202512,경강선,이천,80634,17812,85104,18541,20260103
202512,경강선,부발,65913,12737,62614,12416,20260103
202512,경강선,세종대왕릉,6612,3738,6311,3550,20260103
202512,경강선,여주,75018,23629,72886,23347,20260103
202512,경강선,신둔도예촌,37779,10079,34467,9655,20260103
202512,경부선,수원,1102273,191566,1167623,195101,20260103
202512,경부선,성균관대,408736,75433,397527,75492,20260103
202512,경부선,의왕,226160,50510,221937,50294,20260103
202512,경부선,군포,156659,41392,153408,40408,20260103
202512,경부선,금정,708660,156507,725330,158911,20260103
202512,경부선,명학,210016,49367,205989,48129,20260103
202512,경부선,안양,578027,148361,559923,153362,20260103
202512,경부선,관악,155772,62974,150879,61286,20260103
202512,경부선,석수,196677,54999,178891,51766,20260103
202512,경부선,금천구청,236392,88700,241587,90913,20260103
202512,경부선,가산디지털단지,439212,42635,517167,48815,20260103
202512,경부선,구로,414856,119212,428890,116215,20260103
202512,경부선,신길,211775,50266,185304,47578,20260103
202512,경부선,신도림,90242,26472,97573,32273,20260103
202512,경부선,영등포,1069097,350356,1086796,350154,20260103
202512,경부선,대방,244648,64871,284902,68958,20260103
202512,경부선,노량진,265733,56648,293468,57278,20260103
202512,경부선,용산,1415751,158728,1432779,156030,20260103
202512,경부선,남영,253929,40359,268503,41449,20260103
202512,경부선,서울역,345772,22074,124752,5726,20260103
202512,경부선,광명,107339,13629,88134,12645,20260103
202512,경부선,서동탄,36237,8070,30289,7351,20260103
202512,경부선,당정,151847,39050,145081,37270,20260103
202512,경부선,천안,158853,62147,149931,60778,20260103
202512,경부선,두정,211449,34242,224064,34838,20260103
202512,경부선,직산,25407,5947,25312,5540,20260103
202512,경부선,성환,127665,23584,122268,23317,20260103
202512,경부선,평택,344690,80129,339073,78187,20260103
202512,경부선,평택지제,123207,17075,114164,15924,20260103
202512,경부선,서정리,225191,40989,212873,39835,20260103
202512,경부선,송탄,117568,24552,112970,24276,20260103
202512,경부선,진위,39691,10051,35147,9905,20260103
202512,경부선,오산,284823,58679,280757,59123,20260103
202512,경부선,오산대,100326,20353,91350,19433,20260103
202512,경부선,세마,88278,18420,83543,17470,20260103
202512,경부선,병점,405285,81796,403438,81396,20260103
202512,경부선,세류,91233,20117,83739,19627,20260103
202512,경부선,독산,410762,75217,412858,77122,20260103
202512,경부선,화서,317462,57823,310054,56428,20260103
202512,경원선,외대앞,292910,56855,283190,56163,20260103
202512,경원선,연천,12980,16219,11534,15806,20260103
202512,경원선,전곡,25943,12974,23449,11756,20260103
202512,경원선,청산,2402,1972,1946,1710,20260103
202512,경원선,소요산,11421,39371,11920,39334,20260103
202512,경원선,동두천,39959,18547,38576,18569,20260103
202512,경원선,보산,33721,14363,30401,13806,20260103
202512,경원선,동두천중앙,53300,35608,51285,35534,20260103
202512,경원선,지행,152397,51099,152406,50914,20260103
202512,경원선,덕정,155133,41668,144418,41820,20260103
202512,경원선,덕계,154148,40619,142467,39125,20260103
202512,경원선,양주,159353,61805,153156,59669,20260103
202512,경원선,녹양,91937,43574,87807,41414,20260103
202512,경원선,가능,133713,63348,127150,62585,20260103
202512,경원선,의정부,476360,136569,484222,136146,20260103
202512,경원선,회룡,237239,173631,230589,171604,20260103
202512,경원선,망월사,183880,80109,181544,81796,20260103
202512,경원선,도봉산,125757,109714,67545,83884,20260103
202512,경원선,도봉,102391,77167,95487,76341,20260103
202512,경원선,방학,188076,121969,182883,119552,20260103
202512,경원선,창동,152,14,0,0,20260103
202512,경원선,녹천,92718,39802,76215,36317,20260103
202512,경원선,월계,147850,65091,132905,63095,20260103
202512,경원선,광운대,199643,61203,191314,59354,20260103
202512,경원선,석계,164734,65109,186994,69775,20260103
202512,경원선,신이문,182000,73083,167671,71867,20260103
202512,경원선,청량리(서울시립대입구),409641,164813,407691,170642,20260103
202512,경원선,왕십리(성동구청),462904,91014,459439,91313,20260103
202512,경원선,응봉,36724,17563,30445,15676,20260103
202512,경원선,옥수,1513,172,1076,96,20260103
202512,경원선,한남,81683,27966,84897,26269,20260103
202512,경원선,서빙고,54108,20723,52024,20531,20260103
202512,경원선,이촌(국립중앙박물관),87642,35231,70831,29330,20260103
202512,경의선,문산,127002,50405,121873,49790,20260103
202512,경의선,신촌,24610,4128,31039,5204,20260103
202512,경의선,효창공원앞,81058,18561,91761,20784,20260103
202512,경의선,백마,181031,44368,174498,43891,20260103
202512,경의선,풍산,149025,49670,140263,48573,20260103
202512,경의선,일산,238262,80889,231150,80772,20260103
202512,경의선,탄현,187775,49254,177827,48819,20260103
202512,경의선,야당,200222,45025,205875,44805,20260103
202512,경의선,운정,193220,50916,180996,49555,20260103
202512,경의선,금릉,119620,35996,115135,35522,20260103
202512,경의선,금촌,148901,54363,142134,54369,20260103
202512,경의선,월롱,51769,10138,43479,10354,20260103
202512,경의선,파주,31231,7163,23911,6267,20260103
202512,경의선,행신,188064,43368,189422,44202,20260103
202512,경의선,임진강,267,165,216,147,20260103
202512,경의선,운천,43,136,36,104,20260103
202512,경의선,서울역,77157,19494,101092,23204,20260103
202512,경의선,공덕,117601,18469,89915,17090,20260103
202512,경의선,홍대입구,67386,6374,83921,6983,20260103
202512,경의선,디지털미디어시티,68961,13603,63869,14771,20260103
202512,경의선,김포공항,3,0,0,0,20260103
202512,경의선,계양,0,1,0,0,20260103
202512,경의선,검암,2,2,0,0,20260103
202512,경의선,서강대,57131,12701,57506,11896,20260103
202512,경의선,가좌,134781,48004,130112,47755,20260103
202512,경의선,수색,74400,19492,76547,19812,20260103
202512,경의선,능곡,97960,37989,91667,37253,20260103
202512,경의선,한국항공대,66800,9579,60994,9037,20260103
202512,경의선,강매,76308,21429,62633,20033,20260103
202512,경의선,곡산,10947,6052,11746,6058,20260103
202512,경인선,도원,66866,32083,66876,33667,20260103
202512,경인선,간석,124107,52246,115801,50558,20260103
202512,경인선,부개,179736,78388,162824,77064,20260103
202512,경인선,소사,176390,70077,169160,70108,20260103
202512,경인선,구일,209188,50515,235657,49690,20260103
202512,경인선,인천,74504,36136,58756,33808,20260103
202512,경인선,동인천,285097,127958,262899,124902,20260103
202512,경인선,제물포,251729,76276,239581,75802,20260103
202512,경인선,주안,454269,109364,406573,96806,20260103
202512,경인선,동암,342528,121265,345239,122533,20260103
202512,경인선,백운,146043,64804,138270,64768,20260103
202512,경인선,부평,743918,178715,785089,179110,20260103
202512,경인선,송내,622512,156125,610896,153976,20260103
202512,경인선,부천,717728,266435,715708,269443,20260103
202512,경인선,역곡,613671,178219,604936,183699,20260103
202512,경인선,오류동,251702,100721,229473,97400,20260103
202512,경인선,도화,79201,43034,69745,41548,20260103
202512,경인선,개봉,505718,187333,485542,191770,20260103
202512,경인선,온수(성공회대입구),135519,55917,124763,54429,20260103
202512,경인선,중동,190124,87843,172755,86457,20260103
202512,경춘선,김유정,7161,3711,7262,3800,20260103
202512,경춘선,퇴계원,69354,35458,62005,33853,20260103
202512,경춘선,사릉,44409,19275,42528,19108,20260103
202512,경춘선,금곡,30510,18991,29176,18338,20260103
202512,경춘선,평내호평,142961,54397,138271,52517,20260103
202512,경춘선,천마산,28844,19441,25774,19523,20260103
202512,경춘선,마석,85529,41407,81478,40389,20260103
202512,경춘선,대성리,9601,6282,9008,5950,20260103
202512,경춘선,청평,32460,19716,31433,19256,20260103
202512,경춘선,상천,3259,3630,2968,3372,20260103
202512,경춘선,가평,40853,15767,40065,15415,20260103
202512,경춘선,굴봉산,1424,1387,2051,1392,20260103
202512,경춘선,백양리,6491,1363,5337,1405,20260103
202512,경춘선,강촌,7874,3640,7961,3623,20260103
202512,경춘선,남춘천,69511,27066,68929,27479,20260103
202512,경춘선,춘천,35415,14982,30589,12854,20260103
202512,경춘선,신내,62101,22961,58609,22356,20260103
202512,경춘선,갈매,60699,22853,52174,21466,20260103
202512,경춘선,별내,54863,22526,49786,20185,20260103
202512,공항철도 1호선,서울역,399077,40990,357799,37832,20260103
202512,공항철도 1호선,청라국제도시,217755,17447,205956,17278,20260103
202512,공항철도 1호선,검암,169807,18773,168137,18494,20260103
202512,공항철도 1호선,계양,247995,33794,245833,34037,20260103
202512,공항철도 1호선,김포공항,299351,28702,159862,16734,20260103
202512,공항철도 1호선,마곡나루(서울식물원),389704,26145,380643,26843,20260103
202512,공항철도 1호선,디지털미디어시티,382251,36053,357909,33688,20260103
202512,공항철도 1호선,홍대입구,511899,23589,485784,21902,20260103
202512,공항철도 1호선,공덕,87186,10429,118672,13071,20260103
202512,공항철도 1호선,영종,119283,27431,120382,27427,20260103
202512,공항철도 1호선,인천공항2터미널,235501,23549,198625,20427,20260103
202512,공항철도 1호선,인천공항1터미널,426875,38769,412643,35429,20260103
202512,공항철도 1호선,공항화물청사,47609,10289,56218,10049,20260103
202512,공항철도 1호선,운서,282382,34714,294732,34351,20260103
202512,과천선,평촌,460731,83176,444374,82321,20260103
202512,과천선,인덕원,646633,157269,658335,160851,20260103
202512,과천선,정부과천청사,331748,67145,346926,66334,20260103
202512,과천선,과천,122596,44884,110427,43104,20260103
202512,과천선,대공원,63270,26643,63470,27679,20260103
202512,과천선,경마공원,75237,80119,74962,79650,20260103
202512,과천선,선바위,197395,36555,164942,35210,20260103
202512,과천선,범계,756244,152256,758585,148324,20260103
202512,분당선,미금,349004,129247,355483,134269,20260103
202512,분당선,매교,132289,32028,130656,32518,20260103
202512,분당선,수원시청,384843,62138,420455,63612,20260103
202512,분당선,매탄권선,141067,30448,137278,29537,20260103
202512,분당선,망포,413849,54167,396812,52608,20260103
202512,분당선,영통,245326,41723,246624,41513,20260103
202512,분당선,청명,118103,27645,111797,27556,20260103
202512,분당선,상갈,121468,36835,114908,35817,20260103
202512,분당선,기흥,267483,55775,245564,53637,20260103
202512,분당선,신갈,114324,36828,110401,36387,20260103
202512,분당선,구성,183471,49846,186646,50407,20260103
202512,분당선,죽전,333133,83543,374928,90217,20260103
202512,분당선,보정,56087,22492,47774,21229,20260103
202512,분당선,이매,126141,45806,120209,44068,20260103
202512,분당선,오리,259522,82587,224364,73332,20260103
202512,분당선,정자,482948,81455,507120,81117,20260103
202512,분당선,수내,317381,90710,316384,89283,20260103
202512,분당선,서현,605071,149938,620751,146100,20260103
202512,분당선,야탑,605258,198140,644137,198818,20260103
202512,분당선,모란,437002,189330,439078,206636,20260103
202512,분당선,태평,306600,106147,283271,111232,20260103
202512,분당선,가천대,275838,31509,275166,32165,20260103
202512,분당선,선정릉,178300,36817,184418,35309,20260103
202512,분당선,강남구청,240840,45547,281220,49478,20260103
202512,분당선,압구정로데오,558976,53151,615045,51336,20260103
202512,분당선,서울숲,322474,33487,334264,33111,20260103
202512,분당선,수원,220584,40520,209045,38067,20260103
202512,분당선,복정,66,2,0,0,20260103
202512,분당선,수서,460661,86773,485290,91895,20260103
202512,분당선,대모산입구,137519,41336,128919,40726,20260103
202512,분당선,개포동,99232,37260,101905,37885,20260103
202512,분당선,구룡,80639,29644,77715,29545,20260103
202512,분당선,도곡,172214,63259,178367,61283,20260103
202512,분당선,한티,392256,79907,412123,81161,20260103
202512,분당선,선릉,322924,54925,493882,72831,20260103
202512,서해선,부천종합운동장,79529,10850,67647,9015,20260103
202512,서해선,김포공항,91289,14015,127491,26402,20260103
202512,서해선,원종,105994,49465,100511,50855,20260103
202512,수인선,어천,38639,9816,35827,10688,20260103
202512,수인선,야목,17752,4319,14293,3680,20260103
202512,수인선,사리,131042,24127,111522,21705,20260103
202512,수인선,달월,1707,1186,1257,689,20260103
202512,수인선,월곶,68628,22410,62093,21904,20260103
202512,수인선,소래포구,101737,52942,94179,51868,20260103
202512,수인선,인천논현,121875,46003,129319,46301,20260103
202512,수인선,호구포,88521,26635,91672,26645,20260103
202512,수인선,남동인더스파크,53725,7426,60859,7954,20260103
202512,수인선,원인재,94464,39780,99193,39594,20260103
202512,수인선,연수,106262,40966,104594,41112,20260103
202512,수인선,송도,53304,27133,46611,25941,20260103
202512,수인선,인하대,176156,36937,161634,34726,20260103
202512,수인선,숭의,97377,36554,88533,34267,20260103
202512,수인선,인천,17629,14000,30023,17336,20260103
202512,수인선,신포,38904,16721,39542,17122,20260103
202512,수인선,고색,145365,25966,139528,24305,20260103
202512,수인선,오목천,114581,21263,95820,20111,20260103
202512,신림선,서울대벤처타운,240946,74836,211727,74460,20260103
202512,신림선,샛강,68865,17493,86502,16421,20260103
202512,신림선,대방,85856,25196,61715,19830,20260103
202512,신림선,서울지방병무청,67780,31242,74831,34371,20260103
202512,신림선,보라매,110700,32050,99754,28577,20260103
202512,신림선,보라매공원,50014,20800,54878,22317,20260103
202512,신림선,보라매병원,178794,67333,187694,67222,20260103
202512,신림선,당곡,109766,46738,103352,45471,20260103
202512,신림선,신림,52353,22693,62881,24729,20260103
202512,신림선,서원,83230,30133,71144,29254,20260103
202512,신림선,관악산(서울대),57996,31115,54221,31084,20260103
202512,안산선,중앙,496657,82725,519937,81641,20260103
202512,안산선,산본,383299,128008,407625,129847,20260103
202512,안산선,대야미,117841,36635,101142,34181,20260103
202512,안산선,반월,99256,37174,94820,36590,20260103
202512,안산선,상록수,375248,83139,375253,84620,20260103
202512,안산선,한대앞,244393,51454,241921,52412,20260103
202512,안산선,고잔,230659,45628,222813,43820,20260103
202512,안산선,초지,129535,21061,132018,21389,20260103
202512,안산선,안산,317888,44497,296526,42323,20260103
202512,안산선,신길온천,52693,11838,46364,11275,20260103
202512,안산선,정왕,256467,34049,258408,35179,20260103
202512,안산선,오이도,196181,37889,196471,37734,20260103
202512,안산선,수리산,87237,35399,70027,32000,20260103
202512,우이신설선,북한산우이,54166,38331,46562,39153,20260103
202512,우이신설선,4.19민주묘지,66502,40086,64923,36568,20260103
202512,우이신설선,가오리,76459,56595,73997,58703,20260103
202512,우이신설선,화계,61937,52111,55508,51758,20260103
202512,우이신설선,삼양,43086,33378,43754,36586,20260103
202512,우이신설선,삼양사거리,41519,39602,40324,39134,20260103
202512,우이신설선,솔샘,136635,46000,124303,47409,20260103
202512,우이신설선,북한산보국문,150650,49365,136571,49710,20260103
202512,우이신설선,정릉,99029,51746,86344,48835,20260103
202512,우이신설선,성신여대입구(돈암),83580,36841,97008,34970,20260103
202512,우이신설선,보문,38383,19305,37723,18861,20260103
202512,우이신설선,신설동,41169,36365,39928,31946,20260103
202512,우이신설선,솔밭공원,48684,32547,43156,33190,20260103
202512,일산선,대화,253751,91285,199448,84744,20260103
202512,일산선,정발산,170577,67737,175601,64115,20260103
202512,일산선,주엽,173570,101950,166898,103459,20260103
202512,일산선,원흥,271960,74073,256780,71441,20260103
202512,일산선,지축,55,1,0,0,20260103
202512,일산선,삼송,502378,113758,478239,113739,20260103
202512,일산선,원당,265072,94963,251515,94418,20260103
202512,일산선,화정,390132,141752,404368,145240,20260103
202512,일산선,대곡,317040,30884,288389,28254,20260103
202512,일산선,백석,233261,92423,239593,92352,20260103
202512,일산선,마두,161644,77553,161906,79255,20260103
202512,장항선,배방,33144,9149,32390,9061,20260103
202512,장항선,신창(순천향대),47870,6673,45481,6017,20260103
202512,장항선,봉명,29032,12166,29410,11821,20260103
202512,장항선,쌍용(나사렛대),64174,18436,61451,17744,20260103
202512,장항선,아산,116753,16622,102130,15532,20260103
202512,장항선,탕정,56889,8504,50090,8020,20260103
202512,장항선,온양온천,92248,72154,92617,72542,20260103
202512,중앙선,지평,681,820,885,885,20260103
202512,중앙선,회기,715031,136388,669408,133987,20260103
202512,중앙선,중랑,119437,54678,110875,54573,20260103
202512,중앙선,상봉,141479,48943,135792,46583,20260103
202512,중앙선,망우,160742,79966,151795,80763,20260103
202512,중앙선,양원,72383,24811,69654,24465,20260103
202512,중앙선,구리,181005,56966,197646,60402,20260103
202512,중앙선,도농,222797,73617,202531,70852,20260103
202512,중앙선,양정,9180,5722,7489,4965,20260103
202512,중앙선,덕소,118755,51960,116979,52511,20260103
202512,중앙선,도심,63578,23566,48563,21552,20260103
202512,중앙선,팔당,16626,7576,17464,7518,20260103
202512,중앙선,운길산,9158,7428,8322,7485,20260103
202512,중앙선,양수,30728,21563,30870,21400,20260103
202512,중앙선,신원,2023,2740,1874,2462,20260103
202512,중앙선,국수,11235,11050,10695,11216,20260103
202512,중앙선,아신,9750,6453,9980,6437,20260103
202512,중앙선,오빈,4365,4854,4357,4931,20260103
202512,중앙선,양평,65540,37826,67152,38289,20260103
202512,중앙선,원덕,4429,6075,4354,5828,20260103
202512,중앙선,용문,30080,32545,30038,32529,20260103
202511,1호선,동묘앞,166838,176623,174517,178680,20251203
202511,1호선,서울역,2060685,284002,1961440,270577,20251203
202511,1호선,시청,729392,123352,745758,121524,20251203
202511,1호선,종각,1012349,157009,989686,143360,20251203
202511,1호선,종로3가,510663,297378,456564,270907,20251203
202511,1호선,종로5가,481068,243918,476966,236870,20251203
202511,1호선,동대문,263793,132486,254970,131297,20251203
202511,1호선,신설동,305270,127062,292811,122316,20251203
202511,1호선,제기동,234243,267289,225011,290755,20251203
202511,1호선,청량리(서울시립대입구),424083,297110,424193,300215,20251203
202511,2호선,뚝섬,686537,71063,714218,69930,20251203
202511,2호선,성수,1568538,105350,1701000,105887,20251203
202511,2호선,건대입구,1089751,103913,1118052,107027,20251203
202511,2호선,구의(광진구청),701511,124512,683900,125112,20251203
202511,2호선,강변(동서울터미널),734253,124464,674724,119848,20251203
202511,2호선,잠실나루,342753,96243,332255,95261,20251203
202511,2호선,잠실(송파구청),2212097,241962,2194478,228557,20251203
202511,2호선,잠실새내,590306,123493,572865,122360,20251203
202511,2호선,종합운동장,274729,62649,306025,65991,20251203
202511,2호선,삼성(무역센터),1506632,126062,1513049,118497,20251203
202511,2호선,선릉,1356353,250393,1188931,220785,20251203
202511,2호선,역삼,1228706,144973,1404551,148586,20251203
202511,2호선,강남,2173157,172755,2160646,151041,20251203
202511,2호선,교대(법원.검찰청),710095,159040,859222,188550,20251203
202511,2호선,서초,559098,104445,539255,106085,20251203
202511,2호선,방배,439321,83623,453114,82413,20251203
202511,2호선,사당,1046283,241603,1172140,225668,20251203
202511,2호선,낙성대(강감찬),719073,119541,693545,121884,20251203
202511,2호선,서울대입구(관악구청),1217090,187715,1170873,177349,20251203
202511,2호선,봉천,564770,163917,519686,162754,20251203
202511,2호선,신림,1449648,208746,1412701,210449,20251203
202511,2호선,신대방,607402,138470,574087,138047,20251203
202511,2호선,구로디지털단지,1425910,228021,1408337,227633,20251203
202511,2호선,대림(구로구청),583623,148471,596557,153824,20251203
202511,2호선,신도림,1238622,244425,1197331,228975,20251203
202511,2호선,문래,582559,93122,605982,93420,20251203
202511,2호선,영등포구청,555226,111406,576596,111242,20251203
202511,2호선,당산,488730,63851,559110,69835,20251203
202511,2호선,합정,900943,75850,995483,79406,20251203
202511,2호선,홍대입구,2171730,108162,2350623,105139,20251203
202511,2호선,신촌,1067759,131635,1079966,129945,20251203
202511,2호선,이대,507637,52737,553981,56669,20251203
202511,2호선,아현,269882,69856,248480,68963,20251203
202511,2호선,충정로(경기대입구),249392,50553,269941,50735,20251203
202511,2호선,용답,73872,19559,73437,19306,20251203
202511,2호선,신답,40981,10563,46169,10905,20251203
202511,2호선,신설동,85562,37752,81608,39745,20251203
202511,2호선,도림천,30261,9956,31941,10880,20251203
202511,2호선,양천구청,143601,57786,152959,58050,20251203
202511,2호선,용두(동대문구청),52944,27893,51404,29422,20251203
202511,2호선,신정네거리,221894,80437,225578,82185,20251203
202511,2호선,시청,740843,70666,687339,64059,20251203
202511,2호선,을지로입구,1425170,115005,1453176,105946,20251203
202511,2호선,을지로3가,670982,79241,673841,79655,20251203
202511,2호선,을지로4가,365412,77242,358167,76077,20251203
202511,2호선,동대문역사문화공원(DDP),409687,65745,484823,72453,20251203
202511,2호선,신당,360154,95235,375843,97040,20251203
202511,2호선,상왕십리,356786,71059,346580,72294,20251203
202511,2호선,왕십리(성동구청),443016,56397,402235,52118,20251203
202511,2호선,한양대,388651,16399,420985,17560,20251203
202511,3호선,일원,253928,75733,244421,75529,20251203
202511,3호선,지축,184438,38980,186919,37748,20251203
202511,3호선,구파발,518443,147885,506566,141983,20251203
202511,3호선,연신내,837304,284993,789816,274653,20251203
202511,3호선,불광,345284,155451,363348,172458,20251203
202511,3호선,녹번,367733,86607,331001,85380,20251203
202511,3호선,홍제,400696,155870,374847,151712,20251203
202511,3호선,무악재,91457,34349,87250,36926,20251203
202511,3호선,독립문,172287,77715,183815,78948,20251203
202511,3호선,경복궁(정부서울청사),812085,104844,839547,103021,20251203
202511,3호선,안국,758060,118830,786208,127239,20251203
202511,3호선,종로3가,274129,72312,305433,81320,20251203
202511,3호선,을지로3가,331682,51718,314951,48533,20251203
202511,3호선,충무로,189,4,0,0,20251203
202511,3호선,동대입구,350315,51369,392355,57785,20251203
202511,3호선,약수,299731,85617,296323,80748,20251203
202511,3호선,금호,185665,57603,171659,56555,20251203
202511,3호선,옥수,209090,65379,215045,65669,20251203
202511,3호선,압구정,767483,149230,830006,147975,20251203
202511,3호선,신사,716074,74253,754744,71946,20251203
202511,3호선,잠원,168059,47109,159334,45472,20251203
202511,3호선,고속터미널,1346051,244222,1311126,230900,20251203
202511,3호선,교대(법원.검찰청),401866,95685,227790,53946,20251203
202511,3호선,남부터미널(예술의전당),795844,142361,801145,143014,20251203
202511,3호선,양재(서초구청),929253,167595,994027,169431,20251203
202511,3호선,매봉,280257,83367,271928,78281,20251203
202511,3호선,도곡,148019,33373,145993,30730,20251203
202511,3호선,대치,293446,76426,289416,73431,20251203
202511,3호선,학여울,60150,22318,61065,21824,20251203
202511,3호선,대청,254715,69487,235351,67207,20251203
202511,3호선,수서,433672,134291,432677,130342,20251203
202511,3호선,가락시장,189224,85240,186379,83405,20251203
202511,3호선,경찰병원,166161,48496,162536,49783,20251203
202511,3호선,오금,154809,36617,136875,34475,20251203
202511,4호선,창동,562777,249053,596223,257643,20251203
202511,4호선,쌍문,667276,194427,610313,191552,20251203
202511,4호선,수유(강북구청),823697,204322,823178,205699,20251203
202511,4호선,미아(서울사이버대학),353949,129799,333965,131641,20251203
202511,4호선,미아사거리,579911,197670,569626,197824,20251203
202511,4호선,길음,521641,131788,525610,130825,20251203
202511,4호선,성신여대입구(돈암),610805,97951,584306,96695,20251203
202511,4호선,한성대입구(삼선교),385807,83839,374486,82620,20251203
202511,4호선,혜화,1069860,147824,1064201,145946,20251203
202511,4호선,동대문,415395,156790,429336,151855,20251203
202511,4호선,동대문역사문화공원(DDP),554813,73358,482699,65297,20251203
202511,4호선,충무로,834236,132641,865451,136657,20251203
202511,4호선,명동,1108889,98748,1192864,100886,20251203
202511,4호선,회현(남대문시장),649587,222553,695536,224710,20251203
202511,4호선,서울역,338791,45773,673342,68224,20251203
202511,4호선,숙대입구(갈월),429342,60008,420832,56261,20251203
202511,4호선,삼각지(전쟁기념관),187781,25720,226402,28201,20251203
202511,4호선,신용산,583453,63810,636884,64617,20251203
202511,4호선,이촌(국립중앙박물관),265182,60773,288871,63417,20251203
202511,4호선,동작(현충원),46960,15634,47689,15847,20251203
202511,4호선,총신대입구(이수),415817,171939,454820,181053,20251203
202511,4호선,사당,692935,111524,614015,122445,20251203
202511,4호선,남태령,35022,9073,27451,8190,20251203
202511,4호선,불암산,205289,83095,170050,82078,20251203
202511,4호선,상계,435223,143989,402285,140340,20251203
202511,4호선,노원,502772,118038,576454,115810,20251203
202511,5호선,을지로4가,153452,44493,150314,44138,20251203
202511,5호선,동대문역사문화공원(DDP),81298,8624,91268,9833,20251203
202511,5호선,청구,79388,22308,78158,18606,20251203
202511,5호선,신금호,143112,41901,151073,47847,20251203
202511,5호선,행당,182133,54586,162418,49297,20251203
202511,5호선,왕십리(성동구청),111153,27308,130108,27811,20251203
202511,5호선,마장,135522,41584,126903,40614,20251203
202511,5호선,답십리,381148,89706,335329,86110,20251203
202511,5호선,장한평,470963,107843,458051,109887,20251203
202511,5호선,군자(능동),318510,50037,352864,54047,20251203
202511,5호선,아차산(어린이대공원후문),356061,116795,350308,114239,20251203
202511,5호선,광나루(장신대),283729,74913,270808,73079,20251203
202511,5호선,천호(풍납토성),442904,173591,426644,173289,20251203
202511,5호선,강동,432548,125439,415668,122901,20251203
202511,5호선,길동,176988,88301,176934,90357,20251203
202511,5호선,굽은다리(강동구민회관앞),203226,90244,193049,85373,20251203
202511,5호선,명일,172113,75438,167561,76435,20251203
202511,5호선,고덕,223249,85351,217884,83706,20251203
202511,5호선,상일동,326085,103308,307645,102063,20251203
202511,5호선,둔촌동,293612,103508,288793,103511,20251203
202511,5호선,올림픽공원(한국체대),131286,48262,115144,43658,20251203
202511,5호선,방이,173268,58168,176673,57722,20251203
202511,5호선,오금,83762,24551,85146,24174,20251203
202511,5호선,개롱,137074,56127,140144,58140,20251203
202511,5호선,거여,222447,75884,216612,74046,20251203
202511,5호선,마천,151560,61595,130690,62995,20251203
202511,5호선,강일,130105,50949,118824,49029,20251203
202511,5호선,미사,439231,100335,442575,99455,20251203
202511,5호선,하남풍산,98763,39756,96453,39241,20251203
202511,5호선,하남검단산,142773,60324,133307,59276,20251203
202511,5호선,하남시청(덕풍?신장),174391,87596,159543,87885,20251203
202511,5호선,방화,145693,61357,140028,60125,20251203
202511,5호선,개화산,131609,49239,125661,47497,20251203
202511,5호선,김포공항,343528,58132,209482,43549,20251203
202511,5호선,송정,135141,54888,127569,52655,20251203
202511,5호선,마곡,371264,65747,374834,63591,20251203
202511,5호선,발산,563889,135334,589970,131154,20251203
202511,5호선,우장산,333582,107913,328832,112704,20251203
202511,5호선,화곡,678449,164804,627649,157792,20251203
202511,5호선,까치산,645038,174001,612618,175475,20251203
202511,5호선,신정(은행정),325754,73256,262259,71317,20251203
202511,5호선,목동,391036,94564,429822,96620,20251203
202511,5호선,오목교(목동운동장앞),526427,99052,563638,97998,20251203
202511,5호선,양평,203148,33948,196628,32806,20251203
202511,5호선,영등포구청,122670,22061,120283,21940,20251203
202511,5호선,영등포시장,281412,83576,280407,85618,20251203
202511,5호선,신길,134433,13407,139347,13909,20251203
202511,5호선,여의도,757423,62572,798229,59685,20251203
202511,5호선,여의나루,348871,36690,412426,36395,20251203
202511,5호선,마포,354969,70284,361569,69552,20251203
202511,5호선,공덕,365074,55828,382648,52759,20251203
202511,5호선,애오개,156982,41591,150281,40573,20251203
202511,5호선,충정로(경기대입구),122928,17544,125861,17842,20251203
202511,5호선,서대문,472493,79093,475446,75954,20251203
202511,5호선,광화문(세종문화회관),895269,107968,961824,106779,20251203
202511,5호선,종로3가,386009,95732,388936,96999,20251203
202511,6호선,고려대(종암),250388,39248,237610,38681,20251203
202511,6호선,응암,395884,138998,390623,137313,20251203
202511,6호선,역촌,78603,36552,98864,36333,20251203
202511,6호선,불광,94881,48721,93865,39294,20251203
202511,6호선,독바위,55996,22058,56087,27638,20251203
202511,6호선,연신내,65,3,0,0,20251203
202511,6호선,구산,182523,60885,123122,64144,20251203
202511,6호선,새절(신사),278959,96920,257176,97102,20251203
202511,6호선,증산(명지대앞),204231,74524,200801,74769,20251203
202511,6호선,디지털미디어시티,357028,65027,389102,65693,20251203
202511,6호선,월드컵경기장(성산),129750,70326,155736,70734,20251203
202511,6호선,마포구청,356492,90564,319902,82944,20251203
202511,6호선,망원,405425,94335,433792,97271,20251203
202511,6호선,합정,368037,46325,367167,42023,20251203
202511,6호선,상수,305131,25452,342784,25583,20251203
202511,6호선,광흥창(서강),225478,61490,210714,60641,20251203
202511,6호선,대흥(서강대앞),247483,52728,260882,52991,20251203
202511,6호선,공덕,467459,90372,455559,84048,20251203
202511,6호선,효창공원앞,196335,43461,181791,39819,20251203
202511,6호선,삼각지(전쟁기념관),235013,23299,209434,19401,20251203
202511,6호선,녹사평(용산구청),154387,20623,159344,20175,20251203
202511,6호선,이태원,356970,32281,395854,32362,20251203
202511,6호선,한강진,280159,18876,341057,19265,20251203
202511,6호선,버티고개,53269,15047,49796,17012,20251203
202511,6호선,약수,90230,22830,87274,22106,20251203
202511,6호선,청구,91905,20745,87701,21908,20251203
202511,6호선,신당,208394,40325,211949,39095,20251203
202511,6호선,동묘앞,210376,79415,217360,73339,20251203
202511,6호선,창신,88829,20609,72690,19152,20251203
202511,6호선,보문,215616,35620,203344,33978,20251203
202511,6호선,안암(고대병원앞),395120,41002,391150,40533,20251203
202511,6호선,월곡(동덕여대),288916,75123,274389,74670,20251203
202511,6호선,상월곡(한국과학기술연구원),156381,44858,143078,43511,20251203
202511,6호선,돌곶이,286471,72363,260896,70791,20251203
202511,6호선,석계,288841,89027,297582,88107,20251203
202511,6호선,태릉입구,142622,37606,160962,37442,20251203
202511,6호선,화랑대(서울여대입구),302576,54783,245882,50554,20251203
202511,6호선,봉화산(서울의료원),193002,56717,178849,56155,20251203
202511,6호선,신내,10,0,0,0,20251203
202511,7호선,사가정,362158,114556,367772,117091,20251203
202511,7호선,장암,67264,16638,25278,12657,20251203
202511,7호선,도봉산,228011,62371,244243,81751,20251203
202511,7호선,수락산,260894,115687,257079,117345,20251203
202511,7호선,마들,289468,104272,267817,102541,20251203
202511,7호선,노원,448852,147639,480121,149183,20251203
202511,7호선,중계,331736,108326,302527,104862,20251203
202511,7호선,하계,421585,127750,393427,122714,20251203
202511,7호선,공릉(서울과학기술대),297909,86341,287879,87229,20251203
202511,7호선,태릉입구,212859,52171,202358,48926,20251203
202511,7호선,먹골,227211,75524,222606,76823,20251203
202511,7호선,중화,251813,75102,247027,75064,20251203
202511,7호선,상봉,445675,93741,434792,89985,20251203
202511,7호선,면목,341018,104317,320875,106527,20251203
202511,7호선,반포,160165,47908,152692,45071,20251203
202511,7호선,고속터미널,479033,92234,377151,80897,20251203
202511,7호선,내방,341380,82541,344339,79172,20251203
202511,7호선,이수,408223,94666,399725,89343,20251203
202511,7호선,남성,253421,84481,238493,85733,20251203
202511,7호선,숭실대입구(살피재),371439,70109,366041,72535,20251203
202511,7호선,상도,312371,71060,305698,67726,20251203
202511,7호선,장승배기,209363,75529,201718,76196,20251203
202511,7호선,신대방삼거리,347038,100610,326288,103345,20251203
202511,7호선,보라매,165807,34178,172350,35342,20251203
202511,7호선,신풍,271017,84918,252668,83426,20251203
202511,7호선,대림(구로구청),227125,51410,228529,50049,20251203
202511,7호선,남구로,350409,72993,372309,75316,20251203
202511,7호선,가산디지털단지,1055067,111058,1057277,103332,20251203
202511,7호선,철산,532947,125616,546310,124864,20251203
202511,7호선,광명사거리,463949,181010,453063,187827,20251203
202511,7호선,천왕,275967,71065,264463,71628,20251203
202511,7호선,온수(성공회대입구),245018,48792,225587,46239,20251203
202511,7호선,까치울,1,0,0,0,20251203
202511,7호선,용마산(용마폭포공원),133755,38719,129646,41992,20251203
202511,7호선,중곡,255820,75004,234806,75285,20251203
202511,7호선,군자(능동),363792,93425,279536,79158,20251203
202511,7호선,어린이대공원(세종대),484495,50860,492878,50359,20251203
202511,7호선,건대입구,357770,72099,382321,67580,20251203
202511,7호선,자양(뚝섬한강공원),220491,52968,212494,53216,20251203
202511,7호선,청담,443277,84551,490183,81804,20251203
202511,7호선,강남구청,408825,59041,459970,60618,20251203
202511,7호선,학동,569085,71132,594680,67555,20251203
202511,7호선,논현,492073,48705,516343,47739,20251203
202511,8호선,수진,115998,48981,105554,48091,20251203
202511,8호선,송파,211724,77072,208990,75375,20251203
202511,8호선,가락시장,181434,76890,205208,78329,20251203
202511,8호선,문정,551912,74844,575474,75266,20251203
202511,8호선,모란,93003,63301,75492,49595,20251203
202511,8호선,장지,412444,100073,378532,94713,20251203
202511,8호선,복정,244956,50502,205849,45745,20251203
202511,8호선,산성,146945,40002,148641,43012,20251203
202511,8호선,남한산성입구(성남법원.검찰청),314360,83771,283585,79442,20251203
202511,8호선,남위례,184341,42320,183021,41019,20251203
202511,8호선,단대오거리,274597,83312,258358,81719,20251203
202511,8호선,신흥,110799,45465,113404,46317,20251203
202511,8호선,암사역사공원,164192,37818,139254,36276,20251203
202511,8호선,암사,354920,117163,322926,115580,20251203
202511,8호선,천호(풍납토성),407349,119542,476913,118970,20251203
202511,8호선,강동구청,233321,76585,237880,77299,20251203
202511,8호선,몽촌토성(평화의문),189266,40759,194910,41245,20251203
202511,8호선,잠실(송파구청),488981,98368,581357,98461,20251203
202511,8호선,석촌,200120,65688,238869,68473,20251203
202511,9호선,김포공항,172400,19198,324343,31196,20251203
202511,9호선,신논현,882315,59985,898600,58147,20251203
202511,9호선,사평,97462,27751,92894,27646,20251203
202511,9호선,고속터미널,409012,81350,570483,98734,20251203
202511,9호선,신반포,112025,34961,106565,34578,20251203
202511,9호선,구반포,49078,10903,42724,10650,20251203
202511,9호선,동작(현충원),45248,15827,39222,14400,20251203
202511,9호선,흑석(중앙대입구),236685,65522,239679,65505,20251203
202511,9호선,노들,114998,37431,95049,34619,20251203
202511,9호선,노량진,740901,96237,733817,96361,20251203
202511,9호선,샛강,153577,32556,150885,31999,20251203
202511,9호선,여의도,828455,62287,782046,56955,20251203
202511,9호선,국회의사당,423789,73425,437838,66074,20251203
202511,9호선,당산,487011,79701,474446,74155,20251203
202511,9호선,선유도,219173,37866,199051,36917,20251203
202511,9호선,신목동,105724,30353,92213,29108,20251203
202511,9호선,염창,444707,89758,423216,86230,20251203
202511,9호선,등촌,272358,100106,255878,102470,20251203
202511,9호선,증미,185680,41538,177328,41174,20251203
202511,9호선,가양,506130,155232,495479,152459,20251203
202511,9호선,양천향교,260317,53679,267263,53093,20251203
202511,9호선,마곡나루(서울식물원),401601,46495,387836,45385,20251203
202511,9호선,신방화,151605,51040,148703,51694,20251203
202511,9호선,공항시장,59154,23237,63690,25360,20251203
202511,9호선,개화,62206,13630,41789,11090,20251203
202511,9호선2~3단계,봉은사,636543,64084,691847,60249,20251203
202511,9호선2~3단계,삼성중앙,194950,32417,203901,31627,20251203
202511,9호선2~3단계,선정릉,259709,33895,283459,35207,20251203
202511,9호선2~3단계,언주,298401,35566,301601,35266,20251203
202511,9호선2~3단계,중앙보훈병원,280622,91809,235365,88321,20251203
202511,9호선2~3단계,둔촌오륜,108882,26082,105729,27001,20251203
202511,9호선2~3단계,올림픽공원(한국체대),259703,43615,273584,44127,20251203
202511,9호선2~3단계,한성백제,89873,23142,73540,19871,20251203
202511,9호선2~3단계,송파나루,144822,34996,153000,36953,20251203
202511,9호선2~3단계,석촌,247968,49778,225537,44562,20251203
202511,9호선2~3단계,석촌고분,175134,47631,167527,47417,20251203
202511,9호선2~3단계,삼전,201197,50444,185961,49411,20251203
202511,9호선2~3단계,종합운동장,150438,26694,138961,24401,20251203
202511,경강선,삼동,52795,15973,47820,16189,20251203
202511,경강선,이매,24503,6714,20706,6746,20251203
202511,경강선,판교,152831,23889,146827,19811,20251203
202511,경강선,곤지암,60461,18072,58806,18638,20251203
202511,경강선,신둔도예촌,37489,9658,34138,9513,20251203
202511,경강선,이천,77428,17684,83588,18767,20251203
202511,경강선,부발,63250,12635,62339,12869,20251203
202511,경강선,세종대왕릉,6513,4543,6630,4778,20251203
202511,경강선,여주,76744,26302,76338,26590,20251203
202511,경강선,성남,30974,7462,25372,7481,20251203
202511,경강선,초월,91153,19604,83695,19041,20251203
202511,경강선,경기광주,201842,40414,191971,40004,20251203
202511,경부선,세마,84518,18238,79965,17165,20251203
202511,경부선,오산대,101816,24324,94032,23386,20251203
202511,경부선,오산,284116,57874,279878,58696,20251203
202511,경부선,진위,39447,10430,34968,10119,20251203
202511,경부선,송탄,116772,24167,112638,23533,20251203
202511,경부선,서정리,220546,39998,211993,38847,20251203
202511,경부선,평택지제,119671,16947,112279,16484,20251203
202511,경부선,평택,349967,78500,348180,76953,20251203
202511,경부선,성환,150623,23910,144246,23765,20251203
202511,경부선,직산,25607,6388,25697,6183,20251203
202511,경부선,두정,221873,33466,242788,34242,20251203
202511,경부선,천안,177382,62578,161999,61832,20251203
202511,경부선,당정,151392,38147,144606,36141,20251203
202511,경부선,광명,104158,13691,85369,12701,20251203
202511,경부선,서동탄,35364,7943,29076,7369,20251203
202511,경부선,서울역,344742,23796,123645,6281,20251203
202511,경부선,남영,248653,39521,267929,40751,20251203
202511,경부선,용산,1279879,158992,1292267,158157,20251203
202511,경부선,노량진,256016,51982,264770,49266,20251203
202511,경부선,대방,241280,62561,279049,65700,20251203
202511,경부선,영등포,978796,321620,992087,322358,20251203
202511,경부선,신도림,90260,27788,99321,34169,20251203
202511,경부선,신길,210174,50138,183840,47712,20251203
202511,경부선,구로,405145,113011,415801,110174,20251203
202511,경부선,가산디지털단지,427093,41674,501136,47265,20251203
202511,경부선,금천구청,230961,88659,235364,90732,20251203
202511,경부선,석수,193475,54673,176456,51573,20251203
202511,경부선,관악,156635,66035,150038,63073,20251203
202511,경부선,안양,601173,146173,584086,151983,20251203
202511,경부선,명학,210393,48631,206731,47394,20251203
202511,경부선,금정,684776,151808,698086,153973,20251203
202511,경부선,군포,151979,41091,147847,39773,20251203
202511,경부선,의왕,219031,49391,215180,49048,20251203
202511,경부선,성균관대,408909,71373,398991,71625,20251203
202511,경부선,화서,296641,56951,290045,55576,20251203
202511,경부선,수원,1087894,186322,1144091,189358,20251203
202511,경부선,독산,400154,72828,398565,74555,20251203
202511,경부선,세류,89649,19615,82817,19176,20251203
202511,경부선,병점,412593,79570,411725,79458,20251203
202511,경원선,동두천중앙,53818,36911,50995,36880,20251203
202511,경원선,이촌(국립중앙박물관),88531,34701,68836,28709,20251203
202511,경원선,서빙고,54931,21529,52409,21170,20251203
202511,경원선,한남,77467,27499,79751,26065,20251203
202511,경원선,옥수,1575,158,1187,124,20251203
202511,경원선,응봉,37937,17901,30843,15820,20251203
202511,경원선,왕십리(성동구청),443175,85152,440648,85910,20251203
202511,경원선,청량리(서울시립대입구),401706,164706,400640,172174,20251203
202511,경원선,외대앞,301042,54539,292401,53816,20251203
202511,경원선,신이문,174802,74251,161297,72790,20251203
202511,경원선,석계,163151,64077,183280,68533,20251203
202511,경원선,광운대,209254,61560,201688,59195,20251203
202511,경원선,월계,151547,68195,136855,66204,20251203
202511,경원선,녹천,90076,41377,74054,37702,20251203
202511,경원선,창동,109,6,0,0,20251203
202511,경원선,방학,181889,121663,175664,118863,20251203
202511,경원선,도봉,99592,75929,92375,74679,20251203
202511,경원선,도봉산,124158,117731,74946,96354,20251203
202511,경원선,망월사,193731,80442,192260,82427,20251203
202511,경원선,회룡,227477,171654,222072,168985,20251203
202511,경원선,의정부,458964,134631,467124,135335,20251203
202511,경원선,가능,131223,62992,125109,62064,20251203
202511,경원선,녹양,90118,43316,85947,41580,20251203
202511,경원선,양주,157263,63535,150892,61624,20251203
202511,경원선,덕계,149459,41164,137673,39846,20251203
202511,경원선,덕정,159960,41835,149524,42016,20251203
202511,경원선,지행,147716,50376,149947,50292,20251203
202511,경원선,보산,33756,14696,31775,14124,20251203
202511,경원선,동두천,42666,19016,41332,19659,20251203
202511,경원선,소요산,17079,64010,17833,63079,20251203
202511,경원선,청산,2629,2434,1975,2103,20251203
202511,경원선,전곡,24723,14329,23118,13272,20251203
202511,경원선,연천,13322,21618,12452,21728,20251203
202511,경의선,풍산,143604,48886,135479,47877,20251203
202511,경의선,신촌,25481,3977,30925,4895,20251203
202511,경의선,효창공원앞,80577,18281,89285,20686,20251203
202511,경의선,서강대,59764,12574,60136,11892,20251203
202511,경의선,가좌,132976,48589,126271,47915,20251203
202511,경의선,수색,74601,19673,75896,19975,20251203
202511,경의선,한국항공대,84939,10272,78977,10036,20251203
202511,경의선,강매,74708,21791,61849,20303,20251203
202511,경의선,행신,184363,42498,184940,43533,20251203
202511,경의선,능곡,97536,38223,91393,37669,20251203
202511,경의선,곡산,11719,6702,12307,6790,20251203
202511,경의선,백마,176890,44176,169992,44048,20251203
202511,경의선,일산,235515,83571,227056,83430,20251203
202511,경의선,탄현,177743,48913,167932,48288,20251203
202511,경의선,야당,192551,45365,195868,44817,20251203
202511,경의선,운정,164730,47659,151263,46297,20251203
202511,경의선,금릉,113841,34827,110630,34130,20251203
202511,경의선,금촌,145415,53351,140161,53615,20251203
202511,경의선,월롱,52375,9735,46211,10273,20251203
202511,경의선,파주,33001,7814,26135,6970,20251203
202511,경의선,문산,125406,56366,121463,55996,20251203
202511,경의선,임진강,522,326,517,304,20251203
202511,경의선,운천,50,120,38,103,20251203
202511,경의선,서울역,77524,20216,102379,23405,20251203
202511,경의선,공덕,107802,17384,85490,16475,20251203
202511,경의선,홍대입구,65537,6207,79512,6973,20251203
202511,경의선,디지털미디어시티,68004,13777,63980,14546,20251203
202511,경의선,김포공항,3,0,0,0,20251203
202511,경의선,계양,4,1,0,0,20251203
202511,경의선,검암,1,0,0,0,20251203
202511,경인선,온수(성공회대입구),136542,56259,124540,54431,20251203
202511,경인선,개봉,488441,182182,468644,186885,20251203
202511,경인선,중동,186221,85580,169818,83725,20251203
202511,경인선,오류동,245719,100148,223343,96570,20251203
202511,경인선,역곡,607603,173543,599295,178273,20251203
202511,경인선,부천,697014,258469,693870,261902,20251203
202511,경인선,송내,605250,152759,593974,150995,20251203
202511,경인선,부평,715461,171121,757044,173779,20251203
202511,경인선,백운,142983,65494,136557,64840,20251203
202511,경인선,동암,332544,117789,335187,118853,20251203
202511,경인선,주안,448502,104051,404410,92850,20251203
202511,경인선,제물포,251760,75004,240472,74593,20251203
202511,경인선,동인천,280607,126544,257216,122135,20251203
202511,경인선,인천,84892,46341,67231,43721,20251203
202511,경인선,구일,197203,50943,209909,50322,20251203
202511,경인선,도화,79787,44151,70063,42458,20251203
202511,경인선,소사,176772,67713,165654,66446,20251203
202511,경인선,부개,175551,77931,157333,75460,20251203
202511,경인선,간석,120405,51123,112883,49319,20251203
202511,경인선,도원,70904,32830,71684,34879,20251203
202511,경춘선,갈매,57319,22514,49780,21035,20251203
202511,경춘선,신내,60508,23238,57113,22707,20251203
202511,경춘선,별내,54646,23630,49909,20990,20251203
202511,경춘선,퇴계원,66522,35268,59684,33887,20251203
202511,경춘선,사릉,44249,19571,42361,19574,20251203
202511,경춘선,금곡,30112,19711,29188,19211,20251203
202511,경춘선,평내호평,138008,54062,133656,52407,20251203
202511,경춘선,천마산,28772,20199,25314,20293,20251203
202511,경춘선,마석,84770,41837,80342,41162,20251203
202511,경춘선,대성리,15771,7859,15525,7735,20251203
202511,경춘선,청평,34194,22286,33223,21898,20251203
202511,경춘선,상천,3967,5506,3542,5360,20251203
202511,경춘선,가평,53707,21127,51891,20917,20251203
202511,경춘선,굴봉산,1625,2125,1536,2119,20251203
202511,경춘선,백양리,1467,1362,1380,1387,20251203
202511,경춘선,강촌,9949,5246,10238,5265,20251203
202511,경춘선,김유정,8359,5022,9173,5274,20251203
202511,경춘선,남춘천,72292,29530,73614,30879,20251203
202511,경춘선,춘천,42000,18935,37150,15475,20251203
202511,공항철도 1호선,서울역,405566,41954,357762,38201,20251203
202511,공항철도 1호선,공덕,85973,10445,111923,12175,20251203
202511,공항철도 1호선,홍대입구,493122,22763,456520,21139,20251203
202511,공항철도 1호선,디지털미디어시티,373685,34644,348969,32388,20251203
202511,공항철도 1호선,마곡나루(서울식물원),365567,22989,351091,23397,20251203
202511,공항철도 1호선,김포공항,293262,28837,154646,16680,20251203
202511,공항철도 1호선,계양,240724,33295,237596,33351,20251203
202511,공항철도 1호선,검암,167203,19218,167727,19721,20251203
202511,공항철도 1호선,청라국제도시,205859,17025,194537,16678,20251203
202511,공항철도 1호선,운서,268544,34200,282484,34271,20251203
202511,공항철도 1호선,공항화물청사,45731,9920,60840,9784,20251203
202511,공항철도 1호선,인천공항1터미널,405489,41848,400186,37785,20251203
202511,공항철도 1호선,인천공항2터미널,226794,23722,191546,19760,20251203
202511,공항철도 1호선,영종,113198,26609,114453,26691,20251203
202511,과천선,선바위,192574,38107,163584,36840,20251203
202511,과천선,경마공원,91233,93950,90943,92736,20251203
202511,과천선,대공원,106222,53456,107808,55581,20251203
202511,과천선,과천,117252,43496,106563,41802,20251203
202511,과천선,정부과천청사,311032,65252,330977,64775,20251203
202511,과천선,인덕원,616306,151154,629438,154194,20251203
202511,과천선,평촌,437869,79854,420171,79453,20251203
202511,과천선,범계,713191,144567,716376,141304,20251203
202511,분당선,오리,245069,81617,210721,72887,20251203
202511,분당선,이매,121423,43889,114882,42397,20251203
202511,분당선,선릉,299865,51728,461289,68738,20251203
202511,분당선,한티,391412,76628,415384,77822,20251203
202511,분당선,도곡,161170,60107,168021,58852,20251203
202511,분당선,구룡,78195,29195,75287,28526,20251203
202511,분당선,개포동,94118,36327,96655,36651,20251203
202511,분당선,대모산입구,130282,41667,120719,40995,20251203
202511,분당선,수서,439490,85210,462097,90933,20251203
202511,분당선,복정,78,3,0,0,20251203
202511,분당선,수원,209398,39178,197016,37442,20251203
202511,분당선,서울숲,342144,40625,365447,40095,20251203
202511,분당선,압구정로데오,514828,50532,568680,48763,20251203
202511,분당선,강남구청,228929,42998,269026,47293,20251203
202511,분당선,선정릉,169452,36167,174866,34915,20251203
202511,분당선,가천대,330643,31510,327690,31770,20251203
202511,분당선,태평,290654,101215,269707,107082,20251203
202511,분당선,모란,419084,188336,418087,205899,20251203
202511,분당선,야탑,561395,188109,604589,189235,20251203
202511,분당선,서현,544420,142812,560982,138947,20251203
202511,분당선,수내,295389,86146,295079,84536,20251203
202511,분당선,정자,447740,78558,472981,77834,20251203
202511,분당선,미금,318092,123689,328590,129937,20251203
202511,분당선,매탄권선,135810,29327,131835,28308,20251203
202511,분당선,수원시청,365107,59367,396664,60745,20251203
202511,분당선,매교,126987,31217,125127,31559,20251203
202511,분당선,보정,50959,22012,44217,20817,20251203
202511,분당선,죽전,327510,83791,366935,87771,20251203
202511,분당선,구성,171447,48706,173329,48961,20251203
202511,분당선,신갈,101465,35607,99359,35360,20251203
202511,분당선,기흥,264194,53391,245382,52128,20251203
202511,분당선,상갈,117789,35696,112182,34953,20251203
202511,분당선,청명,113304,25924,107717,25856,20251203
202511,분당선,영통,236989,39857,239704,39475,20251203
202511,분당선,망포,388034,50534,373144,48975,20251203
202511,서해선,부천종합운동장,76718,10247,66720,8581,20251203
202511,서해선,김포공항,86916,13401,119786,24332,20251203
202511,서해선,원종,103238,47413,98139,48725,20251203
202511,수인선,달월,1815,1073,1627,587,20251203
202511,수인선,고색,141818,25329,138519,24115,20251203
202511,수인선,오목천,119826,20838,99469,20035,20251203
202511,수인선,어천,39881,9567,37730,10320,20251203
202511,수인선,야목,17174,4271,14311,3822,20251203
202511,수인선,사리,129208,24230,110909,21961,20251203
202511,수인선,월곶,67896,22227,61463,21840,20251203
202511,수인선,소래포구,104160,68917,97258,67612,20251203
202511,수인선,인천논현,117054,44907,126492,45235,20251203
202511,수인선,호구포,86268,26417,89118,26015,20251203
202511,수인선,남동인더스파크,53383,7609,59465,7852,20251203
202511,수인선,원인재,94405,39966,100021,40091,20251203
202511,수인선,연수,104653,38042,103493,38096,20251203
202511,수인선,송도,51663,27232,45735,26144,20251203
202511,수인선,인하대,194955,36113,178922,34455,20251203
202511,수인선,숭의,96585,36243,86999,34001,20251203
202511,수인선,신포,38451,16554,38753,16877,20251203
202511,수인선,인천,19525,14522,33571,18592,20251203
202511,신림선,대방,83423,23766,60044,18948,20251203
202511,신림선,서울지방병무청,66878,29725,72429,32741,20251203
202511,신림선,보라매,104993,29627,95243,26606,20251203
202511,신림선,보라매공원,50642,20956,55838,22945,20251203
202511,신림선,보라매병원,165530,63650,174302,63133,20251203
202511,신림선,당곡,102567,43876,95324,42471,20251203
202511,신림선,신림,48557,21372,58627,23971,20251203
202511,신림선,서원,79233,28827,66448,27561,20251203
202511,신림선,서울대벤처타운,233427,74014,202992,72436,20251203
202511,신림선,관악산(서울대),66479,40335,65002,40601,20251203
202511,신림선,샛강,66659,17920,82305,16608,20251203
202511,안산선,정왕,274670,34784,274427,35724,20251203
202511,안산선,수리산,83882,35772,68682,32806,20251203
202511,안산선,오이도,197038,40147,193578,39328,20251203
202511,안산선,산본,363482,122912,390343,125219,20251203
202511,안산선,대야미,113966,37650,98006,35314,20251203
202511,안산선,반월,95571,36678,91507,36410,20251203
202511,안산선,상록수,375873,81953,377619,83187,20251203
202511,안산선,한대앞,250858,51858,251527,53230,20251203
202511,안산선,중앙,481574,81441,505018,80063,20251203
202511,안산선,고잔,230693,45531,222922,44509,20251203
202511,안산선,초지,129490,20884,132768,21368,20251203
202511,안산선,안산,321739,44061,299571,42085,20251203
202511,안산선,신길온천,53209,12063,46632,11601,20251203
202511,우이신설선,북한산보국문,152789,49142,137776,48527,20251203
202511,우이신설선,북한산우이,68008,42129,59499,43158,20251203
202511,우이신설선,솔밭공원,47017,33483,41873,33882,20251203
202511,우이신설선,4.19민주묘지,78994,42325,77551,37299,20251203
202511,우이신설선,가오리,73570,56353,70983,58035,20251203
202511,우이신설선,화계,60580,51315,53819,51375,20251203
202511,우이신설선,삼양,40748,33094,41202,36123,20251203
202511,우이신설선,삼양사거리,39203,40141,37844,39649,20251203
202511,우이신설선,솔샘,130668,45268,117956,46851,20251203
202511,우이신설선,정릉,100654,51788,84073,47900,20251203
202511,우이신설선,성신여대입구(돈암),81141,35017,92049,33095,20251203
202511,우이신설선,보문,37987,19570,36929,19331,20251203
202511,우이신설선,신설동,39932,36688,38662,32305,20251203
202511,일산선,정발산,161735,68526,167307,65515,20251203
202511,일산선,주엽,164223,100082,158171,101683,20251203
202511,일산선,대화,241346,92739,191603,86806,20251203
202511,일산선,지축,38,3,0,0,20251203
202511,일산선,삼송,470085,111349,451290,111565,20251203
202511,일산선,원당,255525,93945,242139,93976,20251203
202511,일산선,원흥,258862,74035,247093,71518,20251203
202511,일산선,화정,372677,139149,383947,141264,20251203
202511,일산선,대곡,303063,32063,277323,30342,20251203
202511,일산선,백석,216792,87783,222342,87014,20251203
202511,일산선,마두,152444,75842,153002,77846,20251203
202511,장항선,아산,128244,18386,111420,17246,20251203
202511,장항선,신창(순천향대),70566,7037,68241,6506,20251203
202511,장항선,온양온천,97687,69818,98646,70468,20251203
202511,장항선,배방,32673,8202,32579,7965,20251203
202511,장항선,봉명,29442,11799,29534,11420,20251203
202511,장항선,쌍용(나사렛대),68919,18670,66089,17988,20251203
202511,장항선,탕정,57126,8694,50723,8081,20251203
202511,중앙선,운길산,12171,11345,11704,11671,20251203
202511,중앙선,회기,742865,138230,701998,135276,20251203
202511,중앙선,중랑,114537,54393,106445,54274,20251203
202511,중앙선,상봉,130856,48453,130989,46543,20251203
202511,중앙선,망우,154240,78879,146086,79748,20251203
202511,중앙선,양원,71102,25874,68522,25055,20251203
202511,중앙선,구리,173238,56195,187773,58370,20251203
202511,중앙선,도농,216250,72634,195862,69483,20251203
202511,중앙선,양정,9226,6935,7538,6094,20251203
202511,중앙선,덕소,113551,50813,111993,51745,20251203
202511,중앙선,도심,59528,23753,45143,21376,20251203
202511,중앙선,팔당,16838,9211,18073,9283,20251203
202511,중앙선,양수,32213,24731,31553,24634,20251203
202511,중앙선,신원,2334,3084,1937,2810,20251203
202511,중앙선,국수,11128,11898,10633,12086,20251203
202511,중앙선,아신,10290,6855,10386,7021,20251203
202511,중앙선,오빈,4395,4880,4321,5091,20251203
202511,중앙선,양평,63242,40662,65307,41339,20251203
202511,중앙선,원덕,4649,6964,4540,7001,20251203
202511,중앙선,용문,32642,42794,32613,42682,20251203
202511,중앙선,지평,682,903,887,1169,20251203
202510,1호선,동묘앞,161291,163322,170992,167637,20251103
202510,1호선,서울역,1910355,266903,1828178,254073,20251103
202510,1호선,시청,655243,123372,660638,122566,20251103
202510,1호선,종각,920724,151053,897875,138276,20251103
202510,1호선,종로3가,482418,294234,430149,269470,20251103
202510,1호선,종로5가,455171,242400,445489,236241,20251103
202510,1호선,동대문,269047,127277,267024,125754,20251103
202510,1호선,신설동,284200,119895,273263,114945,20251103
202510,1호선,제기동,219543,263999,211754,285904,20251103
202510,1호선,청량리(서울시립대입구),399903,290454,396226,293785,20251103
202510,2호선,뚝섬,633731,65571,661093,64925,20251103
202510,2호선,성수,1401226,98023,1530126,99063,20251103
202510,2호선,건대입구,1010163,97995,1040840,100138,20251103
202510,2호선,구의(광진구청),642863,117272,628791,117775,20251103
202510,2호선,강변(동서울터미널),702104,118922,650521,114879,20251103
202510,2호선,잠실나루,314709,89511,305050,89152,20251103
202510,2호선,잠실(송파구청),2100847,228967,2086214,216540,20251103
202510,2호선,잠실새내,545863,117310,539247,115911,20251103
202510,2호선,종합운동장,283923,60693,323740,64839,20251103
202510,2호선,삼성(무역센터),1278244,114455,1296742,106829,20251103
202510,2호선,선릉,1216050,229324,1065292,202128,20251103
202510,2호선,시청,666118,65270,611941,59077,20251103
202510,2호선,을지로입구,1311294,106298,1336790,98943,20251103
202510,2호선,을지로3가,621841,72428,625755,72411,20251103
202510,2호선,을지로4가,329373,74499,326103,73185,20251103
202510,2호선,동대문역사문화공원(DDP),394606,61465,461615,67091,20251103
202510,2호선,신당,335120,90094,350089,92577,20251103
202510,2호선,상왕십리,330842,68017,322514,69027,20251103
202510,2호선,왕십리(성동구청),398895,53877,363568,49854,20251103
202510,2호선,한양대,332467,15608,357244,16361,20251103
202510,2호선,역삼,1101499,133555,1253268,136682,20251103
202510,2호선,강남,1989956,157195,1976755,137502,20251103
202510,2호선,교대(법원.검찰청),639359,142640,771590,169191,20251103
202510,2호선,서초,496444,90374,473691,89704,20251103
202510,2호선,방배,396693,75882,409281,74728,20251103
202510,2호선,사당,951443,220294,1066411,209927,20251103
202510,2호선,낙성대(강감찬),666957,114535,640705,115870,20251103
202510,2호선,서울대입구(관악구청),1120646,180396,1075474,170562,20251103
202510,2호선,봉천,526058,155617,482091,154611,20251103
202510,2호선,신림,1363064,202937,1326981,203212,20251103
202510,2호선,신대방,580357,133261,545690,132983,20251103
202510,2호선,구로디지털단지,1315167,217306,1299361,216808,20251103
202510,2호선,대림(구로구청),555688,142048,568239,147574,20251103
202510,2호선,신도림,1127675,230699,1093124,216620,20251103
202510,2호선,문래,527707,87778,550560,87846,20251103
202510,2호선,영등포구청,496899,104894,519139,105211,20251103
202510,2호선,당산,449875,60268,513570,65997,20251103
202510,2호선,합정,844539,71018,933589,73894,20251103
202510,2호선,홍대입구,2115840,104321,2322865,101625,20251103
202510,2호선,신촌,993816,124504,1005141,122743,20251103
202510,2호선,이대,447740,50813,482981,54755,20251103
202510,2호선,아현,250616,67914,230686,66871,20251103
202510,2호선,충정로(경기대입구),225384,47788,240717,47459,20251103
202510,2호선,용답,69543,19218,67848,18672,20251103
202510,2호선,신답,37822,9846,41941,10288,20251103
202510,2호선,신설동,77353,34206,72127,35211,20251103
202510,2호선,도림천,26691,9613,27491,10380,20251103
202510,2호선,양천구청,133405,55183,141764,55761,20251103
202510,2호선,신정네거리,208152,78197,213606,79374,20251103
202510,2호선,용두(동대문구청),51565,28852,49924,30202,20251103
202510,3호선,경찰병원,151936,45633,149215,46825,20251103
202510,3호선,오금,140788,34037,126499,32422,20251103
202510,3호선,구파발,490126,144592,483069,138972,20251103
202510,3호선,연신내,796962,278836,749890,267790,20251103
202510,3호선,불광,327962,152370,344158,167768,20251103
202510,3호선,녹번,340979,83105,305307,81956,20251103
202510,3호선,홍제,373842,150282,350408,146304,20251103
202510,3호선,무악재,85114,33015,81761,35654,20251103
202510,3호선,독립문,164176,75546,175909,76388,20251103
202510,3호선,경복궁(정부서울청사),714679,100062,745573,99108,20251103
202510,3호선,안국,718428,113849,747739,121281,20251103
202510,3호선,종로3가,262032,70005,299921,80060,20251103
202510,3호선,을지로3가,303098,47276,293265,45016,20251103
202510,3호선,충무로,172,0,0,0,20251103
202510,3호선,동대입구,296645,43101,337546,48027,20251103
202510,3호선,약수,275364,82479,272061,76704,20251103
202510,3호선,금호,172177,55791,158407,54661,20251103
202510,3호선,옥수,195601,63646,200912,63697,20251103
202510,3호선,압구정,701661,138962,758144,138300,20251103
202510,3호선,신사,651496,67115,695292,64675,20251103
202510,3호선,잠원,151649,44138,145316,42290,20251103
202510,3호선,고속터미널,1300578,234337,1268194,221738,20251103
202510,3호선,교대(법원.검찰청),357016,84877,201892,48764,20251103
202510,3호선,남부터미널(예술의전당),744027,130861,746036,131436,20251103
202510,3호선,양재(서초구청),821790,151431,877415,153699,20251103
202510,3호선,매봉,254993,79061,247197,73705,20251103
202510,3호선,도곡,132179,29871,130136,27443,20251103
202510,3호선,대치,290604,72117,280648,69634,20251103
202510,3호선,학여울,46418,17096,46958,16641,20251103
202510,3호선,대청,230906,66006,213112,63943,20251103
202510,3호선,지축,173702,37975,176172,37372,20251103
202510,3호선,일원,228110,68917,219802,68938,20251103
202510,3호선,수서,404579,126061,402778,123077,20251103
202510,3호선,가락시장,168965,79797,166626,77356,20251103
202510,4호선,총신대입구(이수),388035,165942,423552,174668,20251103
202510,4호선,남태령,31483,8613,24679,7905,20251103
202510,4호선,불암산,196073,82130,162586,80838,20251103
202510,4호선,상계,413340,139041,381630,135016,20251103
202510,4호선,노원,485414,114074,554468,112043,20251103
202510,4호선,창동,535201,238429,567313,246584,20251103
202510,4호선,쌍문,635327,187153,577616,183574,20251103
202510,4호선,수유(강북구청),786209,198446,782376,199810,20251103
202510,4호선,미아(서울사이버대학),333562,126111,312473,127789,20251103
202510,4호선,미아사거리,553212,192674,541383,190871,20251103
202510,4호선,길음,483487,128488,481917,127222,20251103
202510,4호선,성신여대입구(돈암),564508,95123,534769,92995,20251103
202510,4호선,한성대입구(삼선교),359702,80545,347750,79335,20251103
202510,4호선,혜화,969375,132542,965334,130452,20251103
202510,4호선,동대문,392026,150954,408782,147152,20251103
202510,4호선,동대문역사문화공원(DDP),531521,68888,459911,61926,20251103
202510,4호선,충무로,755571,117053,782408,120179,20251103
202510,4호선,명동,1061138,90197,1138648,93514,20251103
202510,4호선,회현(남대문시장),592889,205020,624064,206405,20251103
202510,4호선,서울역,307574,42806,600733,62359,20251103
202510,4호선,숙대입구(갈월),384461,55791,375463,52169,20251103
202510,4호선,삼각지(전쟁기념관),168672,23615,204880,25064,20251103
202510,4호선,신용산,540420,59590,592116,60188,20251103
202510,4호선,이촌(국립중앙박물관),272039,58089,294556,61083,20251103
202510,4호선,동작(현충원),47015,16004,48219,16484,20251103
202510,4호선,사당,638724,101799,558463,108615,20251103
202510,5호선,왕십리(성동구청),102140,26481,121579,27736,20251103
202510,5호선,방화,142114,60601,136188,59388,20251103
202510,5호선,개화산,123803,48374,118021,46937,20251103
202510,5호선,김포공항,331302,57343,199302,42799,20251103
202510,5호선,송정,129859,53113,122548,51142,20251103
202510,5호선,마곡,344801,64864,349526,62669,20251103
202510,5호선,발산,516341,123323,539631,119282,20251103
202510,5호선,우장산,315633,105114,310123,110039,20251103
202510,5호선,화곡,638549,158725,589175,151923,20251103
202510,5호선,까치산,612846,169465,580532,170728,20251103
202510,5호선,신정(은행정),305130,70618,246707,68881,20251103
202510,5호선,목동,369880,89710,404331,90899,20251103
202510,5호선,오목교(목동운동장앞),487824,93286,525334,92775,20251103
202510,5호선,양평,186338,31787,180043,30921,20251103
202510,5호선,영등포구청,111575,20953,109447,20811,20251103
202510,5호선,영등포시장,255093,79675,255543,81884,20251103
202510,5호선,신길,125650,12878,129828,13049,20251103
202510,5호선,여의도,670084,56123,716374,52986,20251103
202510,5호선,여의나루,378116,33977,422590,33149,20251103
202510,5호선,마포,320627,65473,326063,64487,20251103
202510,5호선,공덕,327948,51550,343572,48308,20251103
202510,5호선,애오개,142107,39559,137432,38006,20251103
202510,5호선,충정로(경기대입구),111131,16227,114231,16464,20251103
202510,5호선,서대문,425294,73370,425234,69949,20251103
202510,5호선,광화문(세종문화회관),825281,105355,870161,105990,20251103
202510,5호선,종로3가,386810,95809,401224,97218,20251103
202510,5호선,을지로4가,143047,42951,140788,43021,20251103
202510,5호선,동대문역사문화공원(DDP),75767,8367,86063,9488,20251103
202510,5호선,청구,73696,20911,73668,17767,20251103
202510,5호선,신금호,133774,40590,139587,46230,20251103
202510,5호선,행당,169358,52633,150085,47181,20251103
202510,5호선,마장,125420,42718,117073,42119,20251103
202510,5호선,답십리,351909,85857,309761,82355,20251103
202510,5호선,장한평,436632,103261,425214,105510,20251103
202510,5호선,군자(능동),292080,45446,324111,48580,20251103
202510,5호선,아차산(어린이대공원후문),336519,112416,329097,109685,20251103
202510,5호선,광나루(장신대),255509,71542,244785,70045,20251103
202510,5호선,천호(풍납토성),416120,167452,401222,166895,20251103
202510,5호선,강동,397288,116581,381713,113894,20251103
202510,5호선,길동,167385,84974,168555,87207,20251103
202510,5호선,굽은다리(강동구민회관앞),192759,86635,183135,81623,20251103
202510,5호선,명일,161064,71786,156956,72677,20251103
202510,5호선,고덕,203891,81049,199290,79715,20251103
202510,5호선,상일동,302836,98114,285602,97301,20251103
202510,5호선,둔촌동,268875,98938,263471,98355,20251103
202510,5호선,올림픽공원(한국체대),126379,42649,117583,37971,20251103
202510,5호선,방이,153983,54912,157673,54276,20251103
202510,5호선,오금,76066,23460,77726,22744,20251103
202510,5호선,개롱,127389,53947,129781,56137,20251103
202510,5호선,거여,205186,73380,199829,71566,20251103
202510,5호선,마천,140527,58616,121008,59852,20251103
202510,5호선,강일,122134,48374,110383,46421,20251103
202510,5호선,미사,416765,97054,420324,96287,20251103
202510,5호선,하남풍산,92557,37448,91128,37267,20251103
202510,5호선,하남시청(덕풍?신장),166843,84102,151628,83787,20251103
202510,5호선,하남검단산,139698,57728,130877,56964,20251103
202510,6호선,신내,10,0,0,0,20251103
202510,6호선,응암,376289,137077,371218,135488,20251103
202510,6호선,역촌,74493,35799,93253,35634,20251103
202510,6호선,불광,91243,47441,89688,38948,20251103
202510,6호선,독바위,54259,21915,53893,27537,20251103
202510,6호선,연신내,64,5,0,0,20251103
202510,6호선,구산,171662,59974,116404,62741,20251103
202510,6호선,새절(신사),263088,93684,241797,93681,20251103
202510,6호선,증산(명지대앞),193072,73049,189751,73904,20251103
202510,6호선,디지털미디어시티,334169,63138,359031,63544,20251103
202510,6호선,월드컵경기장(성산),161657,97125,188058,97104,20251103
202510,6호선,마포구청,336500,89464,297309,81022,20251103
202510,6호선,망원,391470,91156,419353,94032,20251103
202510,6호선,합정,353575,45748,349354,41118,20251103
202510,6호선,상수,294090,23656,329382,23636,20251103
202510,6호선,광흥창(서강),208177,58031,195654,57564,20251103
202510,6호선,대흥(서강대앞),223408,49830,233777,49967,20251103
202510,6호선,공덕,426876,84956,418968,79877,20251103
202510,6호선,효창공원앞,181108,42630,164865,39531,20251103
202510,6호선,삼각지(전쟁기념관),214175,21696,188818,17550,20251103
202510,6호선,녹사평(용산구청),152408,19496,159920,19167,20251103
202510,6호선,이태원,356173,31268,413510,31391,20251103
202510,6호선,한강진,267688,17637,325122,17542,20251103
202510,6호선,버티고개,49290,14083,46669,16364,20251103
202510,6호선,약수,83503,21628,81348,21122,20251103
202510,6호선,청구,86602,19823,81172,20483,20251103
202510,6호선,신당,195707,36337,197618,34711,20251103
202510,6호선,동묘앞,201367,74046,205579,68565,20251103
202510,6호선,창신,82378,19254,67718,18054,20251103
202510,6호선,보문,198944,33870,186242,31797,20251103
202510,6호선,안암(고대병원앞),338310,38061,334804,37733,20251103
202510,6호선,고려대(종암),224640,37229,211192,36410,20251103
202510,6호선,월곡(동덕여대),267440,72152,253314,71994,20251103
202510,6호선,상월곡(한국과학기술연구원),146387,43597,133339,42303,20251103
202510,6호선,돌곶이,262686,68945,238633,67600,20251103
202510,6호선,석계,267173,85515,274041,84991,20251103
202510,6호선,태릉입구,131632,36472,149015,36775,20251103
202510,6호선,화랑대(서울여대입구),273409,52493,220824,48123,20251103
202510,6호선,봉화산(서울의료원),181113,54362,168296,53584,20251103
202510,7호선,철산,501013,121625,516316,121162,20251103
202510,7호선,장암,62781,16380,24468,12755,20251103
202510,7호선,도봉산,204119,56246,230188,79603,20251103
202510,7호선,수락산,247940,111956,243710,113086,20251103
202510,7호선,마들,271541,102556,250918,100731,20251103
202510,7호선,노원,422603,140198,456400,142289,20251103
202510,7호선,중계,307339,102303,279652,99099,20251103
202510,7호선,하계,383040,121853,355952,117329,20251103
202510,7호선,공릉(서울과학기술대),269111,82020,261565,82814,20251103
202510,7호선,태릉입구,198745,50670,187077,47218,20251103
202510,7호선,먹골,215583,73451,210428,74803,20251103
202510,7호선,중화,237891,72678,231932,72273,20251103
202510,7호선,상봉,413264,86406,404827,82291,20251103
202510,7호선,면목,321295,104268,302089,106377,20251103
202510,7호선,사가정,342539,110041,345785,110923,20251103
202510,7호선,용마산(용마폭포공원),127211,38962,123370,42218,20251103
202510,7호선,중곡,235904,71806,215840,72414,20251103
202510,7호선,군자(능동),340073,89464,262511,77027,20251103
202510,7호선,어린이대공원(세종대),443354,49078,449153,48270,20251103
202510,7호선,건대입구,326060,66784,353103,62645,20251103
202510,7호선,자양(뚝섬한강공원),279107,54521,268538,54366,20251103
202510,7호선,청담,397386,76947,435831,74464,20251103
202510,7호선,강남구청,371376,54583,416241,55454,20251103
202510,7호선,학동,505612,64732,525394,61467,20251103
202510,7호선,논현,449146,46629,473050,45641,20251103
202510,7호선,반포,149186,45209,143679,42848,20251103
202510,7호선,고속터미널,458198,86489,351327,75629,20251103
202510,7호선,내방,312583,77107,313200,73866,20251103
202510,7호선,이수,378641,89202,371408,84409,20251103
202510,7호선,남성,236118,80024,222369,80845,20251103
202510,7호선,숭실대입구(살피재),335881,66784,331034,68942,20251103
202510,7호선,상도,279560,67186,272252,64175,20251103
202510,7호선,장승배기,193881,72700,187471,73838,20251103
202510,7호선,신대방삼거리,323432,96908,304581,98627,20251103
202510,7호선,보라매,151338,33186,157979,33939,20251103
202510,7호선,신풍,251325,80088,234501,78595,20251103
202510,7호선,대림(구로구청),230770,51221,232488,49729,20251103
202510,7호선,남구로,332547,70097,349891,71729,20251103
202510,7호선,가산디지털단지,964295,101913,957826,94600,20251103
202510,7호선,광명사거리,437690,178339,427556,184537,20251103
202510,7호선,천왕,258738,67662,247556,68318,20251103
202510,7호선,온수(성공회대입구),228339,47248,211135,44557,20251103
202510,7호선,까치울,1,0,0,0,20251103
202510,8호선,잠실(송파구청),467002,93025,558285,92693,20251103
202510,8호선,석촌,184821,60065,220975,62380,20251103
202510,8호선,송파,195746,73512,192157,72582,20251103
202510,8호선,가락시장,164522,71087,186202,73377,20251103
202510,8호선,문정,494220,68622,515602,68461,20251103
202510,8호선,장지,380464,94800,351689,89408,20251103
202510,8호선,복정,221649,48186,186108,44338,20251103
202510,8호선,산성,136334,38043,137583,40786,20251103
202510,8호선,남한산성입구(성남법원.검찰청),292463,79911,262626,75254,20251103
202510,8호선,단대오거리,257850,79897,241660,78058,20251103
202510,8호선,신흥,106778,44716,108261,45089,20251103
202510,8호선,수진,108490,47507,99110,46656,20251103
202510,8호선,모란,92916,62171,76115,48759,20251103
202510,8호선,암사역사공원,156193,38617,135220,37459,20251103
202510,8호선,남위례,168146,39981,167705,38444,20251103
202510,8호선,암사,338269,114938,307838,112691,20251103
202510,8호선,천호(풍납토성),381886,114404,447203,114432,20251103
202510,8호선,강동구청,214814,72115,217840,73046,20251103
202510,8호선,몽촌토성(평화의문),169809,36904,177261,36521,20251103
202510,9호선,증미,170472,40095,162391,39562,20251103
202510,9호선,가양,469017,150881,460341,148364,20251103
202510,9호선,김포공항,165539,19180,310168,30969,20251103
202510,9호선,양천향교,238769,51577,245525,51060,20251103
202510,9호선,마곡나루(서울식물원),367334,46177,357928,45768,20251103
202510,9호선,공항시장,57072,23257,60674,24975,20251103
202510,9호선,신방화,142161,50062,139701,50186,20251103
202510,9호선,개화,58631,13250,40161,10984,20251103
202510,9호선,신논현,812802,56384,824170,54209,20251103
202510,9호선,고속터미널,399994,76925,553962,92165,20251103
202510,9호선,신반포,107300,32641,103291,32228,20251103
202510,9호선,구반포,42432,10004,37364,9555,20251103
202510,9호선,동작(현충원),46640,17511,40979,15921,20251103
202510,9호선,흑석(중앙대입구),207634,63017,209968,63238,20251103
202510,9호선,노들,119933,37108,102070,34290,20251103
202510,9호선,노량진,682321,92579,676239,92770,20251103
202510,9호선,샛강,138861,30248,136343,29812,20251103
202510,9호선,여의도,737454,56032,703270,52302,20251103
202510,9호선,국회의사당,367593,60992,382309,55052,20251103
202510,9호선,당산,443449,75159,430603,69809,20251103
202510,9호선,선유도,204152,36263,186164,35486,20251103
202510,9호선,신목동,97317,28607,85299,27232,20251103
202510,9호선,염창,411812,85371,392358,82540,20251103
202510,9호선,사평,90232,26198,87092,26116,20251103
202510,9호선,등촌,253004,96818,238485,98755,20251103
202510,9호선2~3단계,올림픽공원(한국체대),254925,34191,262513,34578,20251103
202510,9호선2~3단계,중앙보훈병원,257221,87312,214469,84572,20251103
202510,9호선2~3단계,둔촌오륜,98906,24659,95792,25526,20251103
202510,9호선2~3단계,한성백제,74920,21155,64912,18445,20251103
202510,9호선2~3단계,송파나루,133275,33117,141242,34588,20251103
202510,9호선2~3단계,석촌,227731,45446,204399,40504,20251103
202510,9호선2~3단계,석촌고분,159669,45106,152989,45076,20251103
202510,9호선2~3단계,삼전,185259,47632,172124,46729,20251103
202510,9호선2~3단계,종합운동장,125719,24576,125448,22260,20251103
202510,9호선2~3단계,봉은사,561780,61811,563442,54594,20251103
202510,9호선2~3단계,삼성중앙,176665,30086,183828,29431,20251103
202510,9호선2~3단계,선정릉,232040,30627,252895,32042,20251103
202510,9호선2~3단계,언주,266441,32331,267507,32008,20251103
202510,경강선,삼동,50412,15114,45436,15233,20251103
202510,경강선,이매,23969,6828,20213,6823,20251103
202510,경강선,판교,145401,23040,139041,19309,20251103
202510,경강선,성남,28347,6928,23556,7063,20251103
202510,경강선,여주,77929,26739,77152,26664,20251103
202510,경강선,세종대왕릉,7014,4851,6979,5115,20251103
202510,경강선,부발,62129,12687,59889,12887,20251103
202510,경강선,이천,77747,18708,83076,19927,20251103
202510,경강선,신둔도예촌,36204,9342,33213,9111,20251103
202510,경강선,곤지암,58912,16872,57717,17531,20251103
202510,경강선,초월,88253,18495,80390,18092,20251103
202510,경강선,경기광주,193529,37936,181565,37418,20251103
202510,경부선,석수,180715,52200,164059,49612,20251103
202510,경부선,관악,142094,59206,137685,57325,20251103
202510,경부선,안양,569484,138973,554502,144179,20251103
202510,경부선,명학,190836,45405,187437,44058,20251103
202510,경부선,금정,643457,144427,654775,146962,20251103
202510,경부선,군포,142863,39011,138630,37791,20251103
202510,경부선,의왕,205783,48317,202711,47971,20251103
202510,경부선,성균관대,378344,67528,366310,67446,20251103
202510,경부선,화서,304571,54774,297768,53366,20251103
202510,경부선,수원,1101373,179354,1159629,182444,20251103
202510,경부선,독산,371705,70393,369188,71767,20251103
202510,경부선,세류,87568,18665,81073,18168,20251103
202510,경부선,병점,386172,75273,386416,75340,20251103
202510,경부선,세마,80784,17659,75638,16692,20251103
202510,경부선,오산대,95105,22308,88608,21477,20251103
202510,경부선,오산,278625,56108,274362,56808,20251103
202510,경부선,진위,38046,9935,34178,9603,20251103
202510,경부선,송탄,114945,22807,110332,22330,20251103
202510,경부선,서정리,207920,37793,199153,36854,20251103
202510,경부선,평택지제,113106,15810,106407,15458,20251103
202510,경부선,평택,351498,76906,347406,75431,20251103
202510,경부선,성환,146313,22840,138131,22635,20251103
202510,경부선,직산,25160,6114,24757,5768,20251103
202510,경부선,두정,210414,32326,221479,32870,20251103
202510,경부선,천안,172738,60687,160436,59981,20251103
202510,경부선,당정,142027,36082,134447,34264,20251103
202510,경부선,광명,98867,12301,80271,11626,20251103
202510,경부선,서동탄,34592,7908,28583,7254,20251103
202510,경부선,대방,219636,59408,253197,62026,20251103
202510,경부선,노량진,234379,53251,237970,50202,20251103
202510,경부선,용산,1263953,153604,1280143,154187,20251103
202510,경부선,남영,227208,37696,243336,38726,20251103
202510,경부선,서울역,318357,19669,117881,5687,20251103
202510,경부선,영등포,937240,311492,953403,312511,20251103
202510,경부선,신도림,81277,26504,89349,32267,20251103
202510,경부선,신길,193736,48276,169294,45514,20251103
202510,경부선,구로,375475,106713,386969,103625,20251103
202510,경부선,가산디지털단지,388994,38666,461735,44602,20251103
202510,경부선,금천구청,216817,84364,221186,85508,20251103
202510,경원선,의정부,450962,133280,462673,133632,20251103
202510,경원선,이촌(국립중앙박물관),85658,34153,65366,28014,20251103
202510,경원선,서빙고,50237,20281,47199,19759,20251103
202510,경원선,한남,71915,26517,73530,25155,20251103
202510,경원선,옥수,1675,169,1160,117,20251103
202510,경원선,응봉,35895,17426,29270,15682,20251103
202510,경원선,왕십리(성동구청),402028,82603,404466,83025,20251103
202510,경원선,청량리(서울시립대입구),376544,160246,378859,168825,20251103
202510,경원선,외대앞,266952,52403,260077,51488,20251103
202510,경원선,신이문,166747,71674,153480,70123,20251103
202510,경원선,석계,152916,64075,172136,67577,20251103
202510,경원선,광운대,190315,59487,181672,57201,20251103
202510,경원선,월계,142346,64906,128617,62515,20251103
202510,경원선,녹천,84047,40743,68225,37179,20251103
202510,경원선,창동,107,6,0,0,20251103
202510,경원선,방학,176384,118298,171195,114789,20251103
202510,경원선,도봉,95578,74832,88033,73748,20251103
202510,경원선,도봉산,127085,116096,71337,90515,20251103
202510,경원선,망월사,179452,76791,177356,78102,20251103
202510,경원선,회룡,217516,165460,212329,163458,20251103
202510,경원선,가능,126635,62816,119651,62545,20251103
202510,경원선,녹양,87166,43086,82887,40954,20251103
202510,경원선,양주,159907,68823,153103,67915,20251103
202510,경원선,덕계,142927,39378,130965,37747,20251103
202510,경원선,덕정,155011,41353,144681,41515,20251103
202510,경원선,지행,145198,49853,147046,49775,20251103
202510,경원선,동두천중앙,54268,36096,51753,35698,20251103
202510,경원선,보산,33786,14303,31019,13621,20251103
202510,경원선,동두천,40683,19183,39152,19897,20251103
202510,경원선,소요산,15755,54740,16736,54402,20251103
202510,경원선,청산,2734,2405,2130,2196,20251103
202510,경원선,전곡,26988,18575,24822,17304,20251103
202510,경원선,연천,15842,27606,14960,27828,20251103
202510,경의선,계양,5,1,0,0,20251103
202510,경의선,신촌,22817,3749,27847,4550,20251103
202510,경의선,효창공원앞,74077,17576,82815,19910,20251103
202510,경의선,서강대,55484,12234,55408,11516,20251103
202510,경의선,가좌,125633,46080,119764,45631,20251103
202510,경의선,수색,69673,19131,70985,19402,20251103
202510,경의선,한국항공대,72076,10143,66841,10021,20251103
202510,경의선,강매,69803,21473,57882,20193,20251103
202510,경의선,행신,174769,40676,175260,41556,20251103
202510,경의선,능곡,93519,37306,87183,36653,20251103
202510,경의선,곡산,11179,6785,11867,6817,20251103
202510,경의선,백마,166479,42454,161094,42187,20251103
202510,경의선,풍산,137906,46707,129985,45965,20251103
202510,경의선,일산,225483,79482,218700,79541,20251103
202510,경의선,탄현,167931,46047,158668,45456,20251103
202510,경의선,야당,183475,43881,188337,43001,20251103
202510,경의선,운정,151715,44650,138360,42976,20251103
202510,경의선,검암,4,0,0,0,20251103
202510,경의선,금릉,109540,31568,106738,31034,20251103
202510,경의선,금촌,140975,51493,136317,52207,20251103
202510,경의선,월롱,47462,9560,41367,10034,20251103
202510,경의선,파주,32402,7990,25833,7273,20251103
202510,경의선,문산,123260,50551,119134,50226,20251103
202510,경의선,임진강,859,514,788,428,20251103
202510,경의선,운천,47,98,36,92,20251103
202510,경의선,서울역,69985,18512,91312,20887,20251103
202510,경의선,공덕,99856,16449,79823,15781,20251103
202510,경의선,홍대입구,68767,5972,82748,6775,20251103
202510,경의선,디지털미디어시티,64692,13333,60950,14421,20251103
202510,경의선,김포공항,1,0,0,0,20251103
202510,경인선,개봉,460164,178234,447045,183230,20251103
202510,경인선,오류동,232406,97966,211607,94541,20251103
202510,경인선,역곡,572097,168871,563597,173444,20251103
202510,경인선,부천,677578,256166,675267,260121,20251103
202510,경인선,송내,569620,145714,560217,143661,20251103
202510,경인선,부평,713999,167717,760693,171662,20251103
202510,경인선,백운,137153,63865,131089,63583,20251103
202510,경인선,동암,322343,115839,324313,116838,20251103
202510,경인선,주안,428946,103134,384622,91625,20251103
202510,경인선,제물포,237654,72780,226523,72474,20251103
202510,경인선,동인천,271141,126269,250755,122498,20251103
202510,경인선,인천,94984,49216,76919,46157,20251103
202510,경인선,구일,149417,49128,149213,47902,20251103
202510,경인선,소사,163198,64670,152673,62599,20251103
202510,경인선,부개,167554,76613,153167,75203,20251103
202510,경인선,간석,115992,49338,109279,47906,20251103
202510,경인선,도원,68359,31712,69109,33536,20251103
202510,경인선,온수(성공회대입구),130415,55240,120653,53813,20251103
202510,경인선,중동,176777,83297,161305,81837,20251103
202510,경인선,도화,77937,43399,68868,41546,20251103
202510,경춘선,춘천,43082,20563,36540,17199,20251103
202510,경춘선,신내,57217,22847,53540,22152,20251103
202510,경춘선,갈매,55259,21686,47974,20251,20251103
202510,경춘선,별내,52502,23244,46932,20245,20251103
202510,경춘선,퇴계원,63232,33490,56959,32249,20251103
202510,경춘선,사릉,42582,19655,40706,19762,20251103
202510,경춘선,금곡,28889,19579,27649,19048,20251103
202510,경춘선,평내호평,132032,52500,129494,51076,20251103
202510,경춘선,천마산,28449,19679,25125,19608,20251103
202510,경춘선,마석,83419,41441,80074,40943,20251103
202510,경춘선,대성리,10251,8545,11085,8305,20251103
202510,경춘선,청평,34115,23096,33636,22709,20251103
202510,경춘선,상천,3888,5871,3469,5740,20251103
202510,경춘선,가평,50559,22896,49249,22759,20251103
202510,경춘선,굴봉산,1914,2801,1808,2745,20251103
202510,경춘선,백양리,3062,1748,2951,1783,20251103
202510,경춘선,강촌,11008,5767,11063,5927,20251103
202510,경춘선,김유정,10509,5752,11529,6061,20251103
202510,경춘선,남춘천,73393,29979,71507,31536,20251103
202510,공항철도 1호선,김포공항,273377,27349,145732,16190,20251103
202510,공항철도 1호선,서울역,394186,40563,351110,37404,20251103
202510,공항철도 1호선,공덕,78060,9795,103790,11452,20251103
202510,공항철도 1호선,홍대입구,481863,22400,451768,20394,20251103
202510,공항철도 1호선,디지털미디어시티,338181,31522,317907,29369,20251103
202510,공항철도 1호선,마곡나루(서울식물원),332234,24371,321827,23804,20251103
202510,공항철도 1호선,계양,234798,38386,232247,36240,20251103
202510,공항철도 1호선,검암,157878,19062,161032,20640,20251103
202510,공항철도 1호선,청라국제도시,194850,16120,185961,16013,20251103
202510,공항철도 1호선,운서,265944,34505,284681,34705,20251103
202510,공항철도 1호선,공항화물청사,44064,9664,60602,9527,20251103
202510,공항철도 1호선,인천공항1터미널,439030,44384,409177,40562,20251103
202510,공항철도 1호선,인천공항2터미널,247017,24984,198738,20973,20251103
202510,공항철도 1호선,영종,112362,26411,115268,26503,20251103
202510,과천선,범계,669246,136931,677926,134055,20251103
202510,과천선,평촌,399734,74644,382655,73605,20251103
202510,과천선,선바위,177906,36385,150552,34923,20251103
202510,과천선,경마공원,71661,71016,71581,70137,20251103
202510,과천선,대공원,146927,49911,148259,51761,20251103
202510,과천선,과천,109783,41656,98913,39765,20251103
202510,과천선,정부과천청사,284733,60819,301723,60568,20251103
202510,과천선,인덕원,564715,139172,576024,141647,20251103
202510,분당선,수내,272699,82285,273452,81323,20251103
202510,분당선,선릉,271415,46852,413170,62197,20251103
202510,분당선,한티,373004,72213,386955,73553,20251103
202510,분당선,도곡,145736,55436,151408,54353,20251103
202510,분당선,구룡,71607,28119,68765,27260,20251103
202510,분당선,개포동,88322,34564,90192,35224,20251103
202510,분당선,대모산입구,119820,39580,111928,38750,20251103
202510,분당선,수서,408039,80270,429325,85921,20251103
202510,분당선,복정,73,3,0,0,20251103
202510,분당선,수원,205977,38064,193365,36466,20251103
202510,분당선,서울숲,312476,36142,328964,35361,20251103
202510,분당선,압구정로데오,481087,47434,535694,45655,20251103
202510,분당선,강남구청,204848,39150,241362,43293,20251103
202510,분당선,선정릉,151619,32461,156210,31334,20251103
202510,분당선,가천대,292366,29258,291454,29532,20251103
202510,분당선,태평,283874,98807,262549,103146,20251103
202510,분당선,모란,407274,185689,407636,203144,20251103
202510,분당선,야탑,522610,180060,562426,182238,20251103
202510,분당선,서현,511583,136175,525978,131892,20251103
202510,분당선,정자,410584,73981,434876,73663,20251103
202510,분당선,미금,296769,118167,306483,123385,20251103
202510,분당선,오리,226829,76792,194014,68365,20251103
202510,분당선,이매,116118,41879,109350,40630,20251103
202510,분당선,보정,47479,20593,41342,19482,20251103
202510,분당선,죽전,307120,78608,343516,82822,20251103
202510,분당선,구성,161240,45578,162265,46157,20251103
202510,분당선,신갈,93777,32865,92541,32568,20251103
202510,분당선,기흥,248051,51504,229594,50356,20251103
202510,분당선,상갈,113995,33984,107650,33168,20251103
202510,분당선,청명,104659,24507,99735,24703,20251103
202510,분당선,영통,216953,37510,219282,37257,20251103
202510,분당선,망포,359501,47676,345036,45936,20251103
202510,분당선,매탄권선,125136,27602,121212,26948,20251103
202510,분당선,수원시청,336907,54584,367493,55918,20251103
202510,분당선,매교,119543,29849,118211,30315,20251103
202510,서해선,원종,102391,46261,98915,47237,20251103
202510,서해선,부천종합운동장,71445,9816,61206,8156,20251103
202510,서해선,김포공항,87816,13323,119684,24031,20251103
202510,수인선,고색,129711,24563,128343,23144,20251103
202510,수인선,오목천,112720,20082,93067,19335,20251103
202510,수인선,어천,38781,9604,35846,10507,20251103
202510,수인선,야목,16759,4271,14099,3810,20251103
202510,수인선,사리,124201,23899,106912,21615,20251103
202510,수인선,달월,1827,1203,1567,745,20251103
202510,수인선,월곶,70142,25801,63572,25131,20251103
202510,수인선,소래포구,106470,72565,103225,71687,20251103
202510,수인선,인천논현,112498,41567,120363,41813,20251103
202510,수인선,호구포,81150,24752,83552,24461,20251103
202510,수인선,남동인더스파크,49074,6840,54587,6964,20251103
202510,수인선,원인재,90097,38695,95434,38951,20251103
202510,수인선,연수,101610,35489,99511,35486,20251103
202510,수인선,송도,49467,25797,43280,24617,20251103
202510,수인선,숭의,92790,35103,83734,32998,20251103
202510,수인선,인하대,176578,34813,162217,32881,20251103
202510,수인선,인천,21998,15298,36266,19864,20251103
202510,수인선,신포,37381,16411,37472,16425,20251103
202510,신림선,서울대벤처타운,222116,70211,191974,69174,20251103
202510,신림선,샛강,60325,16319,74626,15309,20251103
202510,신림선,대방,74612,21676,55383,17760,20251103
202510,신림선,서울지방병무청,61950,28965,67093,31346,20251103
202510,신림선,보라매,96672,28375,86790,26045,20251103
202510,신림선,보라매공원,49998,22161,55501,24094,20251103
202510,신림선,보라매병원,155445,60777,161070,59743,20251103
202510,신림선,당곡,98091,42205,91869,40426,20251103
202510,신림선,신림,45766,20704,55275,23413,20251103
202510,신림선,서원,76188,27816,63737,26864,20251103
202510,신림선,관악산(서울대),60922,36734,59097,36822,20251103
202510,안산선,수리산,79242,34714,63725,31702,20251103
202510,안산선,산본,347988,119112,375615,122264,20251103
202510,안산선,대야미,108844,37594,94365,35401,20251103
202510,안산선,반월,90979,36629,87508,36315,20251103
202510,안산선,상록수,359961,81031,359794,82533,20251103
202510,안산선,한대앞,234741,50601,235063,51451,20251103
202510,안산선,중앙,470557,77514,494047,76855,20251103
202510,안산선,고잔,210095,42315,202186,41134,20251103
202510,안산선,초지,124059,21131,128414,21345,20251103
202510,안산선,안산,330544,42613,313106,41116,20251103
202510,안산선,신길온천,51565,11879,45613,11428,20251103
202510,안산선,정왕,267131,33822,264917,34715,20251103
202510,안산선,오이도,194614,41310,194985,41131,20251103
202510,우이신설선,보문,35452,18647,34023,18542,20251103
202510,우이신설선,북한산우이,62665,40213,55592,41589,20251103
202510,우이신설선,솔밭공원,44110,32628,39462,34044,20251103
202510,우이신설선,4.19민주묘지,71638,41302,69621,36703,20251103
202510,우이신설선,가오리,69661,54366,66834,55036,20251103
202510,우이신설선,화계,57602,49361,51018,49352,20251103
202510,우이신설선,삼양,39358,31760,39598,34494,20251103
202510,우이신설선,삼양사거리,37694,38530,36304,38257,20251103
202510,우이신설선,솔샘,122871,43688,110131,44806,20251103
202510,우이신설선,북한산보국문,139133,46657,124746,46243,20251103
202510,우이신설선,정릉,93286,49696,77736,45763,20251103
202510,우이신설선,성신여대입구(돈암),75862,34282,85771,32388,20251103
202510,우이신설선,신설동,37359,34473,36201,30641,20251103
202510,일산선,지축,37,3,0,0,20251103
202510,일산선,원흥,244677,70641,232731,68261,20251103
202510,일산선,삼송,456151,109189,437524,108769,20251103
202510,일산선,원당,243126,91543,230512,91742,20251103
202510,일산선,화정,360241,134209,374007,136625,20251103
202510,일산선,대곡,281749,30566,257081,28809,20251103
202510,일산선,백석,208416,84835,214757,84988,20251103
202510,일산선,마두,144675,71880,146055,73579,20251103
202510,일산선,정발산,154293,64040,160234,61204,20251103
202510,일산선,주엽,158226,95438,152677,96802,20251103
202510,일산선,대화,252272,87528,216280,81744,20251103
202510,장항선,신창(순천향대),64368,7377,59789,6907,20251103
202510,장항선,봉명,27398,11297,27308,10784,20251103
202510,장항선,쌍용(나사렛대),64955,17712,61723,16810,20251103
202510,장항선,아산,119086,16779,104356,15682,20251103
202510,장항선,탕정,54223,8474,48048,7978,20251103
202510,장항선,배방,31575,8046,31345,7778,20251103
202510,장항선,온양온천,92867,62975,93873,63904,20251103
202510,중앙선,도농,202581,69563,184917,66805,20251103
202510,중앙선,양정,8614,7324,7190,6592,20251103
202510,중앙선,덕소,108799,50169,107356,50767,20251103
202510,중앙선,도심,56302,22796,42955,20906,20251103
202510,중앙선,팔당,18634,10373,20040,10226,20251103
202510,중앙선,운길산,13845,15334,13416,15861,20251103
202510,중앙선,양수,34067,27080,33025,26547,20251103
202510,중앙선,신원,2556,4168,1990,3992,20251103
202510,중앙선,국수,11490,11919,10964,12073,20251103
202510,중앙선,아신,10379,7509,10533,7524,20251103
202510,중앙선,오빈,4193,4908,4229,5057,20251103
202510,중앙선,양평,64913,41950,66038,42651,20251103
202510,중앙선,원덕,4959,7688,5008,7673,20251103
202510,중앙선,지평,781,1065,1025,1214,20251103
202510,중앙선,용문,32905,40131,32960,40278,20251103
202510,중앙선,회기,668178,131066,629083,127670,20251103
202510,중앙선,중랑,108757,53288,101678,52755,20251103
202510,중앙선,상봉,124835,47352,125697,46016,20251103
202510,중앙선,망우,148499,78006,140987,78212,20251103
202510,중앙선,양원,65323,24251,63773,23987,20251103
202510,중앙선,구리,168517,55533,183322,57952,20251103
202509,1호선,제기동,232078,279158,222058,303615,20251003
202509,1호선,동묘앞,151601,156068,155881,158484,20251003
202509,1호선,서울역,1965339,264850,1869712,251287,20251003
202509,1호선,시청,713880,111745,723086,109975,20251003
202509,1호선,종각,1009280,155526,1002015,144710,20251003
202509,1호선,종로3가,486918,296713,431354,272946,20251003
202509,1호선,종로5가,481535,250615,476190,243940,20251003
202509,1호선,동대문,249889,126784,241176,124578,20251003
202509,1호선,신설동,310662,126252,299727,121714,20251003
202509,1호선,청량리(서울시립대입구),422456,306618,419593,311520,20251003
202509,2호선,잠실나루,349004,95764,335201,95117,20251003
202509,2호선,시청,739566,67484,694910,61012,20251003
202509,2호선,을지로입구,1392166,111287,1439222,104156,20251003
202509,2호선,을지로3가,683303,78922,685065,77967,20251003
202509,2호선,을지로4가,362584,81700,356309,80089,20251003
202509,2호선,동대문역사문화공원(DDP),411677,62993,481142,69488,20251003
202509,2호선,신당,356360,95684,369141,97031,20251003
202509,2호선,상왕십리,362196,72529,352790,73963,20251003
202509,2호선,왕십리(성동구청),440157,57748,398905,53073,20251003
202509,2호선,한양대,414037,17160,454552,18227,20251003
202509,2호선,뚝섬,683644,70253,721469,70268,20251003
202509,2호선,성수,1467366,106706,1605945,107396,20251003
202509,2호선,건대입구,1051656,103116,1082839,106174,20251003
202509,2호선,구의(광진구청),698232,124452,680978,126009,20251003
202509,2호선,강변(동서울터미널),721538,123162,658916,117712,20251003
202509,2호선,잠실(송파구청),2077007,233623,2071157,223179,20251003
202509,2호선,잠실새내,602130,126149,586232,124543,20251003
202509,2호선,종합운동장,384436,62355,444503,66441,20251003
202509,2호선,삼성(무역센터),1462979,130027,1491811,120077,20251003
202509,2호선,선릉,1420421,265080,1242989,234414,20251003
202509,2호선,역삼,1308575,154737,1488886,158501,20251003
202509,2호선,강남,2216856,176147,2194297,154019,20251003
202509,2호선,교대(법원.검찰청),739050,164331,890379,194492,20251003
202509,2호선,서초,568120,103004,552488,104147,20251003
202509,2호선,방배,457234,84819,471983,83149,20251003
202509,2호선,사당,1034910,240905,1165593,231133,20251003
202509,2호선,낙성대(강감찬),733804,121017,709571,122615,20251003
202509,2호선,서울대입구(관악구청),1238263,194609,1190771,183258,20251003
202509,2호선,봉천,575691,167137,528017,167363,20251003
202509,2호선,신림,1456418,212158,1415743,212568,20251003
202509,2호선,신대방,619277,140541,586184,140485,20251003
202509,2호선,구로디지털단지,1453861,228060,1443312,227914,20251003
202509,2호선,대림(구로구청),580953,148593,594481,154822,20251003
202509,2호선,신도림,1239872,248705,1196908,233325,20251003
202509,2호선,문래,594721,97502,617699,97680,20251003
202509,2호선,영등포구청,563377,116369,586346,115597,20251003
202509,2호선,당산,503664,63776,580273,70158,20251003
202509,2호선,합정,899589,74351,991317,76936,20251003
202509,2호선,홍대입구,2056348,107451,2231780,104617,20251003
202509,2호선,신촌,1092945,132600,1107704,130443,20251003
202509,2호선,이대,499141,55749,541831,59787,20251003
202509,2호선,아현,268725,70802,246932,69522,20251003
202509,2호선,충정로(경기대입구),256358,50814,273166,51087,20251003
202509,2호선,용답,75569,19348,74925,19090,20251003
202509,2호선,신답,40948,9973,45806,10818,20251003
202509,2호선,신설동,83297,34848,78684,36414,20251003
202509,2호선,도림천,31225,10254,32823,11348,20251003
202509,2호선,양천구청,144151,58240,154819,58803,20251003
202509,2호선,신정네거리,225187,81548,230807,83185,20251003
202509,2호선,용두(동대문구청),52973,25603,51108,27173,20251003
202509,3호선,오금,159449,36303,139059,34386,20251003
202509,3호선,지축,188743,40446,192269,39421,20251003
202509,3호선,구파발,518945,149063,506156,143076,20251003
202509,3호선,연신내,827455,285937,777138,275160,20251003
202509,3호선,불광,350609,158705,365488,175913,20251003
202509,3호선,녹번,372760,86056,333015,85029,20251003
202509,3호선,홍제,396877,156053,371928,152012,20251003
202509,3호선,무악재,91134,35086,87247,37747,20251003
202509,3호선,독립문,165838,79597,174283,79766,20251003
202509,3호선,경복궁(정부서울청사),702693,97241,714071,92542,20251003
202509,3호선,안국,712353,115195,740066,121801,20251003
202509,3호선,종로3가,269114,75285,306310,85146,20251003
202509,3호선,을지로3가,321865,51984,314181,49370,20251003
202509,3호선,충무로,162,3,0,0,20251003
202509,3호선,동대입구,337440,41975,378147,45002,20251003
202509,3호선,약수,300979,87580,297226,82012,20251003
202509,3호선,금호,186629,57364,172168,56292,20251003
202509,3호선,압구정,767194,150333,829229,149730,20251003
202509,3호선,신사,737991,72880,786432,70470,20251003
202509,3호선,옥수,212121,67473,219132,67182,20251003
202509,3호선,잠원,164762,46069,158187,44434,20251003
202509,3호선,고속터미널,1277495,243420,1222377,229351,20251003
202509,3호선,교대(법원.검찰청),409252,97449,234386,55353,20251003
202509,3호선,남부터미널(예술의전당),775237,141245,779589,142203,20251003
202509,3호선,양재(서초구청),944269,166629,1009687,169023,20251003
202509,3호선,매봉,290820,85717,282431,80105,20251003
202509,3호선,도곡,150640,32478,148594,30036,20251003
202509,3호선,대치,314621,77719,306781,75550,20251003
202509,3호선,학여울,51441,18444,52310,18196,20251003
202509,3호선,대청,260787,72056,239009,69983,20251003
202509,3호선,일원,258400,76014,248814,76212,20251003
202509,3호선,수서,430918,134546,434274,130511,20251003
202509,3호선,가락시장,184609,84356,181465,83113,20251003
202509,3호선,경찰병원,173192,50161,171039,51662,20251003
202509,4호선,한성대입구(삼선교),387500,83430,371772,82024,20251003
202509,4호선,상계,445967,146241,410956,142413,20251003
202509,4호선,노원,509177,119538,582515,117523,20251003
202509,4호선,창동,574217,255530,609505,264277,20251003
202509,4호선,쌍문,683296,195857,623918,193948,20251003
202509,4호선,수유(강북구청),830429,206988,829877,209011,20251003
202509,4호선,미아(서울사이버대학),360658,131949,338738,134970,20251003
202509,4호선,미아사거리,588376,202168,575739,201112,20251003
202509,4호선,길음,529348,134308,530064,132554,20251003
202509,4호선,성신여대입구(돈암),615067,98873,588729,97841,20251003
202509,4호선,불암산,209104,86761,171608,85078,20251003
202509,4호선,혜화,975968,146481,954943,141103,20251003
202509,4호선,동대문,412087,157136,426293,152375,20251003
202509,4호선,동대문역사문화공원(DDP),547545,70369,476412,62568,20251003
202509,4호선,충무로,845807,126941,861021,129065,20251003
202509,4호선,명동,1058742,87346,1118127,89687,20251003
202509,4호선,회현(남대문시장),629313,210324,653427,210196,20251003
202509,4호선,서울역,344703,45293,635088,63905,20251003
202509,4호선,숙대입구(갈월),428373,59993,422232,56318,20251003
202509,4호선,삼각지(전쟁기념관),179038,24886,213386,26511,20251003
202509,4호선,신용산,583396,63354,639291,64095,20251003
202509,4호선,이촌(국립중앙박물관),255854,56823,291822,60282,20251003
202509,4호선,동작(현충원),53942,15575,53422,15509,20251003
202509,4호선,총신대입구(이수),417061,173403,454235,182521,20251003
202509,4호선,사당,694061,107691,607872,113595,20251003
202509,4호선,남태령,34397,9351,27087,8645,20251003
202509,5호선,방화,148719,63847,142171,63112,20251003
202509,5호선,개화산,134076,51022,127590,48941,20251003
202509,5호선,김포공항,323799,57737,192328,44135,20251003
202509,5호선,송정,135657,54627,127126,52555,20251003
202509,5호선,마곡,376615,68449,383778,66935,20251003
202509,5호선,발산,564519,128683,585215,124050,20251003
202509,5호선,우장산,343801,111930,336680,116976,20251003
202509,5호선,화곡,687624,167157,633384,159481,20251003
202509,5호선,까치산,656564,174169,621136,176221,20251003
202509,5호선,신정(은행정),331744,74201,267099,72089,20251003
202509,5호선,목동,404826,94687,444050,96085,20251003
202509,5호선,오목교(목동운동장앞),540629,99836,582100,99765,20251003
202509,5호선,양평,210836,34732,204814,34048,20251003
202509,5호선,영등포구청,124796,23089,123027,22462,20251003
202509,5호선,영등포시장,282728,81951,281824,83962,20251003
202509,5호선,신길,142402,13603,144179,13700,20251003
202509,5호선,여의도,791804,62956,853124,59668,20251003
202509,5호선,여의나루,397649,35472,489057,36344,20251003
202509,5호선,마포,376915,71849,385585,70692,20251003
202509,5호선,공덕,377006,56284,392988,53077,20251003
202509,5호선,애오개,157568,43207,150833,41495,20251003
202509,5호선,하남검단산,139311,59874,129556,59062,20251003
202509,5호선,충정로(경기대입구),128450,17735,131070,18038,20251003
202509,5호선,서대문,493591,80365,493012,76695,20251003
202509,5호선,광화문(세종문화회관),891815,100114,959985,100282,20251003
202509,5호선,종로3가,372057,96650,385692,98575,20251003
202509,5호선,을지로4가,154000,46116,153638,46040,20251003
202509,5호선,동대문역사문화공원(DDP),86846,9575,97994,10610,20251003
202509,5호선,청구,82276,22385,79371,18986,20251003
202509,5호선,신금호,147638,43182,153011,49018,20251003
202509,5호선,행당,186095,55830,166500,50681,20251003
202509,5호선,왕십리(성동구청),110350,27827,129736,29119,20251003
202509,5호선,마장,136816,47195,128923,46233,20251003
202509,5호선,답십리,387538,91085,344579,87361,20251003
202509,5호선,장한평,480468,107085,467491,109771,20251003
202509,5호선,군자(능동),313696,50444,346040,53956,20251003
202509,5호선,아차산(어린이대공원후문),338850,115033,329780,112935,20251003
202509,5호선,광나루(장신대),279055,74569,268383,72817,20251003
202509,5호선,천호(풍납토성),437750,171434,425176,170941,20251003
202509,5호선,강동,439959,126607,423924,123397,20251003
202509,5호선,길동,176908,90845,177848,93117,20251003
202509,5호선,굽은다리(강동구민회관앞),206471,92308,196871,87674,20251003
202509,5호선,명일,176560,75530,172271,76161,20251003
202509,5호선,고덕,224847,88900,219291,87268,20251003
202509,5호선,상일동,336452,105160,314957,104077,20251003
202509,5호선,둔촌동,292602,105197,286465,105056,20251003
202509,5호선,올림픽공원(한국체대),119149,44651,103343,40048,20251003
202509,5호선,방이,170353,57722,176144,57505,20251003
202509,5호선,오금,87066,25974,88870,25440,20251003
202509,5호선,개롱,141708,59141,145901,61186,20251003
202509,5호선,거여,228226,77593,223067,75902,20251003
202509,5호선,마천,157545,61410,134040,62482,20251003
202509,5호선,강일,131905,50218,119929,48488,20251003
202509,5호선,미사,437154,101373,440566,101092,20251003
202509,5호선,하남풍산,100938,40445,98896,39966,20251003
202509,5호선,하남시청(덕풍?신장),173170,86852,158367,87154,20251003
202509,6호선,약수,92315,23835,89602,22903,20251003
202509,6호선,신내,15,1,0,0,20251003
202509,6호선,봉화산(서울의료원),201611,58518,186429,57218,20251003
202509,6호선,화랑대(서울여대입구),310861,55112,251262,50472,20251003
202509,6호선,태릉입구,143674,38095,164570,38069,20251003
202509,6호선,석계,294601,90653,302038,89959,20251003
202509,6호선,돌곶이,286403,74629,259739,73367,20251003
202509,6호선,상월곡(한국과학기술연구원),162573,47052,150340,45507,20251003
202509,6호선,월곡(동덕여대),298842,76256,284830,76480,20251003
202509,6호선,고려대(종암),252411,39256,239530,38462,20251003
202509,6호선,안암(고대병원앞),417241,43339,417585,42557,20251003
202509,6호선,보문,218006,35713,204363,33558,20251003
202509,6호선,창신,92109,21158,75207,20182,20251003
202509,6호선,동묘앞,199777,74733,208819,70418,20251003
202509,6호선,신당,214736,41501,225572,40460,20251003
202509,6호선,청구,92258,21281,89627,22127,20251003
202509,6호선,버티고개,54185,15242,50170,17595,20251003
202509,6호선,한강진,298875,19445,353324,19469,20251003
202509,6호선,이태원,343341,31970,389075,32242,20251003
202509,6호선,녹사평(용산구청),149939,19839,152839,19287,20251003
202509,6호선,삼각지(전쟁기념관),235587,22542,207540,18851,20251003
202509,6호선,효창공원앞,198028,43113,182006,39365,20251003
202509,6호선,공덕,482969,91607,469499,85521,20251003
202509,6호선,대흥(서강대앞),255384,55637,270255,55883,20251003
202509,6호선,광흥창(서강),235222,63899,219838,63168,20251003
202509,6호선,상수,308523,26566,349633,26706,20251003
202509,6호선,합정,374648,46392,370290,42490,20251003
202509,6호선,망원,395312,94523,426697,97854,20251003
202509,6호선,마포구청,365814,91906,324761,85030,20251003
202509,6호선,월드컵경기장(성산),151320,61465,178158,60467,20251003
202509,6호선,디지털미디어시티,377787,65664,409686,66173,20251003
202509,6호선,증산(명지대앞),208124,75768,204601,76061,20251003
202509,6호선,새절(신사),287148,97891,263008,98117,20251003
202509,6호선,구산,187662,63448,127767,67059,20251003
202509,6호선,연신내,73,2,0,0,20251003
202509,6호선,독바위,59406,22922,59208,29071,20251003
202509,6호선,불광,96958,51397,96102,41387,20251003
202509,6호선,역촌,79981,39382,101541,38539,20251003
202509,6호선,응암,403620,140388,399574,139674,20251003
202509,7호선,천왕,281772,71586,270587,71892,20251003
202509,7호선,광명사거리,464955,181635,452079,188744,20251003
202509,7호선,철산,546407,127228,560482,125849,20251003
202509,7호선,가산디지털단지,1108861,110769,1113113,103331,20251003
202509,7호선,남구로,366675,74054,387496,76187,20251003
202509,7호선,대림(구로구청),221106,52588,223045,51166,20251003
202509,7호선,신풍,274647,85865,254830,84850,20251003
202509,7호선,보라매,168624,35297,176242,36599,20251003
202509,7호선,신대방삼거리,353213,104895,330600,107254,20251003
202509,7호선,장승배기,215397,79030,206142,80339,20251003
202509,7호선,상도,319685,72585,316268,69204,20251003
202509,7호선,숭실대입구(살피재),392651,71902,391928,74087,20251003
202509,7호선,남성,259581,86445,245143,87689,20251003
202509,7호선,이수,413800,97270,406734,91971,20251003
202509,7호선,내방,353258,84739,357245,81563,20251003
202509,7호선,고속터미널,454374,89460,369169,80016,20251003
202509,7호선,반포,164924,48402,158486,45935,20251003
202509,7호선,논현,510115,49836,531424,49046,20251003
202509,7호선,학동,591719,71907,616654,67994,20251003
202509,7호선,강남구청,425946,60066,476062,61174,20251003
202509,7호선,청담,462118,86449,503991,83019,20251003
202509,7호선,자양(뚝섬한강공원),310933,56499,313381,56837,20251003
202509,7호선,건대입구,366593,73947,384329,68819,20251003
202509,7호선,어린이대공원(세종대),504376,51411,518548,50739,20251003
202509,7호선,군자(능동),364864,93782,281384,81654,20251003
202509,7호선,중곡,257553,75801,234735,76197,20251003
202509,7호선,용마산(용마폭포공원),137544,40841,131710,44524,20251003
202509,7호선,사가정,368328,115085,374789,116240,20251003
202509,7호선,면목,349695,112820,329880,115456,20251003
202509,7호선,상봉,441275,86423,427761,83082,20251003
202509,7호선,중화,253983,74719,250574,74678,20251003
202509,7호선,먹골,231303,76917,226899,78643,20251003
202509,7호선,태릉입구,216865,53474,205314,50011,20251003
202509,7호선,노원,454229,150900,486425,152375,20251003
202509,7호선,중계,338992,110354,309258,107597,20251003
202509,7호선,하계,418854,129854,389795,125400,20251003
202509,7호선,장암,69820,16620,25249,12722,20251003
202509,7호선,도봉산,222677,56872,247694,78233,20251003
202509,7호선,공릉(서울과학기술대),296953,86452,289169,87366,20251003
202509,7호선,수락산,264030,117524,260834,118642,20251003
202509,7호선,마들,295071,106906,273608,105362,20251003
202509,7호선,온수(성공회대입구),260876,49312,238628,46332,20251003
202509,8호선,모란,92296,64958,73797,51375,20251003
202509,8호선,남위례,183029,41503,182530,39806,20251003
202509,8호선,수진,117455,51391,106695,50239,20251003
202509,8호선,신흥,111844,46876,112578,47209,20251003
202509,8호선,단대오거리,281873,83280,265992,81456,20251003
202509,8호선,남한산성입구(성남법원.검찰청),326030,82750,294253,77686,20251003
202509,8호선,산성,146826,38816,148688,42117,20251003
202509,8호선,복정,250753,49410,211381,45231,20251003
202509,8호선,장지,410190,98521,378436,93026,20251003
202509,8호선,문정,578549,75848,606482,75809,20251003
202509,8호선,가락시장,180373,78334,204599,79801,20251003
202509,8호선,송파,215034,78449,211092,76982,20251003
202509,8호선,석촌,193222,61301,229068,63221,20251003
202509,8호선,잠실(송파구청),460937,96616,545691,96077,20251003
202509,8호선,몽촌토성(평화의문),183036,37944,189567,37897,20251003
202509,8호선,강동구청,235505,78279,241733,79194,20251003
202509,8호선,천호(풍납토성),405897,118222,471402,118246,20251003
202509,8호선,암사,364558,119277,330430,117560,20251003
202509,8호선,암사역사공원,166704,38927,141814,37441,20251003
202509,9호선,흑석(중앙대입구),240944,67534,245850,67875,20251003
202509,9호선,노들,139754,38592,119080,35567,20251003
202509,9호선,노량진,734177,95482,730113,95620,20251003
202509,9호선,샛강,176950,34627,166899,33790,20251003
202509,9호선,여의도,863414,63398,825272,58632,20251003
202509,9호선,국회의사당,462187,71836,469012,64460,20251003
202509,9호선,당산,501969,82012,491689,76195,20251003
202509,9호선,선유도,233308,38394,213498,37255,20251003
202509,9호선,신목동,111527,30148,96490,28750,20251003
202509,9호선,염창,449694,89824,427155,86413,20251003
202509,9호선,등촌,280292,104051,264545,106359,20251003
202509,9호선,증미,196518,42494,188519,42536,20251003
202509,9호선,가양,519529,157273,506194,154641,20251003
202509,9호선,양천향교,272309,55832,281928,55483,20251003
202509,9호선,마곡나루(서울식물원),417113,47927,407557,47218,20251003
202509,9호선,신방화,157468,52816,154838,53131,20251003
202509,9호선,공항시장,61921,24479,66231,26573,20251003
202509,9호선,김포공항,167591,19756,311754,30789,20251003
202509,9호선,개화,64815,14442,43004,11683,20251003
202509,9호선,동작(현충원),46295,14293,39792,12320,20251003
202509,9호선,구반포,49548,11696,43114,11357,20251003
202509,9호선,신반포,116925,35316,112177,35210,20251003
202509,9호선,고속터미널,407790,80812,550481,96344,20251003
202509,9호선,사평,99479,28947,95525,29129,20251003
202509,9호선,신논현,880385,61023,891763,59000,20251003
202509,9호선2~3단계,언주,309275,35710,311943,35309,20251003
202509,9호선2~3단계,중앙보훈병원,292965,98986,244237,96028,20251003
202509,9호선2~3단계,둔촌오륜,112533,27086,107941,28036,20251003
202509,9호선2~3단계,올림픽공원(한국체대),230813,37048,238418,36586,20251003
202509,9호선2~3단계,한성백제,79669,21936,70543,19506,20251003
202509,9호선2~3단계,송파나루,143266,36042,155627,38129,20251003
202509,9호선2~3단계,석촌,245877,47217,221337,42217,20251003
202509,9호선2~3단계,석촌고분,173988,48335,167141,48499,20251003
202509,9호선2~3단계,삼전,202605,51675,189318,51106,20251003
202509,9호선2~3단계,종합운동장,138167,26643,137285,24522,20251003
202509,9호선2~3단계,봉은사,603276,65629,638123,61430,20251003
202509,9호선2~3단계,삼성중앙,207729,33583,215291,32624,20251003
202509,9호선2~3단계,선정릉,267960,33884,289686,35188,20251003
202509,경강선,초월,92407,19458,84909,18977,20251003
202509,경강선,경기광주,206298,39107,192034,38652,20251003
202509,경강선,삼동,55328,15680,49744,15815,20251003
202509,경강선,이매,25171,6666,22045,6785,20251003
202509,경강선,판교,154906,22828,151757,19204,20251003
202509,경강선,이천,74964,17242,79867,18328,20251003
202509,경강선,부발,63272,12934,62322,13043,20251003
202509,경강선,세종대왕릉,6159,4597,6017,4682,20251003
202509,경강선,여주,75855,24676,74622,25014,20251003
202509,경강선,성남,30877,7900,25399,8127,20251003
202509,경강선,곤지암,53129,16712,52031,17169,20251003
202509,경강선,신둔도예촌,38322,9704,34777,9384,20251003
202509,경부선,화서,286662,55596,278884,54199,20251003
202509,경부선,의왕,219666,48175,216971,48017,20251003
202509,경부선,군포,159140,40897,155025,39448,20251003
202509,경부선,금정,691866,147434,705999,149491,20251003
202509,경부선,명학,215727,47552,213537,46037,20251003
202509,경부선,안양,616694,140534,598927,144777,20251003
202509,경부선,관악,156000,60534,151146,58943,20251003
202509,경부선,석수,198478,53866,179372,50892,20251003
202509,경부선,금천구청,233115,86442,236654,88631,20251003
202509,경부선,가산디지털단지,452932,41142,533118,47345,20251003
202509,경부선,구로,404800,114880,418385,111179,20251003
202509,경부선,신길,214543,50188,185087,47675,20251003
202509,경부선,신도림,86863,27410,93579,33142,20251003
202509,경부선,영등포,954030,319578,966987,320434,20251003
202509,경부선,대방,257754,63997,288401,66072,20251003
202509,경부선,노량진,250213,51624,258867,48959,20251003
202509,경부선,용산,1243372,151039,1259941,150384,20251003
202509,경부선,남영,250988,40209,268978,40989,20251003
202509,경부선,서울역,303661,20160,114873,5561,20251003
202509,경부선,광명,101472,13043,85040,12313,20251003
202509,경부선,서동탄,36410,8035,29772,7205,20251003
202509,경부선,당정,154597,37776,147174,35899,20251003
202509,경부선,천안,174360,59396,154255,59330,20251003
202509,경부선,두정,225863,32146,247698,33115,20251003
202509,경부선,직산,25515,6530,25445,6067,20251003
202509,경부선,성환,160621,23148,153180,22940,20251003
202509,경부선,평택,343024,77160,338919,75894,20251003
202509,경부선,평택지제,115672,16002,108614,15503,20251003
202509,경부선,서정리,213937,39443,204658,38298,20251003
202509,경부선,송탄,114846,23453,109880,22915,20251003
202509,경부선,진위,41265,10499,37138,10230,20251003
202509,경부선,오산,279551,56744,276805,57464,20251003
202509,경부선,오산대,99165,20529,91388,19637,20251003
202509,경부선,세마,83858,18492,79439,17294,20251003
202509,경부선,병점,414603,77844,413183,78240,20251003
202509,경부선,세류,90197,19145,81970,18692,20251003
202509,경부선,독산,415619,75198,416246,76968,20251003
202509,경부선,수원,1047409,179619,1100236,182504,20251003
202509,경부선,성균관대,419868,67242,406431,67438,20251003
202509,경원선,한남,79086,29099,80000,27409,20251003
202509,경원선,연천,13784,24730,12634,24719,20251003
202509,경원선,전곡,24011,14520,21828,13447,20251003
202509,경원선,청산,2672,2424,2093,2146,20251003
202509,경원선,소요산,12077,50449,12923,50171,20251003
202509,경원선,동두천,44631,21156,43249,21689,20251003
202509,경원선,보산,33697,15197,31294,14559,20251003
202509,경원선,동두천중앙,56373,38628,52828,38247,20251003
202509,경원선,지행,150745,51375,153250,51150,20251003
202509,경원선,덕정,165142,42645,154163,42710,20251003
202509,경원선,덕계,149883,39644,136721,38435,20251003
202509,경원선,양주,165350,69474,157604,67993,20251003
202509,경원선,녹양,90841,44167,86682,41941,20251003
202509,경원선,가능,133986,65006,128299,65056,20251003
202509,경원선,의정부,457371,135323,465807,135452,20251003
202509,경원선,회룡,231873,173293,225683,170338,20251003
202509,경원선,망월사,202409,79838,200821,81074,20251003
202509,경원선,도봉산,130180,111475,69865,87281,20251003
202509,경원선,도봉,101361,79170,94841,78005,20251003
202509,경원선,방학,183986,121806,179017,118826,20251003
202509,경원선,창동,91,3,0,0,20251003
202509,경원선,녹천,92198,41101,75886,37480,20251003
202509,경원선,월계,157976,66458,143301,64584,20251003
202509,경원선,광운대,213144,62126,205534,60011,20251003
202509,경원선,석계,162751,64789,184376,68917,20251003
202509,경원선,신이문,177418,72149,163068,71051,20251003
202509,경원선,외대앞,297749,54648,291941,54509,20251003
202509,경원선,청량리(서울시립대입구),368647,161498,374134,171251,20251003
202509,경원선,왕십리(성동구청),442102,85986,434640,85675,20251003
202509,경원선,응봉,39708,18019,33714,16172,20251003
202509,경원선,옥수,1652,157,1143,124,20251003
202509,경원선,서빙고,53976,21156,48430,20449,20251003
202509,경원선,이촌(국립중앙박물관),106370,36160,77718,29923,20251003
202509,경의선,탄현,179255,48261,169091,48075,20251003
202509,경의선,효창공원앞,83737,18728,92532,21258,20251003
202509,경의선,서강대,60192,12972,61226,12418,20251003
202509,경의선,가좌,136853,47862,128628,47654,20251003
202509,경의선,수색,76494,20180,77515,20580,20251003
202509,경의선,한국항공대,88931,10486,83226,10232,20251003
202509,경의선,강매,76035,21227,61705,19683,20251003
202509,경의선,능곡,102400,38990,93999,38234,20251003
202509,경의선,곡산,11656,7065,12632,7149,20251003
202509,경의선,백마,178827,44071,173280,43988,20251003
202509,경의선,풍산,144094,47868,135507,47147,20251003
202509,경의선,일산,243299,83181,236549,83604,20251003
202509,경의선,신촌,26249,3960,32823,4841,20251003
202509,경의선,야당,188872,44498,192439,43893,20251003
202509,경의선,운정,159015,45251,145521,43735,20251003
202509,경의선,행신,188951,42015,189342,43055,20251003
202509,경의선,금릉,113469,32647,110419,31959,20251003
202509,경의선,금촌,143026,53285,136671,53949,20251003
202509,경의선,월롱,54360,9974,47404,10191,20251003
202509,경의선,파주,35148,8329,27800,7441,20251003
202509,경의선,문산,123772,50967,118637,50255,20251003
202509,경의선,임진강,419,313,567,283,20251003
202509,경의선,운천,46,129,17,76,20251003
202509,경의선,서울역,77969,19130,104288,22407,20251003
202509,경의선,공덕,112372,17675,87685,16676,20251003
202509,경의선,홍대입구,63378,5987,75650,6785,20251003
202509,경의선,디지털미디어시티,69278,13785,66345,14681,20251003
202509,경의선,계양,1,0,0,0,20251003
202509,경의선,검암,5,0,0,0,20251003
202509,경인선,도화,82748,46511,73150,44780,20251003
202509,경인선,개봉,492699,186068,478747,191213,20251003
202509,경인선,오류동,247803,102255,225454,99034,20251003
202509,경인선,역곡,622215,173888,613362,179332,20251003
202509,경인선,부천,702035,260947,697714,265199,20251003
202509,경인선,송내,622162,149495,616119,148301,20251003
202509,경인선,부평,713291,172862,753042,177144,20251003
202509,경인선,백운,147641,66607,141043,66128,20251003
202509,경인선,동암,339845,119141,339918,120402,20251003
202509,경인선,주안,457782,106530,411289,94466,20251003
202509,경인선,제물포,260238,77106,249364,76844,20251003
202509,경인선,동인천,285017,129202,262424,126264,20251003
202509,경인선,인천,85358,46402,67804,43738,20251003
202509,경인선,구일,192877,54907,201841,54851,20251003
202509,경인선,온수(성공회대입구),140702,57389,130296,56043,20251003
202509,경인선,소사,174096,67569,161632,64829,20251003
202509,경인선,부개,178808,79009,162191,77283,20251003
202509,경인선,간석,122959,51994,115937,50029,20251003
202509,경인선,도원,72085,33400,72462,35280,20251003
202509,경인선,중동,188833,85982,171312,84423,20251003
202509,경춘선,강촌,9920,5545,10353,5633,20251003
202509,경춘선,신내,63392,23532,59157,22919,20251003
202509,경춘선,갈매,59403,22358,51361,20878,20251003
202509,경춘선,별내,55538,23720,50328,20909,20251003
202509,경춘선,퇴계원,68430,35612,60597,34026,20251003
202509,경춘선,사릉,45583,20216,43053,20351,20251003
202509,경춘선,금곡,31294,20651,30051,19873,20251003
202509,경춘선,평내호평,142845,55813,138055,53603,20251003
202509,경춘선,천마산,29210,20024,25245,19969,20251003
202509,경춘선,마석,84881,42764,80554,42754,20251003
202509,경춘선,대성리,16099,8099,17529,7879,20251003
202509,경춘선,청평,33147,23664,32558,23068,20251003
202509,경춘선,상천,3794,5901,3492,5731,20251003
202509,경춘선,가평,43854,20775,43124,20853,20251003
202509,경춘선,굴봉산,1220,2396,1178,2357,20251003
202509,경춘선,백양리,1475,1570,1413,1593,20251003
202509,경춘선,김유정,7355,4840,7879,5115,20251003
202509,경춘선,남춘천,70636,28900,70976,29670,20251003
202509,경춘선,춘천,39860,17520,35294,14939,20251003
202509,공항철도 1호선,서울역,398632,39940,351128,36837,20251003
202509,공항철도 1호선,공덕,86047,10224,113253,12140,20251003
202509,공항철도 1호선,홍대입구,455520,22151,434360,20581,20251003
202509,공항철도 1호선,디지털미디어시티,389454,34410,359603,32412,20251003
202509,공항철도 1호선,마곡나루(서울식물원),381046,24108,364028,24044,20251003
202509,공항철도 1호선,김포공항,279323,27446,148773,15854,20251003
202509,공항철도 1호선,계양,250862,34936,247911,34187,20251003
202509,공항철도 1호선,검암,170955,18836,172160,18770,20251003
202509,공항철도 1호선,청라국제도시,209545,17851,200805,17617,20251003
202509,공항철도 1호선,운서,266219,34885,281555,34891,20251003
202509,공항철도 1호선,공항화물청사,47103,10137,53055,10051,20251003
202509,공항철도 1호선,인천공항1터미널,414084,39855,403625,37156,20251003
202509,공항철도 1호선,인천공항2터미널,229971,24783,199268,21475,20251003
202509,공항철도 1호선,영종,109986,26416,112235,26400,20251003
202509,과천선,선바위,199409,38459,169234,36613,20251003
202509,과천선,경마공원,87941,83541,89297,83187,20251003
202509,과천선,대공원,69209,36262,71243,37965,20251003
202509,과천선,과천,121059,44973,110839,42804,20251003
202509,과천선,정부과천청사,325243,66351,346384,66013,20251003
202509,과천선,인덕원,624636,146310,639365,150137,20251003
202509,과천선,평촌,453054,79766,432831,78973,20251003
202509,과천선,범계,717650,143063,722216,140481,20251003
202509,분당선,선릉,320366,54613,489286,73139,20251003
202509,분당선,구룡,80779,29693,77323,29499,20251003
202509,분당선,도곡,165889,60907,172602,58972,20251003
202509,분당선,한티,403688,78092,427459,79960,20251003
202509,분당선,매교,133186,30878,130762,31611,20251003
202509,분당선,수원시청,362774,59559,394161,60772,20251003
202509,분당선,매탄권선,138768,29261,134621,28572,20251003
202509,분당선,망포,396686,51190,381362,49260,20251003
202509,분당선,영통,238789,40566,243130,40401,20251003
202509,분당선,청명,115758,26043,110786,26257,20251003
202509,분당선,상갈,120108,35599,112709,34490,20251003
202509,분당선,기흥,274848,55512,257834,53876,20251003
202509,분당선,신갈,103393,36208,101037,35660,20251003
202509,분당선,구성,173277,47710,172810,47860,20251003
202509,분당선,죽전,332670,83489,374471,89204,20251003
202509,분당선,보정,52948,22144,45606,21065,20251003
202509,분당선,이매,125170,44556,116122,42585,20251003
202509,분당선,오리,252481,81945,215974,72104,20251003
202509,분당선,미금,324890,126821,335151,132629,20251003
202509,분당선,정자,460454,78708,488278,78128,20251003
202509,분당선,수내,302775,87666,304495,86473,20251003
202509,분당선,서현,553520,144278,571981,140966,20251003
202509,분당선,야탑,568395,187268,611852,189332,20251003
202509,분당선,모란,426984,195619,424795,215826,20251003
202509,분당선,태평,291900,102706,271342,107770,20251003
202509,분당선,가천대,350893,32060,352785,32238,20251003
202509,분당선,선정릉,178028,38413,185162,36910,20251003
202509,분당선,강남구청,238376,44048,278724,48527,20251003
202509,분당선,압구정로데오,526958,51506,585623,49417,20251003
202509,분당선,서울숲,339195,36685,353804,35766,20251003
202509,분당선,수원,204664,38817,194189,37191,20251003
202509,분당선,복정,69,0,0,0,20251003
202509,분당선,수서,441551,85397,462200,90789,20251003
202509,분당선,대모산입구,135527,43378,126028,42585,20251003
202509,분당선,개포동,97659,37045,99417,37705,20251003
202509,서해선,원종,106673,47790,103220,48873,20251003
202509,서해선,김포공항,87627,14149,119898,25172,20251003
202509,서해선,부천종합운동장,77855,10445,66191,8454,20251003
202509,수인선,숭의,98106,37422,88065,35105,20251003
202509,수인선,인천,18973,15219,32300,18822,20251003
202509,수인선,신포,39929,16330,39337,16402,20251003
202509,수인선,인하대,201802,36414,188072,34774,20251003
202509,수인선,송도,51811,26317,44847,25306,20251003
202509,수인선,연수,105762,37352,103507,37133,20251003
202509,수인선,원인재,95275,40019,100696,40558,20251003
202509,수인선,남동인더스파크,56871,8014,64258,8255,20251003
202509,수인선,호구포,88829,26102,92465,26146,20251003
202509,수인선,인천논현,118963,43530,127429,43715,20251003
202509,수인선,소래포구,113447,74183,109221,73219,20251003
202509,수인선,월곶,70712,22461,63364,22018,20251003
202509,수인선,달월,1507,1214,1330,680,20251003
202509,수인선,사리,132187,25060,112907,22589,20251003
202509,수인선,야목,17342,4203,14543,3683,20251003
202509,수인선,어천,39909,9642,36934,10503,20251003
202509,수인선,오목천,124898,20842,104564,20180,20251003
202509,수인선,고색,145099,25587,142551,24254,20251003
202509,신림선,대방,82973,23170,60986,19231,20251003
202509,신림선,서울지방병무청,69637,30981,75705,33537,20251003
202509,신림선,보라매,107241,31523,96944,28377,20251003
202509,신림선,보라매공원,55930,24109,62336,25678,20251003
202509,신림선,보라매병원,182221,70407,191330,69551,20251003
202509,신림선,당곡,107450,45930,101860,44659,20251003
202509,신림선,샛강,73279,18159,88270,17122,20251003
202509,신림선,신림,49189,22054,60455,24853,20251003
202509,신림선,서원,83512,29384,69686,28809,20251003
202509,신림선,서울대벤처타운,235344,74430,206885,73861,20251003
202509,신림선,관악산(서울대),65926,38789,64595,38558,20251003
202509,안산선,초지,135029,22025,136995,22373,20251003
202509,안산선,수리산,87693,36053,71854,32910,20251003
202509,안산선,오이도,201541,41975,200791,41688,20251003
202509,안산선,정왕,279534,35665,278796,36969,20251003
202509,안산선,신길온천,53473,11931,46638,11241,20251003
202509,안산선,안산,315272,44628,293822,42763,20251003
202509,안산선,고잔,228391,44299,218978,42910,20251003
202509,안산선,중앙,485210,80857,511338,80122,20251003
202509,안산선,한대앞,257352,51504,259610,52422,20251003
202509,안산선,상록수,382334,81858,383815,83468,20251003
202509,안산선,반월,96974,38212,93442,38097,20251003
202509,안산선,대야미,114538,38943,99813,36264,20251003
202509,안산선,산본,366012,123405,394324,126441,20251003
202509,우이신설선,정릉,99034,52631,84474,49129,20251003
202509,우이신설선,북한산우이,59463,38857,52078,40375,20251003
202509,우이신설선,보문,37109,19318,36183,19279,20251003
202509,우이신설선,성신여대입구(돈암),80500,36547,91054,33792,20251003
202509,우이신설선,4.19민주묘지,80485,43187,80624,38829,20251003
202509,우이신설선,가오리,74826,58882,72424,60479,20251003
202509,우이신설선,화계,61780,54124,55188,54097,20251003
202509,우이신설선,솔밭공원,48082,34289,43166,35201,20251003
202509,우이신설선,삼양,42100,33811,42430,37281,20251003
202509,우이신설선,삼양사거리,39868,41022,38290,40724,20251003
202509,우이신설선,신설동,40587,36542,39275,32531,20251003
202509,우이신설선,솔샘,133218,45616,121524,47083,20251003
202509,우이신설선,북한산보국문,149824,48560,137452,48250,20251003
202509,일산선,백석,217887,90509,225523,90271,20251003
202509,일산선,원흥,267504,73569,255184,71121,20251003
202509,일산선,지축,27,2,0,0,20251003
202509,일산선,삼송,477571,111569,456998,111483,20251003
202509,일산선,원당,258584,94054,246040,93876,20251003
202509,일산선,화정,384517,141111,395108,143825,20251003
202509,일산선,대곡,292041,30997,261416,28790,20251003
202509,일산선,마두,156279,77323,158361,79297,20251003
202509,일산선,정발산,167735,71465,174840,68510,20251003
202509,일산선,주엽,169389,102046,163945,103349,20251003
202509,일산선,대화,258440,94190,202701,87219,20251003
202509,장항선,온양온천,87404,57358,88823,58327,20251003
202509,장항선,신창(순천향대),74253,7378,71961,6810,20251003
202509,장항선,봉명,29571,12170,29926,11670,20251003
202509,장항선,쌍용(나사렛대),70302,18194,67917,17288,20251003
202509,장항선,아산,123715,16846,108171,15712,20251003
202509,장항선,탕정,56648,8604,49688,7916,20251003
202509,장항선,배방,31666,8097,31044,7894,20251003
202509,중앙선,도농,220239,72257,198923,69314,20251003
202509,중앙선,양정,9478,7158,7761,6410,20251003
202509,중앙선,덕소,115208,51812,112255,52203,20251003
202509,중앙선,도심,61075,23767,46002,21604,20251003
202509,중앙선,팔당,16448,9739,17165,9711,20251003
202509,중앙선,운길산,10576,11266,10095,11413,20251003
202509,중앙선,회기,735101,136070,700834,132692,20251003
202509,중앙선,중랑,115019,55333,106629,54635,20251003
202509,중앙선,상봉,129973,48379,129427,46229,20251003
202509,중앙선,망우,155952,81178,147782,81636,20251003
202509,중앙선,양원,72454,25586,70431,25642,20251003
202509,중앙선,구리,178120,57948,191669,59936,20251003
202509,중앙선,양수,32511,26016,32375,25865,20251003
202509,중앙선,신원,2271,4334,1902,4086,20251003
202509,중앙선,국수,11888,11733,11148,11791,20251003
202509,중앙선,아신,10049,8079,10338,8065,20251003
202509,중앙선,오빈,4275,4904,4350,4989,20251003
202509,중앙선,양평,63268,41187,64189,41975,20251003
202509,중앙선,원덕,4523,7705,4376,7487,20251003
202509,중앙선,용문,31016,40645,30446,40704,20251003
202509,중앙선,지평,745,1060,870,1196,20251003
202508,1호선,종로3가,443848,274833,399948,253456,20250903
202508,1호선,종각,946198,145676,935211,134793,20250903
202508,1호선,신설동,283585,119728,271630,115865,20250903
202508,1호선,제기동,212999,248917,203700,269069,20250903
202508,1호선,청량리(서울시립대입구),381037,294671,378595,298099,20250903
202508,1호선,동묘앞,148157,156097,151416,155724,20250903
202508,1호선,동대문,236536,120371,229898,119263,20250903
202508,1호선,서울역,1899217,253222,1800640,239017,20250903
202508,1호선,시청,634886,110105,640939,108118,20250903
202508,1호선,종로5가,453722,235602,442902,230202,20250903
202508,2호선,영등포구청,514782,106530,536646,105500,20250903
202508,2호선,용답,64667,18097,62694,18066,20250903
202508,2호선,시청,667250,62050,617525,55561,20250903
202508,2호선,을지로입구,1318193,104421,1351089,97154,20250903
202508,2호선,을지로3가,643030,73339,649342,72088,20250903
202508,2호선,을지로4가,339041,71355,328742,69771,20250903
202508,2호선,동대문역사문화공원(DDP),390107,59015,452817,65292,20250903
202508,2호선,신당,332874,91768,350883,94226,20250903
202508,2호선,상왕십리,334059,69078,327236,70282,20250903
202508,2호선,왕십리(성동구청),393090,52978,369126,49357,20250903
202508,2호선,한양대,214763,13829,226486,14618,20250903
202508,2호선,뚝섬,640083,63806,676542,64014,20250903
202508,2호선,성수,1381963,95114,1497450,95855,20250903
202508,2호선,건대입구,973890,92827,1023399,96268,20250903
202508,2호선,구의(광진구청),655276,115781,641902,116587,20250903
202508,2호선,강변(동서울터미널),710243,111286,661552,106590,20250903
202508,2호선,잠실나루,311886,87034,298756,86316,20250903
202508,2호선,잠실(송파구청),2128092,223138,2095016,214520,20250903
202508,2호선,잠실새내,567816,117052,567511,116421,20250903
202508,2호선,종합운동장,466703,52570,521034,55523,20250903
202508,2호선,삼성(무역센터),1424883,123437,1438575,114375,20250903
202508,2호선,선릉,1325735,246332,1153967,217412,20250903
202508,2호선,역삼,1206316,135344,1372655,138849,20250903
202508,2호선,강남,2194332,159984,2149827,138962,20250903
202508,2호선,교대(법원.검찰청),670153,142059,811053,165382,20250903
202508,2호선,서초,523109,86369,503396,86276,20250903
202508,2호선,방배,345735,72948,355200,71715,20250903
202508,2호선,사당,981319,205801,1105747,197288,20250903
202508,2호선,낙성대(강감찬),681970,113452,649992,115316,20250903
202508,2호선,서울대입구(관악구청),1135435,183845,1104395,173003,20250903
202508,2호선,봉천,548791,161968,504061,162005,20250903
202508,2호선,신림,1399249,204264,1362536,204463,20250903
202508,2호선,신대방,582424,132363,546744,132546,20250903
202508,2호선,구로디지털단지,1363930,216678,1352367,217302,20250903
202508,2호선,대림(구로구청),546632,136774,557763,142164,20250903
202508,2호선,신도림,1161745,234500,1121038,220643,20250903
202508,2호선,문래,550781,89556,574237,89658,20250903
202508,2호선,당산,448923,55783,510070,61045,20250903
202508,2호선,합정,886433,66755,978531,69244,20250903
202508,2호선,홍대입구,2147182,101055,2337000,98312,20250903
202508,2호선,신촌,940504,123170,956372,121306,20250903
202508,2호선,이대,383927,49799,415494,53005,20250903
202508,2호선,아현,235758,66134,217139,65167,20250903
202508,2호선,충정로(경기대입구),224941,46390,239565,46172,20250903
202508,2호선,신답,35757,9241,41302,9705,20250903
202508,2호선,신설동,77542,35654,73492,37795,20250903
202508,2호선,도림천,27886,9626,28722,10468,20250903
202508,2호선,양천구청,129447,53205,138251,53757,20250903
202508,2호선,신정네거리,206706,75251,211982,77182,20250903
202508,2호선,용두(동대문구청),48085,23617,47174,24328,20250903
202508,3호선,지축,172749,36421,175628,35696,20250903
202508,3호선,구파발,488156,143723,481208,140172,20250903
202508,3호선,연신내,777065,270493,734221,261509,20250903
202508,3호선,불광,322832,150654,339432,167246,20250903
202508,3호선,녹번,334291,79617,299063,78654,20250903
202508,3호선,홍제,358230,144062,333050,141296,20250903
202508,3호선,무악재,84206,32790,80296,35185,20250903
202508,3호선,독립문,167826,72735,171477,71917,20250903
202508,3호선,경복궁(정부서울청사),608978,82849,613225,78360,20250903
202508,3호선,안국,634989,99025,657911,104346,20250903
202508,3호선,종로3가,240821,66278,276918,75288,20250903
202508,3호선,을지로3가,301951,47489,297501,44559,20250903
202508,3호선,충무로,126,1,0,0,20250903
202508,3호선,동대입구,240442,35394,264227,37624,20250903
202508,3호선,약수,275633,80394,272492,75394,20250903
202508,3호선,금호,170950,53251,158978,52266,20250903
202508,3호선,옥수,192094,60701,199142,60971,20250903
202508,3호선,압구정,727636,129190,784654,127872,20250903
202508,3호선,신사,685670,64810,727535,62355,20250903
202508,3호선,잠원,144759,39673,141974,38335,20250903
202508,3호선,고속터미널,1325101,244366,1275918,229615,20250903
202508,3호선,교대(법원.검찰청),366815,83320,205988,49374,20250903
202508,3호선,남부터미널(예술의전당),734596,125190,740352,125789,20250903
202508,3호선,양재(서초구청),848351,144189,910439,146268,20250903
202508,3호선,매봉,265518,77945,258965,72658,20250903
202508,3호선,도곡,134319,28429,132664,25785,20250903
202508,3호선,대치,311014,69939,294322,67498,20250903
202508,3호선,학여울,63503,18489,65507,17995,20250903
202508,3호선,대청,236827,62726,219235,61250,20250903
202508,3호선,일원,231300,68732,224548,68497,20250903
202508,3호선,수서,410460,122096,410833,118948,20250903
202508,3호선,가락시장,170281,79217,166056,76309,20250903
202508,3호선,경찰병원,159700,46668,157773,48187,20250903
202508,3호선,오금,145090,33043,129100,30997,20250903
202508,4호선,불암산,193303,84393,161003,83092,20250903
202508,4호선,상계,409904,135340,378005,132898,20250903
202508,4호선,노원,478517,109742,546678,107579,20250903
202508,4호선,창동,531220,236030,561303,245594,20250903
202508,4호선,쌍문,633725,183071,578151,181261,20250903
202508,4호선,수유(강북구청),765324,196529,767229,198402,20250903
202508,4호선,미아(서울사이버대학),315986,123818,295568,126424,20250903
202508,4호선,미아사거리,545138,193066,532854,192107,20250903
202508,4호선,길음,456301,125256,440784,123840,20250903
202508,4호선,성신여대입구(돈암),519386,91824,506473,91731,20250903
202508,4호선,한성대입구(삼선교),307853,75274,293689,73636,20250903
202508,4호선,혜화,926196,128730,944315,126100,20250903
202508,4호선,동대문,376555,141197,395791,136568,20250903
202508,4호선,동대문역사문화공원(DDP),531255,66378,455341,59053,20250903
202508,4호선,충무로,724361,111188,755652,112883,20250903
202508,4호선,명동,1018519,82579,1090626,83593,20250903
202508,4호선,회현(남대문시장),570861,196826,597203,196398,20250903
202508,4호선,서울역,316680,42142,627431,61045,20250903
202508,4호선,숙대입구(갈월),361086,56157,357065,52343,20250903
202508,4호선,삼각지(전쟁기념관),176951,22460,216598,23860,20250903
202508,4호선,신용산,575205,57926,637085,58704,20250903
202508,4호선,이촌(국립중앙박물관),350048,56735,364790,58771,20250903
202508,4호선,동작(현충원),40765,13115,41047,12902,20250903
202508,4호선,총신대입구(이수),390127,161021,426661,169722,20250903
202508,4호선,사당,650047,96377,563176,99445,20250903
202508,4호선,남태령,32908,9024,26063,8087,20250903
202508,5호선,하남검단산,135155,57445,125941,56911,20250903
202508,5호선,방화,138996,60910,133325,60620,20250903
202508,5호선,개화산,124869,48156,119054,46476,20250903
202508,5호선,김포공항,330510,64572,192745,50630,20250903
202508,5호선,송정,129477,51003,121212,48936,20250903
202508,5호선,마곡,334925,63279,341688,61859,20250903
202508,5호선,발산,526669,117060,547355,113247,20250903
202508,5호선,우장산,314359,103277,308969,108090,20250903
202508,5호선,화곡,634517,156355,586510,149025,20250903
202508,5호선,까치산,611916,164432,580007,166278,20250903
202508,5호선,신정(은행정),302577,70436,245058,68585,20250903
202508,5호선,목동,374155,87693,406060,89273,20250903
202508,5호선,오목교(목동운동장앞),505442,93488,539244,93381,20250903
202508,5호선,양평,191906,32134,185872,31485,20250903
202508,5호선,영등포구청,114491,20941,112375,20270,20250903
202508,5호선,영등포시장,263056,78858,259278,80413,20250903
202508,5호선,신길,127910,12549,131957,12821,20250903
202508,5호선,여의도,717811,56440,771331,52870,20250903
202508,5호선,여의나루,354139,30964,401810,30414,20250903
202508,5호선,마포,333194,64546,341018,63583,20250903
202508,5호선,공덕,340612,49160,355914,46989,20250903
202508,5호선,애오개,139809,39677,135798,38062,20250903
202508,5호선,충정로(경기대입구),113955,16565,114461,16676,20250903
202508,5호선,서대문,441123,72687,447443,69377,20250903
202508,5호선,광화문(세종문화회관),815526,97353,870230,97743,20250903
202508,5호선,종로3가,349264,91630,353305,93331,20250903
202508,5호선,을지로4가,136762,40647,136006,40166,20250903
202508,5호선,동대문역사문화공원(DDP),79602,9006,90081,9630,20250903
202508,5호선,청구,74368,21473,74073,18292,20250903
202508,5호선,신금호,132764,40217,137998,45153,20250903
202508,5호선,행당,168996,53154,151133,47893,20250903
202508,5호선,왕십리(성동구청),103946,26722,124818,27057,20250903
202508,5호선,마장,118519,43531,108842,42025,20250903
202508,5호선,답십리,354198,86483,313288,82596,20250903
202508,5호선,장한평,441025,103449,429202,106354,20250903
202508,5호선,군자(능동),286520,44072,316252,47821,20250903
202508,5호선,아차산(어린이대공원후문),302147,107294,297160,105887,20250903
202508,5호선,광나루(장신대),246795,68636,232424,66252,20250903
202508,5호선,천호(풍납토성),425242,169768,407419,168573,20250903
202508,5호선,강동,407907,121600,394801,118481,20250903
202508,5호선,길동,169681,86802,172192,88654,20250903
202508,5호선,굽은다리(강동구민회관앞),199784,88956,191905,84264,20250903
202508,5호선,명일,160938,69845,158735,71338,20250903
202508,5호선,고덕,207196,80265,203095,78954,20250903
202508,5호선,상일동,306155,96002,287081,95521,20250903
202508,5호선,둔촌동,265044,96245,260247,96829,20250903
202508,5호선,올림픽공원(한국체대),119252,40403,111600,34936,20250903
202508,5호선,방이,159684,53397,163176,53328,20250903
202508,5호선,오금,77717,24362,79648,23903,20250903
202508,5호선,개롱,128442,55731,133149,58011,20250903
202508,5호선,거여,204881,70914,199950,68946,20250903
202508,5호선,마천,138684,57457,120436,58961,20250903
202508,5호선,강일,119559,46217,108646,44637,20250903
202508,5호선,미사,412721,90992,418852,91099,20250903
202508,5호선,하남풍산,91719,37522,90902,37371,20250903
202508,5호선,하남시청(덕풍?신장),159803,80105,146541,80484,20250903
202508,6호선,연신내,79,9,0,0,20250903
202508,6호선,구산,172749,60136,119893,64006,20250903
202508,6호선,새절(신사),253645,93061,231477,93359,20250903
202508,6호선,증산(명지대앞),190550,71046,185580,71275,20250903
202508,6호선,디지털미디어시티,335703,60063,361440,60559,20250903
202508,6호선,월드컵경기장(성산),122083,52317,139996,51282,20250903
202508,6호선,마포구청,328801,84798,294170,79364,20250903
202508,6호선,망원,388677,88570,418054,91529,20250903
202508,6호선,합정,363586,42941,359584,38953,20250903
202508,6호선,상수,278946,22436,315681,22561,20250903
202508,6호선,광흥창(서강),214804,59201,202551,58123,20250903
202508,6호선,대흥(서강대앞),206826,48254,217395,48513,20250903
202508,6호선,공덕,440970,82794,429015,77757,20250903
202508,6호선,효창공원앞,165949,38848,145856,35493,20250903
202508,6호선,삼각지(전쟁기념관),216284,21466,189719,17200,20250903
202508,6호선,응암,363388,131912,359959,131855,20250903
202508,6호선,녹사평(용산구청),136067,17342,141090,16691,20250903
202508,6호선,이태원,335845,29683,389950,29759,20250903
202508,6호선,한강진,272890,16514,325994,16376,20250903
202508,6호선,버티고개,48594,13975,46556,16352,20250903
202508,6호선,약수,84331,22319,81981,21453,20250903
202508,6호선,청구,85753,19526,80611,21032,20250903
202508,6호선,신당,199215,38729,204339,37684,20250903
202508,6호선,동묘앞,186816,70837,189691,66866,20250903
202508,6호선,창신,76344,20277,58329,18870,20250903
202508,6호선,보문,192881,32961,177973,31020,20250903
202508,6호선,안암(고대병원앞),267561,36808,263255,36138,20250903
202508,6호선,고려대(종암),194575,36132,183122,35089,20250903
202508,6호선,월곡(동덕여대),243373,70313,237149,70299,20250903
202508,6호선,상월곡(한국과학기술연구원),134581,43300,116982,41912,20250903
202508,6호선,돌곶이,255950,73895,232367,73181,20250903
202508,6호선,석계,260885,85202,263640,83980,20250903
202508,6호선,태릉입구,130299,36132,140160,36561,20250903
202508,6호선,화랑대(서울여대입구),249134,51376,205223,46817,20250903
202508,6호선,봉화산(서울의료원),181677,54883,169219,53954,20250903
202508,6호선,신내,16,0,0,0,20250903
202508,6호선,역촌,75230,40055,93042,38718,20250903
202508,6호선,불광,95250,52568,91910,41715,20250903
202508,6호선,독바위,55918,22827,54765,28115,20250903
202508,7호선,광명사거리,429244,172113,420286,179115,20250903
202508,7호선,천왕,254127,65852,242616,66374,20250903
202508,7호선,온수(성공회대입구),218455,45777,197799,42850,20250903
202508,7호선,건대입구,324133,70452,338989,65419,20250903
202508,7호선,장암,62217,17300,24897,13870,20250903
202508,7호선,도봉산,189316,52200,214835,75908,20250903
202508,7호선,수락산,250695,114311,249763,115324,20250903
202508,7호선,마들,273890,101215,254162,99881,20250903
202508,7호선,노원,438373,143326,467506,143805,20250903
202508,7호선,중계,300939,99168,272832,97129,20250903
202508,7호선,하계,375415,118585,347541,114068,20250903
202508,7호선,공릉(서울과학기술대),256178,80135,251863,80495,20250903
202508,7호선,태릉입구,185842,50612,174391,47716,20250903
202508,7호선,먹골,216540,73147,213825,74361,20250903
202508,7호선,중화,231080,70321,225484,70405,20250903
202508,7호선,상봉,415156,80808,402261,77213,20250903
202508,7호선,면목,300618,105925,284809,109543,20250903
202508,7호선,사가정,339035,108113,339379,108882,20250903
202508,7호선,용마산(용마폭포공원),123002,37004,117996,40386,20250903
202508,7호선,중곡,232780,70957,216541,71510,20250903
202508,7호선,군자(능동),341366,90562,266006,78298,20250903
202508,7호선,어린이대공원(세종대),342539,45309,335153,44326,20250903
202508,7호선,자양(뚝섬한강공원),243173,52618,235083,52399,20250903
202508,7호선,청담,415423,78764,453047,75928,20250903
202508,7호선,강남구청,385902,52779,434168,53889,20250903
202508,7호선,학동,535448,65150,555054,61808,20250903
202508,7호선,논현,471323,45322,490276,44206,20250903
202508,7호선,반포,147575,45268,142192,42524,20250903
202508,7호선,고속터미널,461604,84243,357707,75729,20250903
202508,7호선,내방,317777,77254,321657,74193,20250903
202508,7호선,이수,394112,89836,384692,85987,20250903
202508,7호선,남성,233816,82160,219308,82936,20250903
202508,7호선,숭실대입구(살피재),272108,65600,270486,68201,20250903
202508,7호선,상도,257696,68800,248520,64775,20250903
202508,7호선,장승배기,196446,74577,189375,75632,20250903
202508,7호선,신대방삼거리,322694,101697,303540,103866,20250903
202508,7호선,보라매,152521,32371,158467,33056,20250903
202508,7호선,신풍,249852,79518,232822,78098,20250903
202508,7호선,대림(구로구청),219449,51767,221371,50530,20250903
202508,7호선,남구로,339177,70819,355272,72900,20250903
202508,7호선,가산디지털단지,1005448,101852,1003957,95050,20250903
202508,7호선,철산,489537,121031,502919,119637,20250903
202508,7호선,까치울,0,1,0,0,20250903
202508,8호선,남위례,164501,35911,165328,34436,20250903
202508,8호선,암사역사공원,148540,36177,126343,34535,20250903
202508,8호선,암사,339990,116195,310446,114716,20250903
202508,8호선,천호(풍납토성),389090,114761,451287,115596,20250903
202508,8호선,강동구청,216874,71959,222963,72846,20250903
202508,8호선,몽촌토성(평화의문),172329,32722,177102,32466,20250903
202508,8호선,잠실(송파구청),472424,95622,552635,94315,20250903
202508,8호선,석촌,190259,57933,226869,59521,20250903
202508,8호선,송파,202342,73446,198942,71751,20250903
202508,8호선,가락시장,162821,68283,183778,69832,20250903
202508,8호선,문정,525283,69606,547567,69369,20250903
202508,8호선,장지,387853,93573,357644,89100,20250903
202508,8호선,복정,219672,43952,186156,40176,20250903
202508,8호선,산성,134993,36663,136650,39718,20250903
202508,8호선,남한산성입구(성남법원.검찰청),266103,78469,233742,73766,20250903
202508,8호선,단대오거리,247111,79256,238524,77850,20250903
202508,8호선,신흥,107126,47732,109208,48285,20250903
202508,8호선,수진,111120,51115,98688,49278,20250903
202508,8호선,모란,87321,61672,71055,49408,20250903
202508,9호선,가양,475560,147734,463877,145216,20250903
202508,9호선,개화,58385,13408,39233,10847,20250903
202508,9호선,김포공항,173736,22013,306116,33031,20250903
202508,9호선,공항시장,59323,24232,63607,26075,20250903
202508,9호선,신방화,146179,50430,142881,50094,20250903
202508,9호선,마곡나루(서울식물원),375913,40788,366877,40131,20250903
202508,9호선,양천향교,247088,50286,254021,50194,20250903
202508,9호선,동작(현충원),40745,11838,34873,10104,20250903
202508,9호선,증미,179456,40660,172267,40580,20250903
202508,9호선,등촌,262286,98802,250009,101148,20250903
202508,9호선,염창,419648,83279,397560,79941,20250903
202508,9호선,신목동,99346,26822,87065,25522,20250903
202508,9호선,선유도,211667,34938,195194,33723,20250903
202508,9호선,당산,469138,75288,455475,69788,20250903
202508,9호선,국회의사당,404569,63863,421533,57493,20250903
202508,9호선,여의도,802492,58703,764172,54020,20250903
202508,9호선,샛강,146388,30538,146056,30405,20250903
202508,9호선,노량진,662326,87590,654138,87778,20250903
202508,9호선,노들,114101,36320,93259,33536,20250903
202508,9호선,신논현,866060,57480,881553,55538,20250903
202508,9호선,사평,92886,26422,89155,26507,20250903
202508,9호선,고속터미널,405628,79956,572162,94704,20250903
202508,9호선,신반포,101138,31231,98066,31343,20250903
202508,9호선,구반포,39920,9867,35305,9636,20250903
202508,9호선,흑석(중앙대입구),176301,60380,185738,60984,20250903
202508,9호선2~3단계,삼전,191501,49651,179436,48889,20250903
202508,9호선2~3단계,종합운동장,131198,26114,136094,24029,20250903
202508,9호선2~3단계,봉은사,600360,66076,628740,62009,20250903
202508,9호선2~3단계,삼성중앙,189495,30451,197729,29759,20250903
202508,9호선2~3단계,선정릉,245202,30527,263386,31174,20250903
202508,9호선2~3단계,언주,290894,32718,291401,32322,20250903
202508,9호선2~3단계,중앙보훈병원,271058,91189,227474,88617,20250903
202508,9호선2~3단계,둔촌오륜,103643,24858,100550,25679,20250903
202508,9호선2~3단계,올림픽공원(한국체대),252469,27486,253686,27459,20250903
202508,9호선2~3단계,한성백제,76364,19813,68463,18032,20250903
202508,9호선2~3단계,송파나루,143414,33959,156340,35936,20250903
202508,9호선2~3단계,석촌,236752,44139,211780,39142,20250903
202508,9호선2~3단계,석촌고분,165385,45684,160378,46004,20250903
202508,경강선,신둔도예촌,34917,8968,32289,8654,20250903
202508,경강선,초월,84845,17652,78359,17283,20250903
202508,경강선,경기광주,188913,35394,176299,35326,20250903
202508,경강선,삼동,50814,14045,46448,14118,20250903
202508,경강선,이매,23310,6387,20204,6269,20250903
202508,경강선,판교,147979,21919,145768,18719,20250903
202508,경강선,성남,30064,7662,24521,7890,20250903
202508,경강선,여주,67335,23848,66721,24135,20250903
202508,경강선,세종대왕릉,6452,4184,6217,4207,20250903
202508,경강선,부발,60658,11809,59585,11773,20250903
202508,경강선,이천,73939,15466,78306,16366,20250903
202508,경강선,곤지암,49092,15166,47880,15635,20250903
202508,경부선,세류,80965,17309,74383,16936,20250903
202508,경부선,광명,99197,12207,81381,11375,20250903
202508,경부선,서동탄,32923,7660,27467,6916,20250903
202508,경부선,당정,124581,34442,118194,32895,20250903
202508,경부선,천안,133979,61297,137596,60854,20250903
202508,경부선,두정,166726,31331,169126,32053,20250903
202508,경부선,직산,23709,5884,23340,5606,20250903
202508,경부선,성환,86886,22103,85318,21709,20250903
202508,경부선,평택,311957,75095,305770,73860,20250903
202508,경부선,평택지제,106204,14522,100806,14272,20250903
202508,경부선,서정리,195107,39504,186642,38639,20250903
202508,경부선,송탄,108809,21752,104506,21359,20250903
202508,경부선,진위,35759,9784,32697,9511,20250903
202508,경부선,오산,250976,54193,249132,54796,20250903
202508,경부선,오산대,84849,18161,77579,17334,20250903
202508,경부선,세마,74863,17004,70733,16249,20250903
202508,경부선,병점,343120,74561,342498,75032,20250903
202508,경부선,독산,372234,69120,373421,70449,20250903
202508,경부선,수원,1001898,175964,1047575,178005,20250903
202508,경부선,화서,275975,51498,271482,50117,20250903
202508,경부선,성균관대,347951,62637,338345,62628,20250903
202508,경부선,의왕,190679,44372,188652,43863,20250903
202508,경부선,군포,141445,37837,137580,36482,20250903
202508,경부선,금정,624082,136831,635674,139283,20250903
202508,경부선,명학,167907,43295,164174,41576,20250903
202508,경부선,안양,487281,135750,471748,141042,20250903
202508,경부선,관악,139232,57364,136265,55670,20250903
202508,경부선,석수,172285,49422,156586,46701,20250903
202508,경부선,금천구청,205619,78413,209209,80474,20250903
202508,경부선,가산디지털단지,412800,38298,483079,43577,20250903
202508,경부선,구로,373158,105219,384757,102617,20250903
202508,경부선,신길,192138,45597,168731,42945,20250903
202508,경부선,신도림,77122,24371,84805,29409,20250903
202508,경부선,영등포,953119,315076,963408,315087,20250903
202508,경부선,대방,216797,57664,245191,59679,20250903
202508,경부선,노량진,200677,40848,196654,38296,20250903
202508,경부선,용산,1323418,142603,1338996,141483,20250903
202508,경부선,남영,222425,36883,234593,37910,20250903
202508,경부선,서울역,328174,17585,121206,4989,20250903
202508,경원선,이촌(국립중앙박물관),84849,31958,65994,26893,20250903
202508,경원선,서빙고,47141,19080,43639,18306,20250903
202508,경원선,한남,71861,25535,72760,23907,20250903
202508,경원선,옥수,1419,141,974,99,20250903
202508,경원선,응봉,34194,16976,29560,15209,20250903
202508,경원선,왕십리(성동구청),404086,83203,411557,84160,20250903
202508,경원선,청량리(서울시립대입구),381658,154899,380331,164579,20250903
202508,경원선,외대앞,215342,50309,208374,49854,20250903
202508,경원선,신이문,161896,68447,148769,67452,20250903
202508,경원선,석계,142889,59518,165197,64296,20250903
202508,경원선,광운대,160821,58758,151707,56830,20250903
202508,경원선,월계,113298,60841,102706,59246,20250903
202508,경원선,녹천,83736,38126,67732,34366,20250903
202508,경원선,창동,86,7,0,0,20250903
202508,경원선,방학,165173,112777,159864,109852,20250903
202508,경원선,도봉,93118,74651,86478,73121,20250903
202508,경원선,도봉산,120741,112035,63118,86301,20250903
202508,경원선,망월사,135485,74349,135750,75306,20250903
202508,경원선,회룡,208566,160262,201475,158519,20250903
202508,경원선,의정부,429658,132761,437615,133338,20250903
202508,경원선,가능,119755,60673,114250,60388,20250903
202508,경원선,녹양,79962,40353,76761,38150,20250903
202508,경원선,양주,142940,61138,137326,59277,20250903
202508,경원선,덕계,133102,36891,121853,36006,20250903
202508,경원선,덕정,127548,39430,118175,39923,20250903
202508,경원선,지행,136134,49020,136629,48691,20250903
202508,경원선,동두천중앙,50827,36398,48412,36179,20250903
202508,경원선,보산,32192,14402,29400,13822,20250903
202508,경원선,동두천,29606,21416,28675,21791,20250903
202508,경원선,소요산,12633,58997,13326,58605,20250903
202508,경원선,청산,2735,2272,2171,2017,20250903
202508,경원선,전곡,24749,14094,22517,12875,20250903
202508,경원선,연천,14362,27369,13418,27609,20250903
202508,경의선,신촌,20818,3633,25951,4354,20250903
202508,경의선,효창공원앞,69966,17927,80199,19881,20250903
202508,경의선,서강대,49428,11991,48452,11151,20250903
202508,경의선,가좌,118600,44806,113149,44363,20250903
202508,경의선,수색,66712,18076,68008,18608,20250903
202508,경의선,한국항공대,37338,9576,34849,9365,20250903
202508,경의선,강매,66254,18580,54204,17766,20250903
202508,경의선,행신,170527,37527,171033,38089,20250903
202508,경의선,능곡,90482,36307,83865,35798,20250903
202508,경의선,곡산,10865,5945,11615,6147,20250903
202508,경의선,백마,157861,38543,152298,38376,20250903
202508,경의선,풍산,131628,43256,124057,42536,20250903
202508,경의선,일산,218204,75532,210620,75976,20250903
202508,경의선,탄현,163923,43238,154420,43045,20250903
202508,경의선,야당,178613,40623,183095,39990,20250903
202508,경의선,운정,142794,40505,129317,39049,20250903
202508,경의선,금릉,105423,29675,101587,29191,20250903
202508,경의선,금촌,136053,49855,130979,50370,20250903
202508,경의선,월롱,42208,9070,37321,9331,20250903
202508,경의선,파주,24529,7355,18625,6668,20250903
202508,경의선,문산,116951,50361,113025,49920,20250903
202508,경의선,임진강,604,509,470,409,20250903
202508,경의선,운천,42,127,31,86,20250903
202508,경의선,서울역,67783,16904,90059,19386,20250903
202508,경의선,공덕,106217,16364,80842,15267,20250903
202508,경의선,홍대입구,66087,5728,78277,6414,20250903
202508,경의선,디지털미디어시티,61989,12489,57727,13261,20250903
202508,경의선,김포공항,1,0,0,0,20250903
202508,경의선,계양,3,0,0,0,20250903
202508,경의선,검암,2,2,0,0,20250903
202508,경인선,개봉,446607,173815,433514,179971,20250903
202508,경인선,오류동,225561,96036,205730,93081,20250903
202508,경인선,역곡,522678,161953,519642,168319,20250903
202508,경인선,부천,647936,253916,647198,258485,20250903
202508,경인선,송내,562934,141474,554135,139617,20250903
202508,경인선,부평,703376,168791,741727,173360,20250903
202508,경인선,백운,135273,61781,127450,60799,20250903
202508,경인선,동암,314933,112376,315722,114573,20250903
202508,경인선,주안,412475,101122,366668,89077,20250903
202508,경인선,제물포,214989,69879,204643,69491,20250903
202508,경인선,동인천,261044,125282,244080,123644,20250903
202508,경인선,인천,80881,49107,64317,45322,20250903
202508,경인선,구일,212551,47984,229050,47041,20250903
202508,경인선,소사,147428,60935,138915,59234,20250903
202508,경인선,부개,162530,74453,147981,72904,20250903
202508,경인선,간석,113640,48500,106240,46937,20250903
202508,경인선,도원,58390,29824,58059,31584,20250903
202508,경인선,온수(성공회대입구),121125,52876,111762,50906,20250903
202508,경인선,중동,170828,80652,154738,79323,20250903
202508,경인선,도화,71872,42114,64535,40723,20250903
202508,경춘선,신내,56946,22044,52620,21382,20250903
202508,경춘선,갈매,53013,20294,46158,19118,20250903
202508,경춘선,별내,49214,22265,43892,19691,20250903
202508,경춘선,퇴계원,61821,33051,55334,31788,20250903
202508,경춘선,사릉,38868,18351,37231,18401,20250903
202508,경춘선,금곡,27699,18933,26363,18143,20250903
202508,경춘선,평내호평,125486,49742,122394,48290,20250903
202508,경춘선,천마산,25498,19037,22723,18849,20250903
202508,경춘선,마석,75710,39214,73296,39387,20250903
202508,경춘선,대성리,21352,7747,21534,7633,20250903
202508,경춘선,청평,40956,22097,39557,21786,20250903
202508,경춘선,상천,3924,4946,3425,4801,20250903
202508,경춘선,가평,62401,18554,61645,18373,20250903
202508,경춘선,굴봉산,2816,2596,2567,2599,20250903
202508,경춘선,백양리,1833,2872,1567,2745,20250903
202508,경춘선,강촌,11172,5498,9163,5654,20250903
202508,경춘선,김유정,8949,4932,8781,5130,20250903
202508,경춘선,남춘천,61595,30750,64067,32014,20250903
202508,경춘선,춘천,29832,20794,26073,17726,20250903
202508,공항철도 1호선,서울역,404848,37684,356057,34164,20250903
202508,공항철도 1호선,공덕,80724,9742,108113,11355,20250903
202508,공항철도 1호선,홍대입구,478695,21443,455133,19781,20250903
202508,공항철도 1호선,디지털미디어시티,341823,30810,319594,29321,20250903
202508,공항철도 1호선,마곡나루(서울식물원),322909,20062,307614,19921,20250903
202508,공항철도 1호선,김포공항,264791,26410,148745,16259,20250903
202508,공항철도 1호선,계양,234857,32132,228842,31861,20250903
202508,공항철도 1호선,검암,157939,17069,159606,17053,20250903
202508,공항철도 1호선,청라국제도시,190189,15484,179346,15278,20250903
202508,공항철도 1호선,운서,262889,33155,281232,33117,20250903
202508,공항철도 1호선,공항화물청사,44963,9817,48591,9723,20250903
202508,공항철도 1호선,인천공항1터미널,464235,43467,434539,40291,20250903
202508,공항철도 1호선,인천공항2터미널,239548,35401,198362,31826,20250903
202508,공항철도 1호선,영종,108376,24570,110687,24669,20250903
202508,과천선,선바위,176869,33900,152304,32587,20250903
202508,과천선,경마공원,91336,94240,91801,94703,20250903
202508,과천선,대공원,89620,27713,94110,28816,20250903
202508,과천선,과천,114820,43123,103507,40522,20250903
202508,과천선,정부과천청사,293924,61694,312500,61672,20250903
202508,과천선,인덕원,564012,135894,570347,139486,20250903
202508,과천선,평촌,399180,71807,385755,71150,20250903
202508,과천선,범계,664891,133815,660591,130805,20250903
202508,분당선,선릉,294654,49675,448835,66694,20250903
202508,분당선,한티,399887,71852,411945,74268,20250903
202508,분당선,도곡,150608,53627,155033,52449,20250903
202508,분당선,구룡,65783,26075,64078,25910,20250903
202508,분당선,개포동,89937,35381,90509,36085,20250903
202508,분당선,대모산입구,120119,40255,112428,39384,20250903
202508,분당선,수서,416968,77139,437663,82154,20250903
202508,분당선,복정,60,2,0,0,20250903
202508,분당선,수원,197186,36615,190409,35273,20250903
202508,분당선,서울숲,316136,31817,326198,31167,20250903
202508,분당선,압구정로데오,500323,47345,556552,45589,20250903
202508,분당선,강남구청,215379,39020,252679,42904,20250903
202508,분당선,선정릉,162465,34385,168614,33093,20250903
202508,분당선,가천대,178264,29449,182609,29733,20250903
202508,분당선,태평,275127,100211,254991,104494,20250903
202508,분당선,모란,392406,182341,391840,200990,20250903
202508,분당선,야탑,527440,174032,564741,175809,20250903
202508,분당선,서현,539040,134745,556471,131348,20250903
202508,분당선,수내,285187,81144,285635,79989,20250903
202508,분당선,정자,432864,70320,455420,69982,20250903
202508,분당선,미금,309035,116220,318972,121050,20250903
202508,분당선,오리,229634,74363,197282,65546,20250903
202508,분당선,이매,112871,40233,107054,38784,20250903
202508,분당선,보정,47367,20162,42003,19055,20250903
202508,분당선,죽전,275410,77278,314476,83370,20250903
202508,분당선,구성,153841,42148,155586,42316,20250903
202508,분당선,신갈,95021,33261,93122,32988,20250903
202508,분당선,기흥,233816,51932,210830,50747,20250903
202508,분당선,상갈,108402,32672,103927,32025,20250903
202508,분당선,청명,102708,24350,98190,24571,20250903
202508,분당선,영통,213309,37161,214991,37303,20250903
202508,분당선,망포,359587,47009,345982,44875,20250903
202508,분당선,매탄권선,122543,26558,118585,26017,20250903
202508,분당선,수원시청,341854,54311,371246,55200,20250903
202508,분당선,매교,115964,28295,114446,28548,20250903
202508,서해선,김포공항,87013,14632,118870,25145,20250903
202508,서해선,원종,98120,45537,96062,46854,20250903
202508,서해선,부천종합운동장,70154,9471,59781,7673,20250903
202508,수인선,고색,124117,24545,119660,23333,20250903
202508,수인선,오목천,94915,19565,81174,18979,20250903
202508,수인선,어천,35421,8621,32986,9446,20250903
202508,수인선,야목,14957,3472,12499,2950,20250903
202508,수인선,사리,116807,22286,98703,20155,20250903
202508,수인선,달월,1378,1035,1243,591,20250903
202508,수인선,월곶,62676,22317,56707,21962,20250903
202508,수인선,소래포구,93522,51832,87560,50739,20250903
202508,수인선,인천논현,110236,40746,117437,41394,20250903
202508,수인선,호구포,80680,23712,85009,23651,20250903
202508,수인선,남동인더스파크,50659,6960,56370,7158,20250903
202508,수인선,원인재,86917,37331,90047,37188,20250903
202508,수인선,연수,96333,35677,94371,35866,20250903
202508,수인선,송도,44778,23626,39565,22793,20250903
202508,수인선,인하대,147388,33012,136012,31745,20250903
202508,수인선,숭의,86179,34313,77749,32069,20250903
202508,수인선,신포,33984,15504,34009,15578,20250903
202508,수인선,인천,18457,16692,30882,20582,20250903
202508,신림선,샛강,62989,16779,75898,15568,20250903
202508,신림선,대방,68892,20354,54329,17607,20250903
202508,신림선,서울지방병무청,64703,29490,71114,32166,20250903
202508,신림선,보라매,97193,29394,87660,26665,20250903
202508,신림선,보라매공원,50585,21147,55152,22291,20250903
202508,신림선,보라매병원,164205,64480,173734,64124,20250903
202508,신림선,당곡,103400,44094,97999,42997,20250903
202508,신림선,신림,48278,22225,58789,25297,20250903
202508,신림선,서원,79486,29389,67015,28358,20250903
202508,신림선,서울대벤처타운,215314,71428,191228,71939,20250903
202508,신림선,관악산(서울대),60985,44164,56479,43456,20250903
202508,안산선,산본,342047,116895,367228,119983,20250903
202508,안산선,대야미,105410,35431,91853,33293,20250903
202508,안산선,반월,89408,35136,86025,35175,20250903
202508,안산선,상록수,335631,76272,337721,77608,20250903
202508,안산선,한대앞,202609,46761,202114,47440,20250903
202508,안산선,중앙,453652,74431,475206,73832,20250903
202508,안산선,고잔,201815,38023,193478,36483,20250903
202508,안산선,초지,114724,19323,114018,19333,20250903
202508,안산선,안산,311584,41180,295134,39495,20250903
202508,안산선,신길온천,49633,11182,43734,10756,20250903
202508,안산선,정왕,220158,33306,222294,34279,20250903
202508,안산선,오이도,188262,41200,184542,40945,20250903
202508,안산선,수리산,79277,33989,63282,30690,20250903
202508,우이신설선,북한산우이,56840,43185,52977,44774,20250903
202508,우이신설선,솔밭공원,44116,32613,39755,34031,20250903
202508,우이신설선,4.19민주묘지,50018,41597,47506,37065,20250903
202508,우이신설선,가오리,69270,55730,66605,57605,20250903
202508,우이신설선,화계,56451,50830,50590,50487,20250903
202508,우이신설선,삼양,39009,32012,39421,35093,20250903
202508,우이신설선,삼양사거리,37313,39346,35927,38962,20250903
202508,우이신설선,솔샘,120030,43552,108914,44863,20250903
202508,우이신설선,북한산보국문,122570,45201,113084,44925,20250903
202508,우이신설선,정릉,85092,49524,73231,46040,20250903
202508,우이신설선,성신여대입구(돈암),72918,34499,83115,32383,20250903
202508,우이신설선,보문,33478,18340,32604,18198,20250903
202508,우이신설선,신설동,35677,33787,34532,29973,20250903
202508,일산선,원흥,238317,66561,227061,64126,20250903
202508,일산선,지축,33,1,0,0,20250903
202508,일산선,삼송,436018,100457,417022,100523,20250903
202508,일산선,원당,232866,84992,221201,84407,20250903
202508,일산선,화정,356266,129434,366975,132381,20250903
202508,일산선,대곡,253830,29262,231837,27863,20250903
202508,일산선,백석,206217,83022,211456,83139,20250903
202508,일산선,마두,143836,70964,145241,73131,20250903
202508,일산선,정발산,154021,61968,159750,58799,20250903
202508,일산선,주엽,158360,93383,152479,94752,20250903
202508,일산선,대화,237265,91405,195659,85282,20250903
202508,장항선,봉명,25886,11031,25852,10579,20250903
202508,장항선,쌍용(나사렛대),47527,15486,45012,14549,20250903
202508,장항선,아산,97701,15247,84933,14442,20250903
202508,장항선,탕정,46077,7669,42982,7201,20250903
202508,장항선,배방,28909,7231,28208,6929,20250903
202508,장항선,온양온천,82578,55403,83755,56688,20250903
202508,장항선,신창(순천향대),28490,7751,29189,7266,20250903
202508,중앙선,회기,586395,124709,552724,121630,20250903
202508,중앙선,중랑,108294,52269,100453,52513,20250903
202508,중앙선,상봉,125248,45741,123613,43694,20250903
202508,중앙선,망우,144058,75599,136986,76059,20250903
202508,중앙선,양원,63603,23274,61533,23576,20250903
202508,중앙선,구리,167370,54380,179713,56789,20250903
202508,중앙선,도농,194116,65690,177974,63317,20250903
202508,중앙선,양정,8547,6603,7008,5773,20250903
202508,중앙선,덕소,103590,48141,102621,48437,20250903
202508,중앙선,도심,51541,21562,39371,19770,20250903
202508,중앙선,팔당,17382,8774,17975,8680,20250903
202508,중앙선,운길산,9872,9931,9211,10158,20250903
202508,중앙선,양수,32723,25453,32233,25274,20250903
202508,중앙선,신원,2379,3003,1930,2841,20250903
202508,중앙선,국수,10875,11046,10443,11073,20250903
202508,중앙선,아신,9881,6946,10014,6783,20250903
202508,중앙선,오빈,4488,4633,4523,4742,20250903
202508,중앙선,양평,63063,39730,64561,40151,20250903
202508,중앙선,원덕,4487,6986,4385,6769,20250903
202508,중앙선,용문,33548,46073,33178,46290,20250903
202508,중앙선,지평,655,1093,785,1214,20250903
202507,1호선,서울역,1960042,252160,1835543,235263,20250803
202507,1호선,시청,660406,91777,671083,89115,20250803
202507,1호선,종각,1004629,147507,994784,137163,20250803
202507,1호선,종로3가,463925,275115,417480,254958,20250803
202507,1호선,종로5가,457367,242056,445970,235856,20250803
202507,1호선,동대문,239667,124258,229207,123043,20250803
202507,1호선,신설동,305916,120973,293305,116986,20250803
202507,1호선,제기동,224323,250875,214147,269211,20250803
202507,1호선,청량리(서울시립대입구),391944,277541,389254,278852,20250803
202507,1호선,동묘앞,149153,145185,150074,145585,20250803
202507,2호선,동대문역사문화공원(DDP),409579,63673,474005,70051,20250803
202507,2호선,신당,358196,94149,376678,95856,20250803
202507,2호선,상왕십리,362117,71259,357355,72809,20250803
202507,2호선,왕십리(성동구청),418320,56297,386840,52654,20250803
202507,2호선,한양대,249350,14828,263715,15549,20250803
202507,2호선,뚝섬,680557,67770,722956,67669,20250803
202507,2호선,성수,1434804,102474,1545891,103082,20250803
202507,2호선,신답,38108,9768,44700,10247,20250803
202507,2호선,건대입구,993160,94420,1045102,98010,20250803
202507,2호선,구의(광진구청),701830,119282,688634,120464,20250803
202507,2호선,아현,255063,68965,236937,68114,20250803
202507,2호선,강변(동서울터미널),722264,113609,664683,108954,20250803
202507,2호선,잠실나루,342019,92559,326811,91755,20250803
202507,2호선,잠실(송파구청),2243122,231831,2219478,224874,20250803
202507,2호선,잠실새내,610764,121690,603306,120396,20250803
202507,2호선,종합운동장,457083,56782,512511,59828,20250803
202507,2호선,삼성(무역센터),1599811,132080,1612660,122049,20250803
202507,2호선,선릉,1475322,261133,1288689,230132,20250803
202507,2호선,역삼,1356362,146340,1534296,149674,20250803
202507,2호선,강남,2363991,171839,2325856,150187,20250803
202507,2호선,교대(법원.검찰청),749871,154195,905547,180688,20250803
202507,2호선,서초,564664,90599,545171,90950,20250803
202507,2호선,방배,379041,77085,390069,75883,20250803
202507,2호선,사당,1046666,217366,1170040,207686,20250803
202507,2호선,낙성대(강감찬),731777,116240,699558,118190,20250803
202507,2호선,서울대입구(관악구청),1216674,189305,1184555,178190,20250803
202507,2호선,봉천,588807,169516,544838,170046,20250803
202507,2호선,신림,1475457,209447,1439391,210312,20250803
202507,2호선,신대방,621224,134859,588167,135337,20250803
202507,2호선,구로디지털단지,1487165,220969,1470484,221574,20250803
202507,2호선,대림(구로구청),582288,140822,591901,145825,20250803
202507,2호선,신도림,1247200,244261,1201130,228863,20250803
202507,2호선,문래,603696,96098,628096,95920,20250803
202507,2호선,영등포구청,564566,109903,588115,108697,20250803
202507,2호선,이대,410712,51772,444107,55219,20250803
202507,2호선,신촌,996964,127328,1012768,125393,20250803
202507,2호선,홍대입구,2197641,104637,2377955,102270,20250803
202507,2호선,합정,927353,69935,1024048,71213,20250803
202507,2호선,당산,483129,58259,553311,64538,20250803
202507,2호선,용두(동대문구청),51398,24518,51078,25564,20250803
202507,2호선,신정네거리,227866,77546,234145,79652,20250803
202507,2호선,양천구청,142714,55792,152113,56581,20250803
202507,2호선,도림천,30309,9687,31187,10396,20250803
202507,2호선,신설동,81954,34418,78198,36243,20250803
202507,2호선,충정로(경기대입구),247805,48985,266039,48769,20250803
202507,2호선,용답,68720,18477,66241,18555,20250803
202507,2호선,시청,725074,60742,677150,54454,20250803
202507,2호선,을지로입구,1404918,107699,1457391,101241,20250803
202507,2호선,을지로3가,697196,74667,700393,73714,20250803
202507,2호선,을지로4가,369082,75552,362430,74033,20250803
202507,3호선,충무로,137,1,0,0,20250803
202507,3호선,오금,160449,34865,140171,32629,20250803
202507,3호선,경찰병원,174732,49609,173319,50627,20250803
202507,3호선,가락시장,185673,81536,181448,78475,20250803
202507,3호선,수서,436507,128270,433852,124771,20250803
202507,3호선,일원,254586,71661,247646,71395,20250803
202507,3호선,대청,257693,65757,240464,64353,20250803
202507,3호선,학여울,53089,16823,54833,16611,20250803
202507,3호선,대치,319443,73753,306581,71594,20250803
202507,3호선,도곡,149743,30629,148803,28332,20250803
202507,3호선,매봉,297506,82196,290608,76173,20250803
202507,3호선,양재(서초구청),944277,151168,1009507,152616,20250803
202507,3호선,남부터미널(예술의전당),781611,131771,787336,132707,20250803
202507,3호선,교대(법원.검찰청),405291,88477,230382,50798,20250803
202507,3호선,고속터미널,1310195,252210,1257096,234206,20250803
202507,3호선,신사,744292,69835,786485,66882,20250803
202507,3호선,압구정,809142,136921,869173,135540,20250803
202507,3호선,옥수,203119,62799,211355,63126,20250803
202507,3호선,금호,184056,54522,171840,53791,20250803
202507,3호선,약수,293776,82961,290658,77373,20250803
202507,3호선,동대입구,245214,36125,263988,38210,20250803
202507,3호선,을지로3가,325086,50659,318939,47386,20250803
202507,3호선,종로3가,265828,73689,300448,82486,20250803
202507,3호선,안국,689698,108514,702891,112216,20250803
202507,3호선,경복궁(정부서울청사),647052,93397,661188,90565,20250803
202507,3호선,독립문,155562,72628,158561,72012,20250803
202507,3호선,무악재,90696,33666,87294,36222,20250803
202507,3호선,홍제,380690,148415,348041,144774,20250803
202507,3호선,녹번,365887,82973,326964,82377,20250803
202507,3호선,불광,350076,152398,367600,169775,20250803
202507,3호선,연신내,829848,271923,780428,262161,20250803
202507,3호선,구파발,524243,148714,514232,143409,20250803
202507,3호선,지축,187913,38479,191011,37927,20250803
202507,3호선,잠원,140852,38401,136015,36913,20250803
202507,4호선,수유(강북구청),815696,203652,818226,206174,20250803
202507,4호선,불암산,208493,86558,172625,84916,20250803
202507,4호선,상계,442244,140518,408524,137258,20250803
202507,4호선,노원,509255,115201,581014,112455,20250803
202507,4호선,창동,569796,243517,603694,252571,20250803
202507,4호선,쌍문,682231,191021,621785,189330,20250803
202507,4호선,미아(서울사이버대학),338894,128595,317328,131310,20250803
202507,4호선,미아사거리,586976,199033,574606,198682,20250803
202507,4호선,길음,495805,128497,480358,126993,20250803
202507,4호선,성신여대입구(돈암),545248,94982,531310,94289,20250803
202507,4호선,한성대입구(삼선교),332401,77317,316252,75784,20250803
202507,4호선,혜화,944486,137224,954915,134099,20250803
202507,4호선,동대문,420567,161337,440596,155969,20250803
202507,4호선,동대문역사문화공원(DDP),543911,70980,472466,62705,20250803
202507,4호선,충무로,772208,120187,800532,121061,20250803
202507,4호선,명동,992647,79854,1063546,82201,20250803
202507,4호선,회현(남대문시장),617159,210013,645495,209391,20250803
202507,4호선,서울역,342557,43967,641041,60607,20250803
202507,4호선,숙대입구(갈월),382342,59263,379522,55637,20250803
202507,4호선,삼각지(전쟁기념관),183487,23504,218338,24718,20250803
202507,4호선,신용산,597188,60898,658277,61650,20250803
202507,4호선,이촌(국립중앙박물관),317561,57168,331250,60346,20250803
202507,4호선,동작(현충원),41728,13310,41898,13209,20250803
202507,4호선,총신대입구(이수),419671,162560,457909,172201,20250803
202507,4호선,사당,683560,100187,592915,103373,20250803
202507,4호선,남태령,35251,9076,28195,8185,20250803
202507,5호선,발산,574103,125831,594781,121601,20250803
202507,5호선,길동,180294,89683,183616,91302,20250803
202507,5호선,강동,436984,124508,422112,121386,20250803
202507,5호선,천호(풍납토성),449406,173815,431211,172473,20250803
202507,5호선,광나루(장신대),263075,70180,248346,67360,20250803
202507,5호선,아차산(어린이대공원후문),316674,107489,311542,106485,20250803
202507,5호선,군자(능동),305734,46510,336146,49610,20250803
202507,5호선,장한평,478724,106720,469467,109765,20250803
202507,5호선,답십리,383710,88775,340777,85527,20250803
202507,5호선,마장,127671,44260,116803,42554,20250803
202507,5호선,왕십리(성동구청),109395,27640,128115,26975,20250803
202507,5호선,행당,184103,54139,164628,49637,20250803
202507,5호선,신금호,145415,40845,150981,45985,20250803
202507,5호선,청구,82324,23030,81149,19913,20250803
202507,5호선,동대문역사문화공원(DDP),88232,9831,98396,10554,20250803
202507,5호선,을지로4가,152990,42861,152556,42613,20250803
202507,5호선,종로3가,367118,94084,369081,93773,20250803
202507,5호선,광화문(세종문화회관),902201,91037,963398,89829,20250803
202507,5호선,서대문,509651,76647,514808,73359,20250803
202507,5호선,충정로(경기대입구),127527,17684,130147,17775,20250803
202507,5호선,애오개,151098,41974,147823,40519,20250803
202507,5호선,공덕,375345,53416,394167,50284,20250803
202507,5호선,마포,367858,68043,376127,67342,20250803
202507,5호선,여의나루,341941,31144,404942,31131,20250803
202507,5호선,여의도,815868,61390,857924,57443,20250803
202507,5호선,신길,139872,13385,146409,13658,20250803
202507,5호선,영등포시장,282961,79279,282224,81452,20250803
202507,5호선,영등포구청,125586,22190,124682,21567,20250803
202507,5호선,양평,211252,33723,206239,32981,20250803
202507,5호선,오목교(목동운동장앞),545327,97827,579729,97628,20250803
202507,5호선,목동,402677,92065,439040,93913,20250803
202507,5호선,신정(은행정),329053,73874,265994,71555,20250803
202507,5호선,까치산,657286,170164,624317,172090,20250803
202507,5호선,화곡,683050,163152,633474,156594,20250803
202507,5호선,우장산,338177,107785,332439,112587,20250803
202507,5호선,마곡,353756,65289,360301,64023,20250803
202507,5호선,송정,138818,53503,130934,51838,20250803
202507,5호선,김포공항,342227,69359,204179,54607,20250803
202507,5호선,개화산,135147,49000,128399,47036,20250803
202507,5호선,방화,151308,63316,144769,62649,20250803
202507,5호선,하남검단산,141459,58569,131964,57951,20250803
202507,5호선,하남시청(덕풍?신장),170406,83040,156696,83018,20250803
202507,5호선,하남풍산,99487,38532,99071,38524,20250803
202507,5호선,미사,440060,94971,446550,94585,20250803
202507,5호선,강일,130087,47911,119196,46274,20250803
202507,5호선,마천,152697,59421,131259,60538,20250803
202507,5호선,거여,223901,74620,218897,72752,20250803
202507,5호선,개롱,142926,57111,146915,59797,20250803
202507,5호선,오금,86210,25643,88360,25341,20250803
202507,5호선,방이,170653,56510,176322,56250,20250803
202507,5호선,올림픽공원(한국체대),123758,42330,112748,36405,20250803
202507,5호선,둔촌동,281981,98539,277795,98646,20250803
202507,5호선,상일동,337120,100784,314581,100607,20250803
202507,5호선,고덕,226610,84772,222419,82963,20250803
202507,5호선,명일,173215,72564,170689,74172,20250803
202507,5호선,굽은다리(강동구민회관앞),211672,92035,204424,88092,20250803
202507,6호선,효창공원앞,179648,40240,160569,37310,20250803
202507,6호선,공덕,480170,86696,468761,81489,20250803
202507,6호선,대흥(서강대앞),220086,53103,231872,53257,20250803
202507,6호선,광흥창(서강),231704,61127,220410,60550,20250803
202507,6호선,상수,286122,22607,320163,22760,20250803
202507,6호선,합정,380138,43674,380251,40648,20250803
202507,6호선,망원,394519,87511,421135,91033,20250803
202507,6호선,마포구청,353298,90595,317848,84286,20250803
202507,6호선,월드컵경기장(성산),119480,51960,135507,51123,20250803
202507,6호선,디지털미디어시티,366487,61767,398459,62786,20250803
202507,6호선,증산(명지대앞),205605,73916,201436,74041,20250803
202507,6호선,새절(신사),276232,96235,251835,96981,20250803
202507,6호선,구산,187262,62703,130894,65812,20250803
202507,6호선,연신내,49,3,0,0,20250803
202507,6호선,독바위,61730,23301,61073,29005,20250803
202507,6호선,불광,101911,53003,97176,42273,20250803
202507,6호선,역촌,79913,40833,100858,39757,20250803
202507,6호선,응암,392369,137398,388734,137065,20250803
202507,6호선,동묘앞,194945,71474,200550,68048,20250803
202507,6호선,창신,83575,21069,64870,20103,20250803
202507,6호선,보문,206837,35246,191387,33410,20250803
202507,6호선,안암(고대병원앞),302924,41056,294227,40260,20250803
202507,6호선,고려대(종암),212550,37862,200452,37064,20250803
202507,6호선,월곡(동덕여대),265290,73218,257719,73300,20250803
202507,6호선,상월곡(한국과학기술연구원),146215,46216,128446,44653,20250803
202507,6호선,돌곶이,267730,72516,244445,71479,20250803
202507,6호선,삼각지(전쟁기념관),218130,21225,195614,17892,20250803
202507,6호선,석계,278886,87682,283502,86647,20250803
202507,6호선,태릉입구,137060,37319,149220,37570,20250803
202507,6호선,화랑대(서울여대입구),268920,53194,214649,48342,20250803
202507,6호선,봉화산(서울의료원),198462,56598,184167,56060,20250803
202507,6호선,신내,15,2,0,0,20250803
202507,6호선,녹사평(용산구청),139101,18235,142386,17961,20250803
202507,6호선,이태원,321997,30647,365203,30953,20250803
202507,6호선,한강진,264715,16869,319515,16576,20250803
202507,6호선,버티고개,51806,14487,49366,16921,20250803
202507,6호선,약수,90924,23354,88863,22863,20250803
202507,6호선,청구,92454,21098,88163,22783,20250803
202507,6호선,신당,222910,41175,230542,40534,20250803
202507,7호선,신대방삼거리,345187,103289,324748,106132,20250803
202507,7호선,상동,1,0,0,0,20250803
202507,7호선,까치울,1,0,0,0,20250803
202507,7호선,온수(성공회대입구),236042,47359,212107,44574,20250803
202507,7호선,천왕,280004,67258,267411,67722,20250803
202507,7호선,광명사거리,463728,171564,451094,178395,20250803
202507,7호선,철산,518781,121756,534890,121021,20250803
202507,7호선,가산디지털단지,1155357,111430,1155652,103509,20250803
202507,7호선,남구로,371389,72492,391155,75014,20250803
202507,7호선,대림(구로구청),223643,52021,226859,51459,20250803
202507,7호선,신풍,268505,81422,250118,80237,20250803
202507,7호선,보라매,165075,34032,173255,34831,20250803
202507,7호선,장승배기,211860,75690,204186,76410,20250803
202507,7호선,상도,274603,70622,267097,67193,20250803
202507,7호선,숭실대입구(살피재),286856,67914,285795,69899,20250803
202507,7호선,남성,248714,84613,233028,85978,20250803
202507,7호선,이수,420373,94764,410643,90964,20250803
202507,7호선,내방,346974,82359,352491,79027,20250803
202507,7호선,고속터미널,461843,86225,367967,78234,20250803
202507,7호선,반포,156329,47284,151201,44634,20250803
202507,7호선,논현,509507,48213,531984,46953,20250803
202507,7호선,학동,597645,69541,619240,66013,20250803
202507,7호선,강남구청,421795,56154,474007,57121,20250803
202507,7호선,청담,455005,84027,500517,81403,20250803
202507,7호선,자양(뚝섬한강공원),221362,52017,215582,52212,20250803
202507,7호선,건대입구,348022,72744,359746,67496,20250803
202507,7호선,어린이대공원(세종대),362323,47186,357028,46482,20250803
202507,7호선,군자(능동),363037,94168,283460,82157,20250803
202507,7호선,중곡,252862,73732,234029,74289,20250803
202507,7호선,용마산(용마폭포공원),131411,38589,125423,42491,20250803
202507,7호선,사가정,361132,111731,361972,112399,20250803
202507,7호선,면목,322589,107335,306606,110932,20250803
202507,7호선,상봉,436154,82232,420427,78737,20250803
202507,7호선,중화,246630,71123,240573,71700,20250803
202507,7호선,먹골,230335,76530,228453,78447,20250803
202507,7호선,태릉입구,195596,52054,183824,48293,20250803
202507,7호선,공릉(서울과학기술대),275025,82493,267798,83411,20250803
202507,7호선,하계,406739,124754,378149,120285,20250803
202507,7호선,중계,327835,104965,298501,102808,20250803
202507,7호선,노원,469276,151347,499844,152085,20250803
202507,7호선,마들,294698,104473,276440,103595,20250803
202507,7호선,수락산,266228,115665,263225,116566,20250803
202507,7호선,도봉산,201992,52611,226586,74287,20250803
202507,7호선,장암,68399,16942,25660,13509,20250803
202507,8호선,남위례,180358,37357,181081,36116,20250803
202507,8호선,천호(풍납토성),416338,117366,482931,117289,20250803
202507,8호선,강동구청,238778,75706,246665,76607,20250803
202507,8호선,암사역사공원,161456,36700,137537,35289,20250803
202507,8호선,몽촌토성(평화의문),183746,34520,189368,34210,20250803
202507,8호선,잠실(송파구청),506120,101602,591428,99276,20250803
202507,8호선,석촌,202242,59713,237455,61491,20250803
202507,8호선,송파,219748,75707,217357,74504,20250803
202507,8호선,가락시장,178564,68709,200178,70228,20250803
202507,8호선,문정,591128,74195,617734,73640,20250803
202507,8호선,암사,368706,117253,336999,116177,20250803
202507,8호선,장지,425263,96329,391324,91871,20250803
202507,8호선,복정,235844,44198,199598,40787,20250803
202507,8호선,산성,144833,37616,146966,40478,20250803
202507,8호선,남한산성입구(성남법원.검찰청),288103,80379,253011,75716,20250803
202507,8호선,단대오거리,267555,81720,259562,80719,20250803
202507,8호선,신흥,115654,48087,118139,49258,20250803
202507,8호선,수진,119125,52877,107236,50828,20250803
202507,8호선,모란,95172,62034,75570,48496,20250803
202507,9호선,증미,198303,42571,191497,42862,20250803
202507,9호선,신방화,158791,52403,155785,52764,20250803
202507,9호선,개화,63627,13827,41297,11312,20250803
202507,9호선,김포공항,183320,23689,318922,35366,20250803
202507,9호선,신논현,910253,59516,926544,57385,20250803
202507,9호선,사평,103721,28503,99725,28843,20250803
202507,9호선,고속터미널,413069,82523,570237,98368,20250803
202507,9호선,신반포,110892,32459,104856,32607,20250803
202507,9호선,구반포,46847,11931,41511,11491,20250803
202507,9호선,동작(현충원),42409,11527,36038,9944,20250803
202507,9호선,흑석(중앙대입구),194223,62680,204147,63646,20250803
202507,9호선,노들,116936,36780,95510,33877,20250803
202507,9호선,노량진,699464,88750,691900,88360,20250803
202507,9호선,샛강,164515,32975,163604,32721,20250803
202507,9호선,여의도,893639,63221,848078,57877,20250803
202507,9호선,국회의사당,462843,65920,475361,59393,20250803
202507,9호선,당산,505277,79413,493183,73039,20250803
202507,9호선,공항시장,63524,25329,68338,26993,20250803
202507,9호선,선유도,234524,36123,216348,35077,20250803
202507,9호선,신목동,109015,27200,95546,26006,20250803
202507,9호선,염창,451669,85120,428221,81505,20250803
202507,9호선,등촌,287049,102743,272720,104466,20250803
202507,9호선,가양,511681,153434,501794,150399,20250803
202507,9호선,양천향교,262921,53505,270290,53100,20250803
202507,9호선,마곡나루(서울식물원),399881,42341,388380,41162,20250803
202507,9호선2~3단계,중앙보훈병원,294807,99018,247780,96257,20250803
202507,9호선2~3단계,삼성중앙,210421,32528,220889,31905,20250803
202507,9호선2~3단계,봉은사,665129,65426,700926,61593,20250803
202507,9호선2~3단계,언주,320117,34065,321440,33385,20250803
202507,9호선2~3단계,종합운동장,152048,26313,151813,24261,20250803
202507,9호선2~3단계,삼전,205157,50259,192926,49709,20250803
202507,9호선2~3단계,석촌고분,176400,48121,172051,48351,20250803
202507,9호선2~3단계,석촌,247020,46935,221929,41884,20250803
202507,9호선2~3단계,송파나루,151499,34907,164357,37018,20250803
202507,9호선2~3단계,한성백제,80166,19905,72439,18239,20250803
202507,9호선2~3단계,선정릉,272163,32979,294952,33308,20250803
202507,9호선2~3단계,올림픽공원(한국체대),257906,28532,261237,28446,20250803
202507,9호선2~3단계,둔촌오륜,113219,25863,110661,26933,20250803
202507,경강선,세종대왕릉,6283,4106,6220,4091,20250803
202507,경강선,성남,31063,7871,26120,8112,20250803
202507,경강선,판교,154140,23131,152563,19704,20250803
202507,경강선,이매,24911,6639,21861,6248,20250803
202507,경강선,삼동,56478,14930,51321,15139,20250803
202507,경강선,경기광주,198266,35935,184961,36006,20250803
202507,경강선,초월,91763,17903,84202,17746,20250803
202507,경강선,곤지암,50359,15738,48723,16075,20250803
202507,경강선,신둔도예촌,35473,9090,33117,8663,20250803
202507,경강선,이천,74724,15483,78838,16581,20250803
202507,경강선,부발,60897,11775,60533,11897,20250803
202507,경강선,여주,66580,23620,66375,24160,20250803
202507,경부선,금천구청,224128,81003,227047,83042,20250803
202507,경부선,서울역,286244,15859,113835,4795,20250803
202507,경부선,남영,230903,37788,242370,38836,20250803
202507,경부선,용산,1258284,142482,1266407,141613,20250803
202507,경부선,노량진,201842,38427,202324,35713,20250803
202507,경부선,대방,237486,60263,268798,62567,20250803
202507,경부선,영등포,981777,314777,991134,314696,20250803
202507,경부선,신도림,81593,24811,88775,30193,20250803
202507,경부선,신길,204499,47384,180821,44685,20250803
202507,경부선,구로,402914,111403,416819,107987,20250803
202507,경부선,가산디지털단지,465541,40995,542529,46651,20250803
202507,경부선,석수,185338,49821,168557,47662,20250803
202507,경부선,관악,149618,57599,145693,55949,20250803
202507,경부선,안양,509821,136210,493631,140757,20250803
202507,경부선,명학,187658,45479,184212,43927,20250803
202507,경부선,금정,674105,139455,687943,140504,20250803
202507,경부선,군포,156957,39110,154782,37964,20250803
202507,경부선,의왕,207354,45302,205816,44937,20250803
202507,경부선,성균관대,365897,63772,354432,63802,20250803
202507,경부선,화서,283455,52902,278311,51135,20250803
202507,경부선,수원,991159,174276,1046337,177495,20250803
202507,경부선,독산,407749,71768,412504,73315,20250803
202507,경부선,세류,86143,17809,79076,17245,20250803
202507,경부선,병점,357100,74938,353702,74867,20250803
202507,경부선,세마,80892,17325,75991,16282,20250803
202507,경부선,오산대,89444,19400,80940,18465,20250803
202507,경부선,오산,251300,53274,250610,54014,20250803
202507,경부선,진위,37832,9819,34836,9583,20250803
202507,경부선,송탄,110651,21841,106328,21496,20250803
202507,경부선,서정리,197639,39584,187587,38305,20250803
202507,경부선,평택지제,109042,14834,103274,14569,20250803
202507,경부선,평택,311246,74514,306634,74012,20250803
202507,경부선,성환,90839,21520,88775,21104,20250803
202507,경부선,직산,24199,5865,23422,5569,20250803
202507,경부선,두정,166721,30341,167577,31156,20250803
202507,경부선,천안,128918,59425,132470,59322,20250803
202507,경부선,당정,134129,35167,126972,33767,20250803
202507,경부선,서동탄,36058,7824,29692,7169,20250803
202507,경부선,광명,104111,12407,86247,11672,20250803
202507,경원선,서빙고,48901,19313,45092,18655,20250803
202507,경원선,한남,76347,27249,76085,25907,20250803
202507,경원선,옥수,1440,169,978,102,20250803
202507,경원선,응봉,36690,17052,32188,15314,20250803
202507,경원선,왕십리(성동구청),414646,86005,424033,86972,20250803
202507,경원선,청량리(서울시립대입구),377132,156544,380357,165665,20250803
202507,경원선,이촌(국립중앙박물관),87685,33321,68745,27260,20250803
202507,경원선,외대앞,220832,50452,212805,49742,20250803
202507,경원선,신이문,174003,69533,159208,68916,20250803
202507,경원선,석계,148869,59352,174295,64573,20250803
202507,경원선,광운대,172231,59512,160439,57074,20250803
202507,경원선,월계,122575,63741,110530,61660,20250803
202507,경원선,녹천,90509,39047,73220,35332,20250803
202507,경원선,창동,138,11,0,0,20250803
202507,경원선,방학,176181,116657,170724,112646,20250803
202507,경원선,도봉,99595,76723,93241,75864,20250803
202507,경원선,도봉산,123310,107574,63711,83468,20250803
202507,경원선,망월사,145282,76109,146087,77750,20250803
202507,경원선,회룡,223686,164754,217319,162667,20250803
202507,경원선,의정부,446645,132609,454094,133515,20250803
202507,경원선,가능,128287,61594,123077,61306,20250803
202507,경원선,녹양,90429,41667,86807,39105,20250803
202507,경원선,양주,152506,61033,145822,59364,20250803
202507,경원선,덕계,141862,37786,129036,36580,20250803
202507,경원선,덕정,135644,39467,126626,39800,20250803
202507,경원선,지행,141682,49344,142331,49416,20250803
202507,경원선,동두천중앙,53834,36591,51435,36240,20250803
202507,경원선,보산,33574,14359,30752,13774,20250803
202507,경원선,동두천,32840,21799,31497,22159,20250803
202507,경원선,소요산,12019,54202,12629,53646,20250803
202507,경원선,청산,2722,2434,2123,2129,20250803
202507,경원선,전곡,24436,13677,21810,12775,20250803
202507,경원선,연천,13771,26682,12960,26629,20250803
202507,경의선,강매,72766,19566,59437,18343,20250803
202507,경의선,신촌,23293,3871,29290,4669,20250803
202507,경의선,효창공원앞,75584,18605,87891,20314,20250803
202507,경의선,서강대,52237,12085,51440,11459,20250803
202507,경의선,가좌,127361,46231,121749,45959,20250803
202507,경의선,수색,73702,18692,74767,18864,20250803
202507,경의선,한국항공대,46225,10009,42744,9900,20250803
202507,경의선,행신,182162,38672,183127,39693,20250803
202507,경의선,능곡,97435,36650,90554,35924,20250803
202507,경의선,곡산,11447,6633,12298,6610,20250803
202507,경의선,백마,166940,41073,161701,41209,20250803
202507,경의선,풍산,138839,44587,130593,43720,20250803
202507,경의선,일산,236799,77476,229607,77598,20250803
202507,경의선,탄현,177623,45788,167976,45170,20250803
202507,경의선,야당,192498,42181,196071,41283,20250803
202507,경의선,운정,155752,41833,141845,40869,20250803
202507,경의선,금릉,113497,31080,108321,30063,20250803
202507,경의선,금촌,141480,51009,136359,51833,20250803
202507,경의선,월롱,46548,9500,40882,9813,20250803
202507,경의선,파주,26195,7761,19703,6983,20250803
202507,경의선,문산,121155,50388,116396,49500,20250803
202507,경의선,임진강,404,294,240,267,20250803
202507,경의선,운천,41,134,16,84,20250803
202507,경의선,서울역,75234,17864,101415,21397,20250803
202507,경의선,공덕,112349,16859,86445,15913,20250803
202507,경의선,홍대입구,64652,5753,77271,6338,20250803
202507,경의선,디지털미디어시티,64670,13045,60246,13831,20250803
202507,경의선,김포공항,1,0,0,0,20250803
202507,경의선,계양,1,0,0,0,20250803
202507,경의선,검암,0,1,0,0,20250803
202507,경인선,부평,733085,172821,772121,177550,20250803
202507,경인선,백운,145997,64581,138307,63855,20250803
202507,경인선,도원,66300,31369,65578,32757,20250803
202507,경인선,동암,333629,114305,334544,115921,20250803
202507,경인선,주안,432414,100909,385222,90011,20250803
202507,경인선,제물포,230674,72330,219551,71429,20250803
202507,경인선,동인천,280221,126237,259777,123726,20250803
202507,경인선,도화,77364,44224,69508,42968,20250803
202507,경인선,중동,183998,83376,167378,81884,20250803
202507,경인선,온수(성공회대입구),127135,53932,119269,52574,20250803
202507,경인선,인천,79960,46308,62179,42882,20250803
202507,경인선,구일,206288,48116,229019,47513,20250803
202507,경인선,소사,152477,61693,142114,58972,20250803
202507,경인선,부개,175982,76439,159881,75125,20250803
202507,경인선,간석,120625,49312,112752,47659,20250803
202507,경인선,오류동,241368,98668,221580,95891,20250803
202507,경인선,역곡,559161,164412,556449,170512,20250803
202507,경인선,부천,679981,253314,676900,256852,20250803
202507,경인선,개봉,480848,177787,467671,184776,20250803
202507,경인선,송내,606371,145263,597505,143939,20250803
202507,경춘선,청평,38429,22273,37029,22049,20250803
202507,경춘선,대성리,22054,7784,21938,7425,20250803
202507,경춘선,마석,78257,38960,75930,38811,20250803
202507,경춘선,천마산,26692,19145,23733,19106,20250803
202507,경춘선,평내호평,134437,50388,129939,48863,20250803
202507,경춘선,금곡,29083,19504,28289,18768,20250803
202507,경춘선,사릉,42588,18448,40559,18583,20250803
202507,경춘선,퇴계원,65649,33866,58942,32472,20250803
202507,경춘선,별내,51927,22306,46903,19616,20250803
202507,경춘선,갈매,57547,21362,49841,20012,20250803
202507,경춘선,신내,61918,23014,57681,22326,20250803
202507,경춘선,춘천,27291,19706,23505,17015,20250803
202507,경춘선,남춘천,59098,29381,60498,30652,20250803
202507,경춘선,김유정,7479,4843,7452,5075,20250803
202507,경춘선,강촌,9921,5420,8883,5672,20250803
202507,경춘선,백양리,1852,2343,1581,2318,20250803
202507,경춘선,굴봉산,2502,2554,2201,2587,20250803
202507,경춘선,가평,56745,18565,56822,18556,20250803
202507,경춘선,상천,3647,4833,3402,4637,20250803
202507,공항철도 1호선,마곡나루(서울식물원),340373,20084,322982,20013,20250803
202507,공항철도 1호선,영종,112175,24924,113607,25070,20250803
202507,공항철도 1호선,인천공항2터미널,235955,38178,190875,34957,20250803
202507,공항철도 1호선,인천공항1터미널,449612,44652,439966,41863,20250803
202507,공항철도 1호선,공항화물청사,47847,10333,64943,10357,20250803
202507,공항철도 1호선,운서,274229,33816,291587,33591,20250803
202507,공항철도 1호선,청라국제도시,206724,16457,193923,16118,20250803
202507,공항철도 1호선,검암,168909,17468,169220,17425,20250803
202507,공항철도 1호선,계양,254131,33022,243584,32455,20250803
202507,공항철도 1호선,김포공항,271394,27516,153929,16843,20250803
202507,공항철도 1호선,디지털미디어시티,379088,31577,354079,29946,20250803
202507,공항철도 1호선,홍대입구,480967,21668,458545,20199,20250803
202507,공항철도 1호선,공덕,85814,10084,112875,11673,20250803
202507,공항철도 1호선,서울역,384659,37941,340260,34476,20250803
202507,과천선,대공원,94306,26890,105866,28181,20250803
202507,과천선,과천,126257,45857,115238,43355,20250803
202507,과천선,정부과천청사,329151,64186,351503,64224,20250803
202507,과천선,인덕원,615128,138688,622216,142597,20250803
202507,과천선,평촌,439503,73983,425346,73388,20250803
202507,과천선,범계,712420,137338,710748,135642,20250803
202507,과천선,선바위,188393,34546,163536,33131,20250803
202507,과천선,경마공원,79606,77200,79455,77406,20250803
202507,분당선,복정,53,0,0,0,20250803
202507,분당선,수원,202714,37091,190295,35058,20250803
202507,분당선,서울숲,341365,33841,351547,32994,20250803
202507,분당선,압구정로데오,523434,49777,577952,48033,20250803
202507,분당선,강남구청,235366,40915,276597,45168,20250803
202507,분당선,선정릉,181494,36895,189097,35660,20250803
202507,분당선,가천대,192607,30563,194292,30658,20250803
202507,분당선,태평,288903,102916,268990,107709,20250803
202507,분당선,모란,415368,181093,412471,199104,20250803
202507,분당선,야탑,566824,177921,610478,180383,20250803
202507,분당선,서현,582432,140523,602395,136406,20250803
202507,분당선,수내,312661,84891,308329,81995,20250803
202507,분당선,정자,477458,74138,501161,73316,20250803
202507,분당선,미금,334374,120865,343574,126178,20250803
202507,분당선,오리,246770,76065,212525,67411,20250803
202507,분당선,이매,124298,41457,116785,40314,20250803
202507,분당선,보정,51458,21044,44996,19899,20250803
202507,분당선,죽전,294339,78386,335459,85103,20250803
202507,분당선,구성,165468,43689,167192,43556,20250803
202507,분당선,신갈,104101,33777,101331,33635,20250803
202507,분당선,기흥,251146,52777,226397,51350,20250803
202507,분당선,상갈,116124,33629,110913,33123,20250803
202507,분당선,청명,111943,24990,106870,25065,20250803
202507,분당선,영통,224928,39099,226175,39168,20250803
202507,분당선,망포,390797,48617,376859,47024,20250803
202507,분당선,매탄권선,132038,28137,128404,27302,20250803
202507,분당선,매교,125374,28942,123495,29051,20250803
202507,분당선,수원시청,360513,55675,390874,56758,20250803
202507,분당선,선릉,328969,52293,501446,70977,20250803
202507,분당선,한티,417749,75180,433858,77067,20250803
202507,분당선,도곡,166292,57193,171359,55967,20250803
202507,분당선,구룡,76313,27510,74309,27603,20250803
202507,분당선,개포동,96510,34786,98765,35428,20250803
202507,분당선,대모산입구,131282,42181,123804,41323,20250803
202507,분당선,수서,440090,80159,460821,85005,20250803
202507,서해선,김포공항,88669,15138,122438,25938,20250803
202507,서해선,원종,105189,46400,103202,48135,20250803
202507,서해선,부천종합운동장,76466,9718,64649,7849,20250803
202507,수인선,인천,18450,18139,31603,21767,20250803
202507,수인선,고색,135157,24652,128604,23337,20250803
202507,수인선,오목천,99786,19292,86061,18897,20250803
202507,수인선,어천,38420,8777,35339,9458,20250803
202507,수인선,야목,14244,3377,11840,2877,20250803
202507,수인선,사리,124527,22774,105559,20810,20250803
202507,수인선,달월,1455,1036,1233,571,20250803
202507,수인선,월곶,65209,22649,58558,22270,20250803
202507,수인선,소래포구,94783,45060,86742,43854,20250803
202507,수인선,인천논현,117683,42553,125577,43150,20250803
202507,수인선,호구포,87886,25240,93021,25179,20250803
202507,수인선,남동인더스파크,55040,7687,62070,7974,20250803
202507,수인선,원인재,92010,38412,95094,38171,20250803
202507,수인선,연수,100136,35493,98148,35785,20250803
202507,수인선,송도,47707,24723,41335,23935,20250803
202507,수인선,인하대,153934,34800,141726,33483,20250803
202507,수인선,숭의,92836,35234,84615,33029,20250803
202507,수인선,신포,37378,15739,36671,15783,20250803
202507,신림선,신림,51373,23098,62514,25833,20250803
202507,신림선,샛강,71566,17625,86040,16225,20250803
202507,신림선,대방,72450,20633,58955,18102,20250803
202507,신림선,서울지방병무청,70025,30122,77430,32899,20250803
202507,신림선,보라매,107602,31041,97839,28108,20250803
202507,신림선,보라매공원,56978,22716,61713,23647,20250803
202507,신림선,보라매병원,185731,70111,194659,69798,20250803
202507,신림선,당곡,110229,45194,105710,43979,20250803
202507,신림선,서원,84484,29341,72503,28422,20250803
202507,신림선,서울대벤처타운,230259,71530,205776,72259,20250803
202507,신림선,관악산(서울대),62616,42028,58784,41133,20250803
202507,안산선,정왕,234404,34036,235807,35513,20250803
202507,안산선,산본,362987,116465,389881,119649,20250803
202507,안산선,대야미,112130,35485,98515,33417,20250803
202507,안산선,반월,96107,35582,92466,35356,20250803
202507,안산선,상록수,349878,77278,351912,78812,20250803
202507,안산선,한대앞,214648,46868,214822,47911,20250803
202507,안산선,중앙,474503,75260,496382,74618,20250803
202507,안산선,고잔,212452,40173,203633,38396,20250803
202507,안산선,초지,124035,19430,122673,19670,20250803
202507,안산선,안산,318391,43094,301088,41186,20250803
202507,안산선,오이도,192350,40632,188271,40007,20250803
202507,안산선,신길온천,52033,11547,45729,10960,20250803
202507,안산선,수리산,85892,34604,68432,31437,20250803
202507,우이신설선,보문,34461,19100,34283,18950,20250803
202507,우이신설선,북한산우이,56504,40252,50598,41519,20250803
202507,우이신설선,솔밭공원,48375,33538,44380,34379,20250803
202507,우이신설선,4.19민주묘지,53086,41022,50585,37760,20250803
202507,우이신설선,가오리,74881,57354,72209,59556,20250803
202507,우이신설선,화계,59606,51243,53536,51677,20250803
202507,우이신설선,삼양,41243,32991,41685,36229,20250803
202507,우이신설선,삼양사거리,39343,40139,38704,39709,20250803
202507,우이신설선,솔샘,131242,44487,119855,46364,20250803
202507,우이신설선,북한산보국문,131186,46634,121962,46865,20250803
202507,우이신설선,정릉,89160,50454,78335,47283,20250803
202507,우이신설선,성신여대입구(돈암),76051,35269,86692,33631,20250803
202507,우이신설선,신설동,39544,34889,39068,30988,20250803
202507,일산선,삼송,473658,103919,458242,104731,20250803
202507,일산선,원당,255035,88271,241729,87387,20250803
202507,일산선,화정,385813,134731,398319,138558,20250803
202507,일산선,대곡,273795,29485,249923,27707,20250803
202507,일산선,백석,219207,86035,225137,85682,20250803
202507,일산선,마두,158002,75420,159300,77076,20250803
202507,일산선,정발산,164095,64466,170312,61110,20250803
202507,일산선,주엽,172605,98763,165777,100479,20250803
202507,일산선,대화,281298,91933,234426,85959,20250803
202507,일산선,원흥,263862,70749,251634,68178,20250803
202507,일산선,지축,41,2,0,0,20250803
202507,장항선,아산,94945,15483,84315,14599,20250803
202507,장항선,탕정,46796,7904,42887,7334,20250803
202507,장항선,배방,28466,7114,28353,6871,20250803
202507,장항선,온양온천,80864,53136,81310,54391,20250803
202507,장항선,신창(순천향대),29047,7834,28695,7450,20250803
202507,장항선,봉명,26959,11321,27375,10929,20250803
202507,장항선,쌍용(나사렛대),48679,15380,45997,14567,20250803
202507,중앙선,양평,64003,37701,65921,38409,20250803
202507,중앙선,원덕,4477,6935,4368,6763,20250803
202507,중앙선,용문,32579,43786,32348,44195,20250803
202507,중앙선,지평,762,1117,848,1244,20250803
202507,중앙선,회기,609180,126532,571786,123985,20250803
202507,중앙선,중랑,113080,53265,105477,53245,20250803
202507,중앙선,상봉,129267,46012,128427,44326,20250803
202507,중앙선,망우,150760,75927,144122,77213,20250803
202507,중앙선,양원,70025,23906,67720,24180,20250803
202507,중앙선,구리,179080,56172,191297,58385,20250803
202507,중앙선,도농,212190,67113,193126,64818,20250803
202507,중앙선,양정,9484,6663,7794,5920,20250803
202507,중앙선,덕소,110039,50118,108204,50248,20250803
202507,중앙선,도심,53685,21330,40854,19733,20250803
202507,중앙선,팔당,17081,8324,17818,8223,20250803
202507,중앙선,운길산,9887,9868,9110,10002,20250803
202507,중앙선,양수,35315,29723,34808,29834,20250803
202507,중앙선,신원,2330,2891,2014,2668,20250803
202507,중앙선,국수,10811,10940,10292,11046,20250803
202507,중앙선,아신,10045,6919,10094,6976,20250803
202507,중앙선,오빈,4477,4705,4539,4765,20250803
202506,1호선,종로5가,431733,250657,422774,243384,20250703
202506,1호선,동묘앞,153551,168183,158362,169026,20250703
202506,1호선,청량리(서울시립대입구),382690,286165,382322,286550,20250703
202506,1호선,제기동,219444,264544,209592,286627,20250703
202506,1호선,신설동,289504,123345,278113,120046,20250703
202506,1호선,시청,624515,102884,634650,101497,20250703
202506,1호선,서울역,1858453,265250,1740163,246906,20250703
202506,1호선,동대문,240768,132091,232581,132780,20250703
202506,1호선,종로3가,467092,294130,412603,269581,20250703
202506,1호선,종각,905765,148456,892520,137654,20250703
202506,2호선,용두(동대문구청),48449,24249,47752,25420,20250703
202506,2호선,신정네거리,213509,77815,217942,79347,20250703
202506,2호선,낙성대(강감찬),687299,116549,658581,118204,20250703
202506,2호선,사당,989660,241558,1108746,229957,20250703
202506,2호선,방배,403235,79379,416113,78649,20250703
202506,2호선,서초,521442,97763,504686,98959,20250703
202506,2호선,교대(법원.검찰청),676236,151175,817494,179230,20250703
202506,2호선,강남,2055675,163783,2032543,142363,20250703
202506,2호선,역삼,1146216,136038,1307300,140184,20250703
202506,2호선,선릉,1285844,239809,1127966,211050,20250703
202506,2호선,삼성(무역센터),1401483,125778,1418056,116630,20250703
202506,2호선,종합운동장,447031,59233,502168,62198,20250703
202506,2호선,잠실새내,570731,118670,562483,117792,20250703
202506,2호선,잠실(송파구청),2032060,228647,2009162,219387,20250703
202506,2호선,을지로3가,630591,75290,633525,74877,20250703
202506,2호선,잠실나루,320121,90945,309479,90501,20250703
202506,2호선,강변(동서울터미널),685389,119011,631339,114440,20250703
202506,2호선,구의(광진구청),644708,117369,627575,117101,20250703
202506,2호선,건대입구,972811,97608,1012404,100717,20250703
202506,2호선,성수,1306196,100726,1422977,101411,20250703
202506,2호선,뚝섬,656032,68646,689136,68327,20250703
202506,2호선,한양대,308707,14456,337622,15752,20250703
202506,2호선,을지로4가,341136,72382,337650,71530,20250703
202506,2호선,왕십리(성동구청),406298,54981,368140,50742,20250703
202506,2호선,상왕십리,340073,69086,333063,71193,20250703
202506,2호선,신당,338304,93850,354467,94965,20250703
202506,2호선,동대문역사문화공원(DDP),394980,62129,461024,69410,20250703
202506,2호선,서울대입구(관악구청),1146575,187312,1111545,176730,20250703
202506,2호선,봉천,548935,164936,503866,164949,20250703
202506,2호선,신림,1397282,209391,1355018,209349,20250703
202506,2호선,신대방,608912,144603,576874,142860,20250703
202506,2호선,구로디지털단지,1379062,217040,1360992,217198,20250703
202506,2호선,대림(구로구청),566930,143168,576444,148550,20250703
202506,2호선,신도림,1235461,253886,1200290,239516,20250703
202506,2호선,문래,553740,92405,579976,92485,20250703
202506,2호선,영등포구청,517525,107670,540725,106911,20250703
202506,2호선,당산,474087,61739,535511,67061,20250703
202506,2호선,합정,860837,71598,949967,73244,20250703
202506,2호선,홍대입구,2067068,104849,2234604,102334,20250703
202506,2호선,신촌,972450,127893,988351,125403,20250703
202506,2호선,이대,429644,51311,467536,55061,20250703
202506,2호선,아현,246152,68309,226973,67820,20250703
202506,2호선,충정로(경기대입구),230418,47985,248886,47955,20250703
202506,2호선,용답,69779,19186,68309,19123,20250703
202506,2호선,신답,35740,9882,40693,10581,20250703
202506,2호선,시청,654545,62268,612595,55678,20250703
202506,2호선,을지로입구,1286744,104660,1334476,98324,20250703
202506,2호선,신설동,79253,34667,74183,36130,20250703
202506,2호선,도림천,27300,9353,28078,10202,20250703
202506,2호선,양천구청,136597,57689,144000,58381,20250703
202506,3호선,대청,240476,64061,222375,62303,20250703
202506,3호선,오금,146787,34538,129306,32459,20250703
202506,3호선,경찰병원,157375,47368,155731,49032,20250703
202506,3호선,가락시장,174066,81335,171477,78547,20250703
202506,3호선,수서,416955,128332,414258,124318,20250703
202506,3호선,일원,237805,70953,228993,71003,20250703
202506,3호선,학여울,50122,18074,51454,17826,20250703
202506,3호선,대치,280541,72504,271422,70302,20250703
202506,3호선,도곡,140338,31024,135679,27749,20250703
202506,3호선,매봉,266832,80085,261150,74933,20250703
202506,3호선,양재(서초구청),852432,154688,917972,156891,20250703
202506,3호선,남부터미널(예술의전당),719390,134889,728536,137637,20250703
202506,3호선,교대(법원.검찰청),364565,88629,206852,50102,20250703
202506,3호선,고속터미널,1264375,240521,1219345,224830,20250703
202506,3호선,잠원,117283,34665,111850,33082,20250703
202506,3호선,신사,684007,68877,724000,67379,20250703
202506,3호선,압구정,741136,140914,797021,138990,20250703
202506,3호선,옥수,199299,65528,204204,65552,20250703
202506,3호선,금호,176198,55596,164746,54675,20250703
202506,3호선,약수,280449,82007,282134,78397,20250703
202506,3호선,동대입구,268874,43363,297282,46253,20250703
202506,3호선,충무로,148,1,0,0,20250703
202506,3호선,을지로3가,295247,48411,287959,45384,20250703
202506,3호선,종로3가,262215,71114,302824,81604,20250703
202506,3호선,안국,701986,113903,727067,116738,20250703
202506,3호선,경복궁(정부서울청사),709415,117953,742557,122383,20250703
202506,3호선,독립문,154394,77384,163547,78067,20250703
202506,3호선,무악재,86127,33264,83843,35967,20250703
202506,3호선,홍제,369100,151703,343784,147900,20250703
202506,3호선,녹번,345842,83449,309811,82434,20250703
202506,3호선,불광,335547,151695,353234,169375,20250703
202506,3호선,연신내,784831,272792,736852,262860,20250703
202506,3호선,구파발,488684,144633,479120,139030,20250703
202506,3호선,지축,178423,40109,181752,39384,20250703
202506,4호선,동대문,395891,162704,411798,158236,20250703
202506,4호선,혜화,909611,132784,921563,130484,20250703
202506,4호선,한성대입구(삼선교),349566,78611,336619,77319,20250703
202506,4호선,성신여대입구(돈암),554829,93801,530426,93230,20250703
202506,4호선,길음,488885,129720,482814,128344,20250703
202506,4호선,미아사거리,558772,196712,543914,195920,20250703
202506,4호선,미아(서울사이버대학),338512,127280,317065,128945,20250703
202506,4호선,수유(강북구청),787546,202360,781320,205287,20250703
202506,4호선,상계,425166,142864,391273,138452,20250703
202506,4호선,노원,482881,116942,552440,114044,20250703
202506,4호선,창동,546947,243752,579380,251727,20250703
202506,4호선,불암산,197828,83409,163955,82393,20250703
202506,4호선,쌍문,648570,191719,589343,189316,20250703
202506,4호선,남태령,32869,9092,26147,8241,20250703
202506,4호선,사당,653807,109314,575076,115966,20250703
202506,4호선,총신대입구(이수),397434,167999,433125,176875,20250703
202506,4호선,동작(현충원),49575,19751,50799,19808,20250703
202506,4호선,이촌(국립중앙박물관),240036,56774,261266,60312,20250703
202506,4호선,신용산,552012,60625,604613,61425,20250703
202506,4호선,삼각지(전쟁기념관),168539,24216,204592,26476,20250703
202506,4호선,숙대입구(갈월),386461,58035,379164,54392,20250703
202506,4호선,서울역,311419,42106,609490,61856,20250703
202506,4호선,회현(남대문시장),587988,222797,625339,223250,20250703
202506,4호선,명동,980290,84785,1047114,87429,20250703
202506,4호선,충무로,747573,118443,775092,120487,20250703
202506,4호선,동대문역사문화공원(DDP),519492,68656,449957,60940,20250703
202506,5호선,방이,161245,56131,163886,55935,20250703
202506,5호선,올림픽공원(한국체대),117810,44004,107137,37935,20250703
202506,5호선,둔촌동,263645,96249,257853,95971,20250703
202506,5호선,상일동,311614,100665,291496,100083,20250703
202506,5호선,고덕,213275,82854,208851,81556,20250703
202506,5호선,명일,166064,74514,163233,75346,20250703
202506,5호선,굽은다리(강동구민회관앞),200136,89833,192086,85274,20250703
202506,5호선,길동,169811,87790,171542,89279,20250703
202506,5호선,강동,410724,120884,398315,119003,20250703
202506,5호선,천호(풍납토성),425788,168847,411400,169127,20250703
202506,5호선,광나루(장신대),263083,72815,251058,71348,20250703
202506,5호선,아차산(어린이대공원후문),327174,115463,317274,112611,20250703
202506,5호선,군자(능동),294732,46700,324475,50182,20250703
202506,5호선,장한평,448144,104428,435587,107168,20250703
202506,5호선,답십리,362626,88413,323010,84761,20250703
202506,5호선,마장,124415,42967,114992,41412,20250703
202506,5호선,왕십리(성동구청),101091,26879,116927,26411,20250703
202506,5호선,행당,173840,53937,154849,49011,20250703
202506,5호선,신금호,139411,40503,146121,45993,20250703
202506,5호선,청구,79038,23719,77563,20133,20250703
202506,5호선,동대문역사문화공원(DDP),77067,9141,86204,9962,20250703
202506,5호선,을지로4가,141953,42281,144072,42146,20250703
202506,5호선,종로3가,381958,94281,389431,94525,20250703
202506,5호선,광화문(세종문화회관),840741,99721,902489,98787,20250703
202506,5호선,서대문,459974,74644,465785,71333,20250703
202506,5호선,충정로(경기대입구),113576,16617,116558,16874,20250703
202506,5호선,애오개,141177,40445,137460,39101,20250703
202506,5호선,공덕,345433,53398,363491,50418,20250703
202506,5호선,마포,333982,67063,340463,66759,20250703
202506,5호선,여의도,692267,58859,749209,56118,20250703
202506,5호선,여의나루,357612,33891,400650,32753,20250703
202506,5호선,신길,129280,13629,133361,13866,20250703
202506,5호선,영등포시장,265064,81763,265339,83847,20250703
202506,5호선,영등포구청,115258,22025,113153,21651,20250703
202506,5호선,양평,189883,32855,182917,32214,20250703
202506,5호선,오목교(목동운동장앞),494607,96793,526258,95965,20250703
202506,5호선,목동,381076,92955,411012,93908,20250703
202506,5호선,신정(은행정),308145,72009,248269,70071,20250703
202506,5호선,까치산,626435,168993,594097,170458,20250703
202506,5호선,화곡,646257,163222,597561,156275,20250703
202506,5호선,우장산,320777,105602,313835,110126,20250703
202506,5호선,발산,524326,123387,545214,118994,20250703
202506,5호선,마곡,309563,61066,315917,59527,20250703
202506,5호선,송정,131991,54447,124222,52795,20250703
202506,5호선,김포공항,304292,55970,183417,43985,20250703
202506,5호선,개화산,125334,47027,118438,45929,20250703
202506,5호선,방화,141722,61855,135472,60645,20250703
202506,5호선,하남검단산,136838,60115,127332,59058,20250703
202506,5호선,하남시청(덕풍?신장),166512,83153,152489,83146,20250703
202506,5호선,하남풍산,95137,37807,94103,37846,20250703
202506,5호선,미사,415958,97302,424624,96422,20250703
202506,5호선,강일,125273,49828,113279,47387,20250703
202506,5호선,마천,146705,60472,126672,61555,20250703
202506,5호선,거여,213434,73317,207599,71067,20250703
202506,5호선,개롱,134505,56488,138682,58133,20250703
202506,5호선,오금,79944,24639,82022,24064,20250703
202506,6호선,한강진,247704,17543,303648,17443,20250703
202506,6호선,신내,10,0,0,0,20250703
202506,6호선,봉화산(서울의료원),187373,55718,173217,54583,20250703
202506,6호선,화랑대(서울여대입구),273841,53841,218889,49297,20250703
202506,6호선,태릉입구,137220,40365,155476,41091,20250703
202506,6호선,석계,270582,86780,276550,86295,20250703
202506,6호선,돌곶이,253251,70262,231703,68944,20250703
202506,6호선,상월곡(한국과학기술연구원),145410,44325,131009,42958,20250703
202506,6호선,월곡(동덕여대),265363,73213,255370,72428,20250703
202506,6호선,고려대(종암),218185,37734,204887,37276,20250703
202506,6호선,안암(고대병원앞),331075,39710,331627,39188,20250703
202506,6호선,보문,200397,34686,187786,33022,20250703
202506,6호선,창신,82500,20251,67272,19413,20250703
202506,6호선,동묘앞,192071,74647,196329,69419,20250703
202506,6호선,신당,205336,39706,212070,38845,20250703
202506,6호선,청구,88202,20874,84069,22526,20250703
202506,6호선,약수,90993,24067,84739,22048,20250703
202506,6호선,버티고개,49269,14006,47344,16470,20250703
202506,6호선,이태원,334387,30921,374054,31220,20250703
202506,6호선,녹사평(용산구청),145100,19164,151110,18911,20250703
202506,6호선,삼각지(전쟁기념관),217716,22287,192132,18341,20250703
202506,6호선,효창공원앞,177619,41239,161246,38054,20250703
202506,6호선,공덕,441691,85914,433256,80440,20250703
202506,6호선,대흥(서강대앞),222605,51407,235698,51265,20250703
202506,6호선,광흥창(서강),212932,61177,201001,60974,20250703
202506,6호선,상수,280655,22629,315354,22782,20250703
202506,6호선,합정,354250,43961,353509,40417,20250703
202506,6호선,망원,385347,89327,413758,91838,20250703
202506,6호선,마포구청,333593,85814,298480,79210,20250703
202506,6호선,월드컵경기장(성산),112311,57768,123033,57127,20250703
202506,6호선,디지털미디어시티,337126,63432,363656,64149,20250703
202506,6호선,증산(명지대앞),197235,75199,194657,75377,20250703
202506,6호선,새절(신사),266098,95596,243800,96154,20250703
202506,6호선,구산,179181,60593,120880,62935,20250703
202506,6호선,연신내,66,6,0,0,20250703
202506,6호선,독바위,56972,22243,56446,28177,20250703
202506,6호선,역촌,73033,37217,93306,36523,20250703
202506,6호선,응암,378178,135015,374831,133783,20250703
202506,6호선,불광,94087,47923,91091,38544,20250703
202506,7호선,노원,433558,145077,463779,147120,20250703
202506,7호선,도봉산,200042,58020,227558,81953,20250703
202506,7호선,수락산,253599,115114,245205,115740,20250703
202506,7호선,마들,278636,102241,260148,100884,20250703
202506,7호선,논현,464012,46908,483719,45622,20250703
202506,7호선,학동,536358,65910,560483,62875,20250703
202506,7호선,강남구청,380388,55300,428438,55992,20250703
202506,7호선,청담,422473,80912,462145,78802,20250703
202506,7호선,자양(뚝섬한강공원),244776,54775,235152,54654,20250703
202506,7호선,건대입구,332389,69306,348788,64248,20250703
202506,7호선,어린이대공원(세종대),431827,50498,438371,49949,20250703
202506,7호선,군자(능동),340400,93174,263762,80065,20250703
202506,7호선,중곡,236511,72936,217730,73474,20250703
202506,7호선,용마산(용마폭포공원),126354,38714,122335,42206,20250703
202506,7호선,사가정,348312,112091,350903,112672,20250703
202506,7호선,면목,322677,105632,303818,108686,20250703
202506,7호선,상봉,416883,83310,402224,79599,20250703
202506,7호선,중화,233347,70944,227781,70686,20250703
202506,7호선,먹골,218216,74567,213510,75898,20250703
202506,7호선,태릉입구,202764,55313,192122,51912,20250703
202506,7호선,공릉(서울과학기술대),283238,84051,277019,84910,20250703
202506,7호선,하계,392893,123345,364710,118611,20250703
202506,7호선,장암,64691,16835,26861,13384,20250703
202506,7호선,철산,485128,120472,497375,119138,20250703
202506,7호선,중계,316840,105110,288191,101916,20250703
202506,7호선,광명사거리,447283,175089,435027,181430,20250703
202506,7호선,천왕,262273,67442,250345,67989,20250703
202506,7호선,온수(성공회대입구),236849,47100,217390,44608,20250703
202506,7호선,상동,0,1,0,0,20250703
202506,7호선,가산디지털단지,1018110,107145,1017059,99477,20250703
202506,7호선,남구로,343206,71916,359635,73217,20250703
202506,7호선,대림(구로구청),223531,50942,226289,49789,20250703
202506,7호선,신풍,253732,80476,235529,78847,20250703
202506,7호선,보라매,164362,37981,173215,40237,20250703
202506,7호선,신대방삼거리,329049,99682,308449,102089,20250703
202506,7호선,장승배기,192059,72145,184028,72410,20250703
202506,7호선,상도,282145,69805,277057,67004,20250703
202506,7호선,숭실대입구(살피재),319013,68642,318468,70855,20250703
202506,7호선,남성,240224,82355,226323,83751,20250703
202506,7호선,이수,391764,95026,380820,89391,20250703
202506,7호선,내방,321565,79232,325344,76204,20250703
202506,7호선,고속터미널,442865,85658,349223,76036,20250703
202506,7호선,반포,145764,43138,139029,40795,20250703
202506,8호선,복정,229879,48014,197569,44080,20250703
202506,8호선,산성,139985,38465,142003,41831,20250703
202506,8호선,남한산성입구(성남법원.검찰청),297971,81665,267476,76781,20250703
202506,8호선,단대오거리,265519,81241,250906,78766,20250703
202506,8호선,신흥,106229,45014,108435,46595,20250703
202506,8호선,잠실(송파구청),451300,94392,528927,93012,20250703
202506,8호선,수진,113226,49033,103438,47167,20250703
202506,8호선,모란,92007,63275,74284,49963,20250703
202506,8호선,남위례,174581,40048,175171,38801,20250703
202506,8호선,석촌,189082,60103,223475,62333,20250703
202506,8호선,송파,202737,75398,198983,73820,20250703
202506,8호선,가락시장,166374,69794,187808,71339,20250703
202506,8호선,문정,524554,71554,549593,71648,20250703
202506,8호선,장지,391770,95329,358883,90189,20250703
202506,8호선,암사역사공원,151752,36566,130765,35526,20250703
202506,8호선,암사,350033,114892,317591,113593,20250703
202506,8호선,천호(풍납토성),390097,113991,455362,113126,20250703
202506,8호선,강동구청,223638,75126,228105,75710,20250703
202506,8호선,몽촌토성(평화의문),174723,38349,180480,38092,20250703
202506,9호선,마곡나루(서울식물원),368572,43860,362433,42942,20250703
202506,9호선,개화,59192,14235,39957,11752,20250703
202506,9호선,김포공항,164915,18978,285607,28567,20250703
202506,9호선,공항시장,60190,24247,63743,25963,20250703
202506,9호선,신방화,146539,50726,142711,50745,20250703
202506,9호선,양천향교,237973,52489,243904,51854,20250703
202506,9호선,가양,482522,151152,471650,148175,20250703
202506,9호선,증미,175618,40850,168617,40933,20250703
202506,9호선,등촌,258296,95752,243478,97600,20250703
202506,9호선,염창,420710,85335,399917,82233,20250703
202506,9호선,신목동,101302,28953,88161,27690,20250703
202506,9호선,선유도,211326,36495,194644,35566,20250703
202506,9호선,당산,462274,76447,452751,70638,20250703
202506,9호선,국회의사당,390560,66453,408963,60337,20250703
202506,9호선,여의도,753380,58694,730899,53969,20250703
202506,9호선,샛강,147625,32435,146401,32518,20250703
202506,9호선,노량진,660291,91149,654641,90723,20250703
202506,9호선,노들,115776,37077,94752,34257,20250703
202506,9호선,흑석(중앙대입구),210572,63289,217343,63779,20250703
202506,9호선,동작(현충원),54326,27941,47919,26478,20250703
202506,9호선,구반포,44332,11247,40444,10863,20250703
202506,9호선,신반포,104431,33259,99596,33070,20250703
202506,9호선,고속터미널,408548,79873,553943,95369,20250703
202506,9호선,사평,91846,27786,87463,27731,20250703
202506,9호선,신논현,825193,58629,838669,56815,20250703
202506,9호선2~3단계,봉은사,581937,59885,616819,56608,20250703
202506,9호선2~3단계,올림픽공원(한국체대),239151,33584,243483,34051,20250703
202506,9호선2~3단계,둔촌오륜,101978,25944,99138,26956,20250703
202506,9호선2~3단계,중앙보훈병원,263809,91258,224179,88500,20250703
202506,9호선2~3단계,한성백제,73798,20805,65137,18486,20250703
202506,9호선2~3단계,송파나루,133286,34099,143736,36008,20250703
202506,9호선2~3단계,석촌,231453,46705,208399,41442,20250703
202506,9호선2~3단계,석촌고분,162525,45899,156043,46264,20250703
202506,9호선2~3단계,삼전,188062,48961,176772,48062,20250703
202506,9호선2~3단계,종합운동장,140538,25083,138422,22900,20250703
202506,9호선2~3단계,언주,279430,32778,282193,32393,20250703
202506,9호선2~3단계,선정릉,244842,31228,266253,32260,20250703
202506,9호선2~3단계,삼성중앙,184303,29962,192163,29442,20250703
202506,경강선,세종대왕릉,6339,4659,6263,4720,20250703
202506,경강선,여주,71257,27388,70892,27543,20250703
202506,경강선,성남,27825,7289,22920,7571,20250703
202506,경강선,판교,142179,22648,138536,19392,20250703
202506,경강선,이매,23543,6972,20834,6727,20250703
202506,경강선,삼동,53855,15336,48724,15300,20250703
202506,경강선,경기광주,186526,37577,175268,37506,20250703
202506,경강선,초월,86485,18554,80189,18141,20250703
202506,경강선,곤지암,51269,16772,50535,16938,20250703
202506,경강선,신둔도예촌,35848,9539,32772,9203,20250703
202506,경강선,이천,71354,16800,75795,18013,20250703
202506,경강선,부발,59636,12065,60060,12071,20250703
202506,경부선,세마,79327,18215,75190,17207,20250703
202506,경부선,오산대,94861,24647,86545,23606,20250703
202506,경부선,오산,266251,57570,264773,58101,20250703
202506,경부선,진위,37209,10641,34408,10451,20250703
202506,경부선,송탄,114977,23336,109900,22841,20250703
202506,경부선,서정리,205405,39839,197639,38941,20250703
202506,경부선,평택지제,113209,15682,107002,15480,20250703
202506,경부선,평택,331123,76723,330340,75617,20250703
202506,경부선,성환,128851,23305,125174,23201,20250703
202506,경부선,직산,25364,6296,25291,5921,20250703
202506,경부선,두정,204763,32509,218487,33336,20250703
202506,경부선,서울역,283245,18152,107947,5340,20250703
202506,경부선,남영,227830,38904,242069,40109,20250703
202506,경부선,용산,1156470,147529,1173341,146620,20250703
202506,경부선,노량진,210028,45002,208579,42003,20250703
202506,경부선,대방,227163,61429,259583,64148,20250703
202506,경부선,영등포,917262,314128,920644,313258,20250703
202506,경부선,신도림,86453,27341,91666,33404,20250703
202506,경부선,신길,197746,49448,174259,47325,20250703
202506,경부선,구로,390693,114836,406930,111816,20250703
202506,경부선,가산디지털단지,427195,41394,496264,47283,20250703
202506,경부선,금천구청,221974,86855,224534,88121,20250703
202506,경부선,석수,184477,53352,167359,51294,20250703
202506,경부선,관악,147032,61823,141771,59599,20250703
202506,경부선,안양,547250,140836,531829,145590,20250703
202506,경부선,명학,193391,47609,189363,46544,20250703
202506,경부선,금정,654760,147091,665409,148314,20250703
202506,경부선,군포,151982,39260,147872,38367,20250703
202506,경부선,의왕,205434,48828,203861,48524,20250703
202506,경부선,성균관대,374765,66720,365017,66600,20250703
202506,경부선,화서,275079,56330,269401,54694,20250703
202506,경부선,수원,1010888,180112,1058415,182056,20250703
202506,경부선,독산,382312,72646,383217,73906,20250703
202506,경부선,세류,83261,18767,77329,18355,20250703
202506,경부선,병점,373983,78082,374114,77842,20250703
202506,경부선,천안,161909,61533,152020,61430,20250703
202506,경부선,당정,143396,36987,135746,34998,20250703
202506,경부선,서동탄,34435,8449,29118,7783,20250703
202506,경부선,광명,100329,13121,82165,12111,20250703
202506,경원선,연천,14541,23803,13318,23726,20250703
202506,경원선,이촌(국립중앙박물관),87486,34511,65512,27996,20250703
202506,경원선,서빙고,50907,20483,46607,20050,20250703
202506,경원선,한남,73594,26757,73453,24938,20250703
202506,경원선,옥수,1559,194,1090,109,20250703
202506,경원선,왕십리(성동구청),399213,82777,400687,83965,20250703
202506,경원선,청량리(서울시립대입구),377596,163878,375895,172590,20250703
202506,경원선,외대앞,239743,49141,231326,48297,20250703
202506,경원선,신이문,166946,70990,152537,69987,20250703
202506,경원선,석계,148928,63303,171189,67317,20250703
202506,경원선,광운대,183759,60461,174707,58098,20250703
202506,경원선,월계,139953,67691,126197,65228,20250703
202506,경원선,녹천,85854,41595,69613,37585,20250703
202506,경원선,창동,131,17,0,0,20250703
202506,경원선,방학,173425,119989,166591,115459,20250703
202506,경원선,응봉,38675,18068,35209,16141,20250703
202506,경원선,도봉산,127967,123618,70176,96578,20250703
202506,경원선,망월사,172545,77627,172363,79404,20250703
202506,경원선,회룡,218310,168363,213751,165708,20250703
202506,경원선,의정부,436551,131899,444402,133001,20250703
202506,경원선,가능,125920,62201,120280,61799,20250703
202506,경원선,녹양,85427,42580,81600,40024,20250703
202506,경원선,양주,155881,63335,146855,61190,20250703
202506,경원선,덕계,138502,40417,126351,39047,20250703
202506,경원선,덕정,140714,40755,132301,40964,20250703
202506,경원선,지행,145490,50705,146917,50861,20250703
202506,경원선,동두천중앙,53074,37462,50490,36950,20250703
202506,경원선,보산,35155,14721,32342,14232,20250703
202506,경원선,동두천,44259,19806,42680,20472,20250703
202506,경원선,도봉,95890,76022,88660,74817,20250703
202506,경원선,소요산,13468,51813,14233,51095,20250703
202506,경원선,청산,2629,2570,2103,2284,20250703
202506,경원선,전곡,24211,15514,21655,14460,20250703
202506,경의선,탄현,173163,47075,163875,46418,20250703
202506,경의선,검암,3,0,0,0,20250703
202506,경의선,계양,12,0,0,0,20250703
202506,경의선,김포공항,1,0,0,0,20250703
202506,경의선,디지털미디어시티,62587,13278,58879,14153,20250703
202506,경의선,홍대입구,61571,5713,73277,6712,20250703
202506,경의선,공덕,103143,16735,79806,15972,20250703
202506,경의선,서울역,70773,18415,91530,20898,20250703
202506,경의선,운천,43,114,37,93,20250703
202506,경의선,임진강,551,611,467,593,20250703
202506,경의선,문산,117478,47847,113342,47306,20250703
202506,경의선,파주,31121,8341,24212,7556,20250703
202506,경의선,월롱,47977,9593,42195,9872,20250703
202506,경의선,금촌,139987,53194,135009,53839,20250703
202506,경의선,금릉,110061,32227,106782,31599,20250703
202506,경의선,운정,152887,44638,140907,43552,20250703
202506,경의선,야당,184500,43861,189267,43039,20250703
202506,경의선,일산,232710,79168,225698,79074,20250703
202506,경의선,풍산,136100,47337,128615,46207,20250703
202506,경의선,백마,159451,42795,154702,42525,20250703
202506,경의선,곡산,11372,6913,12219,7074,20250703
202506,경의선,능곡,95349,39253,89247,38640,20250703
202506,경의선,행신,177228,40972,176167,41760,20250703
202506,경의선,강매,70291,21046,58484,19738,20250703
202506,경의선,한국항공대,64751,10725,60284,10567,20250703
202506,경의선,수색,70951,19702,71588,20139,20250703
202506,경의선,가좌,122964,47223,118680,46412,20250703
202506,경의선,서강대,54396,12417,53886,11495,20250703
202506,경의선,효창공원앞,73251,18046,83075,20380,20250703
202506,경의선,신촌,21348,3803,27342,4616,20250703
202506,경인선,도원,70283,33152,69562,34391,20250703
202506,경인선,간석,115670,49950,108406,48328,20250703
202506,경인선,부개,171376,76781,156112,74977,20250703
202506,경인선,소사,155454,63524,144549,61048,20250703
202506,경인선,구일,218443,51744,229006,51097,20250703
202506,경인선,인천,90965,50986,72245,47815,20250703
202506,경인선,동인천,271484,130016,252877,127420,20250703
202506,경인선,제물포,232373,74113,222360,73744,20250703
202506,경인선,동암,326608,116925,327302,118322,20250703
202506,경인선,개봉,457152,180232,443409,186004,20250703
202506,경인선,오류동,235179,102382,215025,99489,20250703
202506,경인선,역곡,579540,169434,571430,174828,20250703
202506,경인선,부천,678351,252242,673601,255769,20250703
202506,경인선,송내,585772,146659,576117,144676,20250703
202506,경인선,주안,431285,103659,385403,91788,20250703
202506,경인선,부평,698079,170006,735658,173159,20250703
202506,경인선,백운,142916,65376,136211,64649,20250703
202506,경인선,온수(성공회대입구),130946,56494,120782,54875,20250703
202506,경인선,중동,180875,85107,163997,83176,20250703
202506,경인선,도화,79253,45025,70070,43480,20250703
202506,경춘선,퇴계원,65154,33783,58872,32424,20250703
202506,경춘선,백양리,1453,1638,1414,1626,20250703
202506,경춘선,굴봉산,1852,2740,1597,2751,20250703
202506,경춘선,가평,47191,23744,46611,23588,20250703
202506,경춘선,상천,4131,5868,3758,5602,20250703
202506,경춘선,청평,35470,24856,34846,24625,20250703
202506,경춘선,대성리,19206,8772,18845,8378,20250703
202506,경춘선,마석,79569,41296,77602,41027,20250703
202506,경춘선,천마산,27521,19975,24791,19959,20250703
202506,경춘선,평내호평,131647,52637,127999,50794,20250703
202506,경춘선,금곡,29752,20022,28437,19450,20250703
202506,경춘선,사릉,42805,18779,40960,19050,20250703
202506,경춘선,별내,52171,23298,46963,20298,20250703
202506,경춘선,갈매,54890,21817,47265,20390,20250703
202506,경춘선,신내,58656,23164,54887,22516,20250703
202506,경춘선,춘천,38255,21345,33591,16949,20250703
202506,경춘선,남춘천,67337,30572,67973,32397,20250703
202506,경춘선,김유정,8866,6390,9630,6586,20250703
202506,경춘선,강촌,10902,6030,10687,6294,20250703
202506,공항철도 1호선,운서,262504,34767,278315,34983,20250703
202506,공항철도 1호선,청라국제도시,191202,16519,180675,16174,20250703
202506,공항철도 1호선,검암,158982,18086,163747,18409,20250703
202506,공항철도 1호선,계양,318520,42242,307477,40880,20250703
202506,공항철도 1호선,김포공항,250756,24109,144433,14973,20250703
202506,공항철도 1호선,마곡나루(서울식물원),317272,21117,303174,21299,20250703
202506,공항철도 1호선,디지털미디어시티,340844,31814,323462,29971,20250703
202506,공항철도 1호선,홍대입구,451732,21579,430071,19988,20250703
202506,공항철도 1호선,공덕,79662,9527,105627,11366,20250703
202506,공항철도 1호선,서울역,379095,39014,333585,35465,20250703
202506,공항철도 1호선,인천공항1터미널,419858,39551,409962,36231,20250703
202506,공항철도 1호선,인천공항2터미널,215910,21616,177139,18230,20250703
202506,공항철도 1호선,영종,106097,26330,107952,26248,20250703
202506,공항철도 1호선,공항화물청사,42494,9528,57300,9771,20250703
202506,과천선,대공원,110393,57794,113778,59383,20250703
202506,과천선,범계,675576,143214,675762,140088,20250703
202506,과천선,평촌,409942,75902,396924,75042,20250703
202506,과천선,인덕원,579057,144234,583639,147566,20250703
202506,과천선,정부과천청사,296524,61691,316866,62055,20250703
202506,과천선,과천,123803,47704,112763,44900,20250703
202506,과천선,경마공원,88491,86653,88975,86741,20250703
202506,과천선,선바위,178294,37949,153756,36288,20250703
202506,분당선,수원,198970,37795,185850,35948,20250703
202506,분당선,선릉,284770,48371,439266,65545,20250703
202506,분당선,한티,362929,73748,381050,75477,20250703
202506,분당선,도곡,154480,57314,160835,56340,20250703
202506,분당선,구룡,73204,28535,71637,28450,20250703
202506,분당선,개포동,90624,34514,92294,34927,20250703
202506,분당선,대모산입구,123528,40844,114839,40232,20250703
202506,분당선,수서,414630,81412,432193,86519,20250703
202506,분당선,복정,54,1,0,0,20250703
202506,분당선,청명,106265,24727,102077,25176,20250703
202506,분당선,상갈,113355,34595,107520,33977,20250703
202506,분당선,기흥,244028,51286,224203,50621,20250703
202506,분당선,신갈,96870,34390,94891,34123,20250703
202506,분당선,구성,154669,44880,157627,45281,20250703
202506,분당선,죽전,305075,81237,341237,86964,20250703
202506,분당선,보정,49063,21788,43091,20439,20250703
202506,분당선,이매,120971,43298,113372,42516,20250703
202506,분당선,오리,230378,77482,197819,68944,20250703
202506,분당선,미금,315239,120308,324330,125702,20250703
202506,분당선,정자,428802,74782,451612,73924,20250703
202506,분당선,수내,284736,83772,285234,82501,20250703
202506,분당선,서현,522304,138991,539732,135194,20250703
202506,분당선,야탑,534536,182026,575153,183575,20250703
202506,분당선,모란,403505,186274,400516,204198,20250703
202506,분당선,태평,276751,98915,257380,103816,20250703
202506,분당선,가천대,255285,30086,258390,29953,20250703
202506,분당선,선정릉,159416,33788,168036,32773,20250703
202506,분당선,강남구청,213299,40197,251051,44503,20250703
202506,분당선,압구정로데오,483887,48419,537308,46810,20250703
202506,분당선,서울숲,328459,38591,342378,37760,20250703
202506,분당선,매교,121036,29768,118570,30294,20250703
202506,분당선,수원시청,342219,56538,369335,57502,20250703
202506,분당선,매탄권선,129878,28368,126255,27684,20250703
202506,분당선,망포,366623,49127,354188,47696,20250703
202506,분당선,영통,221064,39352,223401,39133,20250703
202506,서해선,부천종합운동장,72911,10706,61934,8700,20250703
202506,서해선,원종,100742,46254,98224,47377,20250703
202506,서해선,김포공항,81759,12864,111586,22559,20250703
202506,수인선,호구포,83500,25336,87837,25257,20250703
202506,수인선,남동인더스파크,50802,7165,57100,7549,20250703
202506,수인선,원인재,92361,39241,96301,39165,20250703
202506,수인선,연수,102577,36069,99987,36148,20250703
202506,수인선,송도,49108,27226,42836,26062,20250703
202506,수인선,인하대,170572,36376,158740,35055,20250703
202506,수인선,숭의,91037,36262,82340,34146,20250703
202506,수인선,월곶,66291,22638,59432,22155,20250703
202506,수인선,인천,20461,16011,35305,20286,20250703
202506,수인선,오목천,111239,19717,95551,19187,20250703
202506,수인선,어천,37033,9447,34452,10263,20250703
202506,수인선,야목,12304,3512,10437,3052,20250703
202506,수인선,사리,125895,23724,107023,21711,20250703
202506,수인선,고색,132290,24017,126903,22468,20250703
202506,수인선,달월,1487,1050,1286,682,20250703
202506,수인선,신포,39684,17401,39775,17294,20250703
202506,수인선,소래포구,98997,63718,92074,62624,20250703
202506,수인선,인천논현,117232,45080,125389,45929,20250703
202506,신림선,샛강,64633,17383,79483,16199,20250703
202506,신림선,관악산(서울대),62360,43656,60355,43334,20250703
202506,신림선,서울대벤처타운,222689,72761,196485,72139,20250703
202506,신림선,서원,77214,28060,65351,26978,20250703
202506,신림선,신림,47339,22043,57553,24721,20250703
202506,신림선,당곡,101726,44751,95064,42671,20250703
202506,신림선,보라매병원,176316,70827,180728,67596,20250703
202506,신림선,보라매공원,69943,33264,82782,38299,20250703
202506,신림선,보라매,102694,31439,93967,28780,20250703
202506,신림선,서울지방병무청,64317,29451,70202,32192,20250703
202506,신림선,대방,72238,21902,56503,18577,20250703
202506,안산선,수리산,84325,35603,68197,32988,20250703
202506,안산선,산본,352526,120204,377536,123111,20250703
202506,안산선,대야미,110460,37767,97424,35564,20250703
202506,안산선,반월,93946,36394,90440,36096,20250703
202506,안산선,상록수,357769,81215,358064,83096,20250703
202506,안산선,한대앞,237753,50978,237730,51787,20250703
202506,안산선,중앙,468133,79213,492835,77959,20250703
202506,안산선,고잔,213687,43010,205633,41607,20250703
202506,안산선,초지,124771,20870,125994,21359,20250703
202506,안산선,안산,317588,43912,298505,41929,20250703
202506,안산선,신길온천,52412,12192,45683,11530,20250703
202506,안산선,정왕,254780,34917,253826,36025,20250703
202506,안산선,오이도,193964,43238,191440,42713,20250703
202506,우이신설선,보문,33961,18838,33921,18680,20250703
202506,우이신설선,북한산우이,58848,39619,52703,41465,20250703
202506,우이신설선,솔밭공원,45776,33126,40657,34166,20250703
202506,우이신설선,4.19민주묘지,66141,43347,64934,38502,20250703
202506,우이신설선,가오리,71028,55760,68483,57374,20250703
202506,우이신설선,화계,58435,51531,52218,51489,20250703
202506,우이신설선,삼양,38917,32712,39111,35663,20250703
202506,우이신설선,삼양사거리,37720,40240,36894,39432,20250703
202506,우이신설선,솔샘,124642,45069,113731,46759,20250703
202506,우이신설선,북한산보국문,135898,49153,123942,48481,20250703
202506,우이신설선,정릉,91264,51505,78855,48291,20250703
202506,우이신설선,성신여대입구(돈암),74767,34653,85098,32808,20250703
202506,우이신설선,신설동,38051,35244,37490,30759,20250703
202506,일산선,지축,33,1,0,0,20250703
202506,일산선,원흥,252419,71597,240302,69233,20250703
202506,일산선,삼송,451650,106408,433250,106455,20250703
202506,일산선,원당,245605,91208,232180,91153,20250703
202506,일산선,화정,368492,135551,379355,138135,20250703
202506,일산선,대곡,261387,31609,239637,29860,20250703
202506,일산선,백석,206074,85355,212941,85417,20250703
202506,일산선,마두,147878,74174,148838,76135,20250703
202506,일산선,정발산,154675,63013,161076,59568,20250703
202506,일산선,주엽,163865,97764,159336,99598,20250703
202506,일산선,대화,266130,89069,210549,82661,20250703
202506,장항선,아산,113048,15965,97155,15134,20250703
202506,장항선,탕정,51382,8343,46828,7751,20250703
202506,장항선,배방,31299,8016,30896,7960,20250703
202506,장항선,온양온천,86995,58948,88097,59601,20250703
202506,장항선,신창(순천향대),49241,7269,48781,7003,20250703
202506,장항선,쌍용(나사렛대),64310,17264,61965,16462,20250703
202506,장항선,봉명,27867,12151,27833,11741,20250703
202506,중앙선,구리,173794,58073,185299,59943,20250703
202506,중앙선,도농,205031,70708,186427,68224,20250703
202506,중앙선,양정,9021,7668,7408,6795,20250703
202506,중앙선,덕소,106915,51173,106563,51463,20250703
202506,중앙선,도심,50524,21918,38338,20063,20250703
202506,중앙선,팔당,17592,9631,18273,9823,20250703
202506,중앙선,운길산,13627,14942,12956,15250,20250703
202506,중앙선,양수,35117,28030,34443,27593,20250703
202506,중앙선,신원,2720,3470,2261,3179,20250703
202506,중앙선,국수,11829,11156,10987,11252,20250703
202506,중앙선,아신,10092,7473,10155,7378,20250703
202506,중앙선,오빈,4440,5027,4364,5071,20250703
202506,중앙선,양평,63617,39967,65102,40939,20250703
202506,중앙선,원덕,4598,7421,4484,7078,20250703
202506,중앙선,용문,32055,40186,31164,40016,20250703
202506,중앙선,지평,723,1133,988,1316,20250703
202506,중앙선,회기,653127,132117,615849,129438,20250703
202506,중앙선,중랑,108072,53686,100875,53515,20250703
202506,중앙선,상봉,127071,46969,125645,45358,20250703
202506,중앙선,망우,148307,77883,140552,79492,20250703
202506,중앙선,양원,67062,24846,65154,24830,20250703
202505,1호선,종로3가,512476,303553,457462,280344,20250603
202505,1호선,동묘앞,171712,179479,180938,180821,20250603
202505,1호선,동대문,257691,136529,249085,135651,20250603
202505,1호선,청량리(서울시립대입구),409942,299751,408625,300568,20250603
202505,1호선,제기동,238150,279355,226195,300973,20250603
202505,1호선,신설동,303869,127820,290560,123771,20250603
202505,1호선,서울역,1974497,281755,1846877,264457,20250603
202505,1호선,시청,658058,115301,667735,113225,20250603
202505,1호선,종각,944824,158241,931282,146906,20250603
202505,1호선,종로5가,459740,260401,448627,252806,20250603
202505,2호선,영등포구청,537306,111582,562143,111811,20250603
202505,2호선,시청,680479,65079,639934,57873,20250603
202505,2호선,을지로입구,1321395,107817,1369323,100821,20250603
202505,2호선,을지로3가,659747,75593,660814,75354,20250603
202505,2호선,을지로4가,357086,76952,353693,76546,20250603
202505,2호선,동대문역사문화공원(DDP),410263,65398,483566,72289,20250603
202505,2호선,신당,360635,96879,376305,98532,20250603
202505,2호선,상왕십리,359968,72268,349982,73235,20250603
202505,2호선,왕십리(성동구청),438626,55259,397242,50725,20250603
202505,2호선,한양대,379075,15575,420823,16989,20250603
202505,2호선,뚝섬,697791,70536,724110,70204,20250603
202505,2호선,성수,1386719,104290,1513271,105170,20250603
202505,2호선,건대입구,1095910,102832,1128446,106270,20250603
202505,2호선,구의(광진구청),650003,119182,627679,118632,20250603
202505,2호선,강변(동서울터미널),752497,125561,698363,121073,20250603
202505,2호선,잠실나루,337845,93480,326288,92880,20250603
202505,2호선,잠실(송파구청),2319055,238678,2287768,227238,20250603
202505,2호선,잠실새내,613714,123366,606448,122524,20250603
202505,2호선,종합운동장,497383,65783,562075,69605,20250603
202505,2호선,삼성(무역센터),1434347,128265,1450787,119057,20250603
202505,2호선,선릉,1309852,249509,1153307,219762,20250603
202505,2호선,역삼,1173375,138144,1338786,141899,20250603
202505,2호선,강남,2134221,170480,2121862,149711,20250603
202505,2호선,교대(법원.검찰청),715021,155057,864731,183842,20250603
202505,2호선,서초,540394,95808,524003,97288,20250603
202505,2호선,방배,445158,81483,458537,80545,20250603
202505,2호선,사당,1044287,234190,1175838,225830,20250603
202505,2호선,낙성대(강감찬),726582,121209,695046,122981,20250603
202505,2호선,서울대입구(관악구청),1235490,191233,1188977,181031,20250603
202505,2호선,봉천,571672,166824,524034,167286,20250603
202505,2호선,신림,1467804,215321,1428292,215004,20250603
202505,2호선,신대방,637033,148364,603079,146376,20250603
202505,2호선,구로디지털단지,1430018,222747,1410417,222767,20250603
202505,2호선,대림(구로구청),598675,150049,611332,155233,20250603
202505,2호선,신도림,1295073,254458,1256361,239100,20250603
202505,2호선,문래,571111,93426,595164,93496,20250603
202505,2호선,당산,504653,65752,564088,70713,20250603
202505,2호선,합정,913410,74182,1009410,76596,20250603
202505,2호선,홍대입구,2268333,108216,2476446,105885,20250603
202505,2호선,신촌,1083397,127969,1104584,126025,20250603
202505,2호선,이대,492828,52050,538721,55986,20250603
202505,2호선,아현,266220,70646,246141,70044,20250603
202505,2호선,충정로(경기대입구),240438,49688,258645,49722,20250603
202505,2호선,용답,74960,20169,74151,19843,20250603
202505,2호선,신답,37437,10355,41968,10613,20250603
202505,2호선,신설동,84606,36460,80021,38109,20250603
202505,2호선,도림천,29312,9774,30373,10693,20250603
202505,2호선,양천구청,148035,59274,154298,59896,20250603
202505,2호선,신정네거리,229577,80512,234775,81723,20250603
202505,2호선,용두(동대문구청),50674,25161,49108,26352,20250603
202505,3호선,도곡,149478,33199,149365,31381,20250603
202505,3호선,대치,297387,75134,287860,72644,20250603
202505,3호선,학여울,51282,17940,53111,17588,20250603
202505,3호선,대청,249944,66364,232720,64453,20250603
202505,3호선,일원,246441,73009,236612,73035,20250603
202505,3호선,수서,442817,133315,436523,129291,20250603
202505,3호선,가락시장,183154,83239,178659,80576,20250603
202505,3호선,경찰병원,163890,48456,161472,50175,20250603
202505,3호선,오금,154698,35770,136123,33448,20250603
202505,3호선,녹번,370117,86072,329379,85499,20250603
202505,3호선,홍제,402666,160927,377589,156146,20250603
202505,3호선,지축,187904,42240,190274,40841,20250603
202505,3호선,구파발,516292,148633,503914,143074,20250603
202505,3호선,연신내,842026,284443,794782,273582,20250603
202505,3호선,불광,356997,160932,377642,179091,20250603
202505,3호선,무악재,92783,34542,91329,37225,20250603
202505,3호선,독립문,170543,82580,182895,85008,20250603
202505,3호선,경복궁(정부서울청사),796607,119450,837715,124620,20250603
202505,3호선,안국,772250,123118,806229,129973,20250603
202505,3호선,종로3가,285028,73346,334578,85547,20250603
202505,3호선,을지로3가,309629,49949,305842,46750,20250603
202505,3호선,충무로,138,10,0,0,20250603
202505,3호선,동대입구,339915,43421,383096,47642,20250603
202505,3호선,약수,298269,86305,297394,81974,20250603
202505,3호선,금호,184720,58062,172443,56533,20250603
202505,3호선,옥수,209475,67711,215501,67852,20250603
202505,3호선,압구정,763039,146953,824297,145881,20250603
202505,3호선,신사,719608,71161,762213,69473,20250603
202505,3호선,잠원,126380,35855,118552,34452,20250603
202505,3호선,고속터미널,1405443,246662,1349315,231108,20250603
202505,3호선,교대(법원.검찰청),392144,90941,218749,52400,20250603
202505,3호선,남부터미널(예술의전당),760076,139282,766703,141136,20250603
202505,3호선,양재(서초구청),893020,160118,960100,161505,20250603
202505,3호선,매봉,277042,81561,270743,76453,20250603
202505,4호선,명동,1019769,86865,1093914,90712,20250603
202505,4호선,서울역,315625,43090,639238,65111,20250603
202505,4호선,숙대입구(갈월),420787,59471,410339,55870,20250603
202505,4호선,삼각지(전쟁기념관),174016,25039,210547,26930,20250603
202505,4호선,신용산,558061,62693,608573,63861,20250603
202505,4호선,총신대입구(이수),421558,174201,458464,182751,20250603
202505,4호선,사당,700355,108377,615257,112856,20250603
202505,4호선,남태령,35191,9764,27901,8936,20250603
202505,4호선,동작(현충원),51121,17562,53829,18151,20250603
202505,4호선,불암산,210173,86093,174320,85121,20250603
202505,4호선,상계,453020,148884,416294,144301,20250603
202505,4호선,노원,521636,120276,600536,118235,20250603
202505,4호선,창동,577553,254827,610802,262382,20250603
202505,4호선,쌍문,690258,197892,628751,195448,20250603
202505,4호선,수유(강북구청),842430,210724,835682,213379,20250603
202505,4호선,미아(서울사이버대학),364912,132549,342992,134597,20250603
202505,4호선,이촌(국립중앙박물관),252864,57730,277079,60923,20250603
202505,4호선,미아사거리,595559,203770,581873,202638,20250603
202505,4호선,길음,535975,134354,533542,133173,20250603
202505,4호선,성신여대입구(돈암),614813,98887,586813,97254,20250603
202505,4호선,한성대입구(삼선교),396266,85789,385999,84923,20250603
202505,4호선,혜화,1046828,138366,1054695,135600,20250603
202505,4호선,동대문,426569,170485,442818,165918,20250603
202505,4호선,동대문역사문화공원(DDP),544661,72145,469212,63451,20250603
202505,4호선,충무로,815501,125391,842870,127538,20250603
202505,4호선,회현(남대문시장),625591,234749,662923,235531,20250603
202505,5호선,마천,155883,62691,134719,64039,20250603
202505,5호선,송정,137113,56177,129204,54260,20250603
202505,5호선,방화,149018,63280,141679,61538,20250603
202505,5호선,개화산,129077,48371,121888,47236,20250603
202505,5호선,김포공항,314745,56171,187846,43888,20250603
202505,5호선,우장산,339837,107877,332872,112395,20250603
202505,5호선,화곡,683239,167294,631146,160401,20250603
202505,5호선,까치산,660531,175478,623718,176866,20250603
202505,5호선,신정(은행정),326218,74264,263341,72201,20250603
202505,5호선,목동,402360,96019,431169,97831,20250603
202505,5호선,오목교(목동운동장앞),532522,100940,563872,99616,20250603
202505,5호선,양평,195013,33669,186220,33009,20250603
202505,5호선,영등포구청,118287,23062,116282,22633,20250603
202505,5호선,영등포시장,276127,83349,275623,85707,20250603
202505,5호선,신길,133785,14024,138542,14398,20250603
202505,5호선,여의도,717255,59708,777465,57001,20250603
202505,5호선,여의나루,437029,35306,493278,34256,20250603
202505,5호선,마포,347092,69384,352848,68992,20250603
202505,5호선,공덕,362994,55028,381240,51781,20250603
202505,5호선,애오개,148091,42120,143926,40776,20250603
202505,5호선,충정로(경기대입구),118112,17154,120709,17442,20250603
202505,5호선,서대문,490232,78155,495859,74963,20250603
202505,5호선,광화문(세종문화회관),878414,109049,935942,108452,20250603
202505,5호선,종로3가,433856,98828,444488,95597,20250603
202505,5호선,을지로4가,150048,44417,149610,43983,20250603
202505,5호선,동대문역사문화공원(DDP),78643,9493,89914,10548,20250603
202505,5호선,청구,84991,23716,82927,20069,20250603
202505,5호선,신금호,147267,41792,153158,47396,20250603
202505,5호선,행당,184364,56142,163373,50506,20250603
202505,5호선,왕십리(성동구청),106307,26953,124342,26381,20250603
202505,5호선,마장,133085,45168,122712,43767,20250603
202505,5호선,답십리,381335,91540,339320,87690,20250603
202505,5호선,장한평,466042,109188,452933,111420,20250603
202505,5호선,군자(능동),314019,47928,348663,51277,20250603
202505,5호선,아차산(어린이대공원후문),370130,120580,359478,117486,20250603
202505,5호선,광나루(장신대),288203,76074,273180,75170,20250603
202505,5호선,천호(풍납토성),450788,172832,436973,172278,20250603
202505,5호선,강동,432869,125206,419842,123037,20250603
202505,5호선,길동,180074,92146,182926,93389,20250603
202505,5호선,굽은다리(강동구민회관앞),210066,90479,201812,85532,20250603
202505,5호선,명일,178013,76740,174623,77504,20250603
202505,5호선,고덕,231571,85434,225994,83825,20250603
202505,5호선,상일동,330997,104112,306552,102565,20250603
202505,5호선,둔촌동,279592,98788,273925,99009,20250603
202505,5호선,올림픽공원(한국체대),146186,46808,137089,40876,20250603
202505,5호선,방이,169294,57346,172029,57572,20250603
202505,5호선,오금,83752,25084,85266,24601,20250603
202505,5호선,개롱,141362,58131,145583,59692,20250603
202505,5호선,거여,225828,76311,219567,73789,20250603
202505,5호선,강일,135331,51823,121959,49528,20250603
202505,5호선,미사,449350,103689,457873,102420,20250603
202505,5호선,하남풍산,100566,39673,99031,39652,20250603
202505,5호선,하남시청(덕풍?신장),180406,89375,165202,89640,20250603
202505,5호선,하남검단산,148697,62550,138288,60856,20250603
202505,5호선,마곡,313180,63085,320281,61516,20250603
202505,5호선,발산,544780,126108,568691,121452,20250603
202505,6호선,신내,16,2,0,0,20250603
202505,6호선,신당,208939,41076,214335,39891,20250603
202505,6호선,응암,402631,139106,398011,136726,20250603
202505,6호선,역촌,76494,36762,98104,37115,20250603
202505,6호선,불광,100188,50266,98592,40298,20250603
202505,6호선,독바위,60497,23110,59401,28795,20250603
202505,6호선,연신내,59,5,0,0,20250603
202505,6호선,구산,191059,61752,127171,64142,20250603
202505,6호선,새절(신사),284731,99834,261129,100651,20250603
202505,6호선,증산(명지대앞),212330,78796,210170,79126,20250603
202505,6호선,디지털미디어시티,356252,66230,380370,66483,20250603
202505,6호선,월드컵경기장(성산),143206,60173,156711,59009,20250603
202505,6호선,마포구청,353450,88480,313407,80897,20250603
202505,6호선,망원,417483,92343,449242,95206,20250603
202505,6호선,합정,378308,46542,377733,42373,20250603
202505,6호선,상수,312348,23010,353010,22996,20250603
202505,6호선,광흥창(서강),223747,63588,209479,63007,20250603
202505,6호선,대흥(서강대앞),241805,54045,256664,53967,20250603
202505,6호선,공덕,459606,87904,454706,82909,20250603
202505,6호선,효창공원앞,191006,43612,174721,40388,20250603
202505,6호선,삼각지(전쟁기념관),228252,21828,204044,18179,20250603
202505,6호선,녹사평(용산구청),155067,19718,165217,19217,20250603
202505,6호선,이태원,355060,32114,403879,32352,20250603
202505,6호선,한강진,304355,18872,366723,18997,20250603
202505,6호선,버티고개,50299,13576,49187,16580,20250603
202505,6호선,약수,98119,25086,91021,22948,20250603
202505,6호선,청구,93614,20767,89221,22479,20250603
202505,6호선,동묘앞,213837,78689,219669,73002,20250603
202505,6호선,창신,90009,20779,74979,19892,20250603
202505,6호선,보문,217937,36911,203766,35188,20250603
202505,6호선,안암(고대병원앞),407506,39736,410241,39598,20250603
202505,6호선,고려대(종암),253570,39633,240329,39166,20250603
202505,6호선,월곡(동덕여대),293934,77022,279865,76376,20250603
202505,6호선,상월곡(한국과학기술연구원),159667,46515,145321,44744,20250603
202505,6호선,돌곶이,261839,71616,239540,70646,20250603
202505,6호선,석계,293461,90923,299776,89470,20250603
202505,6호선,태릉입구,164171,55050,193872,60104,20250603
202505,6호선,화랑대(서울여대입구),307273,55786,247778,50881,20250603
202505,6호선,봉화산(서울의료원),198568,56996,183833,56041,20250603
202505,7호선,면목,352708,110558,329736,113336,20250603
202505,7호선,장암,68019,18395,29082,14510,20250603
202505,7호선,도봉산,219125,59819,247873,84845,20250603
202505,7호선,수락산,269052,116574,259276,117802,20250603
202505,7호선,마들,298189,106507,276745,104349,20250603
202505,7호선,노원,464383,150688,499295,152294,20250603
202505,7호선,중계,337060,109030,303961,105689,20250603
202505,7호선,하계,425831,128362,396223,123290,20250603
202505,7호선,공릉(서울과학기술대),308187,85687,296681,85668,20250603
202505,7호선,태릉입구,246709,75773,242558,73795,20250603
202505,7호선,먹골,242976,83386,234609,83304,20250603
202505,7호선,중화,256727,80204,248306,78213,20250603
202505,7호선,상봉,449500,87830,436486,83995,20250603
202505,7호선,사가정,372415,117439,375270,117435,20250603
202505,7호선,용마산(용마폭포공원),133704,40157,128826,43627,20250603
202505,7호선,중곡,249182,75247,227958,75795,20250603
202505,7호선,군자(능동),361147,95783,275306,82086,20250603
202505,7호선,어린이대공원(세종대),526432,54191,545116,53976,20250603
202505,7호선,건대입구,370585,70680,393756,65142,20250603
202505,7호선,자양(뚝섬한강공원),323168,57043,318362,56564,20250603
202505,7호선,청담,437121,83200,479847,80590,20250603
202505,7호선,강남구청,396474,56950,446321,58125,20250603
202505,7호선,학동,554559,67812,579204,64618,20250603
202505,7호선,논현,481209,48148,504543,46983,20250603
202505,7호선,반포,156451,44543,147846,41567,20250603
202505,7호선,고속터미널,493670,90125,374475,78620,20250603
202505,7호선,내방,339357,83668,343437,80450,20250603
202505,7호선,이수,409920,94480,399391,88969,20250603
202505,7호선,남성,255968,84676,240635,85644,20250603
202505,7호선,숭실대입구(살피재),390332,70724,388434,72917,20250603
202505,7호선,상도,312516,72543,308268,69507,20250603
202505,7호선,장승배기,200464,73424,191673,73754,20250603
202505,7호선,신대방삼거리,347913,102450,324539,104561,20250603
202505,7호선,보라매,174341,40335,184530,43405,20250603
202505,7호선,신풍,267069,82177,247399,80684,20250603
202505,7호선,대림(구로구청),236926,53232,238207,51909,20250603
202505,7호선,남구로,355372,73531,373075,74995,20250603
202505,7호선,가산디지털단지,1036721,106751,1036449,100012,20250603
202505,7호선,철산,507242,121442,517633,119517,20250603
202505,7호선,광명사거리,471430,179772,459753,186442,20250603
202505,7호선,천왕,276084,69218,262914,70088,20250603
202505,7호선,온수(성공회대입구),252745,49390,234723,46883,20250603
202505,7호선,까치울,1,0,0,0,20250603
202505,8호선,신흥,114213,46941,116238,48111,20250603
202505,8호선,수진,120590,49936,108775,48308,20250603
202505,8호선,암사,370147,119179,334974,117456,20250603
202505,8호선,남위례,185689,42457,186379,41264,20250603
202505,8호선,모란,99606,67396,80497,52809,20250603
202505,8호선,암사역사공원,159957,36957,138461,36136,20250603
202505,8호선,천호(풍납토성),409768,115855,478584,115961,20250603
202505,8호선,강동구청,237753,77288,241732,78230,20250603
202505,8호선,몽촌토성(평화의문),196670,42166,200140,41682,20250603
202505,8호선,잠실(송파구청),494641,96521,591422,95391,20250603
202505,8호선,석촌,202551,61788,243677,64501,20250603
202505,8호선,송파,214225,76512,209650,74685,20250603
202505,8호선,가락시장,174520,72532,196466,74516,20250603
202505,8호선,문정,535976,72933,562844,73497,20250603
202505,8호선,장지,415248,98615,378317,93110,20250603
202505,8호선,복정,243813,50582,207264,45721,20250603
202505,8호선,산성,148658,39670,149803,43131,20250603
202505,8호선,남한산성입구(성남법원.검찰청),326559,86309,294274,81339,20250603
202505,8호선,단대오거리,283514,85392,265820,82738,20250603
202505,9호선,사평,98786,27786,92735,27705,20250603
202505,9호선,신논현,866645,60395,877030,58579,20250603
202505,9호선,선유도,218414,37920,200608,36800,20250603
202505,9호선,당산,483850,78799,473894,72858,20250603
202505,9호선,국회의사당,414881,81895,434432,75075,20250603
202505,9호선,여의도,777926,59673,751735,55279,20250603
202505,9호선,샛강,152482,32807,148419,32749,20250603
202505,9호선,개화,62414,14682,42541,12165,20250603
202505,9호선,고속터미널,448588,80507,612490,97938,20250603
202505,9호선,신반포,115048,33962,109487,33869,20250603
202505,9호선,구반포,44454,11003,40286,10737,20250603
202505,9호선,동작(현충원),49330,17523,43065,15781,20250603
202505,9호선,흑석(중앙대입구),239566,64872,244823,65513,20250603
202505,9호선,노들,132963,37835,113440,35133,20250603
202505,9호선,노량진,718365,94900,717169,94669,20250603
202505,9호선,김포공항,171438,19428,278848,27992,20250603
202505,9호선,공항시장,63404,25642,67363,27576,20250603
202505,9호선,신방화,154535,52459,149824,52112,20250603
202505,9호선,마곡나루(서울식물원),386517,48488,379793,47488,20250603
202505,9호선,양천향교,247477,54515,251359,54134,20250603
202505,9호선,가양,501902,156834,489631,153951,20250603
202505,9호선,증미,180168,41415,171956,41437,20250603
202505,9호선,등촌,266736,99464,251025,100466,20250603
202505,9호선,염창,442562,87961,419426,85058,20250603
202505,9호선,신목동,105873,30099,91592,28726,20250603
202505,9호선2~3단계,언주,282646,33570,285817,33422,20250603
202505,9호선2~3단계,선정릉,252077,31720,275166,33093,20250603
202505,9호선2~3단계,중앙보훈병원,272158,90482,231871,87722,20250603
202505,9호선2~3단계,둔촌오륜,105007,25955,100202,26418,20250603
202505,9호선2~3단계,올림픽공원(한국체대),302445,35488,320874,36396,20250603
202505,9호선2~3단계,봉은사,606801,66650,644418,63252,20250603
202505,9호선2~3단계,석촌고분,169768,47730,163890,47548,20250603
202505,9호선2~3단계,삼성중앙,183956,30299,190085,29822,20250603
202505,9호선2~3단계,삼전,195497,50894,181836,49910,20250603
202505,9호선2~3단계,한성백제,79600,21498,69745,19016,20250603
202505,9호선2~3단계,종합운동장,138457,26020,136648,23703,20250603
202505,9호선2~3단계,석촌,249482,47492,226035,42121,20250603
202505,9호선2~3단계,송파나루,144309,34374,151600,36139,20250603
202505,경강선,경기광주,201518,39537,187623,39336,20250603
202505,경강선,성남,28104,7276,23122,7525,20250603
202505,경강선,여주,81967,33596,80932,33319,20250603
202505,경강선,세종대왕릉,6882,5011,7128,5334,20250603
202505,경강선,부발,64151,12631,63554,12716,20250603
202505,경강선,이천,77452,17180,82766,18427,20250603
202505,경강선,신둔도예촌,39068,10073,35549,9743,20250603
202505,경강선,곤지암,55346,17723,54461,18063,20250603
202505,경강선,초월,92210,19706,85625,19246,20250603
202505,경강선,삼동,56839,16100,50737,15803,20250603
202505,경강선,이매,24662,7506,21691,7265,20250603
202505,경강선,판교,148411,24007,142699,20563,20250603
202505,경부선,대방,241242,61949,272048,64415,20250603
202505,경부선,영등포,969855,321942,970488,322067,20250603
202505,경부선,신도림,90653,28187,95791,34843,20250603
202505,경부선,신길,209883,50220,187524,47822,20250603
202505,경부선,구로,414121,116154,427589,112689,20250603
202505,경부선,가산디지털단지,441631,42605,507895,48296,20250603
202505,경부선,금천구청,240966,91290,243475,92809,20250603
202505,경부선,석수,198122,54942,179677,52456,20250603
202505,경부선,관악,158558,66196,152566,63544,20250603
202505,경부선,용산,1197486,157195,1210859,156048,20250603
202505,경부선,안양,623792,148282,606878,152921,20250603
202505,경부선,명학,206491,48904,201980,47964,20250603
202505,경부선,금정,690659,156694,703056,158091,20250603
202505,경부선,군포,158935,40802,153965,39848,20250603
202505,경부선,서울역,308511,19990,119861,5994,20250603
202505,경부선,의왕,221078,51077,218458,50576,20250603
202505,경부선,성균관대,416925,70706,408173,70582,20250603
202505,경부선,화서,309413,58765,302549,57066,20250603
202505,경부선,수원,1145084,187766,1212322,190587,20250603
202505,경부선,독산,401177,75550,400403,76717,20250603
202505,경부선,세류,91145,19675,85296,19202,20250603
202505,경부선,병점,424569,82132,424541,81957,20250603
202505,경부선,세마,86926,19243,81622,18377,20250603
202505,경부선,오산대,105342,26791,96296,25520,20250603
202505,경부선,오산,292275,60365,289769,60695,20250603
202505,경부선,진위,40247,11033,36324,10633,20250603
202505,경부선,송탄,128244,24921,120562,24408,20250603
202505,경부선,서정리,227841,40851,218139,39869,20250603
202505,경부선,남영,238639,39437,255786,40987,20250603
202505,경부선,평택지제,123289,16594,117175,16515,20250603
202505,경부선,평택,370022,80222,369240,78785,20250603
202505,경부선,성환,156820,24800,149736,24584,20250603
202505,경부선,직산,27390,6634,27137,6333,20250603
202505,경부선,두정,237739,33947,256752,34768,20250603
202505,경부선,노량진,233335,48526,227670,44999,20250603
202505,경부선,천안,192100,65569,175851,65153,20250603
202505,경부선,당정,157789,38395,148881,36516,20250603
202505,경부선,서동탄,36863,8929,32115,8304,20250603
202505,경부선,광명,105428,13505,86124,12690,20250603
202505,경원선,이촌(국립중앙박물관),95191,35878,70285,29555,20250603
202505,경원선,서빙고,53749,21308,51340,21021,20250603
202505,경원선,한남,77544,28047,77683,26510,20250603
202505,경원선,옥수,1792,192,1271,123,20250603
202505,경원선,응봉,42895,19203,39581,16965,20250603
202505,경원선,왕십리(성동구청),428292,83927,425782,85271,20250603
202505,경원선,청량리(서울시립대입구),410272,170375,409308,179308,20250603
202505,경원선,외대앞,282054,51620,274955,50565,20250603
202505,경원선,신이문,176558,73274,159715,71812,20250603
202505,경원선,석계,162227,65626,182492,70179,20250603
202505,경원선,광운대,215279,62461,208350,60108,20250603
202505,경원선,월계,158658,70645,142562,67233,20250603
202505,경원선,녹천,90519,42272,73498,38041,20250603
202505,경원선,창동,142,3,0,0,20250603
202505,경원선,방학,185818,125521,178852,120555,20250603
202505,경원선,도봉,101195,77687,93643,76328,20250603
202505,경원선,도봉산,138984,131456,79254,103718,20250603
202505,경원선,망월사,195071,81951,193826,83584,20250603
202505,경원선,회룡,235156,175489,231353,173275,20250603
202505,경원선,의정부,468909,138987,482246,139951,20250603
202505,경원선,가능,135713,64271,128998,63623,20250603
202505,경원선,녹양,93247,44809,87685,42001,20250603
202505,경원선,양주,174173,66390,164077,64674,20250603
202505,경원선,덕계,147859,41723,134623,40031,20250603
202505,경원선,덕정,163158,42711,152229,42787,20250603
202505,경원선,지행,156668,52951,158951,53260,20250603
202505,경원선,동두천중앙,57064,39688,54129,39306,20250603
202505,경원선,보산,35373,15309,32154,14717,20250603
202505,경원선,동두천,46598,21318,45638,22114,20250603
202505,경원선,소요산,14925,53376,15366,52241,20250603
202505,경원선,청산,2751,2932,2176,2578,20250603
202505,경원선,전곡,27213,18417,24342,16797,20250603
202505,경원선,연천,15170,25607,14106,26036,20250603
202505,경의선,곡산,12491,7063,13312,7275,20250603
202505,경의선,검암,7,1,0,0,20250603
202505,경의선,신촌,23549,3918,28995,4767,20250603
202505,경의선,효창공원앞,77935,18532,86958,20500,20250603
202505,경의선,서강대,59012,13085,58430,12221,20250603
202505,경의선,가좌,134004,49282,128127,48344,20250603
202505,경의선,수색,74517,20205,74461,20745,20250603
202505,경의선,한국항공대,89240,11357,84282,11177,20250603
202505,경의선,강매,74853,22310,62466,20819,20250603
202505,경의선,행신,190267,42219,190792,42981,20250603
202505,경의선,능곡,102378,40570,96029,40236,20250603
202505,경의선,백마,173330,44427,168676,44371,20250603
202505,경의선,풍산,145723,49079,138015,48171,20250603
202505,경의선,일산,249997,82993,242134,83028,20250603
202505,경의선,탄현,185811,49234,176536,48719,20250603
202505,경의선,야당,200264,46040,205517,45317,20250603
202505,경의선,운정,163829,47189,150421,45712,20250603
202505,경의선,금릉,120729,34842,117517,34185,20250603
202505,경의선,금촌,150134,55505,144292,55618,20250603
202505,경의선,월롱,50641,10237,44308,10533,20250603
202505,경의선,파주,35002,9023,27675,8230,20250603
202505,경의선,문산,127418,50182,123445,49605,20250603
202505,경의선,임진강,573,519,552,476,20250603
202505,경의선,운천,60,117,39,85,20250603
202505,경의선,서울역,74071,18991,98680,22477,20250603
202505,경의선,공덕,104529,17090,80125,16185,20250603
202505,경의선,홍대입구,66811,5945,79060,6827,20250603
202505,경의선,디지털미디어시티,67440,13721,63705,14556,20250603
202505,경의선,계양,8,0,0,0,20250603
202505,경인선,부천,726201,262635,724821,267199,20250603
202505,경인선,송내,621566,151051,613154,148814,20250603
202505,경인선,부평,749359,175742,795743,179067,20250603
202505,경인선,백운,151061,66714,143363,66151,20250603
202505,경인선,동암,347113,121089,349433,122586,20250603
202505,경인선,주안,473702,109002,423031,96477,20250603
202505,경인선,제물포,255066,76737,241882,76521,20250603
202505,경인선,동인천,293023,133106,273434,129983,20250603
202505,경인선,인천,101118,52605,79089,48648,20250603
202505,경인선,구일,242612,53180,260580,52469,20250603
202505,경인선,소사,170189,67506,158275,65568,20250603
202505,경인선,부개,181564,78399,165564,76890,20250603
202505,경인선,간석,121810,51836,114013,50014,20250603
202505,경인선,도원,74446,35774,73559,37157,20250603
202505,경인선,온수(성공회대입구),145167,58767,133177,57217,20250603
202505,경인선,중동,192197,87491,173856,85705,20250603
202505,경인선,도화,84720,45571,74900,43971,20250603
202505,경인선,오류동,250791,105757,229448,102603,20250603
202505,경인선,개봉,490486,186294,471746,192067,20250603
202505,경인선,역곡,635291,176258,624160,181724,20250603
202505,경춘선,춘천,48676,22443,41983,17792,20250603
202505,경춘선,신내,63463,24240,58419,23587,20250603
202505,경춘선,갈매,58691,23237,50663,21751,20250603
202505,경춘선,별내,55758,23948,50335,21070,20250603
202505,경춘선,퇴계원,70702,36536,62454,34883,20250603
202505,경춘선,사릉,45906,19668,44290,19784,20250603
202505,경춘선,금곡,31477,21809,30198,21274,20250603
202505,경춘선,평내호평,145723,56582,141461,54447,20250603
202505,경춘선,천마산,30200,21350,27153,21495,20250603
202505,경춘선,마석,90325,45372,87318,44820,20250603
202505,경춘선,대성리,38304,9709,43934,9265,20250603
202505,경춘선,청평,42390,27050,42357,26874,20250603
202505,경춘선,상천,5759,6949,5779,6805,20250603
202505,경춘선,가평,50730,25073,50363,24784,20250603
202505,경춘선,굴봉산,2109,3391,1997,3340,20250603
202505,경춘선,백양리,2016,1939,1999,1915,20250603
202505,경춘선,강촌,12759,7228,12986,7557,20250603
202505,경춘선,김유정,10595,7027,11880,7248,20250603
202505,경춘선,남춘천,83262,31897,81883,33967,20250603
202505,공항철도 1호선,서울역,393024,41687,352101,37782,20250603
202505,공항철도 1호선,홍대입구,481709,22380,459917,20587,20250603
202505,공항철도 1호선,디지털미디어시티,353492,33279,332301,31425,20250603
202505,공항철도 1호선,마곡나루(서울식물원),319583,22741,308846,23469,20250603
202505,공항철도 1호선,김포공항,250124,24743,151271,16085,20250603
202505,공항철도 1호선,계양,347028,44560,333690,42736,20250603
202505,공항철도 1호선,검암,167104,19498,171394,20027,20250603
202505,공항철도 1호선,청라국제도시,202180,17203,191450,17184,20250603
202505,공항철도 1호선,운서,268722,36276,287239,36809,20250603
202505,공항철도 1호선,공항화물청사,43533,9900,55224,9975,20250603
202505,공항철도 1호선,인천공항1터미널,423500,40968,395257,36847,20250603
202505,공항철도 1호선,인천공항2터미널,223597,21832,181287,18540,20250603
202505,공항철도 1호선,영종,113235,27753,115743,27605,20250603
202505,공항철도 1호선,공덕,79528,9972,107009,11910,20250603
202505,과천선,경마공원,95021,89647,95542,89021,20250603
202505,과천선,대공원,168076,72690,169212,74490,20250603
202505,과천선,과천,138459,50912,124585,48008,20250603
202505,과천선,정부과천청사,310690,65504,329007,65522,20250603
202505,과천선,인덕원,610679,148740,614246,151789,20250603
202505,과천선,평촌,432414,78635,415150,77809,20250603
202505,과천선,범계,732638,146656,735670,143470,20250603
202505,과천선,선바위,192072,40147,163628,38568,20250603
202505,분당선,야탑,558935,191016,599751,193017,20250603
202505,분당선,선릉,288389,49878,447088,68131,20250603
202505,분당선,한티,383674,75517,400060,76872,20250603
202505,분당선,도곡,163548,60024,164867,57451,20250603
202505,분당선,구룡,79051,29780,76508,29190,20250603
202505,분당선,개포동,96525,35408,98058,35910,20250603
202505,분당선,대모산입구,134376,41780,122935,41029,20250603
202505,분당선,수서,435760,84114,456355,89651,20250603
202505,분당선,복정,86,1,0,0,20250603
202505,분당선,수원,220211,39751,204346,37822,20250603
202505,분당선,서울숲,367267,41997,386362,41293,20250603
202505,분당선,압구정로데오,511405,50756,568119,49263,20250603
202505,분당선,강남구청,222159,42585,259931,46664,20250603
202505,분당선,선정릉,165933,34519,172650,33207,20250603
202505,분당선,가천대,326254,31433,326641,31524,20250603
202505,분당선,태평,291975,102941,271959,108209,20250603
202505,분당선,모란,430245,197388,427470,216334,20250603
202505,분당선,서현,550996,145351,567407,141080,20250603
202505,분당선,수내,294464,86438,294923,84752,20250603
202505,분당선,정자,441254,78676,463945,78742,20250603
202505,분당선,미금,327873,124660,338445,131084,20250603
202505,분당선,오리,240687,80178,205032,71561,20250603
202505,분당선,이매,132905,46355,124734,45554,20250603
202505,분당선,보정,52156,22429,45791,21512,20250603
202505,분당선,죽전,340919,86895,380703,91413,20250603
202505,분당선,구성,164119,47284,167819,47925,20250603
202505,분당선,신갈,101237,35311,98982,35170,20250603
202505,분당선,기흥,270737,53780,252094,52651,20250603
202505,분당선,상갈,122963,35696,117529,35141,20250603
202505,분당선,청명,114209,26187,109243,26216,20250603
202505,분당선,영통,245260,39352,246754,39135,20250603
202505,분당선,망포,390429,50550,378025,48684,20250603
202505,분당선,매탄권선,140132,28794,134283,27966,20250603
202505,분당선,수원시청,365043,57831,395277,59091,20250603
202505,분당선,매교,127737,31132,125908,31712,20250603
202505,서해선,김포공항,83954,13129,114118,22671,20250603
202505,서해선,부천종합운동장,74311,9744,65746,9127,20250603
202505,서해선,원종,108101,48165,105242,48767,20250603
202505,수인선,사리,137720,24722,117221,22479,20250603
202505,수인선,달월,1612,1088,1397,692,20250603
202505,수인선,월곶,72486,23291,65068,22879,20250603
202505,수인선,고색,139745,24740,136684,23086,20250603
202505,수인선,소래포구,108967,74795,102324,73570,20250603
202505,수인선,인천논현,125729,44182,134736,45072,20250603
202505,수인선,호구포,88100,25230,91671,25361,20250603
202505,수인선,남동인더스파크,52975,7516,59333,7802,20250603
202505,수인선,원인재,99857,40500,104113,40686,20250603
202505,수인선,연수,111124,37578,108460,37607,20250603
202505,수인선,송도,53382,28424,46475,26853,20250603
202505,수인선,인하대,207172,37966,193426,36133,20250603
202505,수인선,숭의,95638,37697,86918,35398,20250603
202505,수인선,신포,43537,18275,43327,18211,20250603
202505,수인선,인천,23722,16478,40841,21538,20250603
202505,수인선,오목천,126374,20663,105625,20042,20250603
202505,수인선,어천,38281,10244,35351,10979,20250603
202505,수인선,야목,13059,3620,10711,3175,20250603
202505,신림선,대방,76749,22389,59317,18607,20250603
202505,신림선,서울지방병무청,67195,29868,72548,32444,20250603
202505,신림선,보라매,105267,32526,94800,29585,20250603
202505,신림선,보라매공원,66719,31411,78458,36271,20250603
202505,신림선,보라매병원,172086,67314,177779,64791,20250603
202505,신림선,당곡,105892,45842,98682,43053,20250603
202505,신림선,신림,48290,22362,58746,24969,20250603
202505,신림선,서원,81144,28764,68008,27569,20250603
202505,신림선,서울대벤처타운,237511,75910,206949,74956,20250603
202505,신림선,관악산(서울대),71175,43139,70216,43117,20250603
202505,신림선,샛강,65604,17664,82196,16736,20250603
202505,안산선,초지,136025,22438,138239,22847,20250603
202505,안산선,산본,377793,125646,404301,127503,20250603
202505,안산선,대야미,117229,40387,102616,37483,20250603
202505,안산선,반월,100472,37680,96800,37616,20250603
202505,안산선,상록수,389877,85061,390411,86372,20250603
202505,안산선,한대앞,266070,52827,265936,53996,20250603
202505,안산선,중앙,517230,81930,545949,80833,20250603
202505,안산선,고잔,234098,46173,226082,45209,20250603
202505,안산선,안산,334682,45219,317674,43311,20250603
202505,안산선,신길온천,55840,12887,49075,12200,20250603
202505,안산선,정왕,294135,36171,290913,37188,20250603
202505,안산선,오이도,213129,44537,212339,44345,20250603
202505,안산선,수리산,89556,37831,73080,36068,20250603
202505,우이신설선,솔밭공원,48048,33958,42884,34573,20250603
202505,우이신설선,4.19민주묘지,81689,42901,80463,38006,20250603
202505,우이신설선,가오리,75641,56423,71483,57541,20250603
202505,우이신설선,화계,63149,53531,56442,53207,20250603
202505,우이신설선,삼양,40402,33755,40637,36359,20250603
202505,우이신설선,삼양사거리,40773,41053,39882,40805,20250603
202505,우이신설선,솔샘,133395,46602,120918,47875,20250603
202505,우이신설선,북한산보국문,153231,51487,138311,50661,20250603
202505,우이신설선,정릉,99705,53801,85222,50524,20250603
202505,우이신설선,성신여대입구(돈암),82157,36218,93306,34139,20250603
202505,우이신설선,보문,36866,20031,37059,19850,20250603
202505,우이신설선,신설동,40315,36630,40033,32233,20250603
202505,우이신설선,북한산우이,67308,43582,60690,45376,20250603
202505,일산선,원흥,267372,74887,254369,72258,20250603
202505,일산선,삼송,483181,111461,461764,111308,20250603
202505,일산선,원당,264491,96475,248907,95789,20250603
202505,일산선,화정,401474,144299,414491,147132,20250603
202505,일산선,대곡,279307,33089,254739,31636,20250603
202505,일산선,백석,221968,88237,229992,88193,20250603
202505,일산선,마두,159366,79261,159899,81022,20250603
202505,일산선,정발산,179053,82879,187430,79777,20250603
202505,일산선,주엽,184229,110397,177708,112201,20250603
202505,일산선,대화,260918,96154,207146,89203,20250603
202505,일산선,지축,41,0,0,0,20250603
202505,장항선,쌍용(나사렛대),74429,18474,70980,17699,20250603
202505,장항선,아산,136440,16532,116956,15639,20250603
202505,장항선,탕정,58202,8787,52453,8282,20250603
202505,장항선,배방,36134,8753,35571,8463,20250603
202505,장항선,온양온천,100801,65805,102623,66443,20250603
202505,장항선,신창(순천향대),78614,7737,73358,7206,20250603
202505,장항선,봉명,30710,12675,30691,12084,20250603
202505,중앙선,망우,158534,81993,150276,82973,20250603
202505,중앙선,회기,738831,137948,698356,135952,20250603
202505,중앙선,중랑,117440,58809,109752,57786,20250603
202505,중앙선,상봉,136545,49346,135631,47637,20250603
202505,중앙선,양원,71544,25869,69473,26096,20250603
202505,중앙선,구리,188402,61190,199762,62830,20250603
202505,중앙선,도농,219485,74852,200041,71937,20250603
202505,중앙선,양정,9745,8222,8292,7301,20250603
202505,중앙선,덕소,116611,53664,116387,53801,20250603
202505,중앙선,도심,54141,22520,40881,20602,20250603
202505,중앙선,팔당,19671,10388,20775,10443,20250603
202505,중앙선,운길산,14810,16824,14038,17189,20250603
202505,중앙선,양수,38656,30223,37862,29886,20250603
202505,중앙선,신원,3095,5306,2533,5070,20250603
202505,중앙선,국수,12466,11551,11982,11646,20250603
202505,중앙선,아신,10888,8044,11099,7977,20250603
202505,중앙선,오빈,4641,5507,4658,5604,20250603
202505,중앙선,양평,69271,42813,71575,43707,20250603
202505,중앙선,원덕,5026,7433,5077,7220,20250603
202505,중앙선,용문,35988,44842,35557,44626,20250603
202505,중앙선,지평,832,1150,1026,1365,20250603
202504,1호선,동대문,253437,133135,241342,131590,20250503
202504,1호선,신설동,312813,125382,298364,121912,20250503
202504,1호선,제기동,243214,280136,231130,302965,20250503
202504,1호선,청량리(서울시립대입구),410991,290358,407753,290028,20250503
202504,1호선,동묘앞,161735,167651,165695,168773,20250503
202504,1호선,서울역,1946221,278624,1828624,259783,20250503
202504,1호선,시청,680754,117749,690656,115086,20250503
202504,1호선,종각,1012180,162643,987159,149431,20250503
202504,1호선,종로3가,522760,304405,460762,276779,20250503
202504,1호선,종로5가,469477,258608,458311,251035,20250503
202504,2호선,신당,365227,95565,379741,97141,20250503
202504,2호선,상왕십리,371810,73607,360081,75128,20250503
202504,2호선,왕십리(성동구청),438116,56088,396551,51609,20250503
202504,2호선,한양대,405922,16948,447010,18532,20250503
202504,2호선,뚝섬,728783,74215,754999,73813,20250503
202504,2호선,성수,1352703,107434,1464718,108648,20250503
202504,2호선,건대입구,1046666,101375,1077323,104849,20250503
202504,2호선,구의(광진구청),641172,118985,622040,119138,20250503
202504,2호선,강변(동서울터미널),718936,124408,656344,120039,20250503
202504,2호선,잠실나루,356759,96912,347163,96742,20250503
202504,2호선,잠실(송파구청),2363826,256644,2344045,244651,20250503
202504,2호선,잠실새내,620897,123622,609913,122196,20250503
202504,2호선,종합운동장,471956,65423,537374,69549,20250503
202504,2호선,삼성(무역센터),1527213,132294,1551202,122702,20250503
202504,2호선,선릉,1408228,259297,1238730,228429,20250503
202504,2호선,역삼,1303983,148683,1485332,151872,20250503
202504,2호선,강남,2191080,171296,2182701,151042,20250503
202504,2호선,교대(법원.검찰청),762259,163572,917194,195102,20250503
202504,2호선,서초,570843,99464,544692,97674,20250503
202504,2호선,방배,476903,83671,490810,82489,20250503
202504,2호선,사당,1058816,241812,1185158,231231,20250503
202504,2호선,낙성대(강감찬),736664,121281,709388,123301,20250503
202504,2호선,서울대입구(관악구청),1246232,188443,1197514,177551,20250503
202504,2호선,봉천,585032,168292,538120,169467,20250503
202504,2호선,신림,1474351,210845,1433934,211985,20250503
202504,2호선,신대방,635616,141944,607602,142290,20250503
202504,2호선,구로디지털단지,1492444,224808,1474495,224638,20250503
202504,2호선,대림(구로구청),602010,147713,611149,152553,20250503
202504,2호선,신도림,1322664,256455,1285023,241961,20250503
202504,2호선,문래,598190,97249,617189,97054,20250503
202504,2호선,영등포구청,563612,113251,586750,112725,20250503
202504,2호선,당산,523079,67458,589575,72083,20250503
202504,2호선,합정,913486,77900,1008207,77333,20250503
202504,2호선,홍대입구,2091616,108401,2255140,105632,20250503
202504,2호선,신촌,1069902,130732,1082579,128067,20250503
202504,2호선,이대,511083,54024,552706,57140,20250503
202504,2호선,아현,266042,70876,249359,70191,20250503
202504,2호선,충정로(경기대입구),258145,50159,276480,50109,20250503
202504,2호선,용답,77496,20053,77170,20082,20250503
202504,2호선,신설동,85819,35012,82493,36300,20250503
202504,2호선,신답,39701,10221,44427,10818,20250503
202504,2호선,용두(동대문구청),51885,25693,51623,26788,20250503
202504,2호선,신정네거리,231823,80552,239005,81970,20250503
202504,2호선,양천구청,149896,59422,158380,60094,20250503
202504,2호선,도림천,34675,10075,37124,11048,20250503
202504,2호선,시청,736018,66721,691965,58585,20250503
202504,2호선,을지로입구,1373206,112254,1432277,105563,20250503
202504,2호선,을지로3가,685616,82407,685352,81835,20250503
202504,2호선,을지로4가,371010,78370,370111,77653,20250503
202504,2호선,동대문역사문화공원(DDP),401560,62656,471381,69251,20250503
202504,3호선,충무로,132,6,0,0,20250503
202504,3호선,지축,191252,41830,194197,40422,20250503
202504,3호선,구파발,515922,144664,500550,138466,20250503
202504,3호선,연신내,836509,281302,789582,271978,20250503
202504,3호선,불광,362213,153880,380167,171276,20250503
202504,3호선,녹번,384176,85660,343188,85257,20250503
202504,3호선,홍제,411701,157613,389333,154020,20250503
202504,3호선,무악재,95720,34664,94444,37432,20250503
202504,3호선,독립문,171274,81338,181572,83063,20250503
202504,3호선,경복궁(정부서울청사),778975,114813,797503,116304,20250503
202504,3호선,안국,737224,117434,765326,125507,20250503
202504,3호선,종로3가,290882,74160,331330,84120,20250503
202504,3호선,을지로3가,316205,53542,314275,49566,20250503
202504,3호선,동대입구,340661,49511,386675,55829,20250503
202504,3호선,약수,302845,88256,299977,82315,20250503
202504,3호선,금호,190766,58371,177124,57487,20250503
202504,3호선,옥수,211056,67467,218242,67465,20250503
202504,3호선,압구정,765791,149593,828848,148371,20250503
202504,3호선,신사,744803,72760,783716,70722,20250503
202504,3호선,잠원,127091,36796,120233,35157,20250503
202504,3호선,고속터미널,1259127,237526,1191201,221602,20250503
202504,3호선,교대(법원.검찰청),412493,96642,235041,54935,20250503
202504,3호선,남부터미널(예술의전당),775893,139815,784301,141159,20250503
202504,3호선,양재(서초구청),968558,164631,1029136,165785,20250503
202504,3호선,매봉,308698,86377,304121,80767,20250503
202504,3호선,도곡,157005,34695,159617,33308,20250503
202504,3호선,대치,292808,76550,289731,74489,20250503
202504,3호선,학여울,56593,21355,57789,21469,20250503
202504,3호선,대청,262884,67832,243933,66143,20250503
202504,3호선,일원,258951,74813,248422,75159,20250503
202504,3호선,수서,444008,136267,442974,130876,20250503
202504,3호선,가락시장,191706,84085,187607,81485,20250503
202504,3호선,경찰병원,171810,49733,169202,51332,20250503
202504,3호선,오금,163562,36588,142938,33981,20250503
202504,4호선,상계,463643,155851,428527,151979,20250503
202504,4호선,노원,511576,120429,588694,118463,20250503
202504,4호선,창동,578498,245662,613437,253310,20250503
202504,4호선,쌍문,699023,199178,642283,196947,20250503
202504,4호선,수유(강북구청),842913,210275,845231,214045,20250503
202504,4호선,미아(서울사이버대학),371883,132820,352540,135351,20250503
202504,4호선,미아사거리,599911,201093,588495,200200,20250503
202504,4호선,길음,551041,133937,550333,132804,20250503
202504,4호선,성신여대입구(돈암),621005,99452,591766,98006,20250503
202504,4호선,한성대입구(삼선교),402699,82101,393846,81617,20250503
202504,4호선,혜화,994904,143715,996252,141010,20250503
202504,4호선,동대문,418731,169907,433957,165243,20250503
202504,4호선,동대문역사문화공원(DDP),530204,70570,460281,61378,20250503
202504,4호선,충무로,856214,132807,874643,135150,20250503
202504,4호선,명동,1033733,92011,1096761,95763,20250503
202504,4호선,회현(남대문시장),651238,224687,682915,224265,20250503
202504,4호선,서울역,335986,43553,637918,66044,20250503
202504,4호선,불암산,210894,84281,173575,83825,20250503
202504,4호선,숙대입구(갈월),433172,59978,421614,56243,20250503
202504,4호선,삼각지(전쟁기념관),173558,25202,205949,26950,20250503
202504,4호선,신용산,535557,62616,581405,63792,20250503
202504,4호선,이촌(국립중앙박물관),223058,55947,248604,59177,20250503
202504,4호선,동작(현충원),47905,17523,51226,18469,20250503
202504,4호선,총신대입구(이수),426045,174918,466180,184263,20250503
202504,4호선,사당,702530,109780,613929,116397,20250503
202504,4호선,남태령,35649,9451,28887,8755,20250503
202504,5호선,충정로(경기대입구),129829,17910,132024,18071,20250503
202504,5호선,신금호,152382,42001,158548,47526,20250503
202504,5호선,행당,188423,56138,167575,50786,20250503
202504,5호선,왕십리(성동구청),110433,27007,124211,26201,20250503
202504,5호선,마장,137672,46395,128210,44941,20250503
202504,5호선,답십리,398140,92131,355362,88260,20250503
202504,5호선,장한평,482617,109801,472850,112555,20250503
202504,5호선,군자(능동),318588,48330,352358,51789,20250503
202504,5호선,아차산(어린이대공원후문),360849,119011,349773,116521,20250503
202504,5호선,광나루(장신대),289272,76395,277152,74457,20250503
202504,5호선,천호(풍납토성),443311,165904,432371,166553,20250503
202504,5호선,강동,447351,125370,431607,122288,20250503
202504,5호선,길동,182441,91185,185148,93034,20250503
202504,5호선,굽은다리(강동구민회관앞),211604,90818,202095,85800,20250503
202504,5호선,명일,181858,77029,178968,77885,20250503
202504,5호선,고덕,238200,88430,231419,86606,20250503
202504,5호선,상일동,340243,105114,316544,104388,20250503
202504,5호선,둔촌동,285954,97007,281428,97481,20250503
202504,5호선,올림픽공원(한국체대),125478,45952,112829,40433,20250503
202504,5호선,방이,172526,56802,177946,57325,20250503
202504,5호선,오금,88461,25103,90803,24498,20250503
202504,5호선,개롱,148310,59385,152656,61588,20250503
202504,5호선,거여,234116,76792,228618,74364,20250503
202504,5호선,마천,162299,62109,137284,63455,20250503
202504,5호선,강일,136762,51783,124059,49566,20250503
202504,5호선,미사,448062,104307,456941,103311,20250503
202504,5호선,하남풍산,104357,40005,103758,39843,20250503
202504,5호선,하남시청(덕풍?신장),180301,90171,166066,90358,20250503
202504,5호선,하남검단산,144166,62649,134686,61589,20250503
202504,5호선,종로3가,425988,101899,432322,101858,20250503
202504,5호선,광화문(세종문화회관),893342,112017,953061,109877,20250503
202504,5호선,을지로4가,157543,44593,157573,43949,20250503
202504,5호선,동대문역사문화공원(DDP),84517,9735,95210,10720,20250503
202504,5호선,청구,87918,25163,86118,21177,20250503
202504,5호선,방화,151862,62302,144247,61298,20250503
202504,5호선,개화산,133110,48376,125491,46986,20250503
202504,5호선,김포공항,314692,56310,187599,44487,20250503
202504,5호선,송정,139327,56178,131833,54062,20250503
202504,5호선,마곡,316080,60477,323802,58936,20250503
202504,5호선,발산,571341,126927,589917,121827,20250503
202504,5호선,우장산,346778,108923,339594,113700,20250503
202504,5호선,화곡,696516,166336,645495,159725,20250503
202504,5호선,서대문,532811,80579,536403,76536,20250503
202504,5호선,까치산,673830,174322,638645,176667,20250503
202504,5호선,신정(은행정),335727,70928,267468,68218,20250503
202504,5호선,목동,412935,96276,445582,98387,20250503
202504,5호선,오목교(목동운동장앞),540380,101390,575430,100220,20250503
202504,5호선,양평,207697,34672,200229,34088,20250503
202504,5호선,영등포구청,123947,23931,122815,23838,20250503
202504,5호선,영등포시장,289377,83913,288493,85902,20250503
202504,5호선,신길,141258,14083,145592,14878,20250503
202504,5호선,여의도,790442,65429,856038,63384,20250503
202504,5호선,여의나루,496096,44726,569256,45376,20250503
202504,5호선,마포,369435,70786,379353,70533,20250503
202504,5호선,공덕,390346,57407,413017,53903,20250503
202504,5호선,애오개,156838,42711,153126,41415,20250503
202504,6호선,버티고개,54683,16939,54923,20159,20250503
202504,6호선,응암,417571,141034,415797,139341,20250503
202504,6호선,역촌,78494,36682,100541,36664,20250503
202504,6호선,불광,99361,47888,99579,39164,20250503
202504,6호선,독바위,61743,22706,60623,28108,20250503
202504,6호선,연신내,68,5,0,0,20250503
202504,6호선,구산,193815,61496,129930,63959,20250503
202504,6호선,새절(신사),297598,100087,275648,100542,20250503
202504,6호선,증산(명지대앞),217448,77629,218764,78362,20250503
202504,6호선,디지털미디어시티,375167,64960,407742,66097,20250503
202504,6호선,월드컵경기장(성산),120801,57286,125546,55594,20250503
202504,6호선,마포구청,362757,89387,323656,82571,20250503
202504,6호선,망원,413221,92184,443644,95568,20250503
202504,6호선,합정,382895,45652,379675,44437,20250503
202504,6호선,상수,303096,23234,341552,23473,20250503
202504,6호선,광흥창(서강),233573,61584,221573,61000,20250503
202504,6호선,대흥(서강대앞),247743,53922,262969,53973,20250503
202504,6호선,공덕,490364,89588,482429,83896,20250503
202504,6호선,효창공원앞,197637,43917,183774,41246,20250503
202504,6호선,삼각지(전쟁기념관),226616,22636,200850,19112,20250503
202504,6호선,녹사평(용산구청),147835,19603,150866,18809,20250503
202504,6호선,이태원,335052,33512,378992,34372,20250503
202504,6호선,한강진,297566,22289,346799,21962,20250503
202504,6호선,약수,94834,22993,90239,22527,20250503
202504,6호선,청구,96554,21432,93616,23723,20250503
202504,6호선,신당,209460,41351,215919,40821,20250503
202504,6호선,동묘앞,206629,76079,216143,70815,20250503
202504,6호선,창신,95272,21109,79691,20284,20250503
202504,6호선,보문,221996,37374,208831,35562,20250503
202504,6호선,안암(고대병원앞),394040,42353,398332,41981,20250503
202504,6호선,고려대(종암),251393,39340,237379,38824,20250503
202504,6호선,월곡(동덕여대),308207,75563,294591,75050,20250503
202504,6호선,상월곡(한국과학기술연구원),162442,46476,149644,44925,20250503
202504,6호선,돌곶이,256704,68361,236055,67344,20250503
202504,6호선,석계,295679,89063,302751,88705,20250503
202504,6호선,태릉입구,145643,37625,166418,37765,20250503
202504,6호선,화랑대(서울여대입구),316944,55924,255285,50912,20250503
202504,6호선,봉화산(서울의료원),205654,57231,189340,56910,20250503
202504,6호선,신내,22,1,0,0,20250503
202504,7호선,수락산,269844,113956,260251,115217,20250503
202504,7호선,도봉산,221994,56566,249645,80269,20250503
202504,7호선,마들,302963,105726,282802,104143,20250503
202504,7호선,노원,455611,147587,485553,148976,20250503
202504,7호선,중계,344803,109718,314294,106804,20250503
202504,7호선,하계,433719,130326,405704,125023,20250503
202504,7호선,공릉(서울과학기술대),305458,84239,296136,84537,20250503
202504,7호선,태릉입구,222562,51198,209913,48190,20250503
202504,7호선,먹골,234477,75929,229642,77782,20250503
202504,7호선,중화,253588,72631,249413,73005,20250503
202504,7호선,상봉,451324,85785,436591,81383,20250503
202504,7호선,면목,362134,108173,339769,111649,20250503
202504,7호선,사가정,377671,113851,383406,115210,20250503
202504,7호선,용마산(용마폭포공원),136456,38974,130102,42664,20250503
202504,7호선,중곡,258010,75274,236217,76060,20250503
202504,7호선,군자(능동),364277,94440,279911,81110,20250503
202504,7호선,어린이대공원(세종대),532608,55622,550294,54947,20250503
202504,7호선,건대입구,364499,69897,383819,64627,20250503
202504,7호선,자양(뚝섬한강공원),297254,53872,293517,53839,20250503
202504,7호선,청담,466733,85868,513939,82845,20250503
202504,7호선,강남구청,421930,58106,470463,58818,20250503
202504,7호선,학동,598019,70245,627976,66914,20250503
202504,7호선,논현,505166,49013,527861,47903,20250503
202504,7호선,반포,156280,43610,148361,41657,20250503
202504,7호선,고속터미널,459976,91675,370782,79135,20250503
202504,7호선,내방,357419,82543,362953,79460,20250503
202504,7호선,이수,423659,94643,411785,88847,20250503
202504,7호선,남성,262444,84186,247955,85302,20250503
202504,7호선,장암,69921,18280,27782,14352,20250503
202504,7호선,숭실대입구(살피재),405050,70861,402835,73200,20250503
202504,7호선,상도,315925,72170,315160,68965,20250503
202504,7호선,장승배기,207920,73978,199388,74466,20250503
202504,7호선,신대방삼거리,357358,103032,335256,105866,20250503
202504,7호선,보라매,173243,34779,182178,36089,20250503
202504,7호선,신풍,275640,83826,255494,83301,20250503
202504,7호선,대림(구로구청),227319,50955,228873,49388,20250503
202504,7호선,남구로,373993,72510,393421,73689,20250503
202504,7호선,가산디지털단지,1142600,110187,1145311,102370,20250503
202504,7호선,철산,520063,122912,531143,121369,20250503
202504,7호선,광명사거리,481620,178469,468376,185038,20250503
202504,7호선,천왕,284668,67909,270609,68893,20250503
202504,7호선,온수(성공회대입구),269405,49289,248807,46437,20250503
202504,8호선,암사,382796,118174,344958,116847,20250503
202504,8호선,암사역사공원,161259,36992,139167,35745,20250503
202504,8호선,천호(풍납토성),416218,112836,483437,112173,20250503
202504,8호선,강동구청,245859,77525,251771,78463,20250503
202504,8호선,몽촌토성(평화의문),192747,42826,196179,42030,20250503
202504,8호선,잠실(송파구청),504171,105041,589178,102981,20250503
202504,8호선,석촌,214634,66355,264778,70880,20250503
202504,8호선,송파,217950,76958,215277,75626,20250503
202504,8호선,가락시장,182731,72541,206132,74420,20250503
202504,8호선,문정,589143,75993,619241,75915,20250503
202504,8호선,장지,428443,98947,390202,93825,20250503
202504,8호선,복정,263024,50709,222662,45816,20250503
202504,8호선,산성,153609,38953,154600,42543,20250503
202504,8호선,남한산성입구(성남법원.검찰청),343651,85919,312542,81903,20250503
202504,8호선,단대오거리,295360,85386,275557,82347,20250503
202504,8호선,신흥,115304,45911,116690,47749,20250503
202504,8호선,수진,122191,50396,110931,48685,20250503
202504,8호선,모란,99427,66514,80095,52194,20250503
202504,8호선,남위례,192554,42592,192575,41834,20250503
202504,9호선,노량진,717446,96632,713638,96328,20250503
202504,9호선,노들,128743,37983,107986,35070,20250503
202504,9호선,흑석(중앙대입구),246049,66578,252084,66834,20250503
202504,9호선,동작(현충원),51053,21436,44126,19589,20250503
202504,9호선,개화,65786,14635,43695,11942,20250503
202504,9호선,김포공항,159791,19383,266291,28184,20250503
202504,9호선,공항시장,65371,26217,69298,28405,20250503
202504,9호선,신방화,159967,52762,155567,53086,20250503
202504,9호선,신반포,107920,33666,103874,33847,20250503
202504,9호선,마곡나루(서울식물원),403112,47713,393926,46767,20250503
202504,9호선,양천향교,262364,54516,268414,54542,20250503
202504,9호선,가양,521066,157353,508452,154051,20250503
202504,9호선,증미,194547,41706,186687,41762,20250503
202504,9호선,등촌,279412,100165,261396,101376,20250503
202504,9호선,염창,455990,87972,434721,85442,20250503
202504,9호선,신목동,111384,28534,96862,27450,20250503
202504,9호선,선유도,233172,38014,214048,36641,20250503
202504,9호선,구반포,44746,11407,40925,10976,20250503
202504,9호선,신논현,881884,62557,888406,60590,20250503
202504,9호선,사평,97009,28172,93048,28032,20250503
202504,9호선,고속터미널,402449,78023,549578,95097,20250503
202504,9호선,당산,502163,79488,491826,73242,20250503
202504,9호선,국회의사당,494158,84995,516760,75129,20250503
202504,9호선,여의도,846462,64040,820283,59891,20250503
202504,9호선,샛강,164704,34272,162677,34164,20250503
202504,9호선2~3단계,언주,304179,34810,309104,34377,20250503
202504,9호선2~3단계,중앙보훈병원,278221,94042,237672,91499,20250503
202504,9호선2~3단계,둔촌오륜,106418,25452,101276,25531,20250503
202504,9호선2~3단계,올림픽공원(한국체대),237372,34650,244160,35207,20250503
202504,9호선2~3단계,한성백제,79364,21625,69657,19095,20250503
202504,9호선2~3단계,송파나루,148814,34973,156955,36807,20250503
202504,9호선2~3단계,석촌,259763,49989,239719,45241,20250503
202504,9호선2~3단계,석촌고분,178594,49289,174267,49430,20250503
202504,9호선2~3단계,삼전,200241,50271,187057,49305,20250503
202504,9호선2~3단계,종합운동장,140552,28257,139980,25950,20250503
202504,9호선2~3단계,봉은사,620296,64792,663224,61551,20250503
202504,9호선2~3단계,삼성중앙,202037,32592,208986,31928,20250503
202504,9호선2~3단계,선정릉,271269,33167,294887,34401,20250503
202504,경강선,이매,25464,7292,22210,6776,20250503
202504,경강선,판교,149880,23676,146248,19834,20250503
202504,경강선,삼동,59105,16249,52490,15971,20250503
202504,경강선,경기광주,201206,39413,190869,39069,20250503
202504,경강선,초월,93405,19806,86660,19165,20250503
202504,경강선,곤지암,57538,18271,56280,18750,20250503
202504,경강선,신둔도예촌,40113,10302,36357,9648,20250503
202504,경강선,이천,73866,17008,79077,18315,20250503
202504,경강선,부발,62241,12180,61570,12285,20250503
202504,경강선,세종대왕릉,6251,5223,6225,5373,20250503
202504,경강선,여주,75558,25726,74700,25882,20250503
202504,경강선,성남,28315,7339,22992,7577,20250503
202504,경부선,서울역,285927,19641,112329,5967,20250503
202504,경부선,남영,247585,40368,265217,42183,20250503
202504,경부선,용산,1090749,154566,1103769,154593,20250503
202504,경부선,노량진,226514,49047,226396,46209,20250503
202504,경부선,대방,253073,63092,288888,65433,20250503
202504,경부선,영등포,953266,311181,945690,310294,20250503
202504,경부선,신도림,94726,28532,97461,34638,20250503
202504,경부선,신길,219592,51984,198585,49854,20250503
202504,경부선,구로,415501,117627,430638,114036,20250503
202504,경부선,가산디지털단지,481161,44077,546750,49806,20250503
202504,경부선,금천구청,244877,91100,251078,93309,20250503
202504,경부선,석수,203101,54467,185997,52726,20250503
202504,경부선,관악,158518,62121,152612,60393,20250503
202504,경부선,안양,643124,141602,626559,146037,20250503
202504,경부선,명학,225329,49263,221707,48335,20250503
202504,경부선,금정,716734,153895,730512,154100,20250503
202504,경부선,군포,167595,42061,163554,41458,20250503
202504,경부선,의왕,231444,50995,228447,50555,20250503
202504,경부선,성균관대,424424,69216,413906,69109,20250503
202504,경부선,화서,293431,58206,283951,56396,20250503
202504,경부선,수원,1063239,183162,1126050,187506,20250503
202504,경부선,독산,424873,76396,427163,77726,20250503
202504,경부선,세류,90614,19770,83716,19164,20250503
202504,경부선,병점,430582,80790,429497,79999,20250503
202504,경부선,세마,86902,18681,81796,17556,20250503
202504,경부선,오산대,106537,24453,98102,23139,20250503
202504,경부선,오산,286460,58584,284755,59191,20250503
202504,경부선,진위,41286,11436,37475,11037,20250503
202504,경부선,송탄,119705,24396,115380,23966,20250503
202504,경부선,서정리,225918,39661,210993,38392,20250503
202504,경부선,평택지제,120944,16881,114979,16400,20250503
202504,경부선,평택,351046,77853,352189,76864,20250503
202504,경부선,성환,170260,24693,161379,24282,20250503
202504,경부선,직산,27439,6756,27074,6436,20250503
202504,경부선,두정,238837,32688,261975,33468,20250503
202504,경부선,천안,186462,63951,164418,63754,20250503
202504,경부선,당정,165372,37909,155924,35849,20250503
202504,경부선,서동탄,37880,8431,32437,7920,20250503
202504,경부선,광명,103429,14180,86553,13631,20250503
202504,경원선,이촌(국립중앙박물관),92594,35521,69540,29223,20250503
202504,경원선,서빙고,52175,21754,49426,21196,20250503
202504,경원선,한남,77751,28982,77471,27036,20250503
202504,경원선,옥수,1716,187,1212,104,20250503
202504,경원선,응봉,43704,20852,40131,20197,20250503
202504,경원선,왕십리(성동구청),425865,83863,419336,84470,20250503
202504,경원선,청량리(서울시립대입구),379574,165665,384803,173919,20250503
202504,경원선,외대앞,277689,51418,272550,50476,20250503
202504,경원선,신이문,177033,72317,161397,71235,20250503
202504,경원선,석계,159839,64240,182002,69174,20250503
202504,경원선,광운대,214467,60919,206836,59169,20250503
202504,경원선,월계,166676,67924,150563,65186,20250503
202504,경원선,녹천,91981,41653,74692,37512,20250503
202504,경원선,창동,97,10,0,0,20250503
202504,경원선,방학,184604,121188,178322,116618,20250503
202504,경원선,도봉,102529,76344,95173,75283,20250503
202504,경원선,도봉산,132548,123192,73713,96888,20250503
202504,경원선,망월사,203973,79982,202711,81650,20250503
202504,경원선,회룡,237334,171779,234927,169557,20250503
202504,경원선,의정부,456352,132507,464626,133886,20250503
202504,경원선,가능,137757,63249,131430,62370,20250503
202504,경원선,녹양,94067,44157,88238,41529,20250503
202504,경원선,양주,173777,64636,164499,62674,20250503
202504,경원선,덕계,149474,40371,135773,38881,20250503
202504,경원선,덕정,166746,41449,155620,41379,20250503
202504,경원선,지행,152322,51273,155521,50629,20250503
202504,경원선,동두천중앙,56540,38613,53410,38347,20250503
202504,경원선,보산,33309,14683,30518,14320,20250503
202504,경원선,동두천,51054,20488,48891,21528,20250503
202504,경원선,소요산,13675,49232,14099,48208,20250503
202504,경원선,청산,2568,2609,1990,2355,20250503
202504,경원선,전곡,23517,15155,21013,13900,20250503
202504,경원선,연천,13575,23201,12592,23416,20250503
202504,경의선,신촌,24994,4024,32028,5250,20250503
202504,경의선,효창공원앞,82271,18554,90945,20413,20250503
202504,경의선,서강대,58283,13113,57612,12321,20250503
202504,경의선,가좌,135596,50001,128451,49243,20250503
202504,경의선,수색,76839,19987,77384,20455,20250503
202504,경의선,한국항공대,90840,11391,85427,11133,20250503
202504,경의선,강매,78062,21711,64987,20294,20250503
202504,경의선,행신,192920,41840,192287,42920,20250503
202504,경의선,능곡,105441,39685,98581,39266,20250503
202504,경의선,곡산,12517,7147,13544,7316,20250503
202504,경의선,백마,176087,45032,172758,44917,20250503
202504,경의선,풍산,146706,48282,138116,46988,20250503
202504,경의선,일산,254932,82832,248480,83144,20250503
202504,경의선,탄현,187844,49691,177338,48997,20250503
202504,경의선,야당,195205,46058,201033,45417,20250503
202504,경의선,운정,163771,47114,151200,45585,20250503
202504,경의선,금릉,118803,33385,116324,32862,20250503
202504,경의선,금촌,149487,53212,143628,53779,20250503
202504,경의선,월롱,55789,10503,47916,10707,20250503
202504,경의선,파주,37016,9285,29778,8392,20250503
202504,경의선,문산,121168,47112,116993,46431,20250503
202504,경의선,임진강,443,304,506,281,20250503
202504,경의선,운천,49,113,25,110,20250503
202504,경의선,서울역,78634,19760,107779,23364,20250503
202504,경의선,공덕,109525,17265,85581,16599,20250503
202504,경의선,홍대입구,60536,5914,70006,6804,20250503
202504,경의선,디지털미디어시티,67416,13903,64356,14475,20250503
202504,경의선,김포공항,1,0,0,0,20250503
202504,경의선,계양,5,1,0,0,20250503
202504,경인선,개봉,488680,184650,475649,190504,20250503
202504,경인선,오류동,250157,102054,230186,99282,20250503
202504,경인선,역곡,646671,173801,635472,178730,20250503
202504,경인선,부천,720200,252147,715811,256035,20250503
202504,경인선,송내,636675,150072,629244,148275,20250503
202504,경인선,부평,715590,169653,755334,173265,20250503
202504,경인선,백운,153435,68520,147826,68251,20250503
202504,경인선,동암,346287,118695,347878,119788,20250503
202504,경인선,주안,465061,106635,416090,94919,20250503
202504,경인선,제물포,260869,76385,248072,75725,20250503
202504,경인선,동인천,286575,124976,265525,122034,20250503
202504,경인선,인천,83892,45182,63195,41460,20250503
202504,경인선,구일,222777,54652,227444,53804,20250503
202504,경인선,소사,172355,67015,161021,65720,20250503
202504,경인선,부개,184637,77730,169832,76237,20250503
202504,경인선,간석,121364,50433,114058,48654,20250503
202504,경인선,도원,71776,33386,69678,34783,20250503
202504,경인선,온수(성공회대입구),144918,58147,134144,56845,20250503
202504,경인선,중동,194518,85646,177512,83946,20250503
202504,경인선,도화,83497,44967,72638,42920,20250503
202504,경춘선,신내,64691,23855,59484,23291,20250503
202504,경춘선,갈매,59808,22782,51067,20995,20250503
202504,경춘선,별내,53971,23342,48875,20242,20250503
202504,경춘선,퇴계원,70236,34334,62485,32657,20250503
202504,경춘선,사릉,46698,19526,45035,19524,20250503
202504,경춘선,금곡,31013,19761,29873,19392,20250503
202504,경춘선,평내호평,143014,55022,138376,53083,20250503
202504,경춘선,천마산,29128,20249,26216,20371,20250503
202504,경춘선,마석,84750,43414,82356,42643,20250503
202504,경춘선,대성리,19430,10018,19821,9753,20250503
202504,경춘선,청평,34114,26394,33870,25821,20250503
202504,경춘선,상천,4992,7537,4731,7324,20250503
202504,경춘선,가평,41613,21255,40956,21032,20250503
202504,경춘선,굴봉산,1685,3580,1769,3580,20250503
202504,경춘선,백양리,1298,1874,1269,2010,20250503
202504,경춘선,강촌,10572,7053,10744,7149,20250503
202504,경춘선,김유정,8165,6604,9167,6815,20250503
202504,경춘선,남춘천,71402,29980,70077,31451,20250503
202504,경춘선,춘천,42387,19491,36991,15614,20250503
202504,공항철도 1호선,서울역,376558,41030,335761,37429,20250503
202504,공항철도 1호선,공덕,82338,9934,110303,12010,20250503
202504,공항철도 1호선,홍대입구,435141,22072,417801,20035,20250503
202504,공항철도 1호선,디지털미디어시티,379192,33400,356413,31228,20250503
202504,공항철도 1호선,마곡나루(서울식물원),335189,22555,319702,23030,20250503
202504,공항철도 1호선,김포공항,240685,25735,147677,16987,20250503
202504,공항철도 1호선,계양,350556,44069,337340,42438,20250503
202504,공항철도 1호선,검암,169578,19091,173487,19567,20250503
202504,공항철도 1호선,청라국제도시,204671,16858,193388,16439,20250503
202504,공항철도 1호선,운서,264801,35830,280374,35810,20250503
202504,공항철도 1호선,공항화물청사,46081,10315,57388,10317,20250503
202504,공항철도 1호선,인천공항1터미널,401452,38227,384570,34151,20250503
202504,공항철도 1호선,인천공항2터미널,216129,21364,179165,18294,20250503
202504,공항철도 1호선,영종,108064,26554,111216,26233,20250503
202504,과천선,선바위,196344,40166,169606,38315,20250503
202504,과천선,경마공원,94100,83201,94930,82026,20250503
202504,과천선,대공원,121628,60439,125241,62750,20250503
202504,과천선,과천,146480,53151,133782,50085,20250503
202504,과천선,정부과천청사,323073,64948,344590,65446,20250503
202504,과천선,인덕원,640248,146773,648752,149537,20250503
202504,과천선,평촌,458395,77498,441016,77158,20250503
202504,과천선,범계,731690,143675,734536,140934,20250503
202504,분당선,선릉,313101,51539,484225,70095,20250503
202504,분당선,한티,376050,76160,400768,78075,20250503
202504,분당선,도곡,172228,61766,176563,58783,20250503
202504,분당선,구룡,82416,30226,81276,29833,20250503
202504,분당선,개포동,100647,35367,102602,36116,20250503
202504,분당선,대모산입구,138598,42009,128845,41137,20250503
202504,분당선,수서,441783,85867,459156,91584,20250503
202504,분당선,복정,120,2,0,0,20250503
202504,분당선,수원,213525,38627,195110,36083,20250503
202504,분당선,서울숲,404130,46841,434142,45778,20250503
202504,분당선,압구정로데오,510739,51821,569143,49965,20250503
202504,분당선,강남구청,239397,42924,277175,46961,20250503
202504,분당선,선정릉,180103,36379,188121,35426,20250503
202504,분당선,가천대,349220,31965,350566,31889,20250503
202504,분당선,태평,293287,104370,274318,109288,20250503
202504,분당선,모란,437751,195741,430642,214365,20250503
202504,분당선,야탑,576642,187933,619277,189719,20250503
202504,분당선,서현,551629,141943,570433,138097,20250503
202504,분당선,수내,309085,85001,309643,83584,20250503
202504,분당선,정자,463056,79578,485095,79081,20250503
202504,분당선,미금,336257,126178,346513,132070,20250503
202504,분당선,오리,252222,80455,215415,71523,20250503
202504,분당선,이매,130788,44594,122831,44009,20250503
202504,분당선,보정,54797,22780,47916,21806,20250503
202504,분당선,죽전,349675,85675,387541,90145,20250503
202504,분당선,구성,166848,47401,170870,47826,20250503
202504,분당선,신갈,107065,36824,104865,36828,20250503
202504,분당선,기흥,278022,53165,261962,51791,20250503
202504,분당선,상갈,125187,36253,116154,34869,20250503
202504,분당선,청명,117332,26319,112852,26251,20250503
202504,분당선,영통,242441,38665,246174,38167,20250503
202504,분당선,망포,403103,51129,388611,49562,20250503
202504,분당선,매탄권선,142048,28712,138937,27844,20250503
202504,분당선,수원시청,367452,58577,397939,59798,20250503
202504,분당선,매교,133136,31349,131416,31751,20250503
202504,서해선,김포공항,78248,12542,106077,21837,20250503
202504,서해선,원종,107390,47766,105296,48995,20250503
202504,서해선,부천종합운동장,77687,9707,67149,9043,20250503
202504,수인선,오목천,133848,20293,111358,19555,20250503
202504,수인선,고색,147173,24692,144441,22940,20250503
202504,수인선,어천,40947,10031,37600,10580,20250503
202504,수인선,야목,12887,3469,10744,2974,20250503
202504,수인선,사리,135687,24081,116647,22078,20250503
202504,수인선,달월,1757,1159,1443,692,20250503
202504,수인선,월곶,72465,22278,64717,21919,20250503
202504,수인선,소래포구,104798,60485,97629,58899,20250503
202504,수인선,인천논현,123764,43390,133349,44185,20250503
202504,수인선,호구포,90133,26061,94588,26067,20250503
202504,수인선,남동인더스파크,56066,8043,63211,8440,20250503
202504,수인선,원인재,99070,40000,104301,40339,20250503
202504,수인선,연수,110821,36821,108292,36730,20250503
202504,수인선,송도,51871,27503,44037,26200,20250503
202504,수인선,인하대,207082,37471,192771,35967,20250503
202504,수인선,숭의,96037,37039,87150,34654,20250503
202504,수인선,신포,42106,17597,41811,17578,20250503
202504,수인선,인천,20080,15374,35487,20347,20250503
202504,신림선,대방,75619,21502,58663,17961,20250503
202504,신림선,서울지방병무청,67824,29221,72944,31838,20250503
202504,신림선,보라매,107696,29563,96485,26487,20250503
202504,신림선,보라매공원,52742,21002,58337,22554,20250503
202504,신림선,보라매병원,170112,60979,178940,61112,20250503
202504,신림선,당곡,105359,44731,100537,42876,20250503
202504,신림선,샛강,70865,18458,89435,17719,20250503
202504,신림선,신림,48240,21949,58087,23760,20250503
202504,신림선,서원,82844,28423,70386,27247,20250503
202504,신림선,서울대벤처타운,234795,74114,209809,74144,20250503
202504,신림선,관악산(서울대),67736,38926,66380,38513,20250503
202504,안산선,산본,384862,127620,410844,127228,20250503
202504,안산선,대야미,119819,40441,104768,36870,20250503
202504,안산선,반월,100264,37444,96399,37240,20250503
202504,안산선,상록수,398859,84178,399448,86016,20250503
202504,안산선,한대앞,267618,51872,268314,52969,20250503
202504,안산선,중앙,500574,79105,530250,78299,20250503
202504,안산선,고잔,233467,44393,224230,43142,20250503
202504,안산선,초지,143303,22473,146926,22970,20250503
202504,안산선,안산,324692,44768,304119,42611,20250503
202504,안산선,신길온천,56102,12554,48342,11972,20250503
202504,안산선,정왕,294396,35707,292950,36750,20250503
202504,안산선,오이도,206634,42221,204985,41659,20250503
202504,안산선,수리산,111123,59505,97122,61243,20250503
202504,우이신설선,북한산우이,62317,40121,54001,41832,20250503
202504,우이신설선,솔밭공원,48940,33150,43270,34080,20250503
202504,우이신설선,4.19민주묘지,86540,41786,87012,37587,20250503
202504,우이신설선,가오리,75948,56838,73881,58642,20250503
202504,우이신설선,화계,62568,52824,56735,52186,20250503
202504,우이신설선,삼양,40884,33508,40843,36193,20250503
202504,우이신설선,삼양사거리,40194,40265,39747,39995,20250503
202504,우이신설선,솔샘,135417,46100,124061,48145,20250503
202504,우이신설선,북한산보국문,153771,51115,141317,50607,20250503
202504,우이신설선,정릉,99000,52455,86492,49958,20250503
202504,우이신설선,성신여대입구(돈암),79785,36377,89794,34511,20250503
202504,우이신설선,보문,37186,19965,37157,19851,20250503
202504,우이신설선,신설동,40969,36435,40849,31454,20250503
202504,일산선,백석,224660,87635,231883,87331,20250503
202504,일산선,원흥,273833,73630,260754,71322,20250503
202504,일산선,지축,24,2,0,0,20250503
202504,일산선,삼송,483221,109386,463163,109382,20250503
202504,일산선,원당,265595,94749,251530,93888,20250503
202504,일산선,화정,398805,140642,411148,143357,20250503
202504,일산선,대곡,276531,31568,249318,30180,20250503
202504,일산선,마두,163257,80214,163990,82281,20250503
202504,일산선,정발산,171541,75181,179966,72120,20250503
202504,일산선,주엽,180683,102195,175848,103497,20250503
202504,일산선,대화,331386,91965,310681,84990,20250503
202504,장항선,신창(순천향대),73906,7897,70526,7336,20250503
202504,장항선,쌍용(나사렛대),77737,18838,74555,18075,20250503
202504,장항선,아산,130332,17013,112658,16011,20250503
202504,장항선,탕정,58366,8680,51790,8153,20250503
202504,장항선,배방,35614,8694,35471,8450,20250503
202504,장항선,온양온천,101660,66790,103076,66809,20250503
202504,장항선,봉명,31202,13128,31192,12662,20250503
202504,중앙선,도농,225026,75270,204391,72092,20250503
202504,중앙선,양정,10048,8011,8192,7177,20250503
202504,중앙선,덕소,116174,53126,115962,53508,20250503
202504,중앙선,도심,55380,22461,41493,20415,20250503
202504,중앙선,팔당,16871,10393,17775,10313,20250503
202504,중앙선,운길산,13220,16640,12374,16865,20250503
202504,중앙선,양수,35828,29301,35274,28826,20250503
202504,중앙선,신원,2886,6246,2405,5932,20250503
202504,중앙선,국수,12428,11666,11711,11648,20250503
202504,중앙선,아신,10189,8045,10371,8119,20250503
202504,중앙선,오빈,4358,5512,4451,5558,20250503
202504,중앙선,양평,65568,43236,67568,44150,20250503
202504,중앙선,회기,738538,139213,701021,137140,20250503
202504,중앙선,중랑,114986,55288,107852,54950,20250503
202504,중앙선,상봉,133603,47956,132210,46477,20250503
202504,중앙선,망우,157573,79348,149539,80945,20250503
202504,중앙선,양원,73597,25741,71311,26038,20250503
202504,중앙선,구리,188028,59519,198879,61362,20250503
202504,중앙선,지평,761,1215,967,1402,20250503
202504,중앙선,용문,34578,49793,33952,49592,20250503
202504,중앙선,원덕,5003,7981,4880,7709,20250503
202503,1호선,시청,671398,172432,677221,176084,20250403
202503,1호선,서울역,1935236,278658,1796426,258046,20250403
202503,1호선,청량리(서울시립대입구),420593,298860,417320,296447,20250403
202503,1호선,동묘앞,171613,182043,180851,184526,20250403
202503,1호선,동대문,259247,136497,253004,136117,20250403
202503,1호선,신설동,309990,130652,296850,126938,20250403
202503,1호선,제기동,243673,284888,233696,309158,20250403
202503,1호선,종로5가,485003,263871,471652,256825,20250403
202503,1호선,종로3가,526306,329810,456626,295645,20250403
202503,1호선,종각,1028378,195214,980633,174295,20250403
202503,2호선,시청,701647,83992,650759,73864,20250403
202503,2호선,용두(동대문구청),52397,26551,51743,27686,20250403
202503,2호선,신정네거리,230804,79987,237863,82045,20250403
202503,2호선,양천구청,147371,58287,156441,59065,20250403
202503,2호선,도림천,29716,8605,31462,9374,20250403
202503,2호선,신설동,88135,37969,83718,39407,20250403
202503,2호선,신답,37978,10437,42428,10802,20250403
202503,2호선,용답,77433,20486,77879,20794,20250403
202503,2호선,충정로(경기대입구),250348,50134,270592,50747,20250403
202503,2호선,아현,265162,70903,249861,70039,20250403
202503,2호선,이대,512495,52528,562293,56456,20250403
202503,2호선,신촌,1112227,129848,1124654,127759,20250403
202503,2호선,홍대입구,2232900,108634,2422628,107533,20250403
202503,2호선,합정,910797,75046,1006675,75448,20250403
202503,2호선,당산,498655,65589,566442,70866,20250403
202503,2호선,영등포구청,549005,113437,575261,114429,20250403
202503,2호선,문래,588131,97573,608623,97736,20250403
202503,2호선,신도림,1321255,258606,1290309,246257,20250403
202503,2호선,대림(구로구청),602703,147150,611667,151888,20250403
202503,2호선,구로디지털단지,1453858,219269,1434578,218708,20250403
202503,2호선,신대방,620694,139288,590212,140146,20250403
202503,2호선,신림,1464876,211771,1431091,212335,20250403
202503,2호선,봉천,569871,167170,528897,166941,20250403
202503,2호선,서울대입구(관악구청),1253986,192301,1207901,182056,20250403
202503,2호선,낙성대(강감찬),729808,120251,704121,121209,20250403
202503,2호선,사당,1061032,246931,1180356,233901,20250403
202503,2호선,방배,464207,83330,479098,81831,20250403
202503,2호선,서초,552483,100822,535078,101369,20250403
202503,2호선,교대(법원.검찰청),727574,161821,874524,193568,20250403
202503,2호선,강남,2189509,168189,2171588,148133,20250403
202503,2호선,역삼,1240467,146954,1421543,150180,20250403
202503,2호선,선릉,1348256,258667,1190030,228587,20250403
202503,2호선,삼성(무역센터),1447895,127207,1468176,117419,20250403
202503,2호선,종합운동장,347519,55314,389130,57779,20250403
202503,2호선,잠실새내,612440,121735,597053,120948,20250403
202503,2호선,잠실(송파구청),2153376,230434,2120782,220907,20250403
202503,2호선,잠실나루,337614,92354,325361,91803,20250403
202503,2호선,강변(동서울터미널),730329,120629,669850,115411,20250403
202503,2호선,구의(광진구청),627823,117765,611485,118413,20250403
202503,2호선,건대입구,1081246,101897,1119743,105583,20250403
202503,2호선,성수,1358098,106124,1481097,106932,20250403
202503,2호선,뚝섬,684133,70440,711298,70594,20250403
202503,2호선,한양대,389515,15704,437766,16840,20250403
202503,2호선,왕십리(성동구청),446609,56218,411295,52200,20250403
202503,2호선,상왕십리,364770,72245,355432,73702,20250403
202503,2호선,신당,362580,96940,382316,98895,20250403
202503,2호선,동대문역사문화공원(DDP),407011,64013,472530,70060,20250403
202503,2호선,을지로4가,360709,78185,358720,77900,20250403
202503,2호선,을지로3가,670345,80820,662427,80253,20250403
202503,2호선,을지로입구,1362233,119150,1397596,107487,20250403
202503,3호선,양재(서초구청),927315,163817,990075,165384,20250403
202503,3호선,매봉,284842,82461,276527,76697,20250403
202503,3호선,대치,305971,76552,299340,74333,20250403
202503,3호선,학여울,65174,18537,68593,18261,20250403
202503,3호선,대청,254921,66074,238016,64232,20250403
202503,3호선,일원,248483,72493,240064,72768,20250403
202503,3호선,수서,442383,132241,439777,128632,20250403
202503,3호선,가락시장,186959,85454,183305,82789,20250403
202503,3호선,경찰병원,168840,48909,167301,50669,20250403
202503,3호선,오금,159384,36314,141101,33973,20250403
202503,3호선,도곡,148633,32892,151836,31603,20250403
202503,3호선,종로3가,273659,74114,309628,84870,20250403
202503,3호선,안국,807951,153410,826203,164940,20250403
202503,3호선,경복궁(정부서울청사),814051,129516,829244,129419,20250403
202503,3호선,독립문,177722,81170,185527,82448,20250403
202503,3호선,무악재,94501,33949,94286,36852,20250403
202503,3호선,홍제,405974,157884,387532,154906,20250403
202503,3호선,녹번,377697,85529,342798,84911,20250403
202503,3호선,불광,364871,157618,387351,175230,20250403
202503,3호선,연신내,834316,282924,794568,274688,20250403
202503,3호선,구파발,511242,143791,502530,138483,20250403
202503,3호선,지축,187857,41092,189791,39677,20250403
202503,3호선,을지로3가,307524,54084,306015,49926,20250403
202503,3호선,충무로,143,5,0,0,20250403
202503,3호선,동대입구,314131,43153,356962,47257,20250403
202503,3호선,약수,298396,86672,295249,80971,20250403
202503,3호선,금호,186986,58062,175033,56732,20250403
202503,3호선,옥수,207805,66104,214580,66755,20250403
202503,3호선,압구정,758152,149116,820474,148072,20250403
202503,3호선,신사,741486,73451,780743,71436,20250403
202503,3호선,잠원,121981,35501,115512,33974,20250403
202503,3호선,고속터미널,1321941,243896,1254807,227310,20250403
202503,3호선,교대(법원.검찰청),398693,96876,225448,54100,20250403
202503,3호선,남부터미널(예술의전당),790178,140866,800413,142850,20250403
202503,4호선,명동,1079282,88319,1151636,91659,20250403
202503,4호선,서울역,331015,42919,652413,64270,20250403
202503,4호선,숙대입구(갈월),439851,59212,426936,56338,20250403
202503,4호선,삼각지,179434,24896,217149,26823,20250403
202503,4호선,신용산,553322,61100,604488,62396,20250403
202503,4호선,이촌(국립중앙박물관),216078,54531,238844,58304,20250403
202503,4호선,동작(현충원),39853,14732,42012,14808,20250403
202503,4호선,총신대입구(이수),424392,173568,463997,182095,20250403
202503,4호선,사당,698568,111080,624890,118920,20250403
202503,4호선,남태령,42394,9579,33117,8907,20250403
202503,4호선,당고개,210387,82862,174387,81539,20250403
202503,4호선,상계,453797,143687,418209,140840,20250403
202503,4호선,노원,524032,119257,604737,117256,20250403
202503,4호선,창동,575096,245380,610867,253350,20250403
202503,4호선,쌍문,697895,196215,638327,192377,20250403
202503,4호선,수유(강북구청),845603,208909,847144,212208,20250403
202503,4호선,미아(서울사이버대학),365511,130234,346905,131968,20250403
202503,4호선,미아사거리,601342,201624,590835,201358,20250403
202503,4호선,길음,543518,133744,543901,132666,20250403
202503,4호선,성신여대입구(돈암),631155,98919,603793,98004,20250403
202503,4호선,한성대입구(삼선교),386377,79976,374269,79351,20250403
202503,4호선,혜화,1030453,138645,1038249,136844,20250403
202503,4호선,동대문,427588,167263,452154,161659,20250403
202503,4호선,동대문역사문화공원(DDP),546191,71855,473065,63127,20250403
202503,4호선,충무로,834867,127021,846209,128579,20250403
202503,4호선,회현(남대문시장),637439,228169,671855,228479,20250403
202503,5호선,광나루(장신대),283709,75029,271926,74756,20250403
202503,5호선,하남검단산,147579,61442,139177,60468,20250403
202503,5호선,하남시청(덕풍?신장),180462,89650,166097,89876,20250403
202503,5호선,하남풍산,101934,39495,101278,39329,20250403
202503,5호선,미사,446972,101917,456234,101226,20250403
202503,5호선,강일,133479,51355,121036,49297,20250403
202503,5호선,마천,159135,63061,137591,65224,20250403
202503,5호선,거여,230050,76170,222945,73543,20250403
202503,5호선,개롱,144964,59388,149304,61148,20250403
202503,5호선,오금,85778,24914,87556,24417,20250403
202503,5호선,방이,170341,57201,175175,57021,20250403
202503,5호선,올림픽공원(한국체대),131477,45738,118463,39929,20250403
202503,5호선,둔촌동,282399,97654,277184,98650,20250403
202503,5호선,상일동,328550,103324,309514,103029,20250403
202503,5호선,고덕,230015,85929,221355,83737,20250403
202503,5호선,명일,179499,77062,178104,77673,20250403
202503,5호선,굽은다리(강동구민회관앞),212542,93914,205383,88528,20250403
202503,5호선,길동,178136,90853,182384,92886,20250403
202503,5호선,강동,441849,126023,427871,122906,20250403
202503,5호선,천호(풍납토성),452722,168272,437652,167042,20250403
202503,5호선,아차산(어린이대공원후문),352035,119143,341598,115218,20250403
202503,5호선,군자(능동),320440,49971,357053,53488,20250403
202503,5호선,장한평,477040,110044,466939,112360,20250403
202503,5호선,답십리,391516,93439,349647,89755,20250403
202503,5호선,마장,135497,46920,125863,45459,20250403
202503,5호선,왕십리(성동구청),112140,27660,131124,27074,20250403
202503,5호선,행당,185141,55462,164606,50057,20250403
202503,5호선,신금호,150412,42189,156805,47973,20250403
202503,5호선,청구,87260,25468,85841,21726,20250403
202503,5호선,동대문역사문화공원(DDP),83597,9471,94734,10562,20250403
202503,5호선,을지로4가,150359,45200,151629,44340,20250403
202503,5호선,종로3가,397131,112344,392196,112481,20250403
202503,5호선,광화문(세종문화회관),917917,167302,973294,170868,20250403
202503,5호선,서대문,511176,82044,509650,76770,20250403
202503,5호선,충정로(경기대입구),124493,17939,127172,17998,20250403
202503,5호선,애오개,152364,42202,149582,40973,20250403
202503,5호선,공덕,373538,56561,394571,53934,20250403
202503,5호선,마포,361553,71041,369483,70306,20250403
202503,5호선,여의나루,387992,34775,450396,33537,20250403
202503,5호선,여의도,770153,66685,824842,65807,20250403
202503,5호선,신길,136667,14206,142104,14744,20250403
202503,5호선,영등포시장,284065,86763,284083,88383,20250403
202503,5호선,영등포구청,119989,23980,116595,22594,20250403
202503,5호선,양평,196422,33799,189187,32960,20250403
202503,5호선,오목교(목동운동장앞),546073,100785,578898,99532,20250403
202503,5호선,목동,404625,95655,438665,98464,20250403
202503,5호선,신정(은행정),326407,69740,259178,66392,20250403
202503,5호선,까치산,662266,173132,629826,175335,20250403
202503,5호선,화곡,688423,167240,639683,160737,20250403
202503,5호선,우장산,341884,108408,335939,113091,20250403
202503,5호선,발산,566378,125505,586743,120853,20250403
202503,5호선,마곡,310526,62047,318826,60055,20250403
202503,5호선,송정,139497,55863,132285,53378,20250403
202503,5호선,김포공항,324938,56624,195861,45277,20250403
202503,5호선,개화산,130856,47979,123677,46835,20250403
202503,5호선,방화,149648,60974,141889,59833,20250403
202503,6호선,망원,416477,92832,447173,95950,20250403
202503,6호선,구산,191112,61143,128209,63113,20250403
202503,6호선,새절(신사),288046,98191,265802,98701,20250403
202503,6호선,합정,392049,46253,388397,43688,20250403
202503,6호선,신내,14,0,0,0,20250403
202503,6호선,봉화산(서울의료원),201451,55995,187634,55386,20250403
202503,6호선,화랑대(서울여대입구),309418,56121,249339,51161,20250403
202503,6호선,태릉입구,146637,37732,165496,37654,20250403
202503,6호선,석계,294661,87655,303723,87766,20250403
202503,6호선,돌곶이,245457,66449,224757,65230,20250403
202503,6호선,상월곡(한국과학기술연구원),158849,45775,145940,43971,20250403
202503,6호선,월곡(동덕여대),305806,75952,294877,75728,20250403
202503,6호선,고려대(종암),246965,39323,238418,38384,20250403
202503,6호선,안암(고대병원앞),411826,39939,416483,39882,20250403
202503,6호선,보문,218463,35680,204406,33445,20250403
202503,6호선,창신,90646,20562,76391,19708,20250403
202503,6호선,동묘앞,213577,80398,221010,72858,20250403
202503,6호선,신당,213985,41036,218396,40816,20250403
202503,6호선,청구,94431,21563,90201,23686,20250403
202503,6호선,약수,93068,22799,90706,22630,20250403
202503,6호선,버티고개,52573,15234,50726,17564,20250403
202503,6호선,한강진,318571,26132,378581,26274,20250403
202503,6호선,이태원,346019,32629,379768,32731,20250403
202503,6호선,녹사평(용산구청),145885,19546,152962,19127,20250403
202503,6호선,삼각지,222356,22261,196640,18752,20250403
202503,6호선,효창공원앞,192631,43178,180761,40589,20250403
202503,6호선,공덕,477640,89344,467101,83635,20250403
202503,6호선,대흥(서강대앞),243378,52680,258925,52631,20250403
202503,6호선,광흥창(서강),225788,60786,215335,59913,20250403
202503,6호선,상수,313086,22729,353905,23097,20250403
202503,6호선,증산(명지대앞),213706,77399,213754,77785,20250403
202503,6호선,디지털미디어시티,363847,64773,396354,66357,20250403
202503,6호선,월드컵경기장(성산),107478,57560,115547,56053,20250403
202503,6호선,마포구청,350330,87598,317091,80880,20250403
202503,6호선,응암,405005,136238,403215,134724,20250403
202503,6호선,역촌,78087,37363,99784,37149,20250403
202503,6호선,불광,100242,47345,98251,37625,20250403
202503,6호선,독바위,60499,22244,59887,28188,20250403
202503,6호선,연신내,59,4,0,0,20250403
202503,7호선,마들,297369,104442,277626,102359,20250403
202503,7호선,수락산,270536,115427,261008,117018,20250403
202503,7호선,도봉산,215437,54507,245735,79435,20250403
202503,7호선,장암,66378,16811,27274,13100,20250403
202503,7호선,온수(성공회대입구),258946,48372,240237,45654,20250403
202503,7호선,천왕,275980,67135,262857,67983,20250403
202503,7호선,광명사거리,477193,178419,465185,184485,20250403
202503,7호선,철산,513783,120088,525281,118851,20250403
202503,7호선,가산디지털단지,1068361,107661,1067052,100523,20250403
202503,7호선,남구로,365607,70728,383235,72035,20250403
202503,7호선,대림(구로구청),239207,52432,239691,51235,20250403
202503,7호선,신풍,271229,83058,250090,81910,20250403
202503,7호선,보라매,170498,34812,178911,35962,20250403
202503,7호선,신대방삼거리,351206,102454,330045,104938,20250403
202503,7호선,장승배기,205410,73078,196655,74134,20250403
202503,7호선,상도,314356,71416,314469,68539,20250403
202503,7호선,숭실대입구(살피재),403881,69932,405491,72189,20250403
202503,7호선,남성,258853,83888,245217,84433,20250403
202503,7호선,이수,422367,93460,410761,88149,20250403
202503,7호선,내방,346429,80917,352028,78043,20250403
202503,7호선,고속터미널,457228,87682,367651,78449,20250403
202503,7호선,반포,154389,42740,145983,40447,20250403
202503,7호선,논현,489374,48058,512340,47051,20250403
202503,7호선,학동,577217,69884,603658,67014,20250403
202503,7호선,강남구청,408400,57062,456299,57950,20250403
202503,7호선,청담,451868,84311,498435,81315,20250403
202503,7호선,자양(뚝섬한강공원),247818,51206,240492,50783,20250403
202503,7호선,건대입구,378034,69866,400346,64636,20250403
202503,7호선,어린이대공원(세종대),506862,50009,521356,49736,20250403
202503,7호선,군자(능동),364516,94496,281435,80863,20250403
202503,7호선,중곡,252302,73937,232622,74793,20250403
202503,7호선,용마산(용마폭포공원),134080,38526,129247,42335,20250403
202503,7호선,사가정,375382,114438,380759,115481,20250403
202503,7호선,면목,357988,106990,334539,109662,20250403
202503,7호선,상봉,450894,85021,437024,81485,20250403
202503,7호선,중화,249351,71729,244818,71734,20250403
202503,7호선,먹골,233257,75077,229378,77012,20250403
202503,7호선,태릉입구,222126,50359,209633,47293,20250403
202503,7호선,공릉(서울과학기술대),313499,84453,303337,84914,20250403
202503,7호선,하계,428563,126694,401891,121958,20250403
202503,7호선,중계,336965,105870,308186,103191,20250403
202503,7호선,노원,465453,148652,491540,149561,20250403
202503,8호선,단대오거리,290157,84131,271535,82154,20250403
202503,8호선,남한산성입구(성남법원.검찰청),337176,85101,307232,80456,20250403
202503,8호선,산성,150152,38703,150540,42086,20250403
202503,8호선,복정,255329,46449,216870,41654,20250403
202503,8호선,장지,425730,97630,387790,92408,20250403
202503,8호선,문정,563721,73851,590712,73966,20250403
202503,8호선,가락시장,180392,73229,203729,75056,20250403
202503,8호선,송파,216359,75895,213639,74995,20250403
202503,8호선,석촌,205458,61578,246887,64206,20250403
202503,8호선,잠실(송파구청),481099,96027,566453,93883,20250403
202503,8호선,몽촌토성(평화의문),181257,40396,185218,40028,20250403
202503,8호선,강동구청,241221,76460,247621,78086,20250403
202503,8호선,천호(풍납토성),417260,113118,486121,112799,20250403
202503,8호선,암사,378142,118295,342043,116868,20250403
202503,8호선,암사역사공원,149499,35084,128831,33648,20250403
202503,8호선,남위례,185441,41551,186071,40343,20250403
202503,8호선,모란,100775,66581,80701,51304,20250403
202503,8호선,수진,121597,50418,110391,49253,20250403
202503,8호선,신흥,115359,47218,117292,48608,20250403
202503,9호선,가양,512254,155943,502734,153570,20250403
202503,9호선,국회의사당,416722,72024,434179,63490,20250403
202503,9호선,당산,489055,78942,479559,72843,20250403
202503,9호선,선유도,220163,34853,202423,33910,20250403
202503,9호선,신목동,105854,27109,92555,25827,20250403
202503,9호선,염창,447178,87718,426085,85052,20250403
202503,9호선,등촌,272488,98043,257659,98771,20250403
202503,9호선,증미,187404,41030,179351,40973,20250403
202503,9호선,여의도,822661,65730,793581,61073,20250403
202503,9호선,양천향교,254627,53666,260995,53288,20250403
202503,9호선,마곡나루(서울식물원),393976,45159,386749,44487,20250403
202503,9호선,신방화,160078,52468,155430,52214,20250403
202503,9호선,공항시장,65904,26031,69957,27926,20250403
202503,9호선,김포공항,162558,18594,285856,28582,20250403
202503,9호선,개화,64022,13648,43283,11179,20250403
202503,9호선,신논현,892600,62014,903876,60114,20250403
202503,9호선,사평,95552,27318,91772,27205,20250403
202503,9호선,고속터미널,394288,76378,555178,92923,20250403
202503,9호선,신반포,104489,32776,99189,32849,20250403
202503,9호선,구반포,40961,10470,38010,10160,20250403
202503,9호선,동작(현충원),43476,13979,37716,12521,20250403
202503,9호선,흑석(중앙대입구),248099,64480,251556,65482,20250403
202503,9호선,노들,119386,36459,98323,33853,20250403
202503,9호선,노량진,700993,97324,700791,97436,20250403
202503,9호선,샛강,155539,32106,153231,32013,20250403
202503,9호선2~3단계,선정릉,257822,32945,281906,33747,20250403
202503,9호선2~3단계,언주,296271,34585,301907,34544,20250403
202503,9호선2~3단계,중앙보훈병원,272668,89204,231729,86085,20250403
202503,9호선2~3단계,둔촌오륜,99849,24170,95426,24192,20250403
202503,9호선2~3단계,올림픽공원(한국체대),246538,35346,251173,35469,20250403
202503,9호선2~3단계,한성백제,74606,20851,65985,18748,20250403
202503,9호선2~3단계,송파나루,144043,33935,152052,36187,20250403
202503,9호선2~3단계,석촌,246313,47480,220455,42099,20250403
202503,9호선2~3단계,석촌고분,173703,47710,167872,47451,20250403
202503,9호선2~3단계,삼전,199624,47942,186446,46679,20250403
202503,9호선2~3단계,종합운동장,141143,25264,135237,23545,20250403
202503,9호선2~3단계,봉은사,587814,64493,625747,61628,20250403
202503,9호선2~3단계,삼성중앙,193518,31920,202619,31528,20250403
202503,경강선,삼동,57584,15505,51565,15263,20250403
202503,경강선,판교,149154,22376,144443,19033,20250403
202503,경강선,여주,76232,23607,74697,23842,20250403
202503,경강선,세종대왕릉,6190,4531,6076,4556,20250403
202503,경강선,부발,62638,11861,62436,11588,20250403
202503,경강선,이천,76391,16589,80928,17683,20250403
202503,경강선,신둔도예촌,38936,10039,35144,9584,20250403
202503,경강선,성남,27936,7134,23119,7395,20250403
202503,경강선,곤지암,53670,15968,51887,16147,20250403
202503,경강선,초월,91663,19200,84565,18475,20250403
202503,경강선,경기광주,196846,38521,188507,38494,20250403
202503,경강선,이매,24542,6822,21104,6311,20250403
202503,경부선,금정,703359,149646,716555,151504,20250403
202503,경부선,평택,361063,78754,362315,77324,20250403
202503,경부선,평택지제,123322,15821,116408,15491,20250403
202503,경부선,서정리,225799,39383,214365,38124,20250403
202503,경부선,송탄,121622,24128,118001,23796,20250403
202503,경부선,진위,39171,10864,35991,10444,20250403
202503,경부선,오산,288799,58175,285990,58397,20250403
202503,경부선,오산대,102797,20493,93593,19598,20250403
202503,경부선,세마,86229,18212,80976,17164,20250403
202503,경부선,병점,430310,80365,433011,80268,20250403
202503,경부선,세류,89089,20019,82874,19419,20250403
202503,경부선,독산,412685,74249,416266,75664,20250403
202503,경부선,수원,1116133,182013,1179537,186273,20250403
202503,경부선,화서,303324,57152,294189,55557,20250403
202503,경부선,성균관대,428570,69882,419775,69525,20250403
202503,경부선,의왕,224807,51094,222095,50366,20250403
202503,경부선,군포,161241,41374,158403,40265,20250403
202503,경부선,성환,166573,23732,158633,23369,20250403
202503,경부선,명학,216307,47649,212222,46440,20250403
202503,경부선,안양,637310,141612,621993,146363,20250403
202503,경부선,관악,159547,62893,152937,60939,20250403
202503,경부선,석수,202038,54297,184432,52233,20250403
202503,경부선,금천구청,240369,88604,244361,89788,20250403
202503,경부선,가산디지털단지,467904,43691,529489,48829,20250403
202503,경부선,구로,416613,117497,434418,114174,20250403
202503,경부선,신길,211826,50477,188683,47746,20250403
202503,경부선,신도림,93385,27985,96101,33513,20250403
202503,경부선,영등포,977708,320753,972824,319910,20250403
202503,경부선,대방,246223,62377,282452,65288,20250403
202503,경부선,노량진,229291,50838,229139,48552,20250403
202503,경부선,용산,1161288,148618,1172596,146682,20250403
202503,경부선,남영,249465,41000,266992,42251,20250403
202503,경부선,서울역,292556,17906,112481,5443,20250403
202503,경부선,광명,104967,13606,86699,12780,20250403
202503,경부선,서동탄,36754,8472,31907,7908,20250403
202503,경부선,당정,162312,36869,153399,35100,20250403
202503,경부선,천안,192728,63715,172775,62806,20250403
202503,경부선,두정,242590,32729,265465,33327,20250403
202503,경부선,직산,27466,6477,26785,6146,20250403
202503,경원선,동두천중앙,56282,37560,53115,37137,20250403
202503,경원선,지행,152497,50384,155990,50070,20250403
202503,경원선,덕정,162166,40043,151340,39772,20250403
202503,경원선,덕계,147395,40183,133712,38400,20250403
202503,경원선,양주,172894,62197,163666,60202,20250403
202503,경원선,녹양,93585,43234,86920,40818,20250403
202503,경원선,가능,134555,62451,127201,61890,20250403
202503,경원선,의정부,464836,132938,474441,133875,20250403
202503,경원선,회룡,234075,168301,228581,167208,20250403
202503,경원선,망월사,198608,78964,198311,80321,20250403
202503,경원선,도봉산,134158,123814,74847,96300,20250403
202503,경원선,도봉,101160,76463,93702,75805,20250403
202503,경원선,방학,183210,121564,176389,118146,20250403
202503,경원선,창동,103,4,0,0,20250403
202503,경원선,녹천,91940,40567,74930,36473,20250403
202503,경원선,월계,161030,67434,145011,64363,20250403
202503,경원선,광운대,219631,60471,213222,58861,20250403
202503,경원선,석계,161361,64428,185646,69273,20250403
202503,경원선,신이문,175256,71354,160965,70285,20250403
202503,경원선,외대앞,284148,50608,280284,50189,20250403
202503,경원선,청량리(서울시립대입구),392354,164106,397896,171771,20250403
202503,경원선,왕십리(성동구청),447463,83747,428913,83635,20250403
202503,경원선,응봉,39790,20010,36069,19566,20250403
202503,경원선,옥수,1810,176,1253,95,20250403
202503,경원선,한남,76029,28283,75490,26349,20250403
202503,경원선,서빙고,50167,20925,47595,20346,20250403
202503,경원선,이촌(국립중앙박물관),90548,35223,69342,28550,20250403
202503,경원선,연천,13826,20554,12671,20659,20250403
202503,경원선,전곡,24444,14052,21939,12617,20250403
202503,경원선,청산,2447,2382,1860,2032,20250403
202503,경원선,소요산,12573,45936,12860,45375,20250403
202503,경원선,동두천,48302,19338,46591,20045,20250403
202503,경원선,보산,33579,14446,30543,13954,20250403
202503,경의선,서강대,57313,12639,57578,11816,20250403
202503,경의선,검암,2,0,0,0,20250403
202503,경의선,계양,3,1,0,0,20250403
202503,경의선,김포공항,2,0,0,0,20250403
202503,경의선,디지털미디어시티,67927,13514,64144,14554,20250403
202503,경의선,홍대입구,63770,5836,74844,6500,20250403
202503,경의선,공덕,106154,17307,83058,16496,20250403
202503,경의선,서울역,75854,18769,102286,21356,20250403
202503,경의선,운천,33,142,24,113,20250403
202503,경의선,임진강,380,286,359,280,20250403
202503,경의선,문산,122855,47011,118443,46580,20250403
202503,경의선,파주,36644,8057,28284,7179,20250403
202503,경의선,월롱,53713,9582,46337,9868,20250403
202503,경의선,금촌,150308,51588,143605,51809,20250403
202503,경의선,금릉,120209,32490,117105,31917,20250403
202503,경의선,운정,162819,45105,150985,43621,20250403
202503,경의선,야당,198427,45839,204784,44887,20250403
202503,경의선,탄현,187200,48126,177100,47555,20250403
202503,경의선,일산,254671,81307,244975,81249,20250403
202503,경의선,풍산,147067,47669,137694,46546,20250403
202503,경의선,백마,176237,44389,172447,43737,20250403
202503,경의선,곡산,12160,6659,12857,6821,20250403
202503,경의선,능곡,104176,38285,96678,37730,20250403
202503,경의선,행신,194031,42223,191566,42914,20250403
202503,경의선,강매,76131,21461,63535,20035,20250403
202503,경의선,한국항공대,92204,10146,86661,9787,20250403
202503,경의선,수색,72989,19632,74695,20123,20250403
202503,경의선,가좌,130535,49336,124470,48755,20250403
202503,경의선,효창공원앞,79582,17787,88625,19589,20250403
202503,경의선,신촌,23737,3749,31136,4758,20250403
202503,경인선,도화,83159,44177,73133,42206,20250403
202503,경인선,동인천,277908,121799,260629,120548,20250403
202503,경인선,개봉,478108,183767,469031,189805,20250403
202503,경인선,오류동,248572,101851,231733,99694,20250403
202503,경인선,역곡,644072,173172,634292,178037,20250403
202503,경인선,부천,730227,253867,727115,257615,20250403
202503,경인선,송내,626900,147361,616924,144690,20250403
202503,경인선,부평,735021,170643,777708,174317,20250403
202503,경인선,백운,152024,65298,144848,64935,20250403
202503,경인선,동암,346581,119128,348041,120407,20250403
202503,경인선,주안,475271,106100,423531,94583,20250403
202503,경인선,인천,85303,42425,64224,38526,20250403
202503,경인선,제물포,256443,74026,242717,73424,20250403
202503,경인선,구일,186721,49772,187183,48789,20250403
202503,경인선,소사,172464,67537,155512,63665,20250403
202503,경인선,부개,181598,76913,166573,75250,20250403
202503,경인선,간석,120737,50854,113920,49004,20250403
202503,경인선,도원,78530,33098,76976,34095,20250403
202503,경인선,온수(성공회대입구),142039,55802,131917,54250,20250403
202503,경인선,중동,192631,84644,175931,82800,20250403
202503,경춘선,강촌,10591,5364,10263,5292,20250403
202503,경춘선,신내,62867,22568,57333,22368,20250403
202503,경춘선,갈매,57988,22707,49540,21184,20250403
202503,경춘선,별내,53784,22104,47845,19176,20250403
202503,경춘선,퇴계원,69963,33880,62299,32173,20250403
202503,경춘선,사릉,46258,18634,44451,18505,20250403
202503,경춘선,금곡,29404,18218,28193,17890,20250403
202503,경춘선,평내호평,141328,52655,137202,50684,20250403
202503,경춘선,천마산,28446,19502,25134,19545,20250403
202503,경춘선,마석,84562,41372,82319,40389,20250403
202503,경춘선,대성리,25603,6033,27916,5708,20250403
202503,경춘선,청평,33650,22351,33205,22102,20250403
202503,경춘선,상천,4333,4770,4140,4496,20250403
202503,경춘선,가평,37927,17150,36996,16848,20250403
202503,경춘선,굴봉산,1229,2091,1344,2091,20250403
202503,경춘선,백양리,1699,1077,1540,1069,20250403
202503,경춘선,김유정,7226,5942,7686,6036,20250403
202503,경춘선,남춘천,75102,29405,74683,30322,20250403
202503,경춘선,춘천,42977,18068,38526,15012,20250403
202503,공항철도 1호선,인천공항2터미널,236588,21256,190402,18514,20250403
202503,공항철도 1호선,서울역,407411,40713,354210,36752,20250403
202503,공항철도 1호선,영종,107498,25536,109585,25205,20250403
202503,공항철도 1호선,공덕,79964,9886,109614,12183,20250403
202503,공항철도 1호선,홍대입구,467995,22061,445951,20239,20250403
202503,공항철도 1호선,디지털미디어시티,363309,32569,344329,31027,20250403
202503,공항철도 1호선,마곡나루(서울식물원),315058,20668,302237,21326,20250403
202503,공항철도 1호선,김포공항,248335,24288,146249,15912,20250403
202503,공항철도 1호선,계양,349646,43095,336135,41260,20250403
202503,공항철도 1호선,검암,167289,18419,169439,18850,20250403
202503,공항철도 1호선,청라국제도시,203966,16540,192906,16283,20250403
202503,공항철도 1호선,운서,266259,33916,284962,34313,20250403
202503,공항철도 1호선,공항화물청사,45104,9866,58110,9777,20250403
202503,공항철도 1호선,인천공항1터미널,448341,39614,400647,35512,20250403
202503,과천선,과천,146969,53140,132242,49701,20250403
202503,과천선,인덕원,624663,146932,631244,150363,20250403
202503,과천선,범계,723651,140024,725245,136750,20250403
202503,과천선,선바위,189827,37251,163111,36082,20250403
202503,과천선,경마공원,93227,89665,93884,89086,20250403
202503,과천선,대공원,64435,38097,65931,39939,20250403
202503,과천선,평촌,441413,76117,422768,75362,20250403
202503,과천선,정부과천청사,307894,62493,327475,62742,20250403
202503,분당선,보정,53716,22231,47523,21212,20250403
202503,분당선,수서,440503,83368,455914,88698,20250403
202503,분당선,복정,123,1,0,0,20250403
202503,분당선,수원,220014,38518,200252,35633,20250403
202503,분당선,서울숲,341303,36298,354553,35221,20250403
202503,분당선,압구정로데오,520123,50821,575684,49167,20250403
202503,분당선,강남구청,230517,42511,269550,46221,20250403
202503,분당선,선정릉,173555,36198,181693,35632,20250403
202503,분당선,가천대,343756,30845,346696,31106,20250403
202503,분당선,태평,296080,102826,277426,108696,20250403
202503,분당선,모란,441163,192974,438751,210970,20250403
202503,분당선,야탑,576419,187925,617448,189903,20250403
202503,분당선,서현,562459,142147,581685,137767,20250403
202503,분당선,수내,303963,84312,304214,82929,20250403
202503,분당선,정자,451619,78303,474324,77730,20250403
202503,분당선,미금,331932,123003,342404,128653,20250403
202503,분당선,오리,247525,79838,211014,71067,20250403
202503,분당선,이매,128952,43600,121008,42954,20250403
202503,분당선,죽전,350548,83753,390973,89447,20250403
202503,분당선,구성,164416,47259,169067,47714,20250403
202503,분당선,신갈,105855,37813,103822,37831,20250403
202503,분당선,기흥,276429,51807,260686,50770,20250403
202503,분당선,상갈,123943,35903,118285,35312,20250403
202503,분당선,청명,115149,25965,111963,25660,20250403
202503,분당선,영통,247947,39141,249495,38609,20250403
202503,분당선,망포,397239,50218,384367,48751,20250403
202503,분당선,매탄권선,138044,28287,135115,27626,20250403
202503,분당선,수원시청,368884,58450,399230,60076,20250403
202503,분당선,매교,129784,31274,128496,31583,20250403
202503,분당선,대모산입구,135654,41637,127079,40896,20250403
202503,분당선,개포동,99889,35149,101894,35489,20250403
202503,분당선,구룡,80646,30369,79040,30413,20250403
202503,분당선,도곡,164676,58308,167599,55918,20250403
202503,분당선,한티,390436,76155,411238,77624,20250403
202503,분당선,선릉,300379,51838,463701,70721,20250403
202503,서해선,부천종합운동장,74641,10081,64669,8490,20250403
202503,서해선,김포공항,77203,11802,107272,20660,20250403
202503,서해선,원종,104351,46568,103583,47731,20250403
202503,수인선,어천,40910,9710,37546,10220,20250403
202503,수인선,야목,11732,3042,9936,2647,20250403
202503,수인선,사리,135535,23643,116364,21556,20250403
202503,수인선,달월,1502,1033,1276,592,20250403
202503,수인선,월곶,70615,22149,63267,21817,20250403
202503,수인선,소래포구,106620,56113,98237,54946,20250403
202503,수인선,인천논현,123619,42726,133326,43237,20250403
202503,수인선,호구포,88277,25239,91061,25074,20250403
202503,수인선,남동인더스파크,52851,7531,59856,7746,20250403
202503,수인선,원인재,98181,39012,101688,39096,20250403
202503,수인선,연수,111427,36981,109847,37059,20250403
202503,수인선,송도,51625,26950,43585,25579,20250403
202503,수인선,숭의,94065,35544,85284,33695,20250403
202503,수인선,신포,41770,17327,42012,17578,20250403
202503,수인선,인천,20937,15098,36305,19706,20250403
202503,수인선,인하대,208234,36236,195111,34541,20250403
202503,수인선,고색,141636,23996,139028,22148,20250403
202503,수인선,오목천,130083,19563,108257,18833,20250403
202503,신림선,샛강,66286,16644,82346,15608,20250403
202503,신림선,대방,74706,21492,57384,17948,20250403
202503,신림선,서울지방병무청,67618,29390,73273,32098,20250403
202503,신림선,보라매,103869,28551,93393,26030,20250403
202503,신림선,보라매공원,48225,19463,52736,20538,20250403
202503,신림선,보라매병원,159373,59373,168579,59009,20250403
202503,신림선,당곡,103315,44107,99914,42953,20250403
202503,신림선,신림,47498,21786,57864,24253,20250403
202503,신림선,서원,80887,28268,68761,26992,20250403
202503,신림선,서울대벤처타운,228956,73563,204894,73066,20250403
202503,신림선,관악산(서울대),65947,37796,66930,38199,20250403
202503,안산선,고잔,230024,42843,220186,41569,20250403
202503,안산선,산본,377577,121470,405005,123830,20250403
202503,안산선,대야미,114420,37316,100292,34515,20250403
202503,안산선,반월,98974,36116,94840,35938,20250403
202503,안산선,상록수,393423,83844,396889,85607,20250403
202503,안산선,한대앞,265830,50916,267107,52190,20250403
202503,안산선,중앙,508570,79448,533832,77674,20250403
202503,안산선,초지,137854,21989,139969,22370,20250403
202503,안산선,안산,329934,43696,309888,41886,20250403
202503,안산선,신길온천,56070,11815,48693,11216,20250403
202503,안산선,정왕,293738,33603,292136,34459,20250403
202503,안산선,오이도,206486,40423,206650,40368,20250403
202503,안산선,수리산,87791,34771,70204,32145,20250403
202503,우이신설선,북한산우이,60573,39285,53878,41555,20250403
202503,우이신설선,솔밭공원,48353,32726,42965,33447,20250403
202503,우이신설선,4.19민주묘지,83339,41708,82950,37763,20250403
202503,우이신설선,가오리,75220,56780,72499,58241,20250403
202503,우이신설선,화계,61912,53050,56273,52218,20250403
202503,우이신설선,삼양,40492,33151,40835,35758,20250403
202503,우이신설선,삼양사거리,39636,40684,39223,40435,20250403
202503,우이신설선,솔샘,134300,45344,122164,46868,20250403
202503,우이신설선,북한산보국문,151898,50834,139838,50164,20250403
202503,우이신설선,정릉,99658,53263,86558,50656,20250403
202503,우이신설선,성신여대입구(돈암),82903,35888,94554,34471,20250403
202503,우이신설선,보문,36739,18090,37219,18233,20250403
202503,우이신설선,신설동,39876,36411,39648,31966,20250403
202503,일산선,원흥,269449,73410,256989,70779,20250403
202503,일산선,지축,31,0,0,0,20250403
202503,일산선,삼송,483497,109587,464363,109376,20250403
202503,일산선,원당,261844,92678,247685,91990,20250403
202503,일산선,화정,395425,140704,410512,144319,20250403
202503,일산선,대곡,265406,29658,237832,28424,20250403
202503,일산선,백석,223357,87509,231559,87318,20250403
202503,일산선,마두,161396,74882,162236,76578,20250403
202503,일산선,정발산,163598,63050,170059,59495,20250403
202503,일산선,주엽,178337,104012,176604,107043,20250403
202503,일산선,대화,287017,91189,238629,83840,20250403
202503,장항선,봉명,29540,12470,29868,12103,20250403
202503,장항선,쌍용(나사렛대),76595,17749,74376,16946,20250403
202503,장항선,아산,134654,16087,113937,15055,20250403
202503,장항선,탕정,56444,8301,50718,7722,20250403
202503,장항선,배방,34773,8168,34862,7847,20250403
202503,장항선,온양온천,97055,69050,99830,69197,20250403
202503,장항선,신창(순천향대),75935,7448,72762,6808,20250403
202503,중앙선,용문,31878,37846,30801,37505,20250403
202503,중앙선,회기,743459,136130,711842,134208,20250403
202503,중앙선,중랑,113728,53809,107518,53381,20250403
202503,중앙선,상봉,131662,46439,131726,45112,20250403
202503,중앙선,망우,156055,78518,149458,79391,20250403
202503,중앙선,양원,70423,24815,68492,25456,20250403
202503,중앙선,구리,188709,58845,201434,60444,20250403
202503,중앙선,도농,219947,73673,201747,71047,20250403
202503,중앙선,양정,9321,6969,7895,6153,20250403
202503,중앙선,덕소,115524,51130,115171,51927,20250403
202503,중앙선,도심,54503,21718,40938,19588,20250403
202503,중앙선,팔당,17017,9149,17869,8953,20250403
202503,중앙선,운길산,11766,12272,10902,12534,20250403
202503,중앙선,양수,34562,25760,33963,25430,20250403
202503,중앙선,신원,2703,5614,2327,5409,20250403
202503,중앙선,국수,12185,10105,11316,10147,20250403
202503,중앙선,아신,9894,7010,9902,6854,20250403
202503,중앙선,오빈,4476,5163,4402,5327,20250403
202503,중앙선,양평,64800,39017,66898,39699,20250403
202503,중앙선,원덕,4810,6973,4708,6747,20250403
202503,중앙선,지평,705,935,934,1059,20250403
202502,1호선,제기동,217314,237622,209127,256212,20250303
202502,1호선,청량리(서울시립대입구),368108,255574,358024,250552,20250303
202502,1호선,서울역,1703216,227099,1561398,209611,20250303
202502,1호선,동묘앞,140486,138396,147658,139541,20250303
202502,1호선,시청,601471,125047,603581,122390,20250303
202502,1호선,종각,919772,150293,901106,139291,20250303
202502,1호선,종로3가,443812,272104,402718,247589,20250303
202502,1호선,종로5가,425522,219746,414838,214623,20250303
202502,1호선,동대문,213441,112367,204911,110819,20250303
202502,1호선,신설동,266059,111515,256985,108714,20250303
202502,2호선,잠실새내,536105,107178,525738,106898,20250303
202502,2호선,종합운동장,168882,43180,183872,44813,20250303
202502,2호선,삼성(무역센터),1347868,114698,1365858,105710,20250303
202502,2호선,선릉,1291747,230949,1134077,202922,20250303
202502,2호선,역삼,1211825,135219,1373475,137563,20250303
202502,2호선,강남,2110548,154053,2084397,135566,20250303
202502,2호선,교대(법원.검찰청),675969,142001,806474,168079,20250303
202502,2호선,서초,514621,83642,501153,83705,20250303
202502,2호선,방배,347443,72200,360550,70918,20250303
202502,2호선,용두(동대문구청),45827,22225,46246,23306,20250303
202502,2호선,신정네거리,207110,68418,215011,70343,20250303
202502,2호선,양천구청,132800,50500,141862,51238,20250303
202502,2호선,도림천,27892,7687,29266,8548,20250303
202502,2호선,신설동,74866,31405,72443,33008,20250303
202502,2호선,신답,33750,8593,39139,9173,20250303
202502,2호선,용답,59546,17065,58178,16873,20250303
202502,2호선,충정로(경기대입구),226158,42873,242373,43345,20250303
202502,2호선,아현,221831,60930,208811,60442,20250303
202502,2호선,이대,364928,46337,397887,49574,20250303
202502,2호선,신촌,890303,114343,903600,111683,20250303
202502,2호선,홍대입구,1966771,93497,2106410,91195,20250303
202502,2호선,합정,830096,62207,914231,63612,20250303
202502,2호선,사당,956100,205179,1055767,193096,20250303
202502,2호선,낙성대(강감찬),638863,104251,614139,105549,20250303
202502,2호선,서울대입구(관악구청),1086161,170384,1062411,161348,20250303
202502,2호선,봉천,521025,142394,484817,143861,20250303
202502,2호선,신림,1320945,185498,1291542,185778,20250303
202502,2호선,영등포구청,510151,101812,529084,101458,20250303
202502,2호선,문래,554076,85982,571488,86235,20250303
202502,2호선,신도림,1195425,222774,1156749,210677,20250303
202502,2호선,대림(구로구청),528956,126890,535092,130566,20250303
202502,2호선,구로디지털단지,1358874,193309,1342581,192881,20250303
202502,2호선,신대방,557499,120331,529947,121062,20250303
202502,2호선,당산,440216,55860,500716,60102,20250303
202502,2호선,시청,648860,66644,608186,57920,20250303
202502,2호선,을지로입구,1221506,102106,1262965,94062,20250303
202502,2호선,을지로3가,607150,70006,602714,68741,20250303
202502,2호선,을지로4가,309507,68622,307426,67593,20250303
202502,2호선,동대문역사문화공원(DDP),339043,54789,388722,59390,20250303
202502,2호선,상왕십리,323366,63433,317236,64783,20250303
202502,2호선,신당,323113,84932,341572,86503,20250303
202502,2호선,왕십리(성동구청),369413,50009,350416,45984,20250303
202502,2호선,한양대,198876,12940,215582,13973,20250303
202502,2호선,뚝섬,610699,60913,640368,61345,20250303
202502,2호선,성수,1210177,94065,1304449,94967,20250303
202502,2호선,건대입구,912984,87636,959224,90669,20250303
202502,2호선,구의(광진구청),570562,102401,556927,103278,20250303
202502,2호선,강변(동서울터미널),673708,102938,617895,98005,20250303
202502,2호선,잠실나루,309648,82928,296959,82428,20250303
202502,2호선,잠실(송파구청),2015482,198485,1977725,191296,20250303
202502,3호선,대청,225134,58560,213088,56748,20250303
202502,3호선,학여울,54775,15903,56990,15609,20250303
202502,3호선,대치,293397,67180,283301,65627,20250303
202502,3호선,도곡,130433,28940,134234,27600,20250303
202502,3호선,매봉,266189,72367,256753,67189,20250303
202502,3호선,양재(서초구청),855728,141266,912134,142887,20250303
202502,3호선,남부터미널(예술의전당),774164,121985,779265,122707,20250303
202502,3호선,교대(법원.검찰청),360883,81628,203408,46103,20250303
202502,3호선,고속터미널,1195069,206986,1138088,193331,20250303
202502,3호선,잠원,105079,30628,100248,29461,20250303
202502,3호선,신사,699860,65240,734647,62995,20250303
202502,3호선,압구정,706822,129711,763720,128004,20250303
202502,3호선,옥수,182210,55538,190318,56011,20250303
202502,3호선,금호,166807,50083,156104,49352,20250303
202502,3호선,약수,263913,75327,259135,69388,20250303
202502,3호선,동대입구,221877,34221,245739,37394,20250303
202502,3호선,충무로,91,1,0,0,20250303
202502,3호선,일원,224164,64981,216710,64985,20250303
202502,3호선,수서,404840,114410,402544,111132,20250303
202502,3호선,가락시장,171687,73181,168624,70287,20250303
202502,3호선,경찰병원,158498,43855,158304,45673,20250303
202502,3호선,오금,144872,31245,128547,29514,20250303
202502,3호선,을지로3가,275173,47752,276610,44285,20250303
202502,3호선,종로3가,235781,64769,266489,72000,20250303
202502,3호선,안국,633099,115110,646188,124307,20250303
202502,3호선,경복궁(정부서울청사),574421,88792,583479,87204,20250303
202502,3호선,독립문,142284,65890,145716,66095,20250303
202502,3호선,무악재,84819,29627,81841,31779,20250303
202502,3호선,홍제,342122,132438,324909,130615,20250303
202502,3호선,녹번,329621,74123,299266,73240,20250303
202502,3호선,불광,318164,132713,335956,147103,20250303
202502,3호선,연신내,736382,236416,704229,230766,20250303
202502,3호선,구파발,463394,123075,449631,118576,20250303
202502,3호선,지축,169493,34225,170404,33229,20250303
202502,4호선,길음,450364,115332,440330,115170,20250303
202502,4호선,남태령,29528,7614,24008,7125,20250303
202502,4호선,사당,612388,91487,544827,98621,20250303
202502,4호선,총신대입구(이수),376591,148531,413379,155678,20250303
202502,4호선,동작(현충원),29187,10980,31038,11044,20250303
202502,4호선,이촌(국립중앙박물관),235752,50741,253734,53885,20250303
202502,4호선,신용산,524806,53687,567349,54482,20250303
202502,4호선,삼각지,162615,21892,189699,23360,20250303
202502,4호선,숙대입구(갈월),341123,51580,337225,48523,20250303
202502,4호선,서울역,296317,37154,580596,53784,20250303
202502,4호선,회현(남대문시장),553335,176973,582090,176445,20250303
202502,4호선,명동,841094,73922,885612,74825,20250303
202502,4호선,충무로,677401,112349,694904,113588,20250303
202502,4호선,동대문역사문화공원(DDP),462553,63240,403882,56023,20250303
202502,4호선,동대문,369795,133632,391169,130766,20250303
202502,4호선,혜화,886639,125645,892645,122713,20250303
202502,4호선,한성대입구(삼선교),288858,68301,281098,67935,20250303
202502,4호선,성신여대입구(돈암),496991,86335,487936,85984,20250303
202502,4호선,미아사거리,540025,172480,534240,173297,20250303
202502,4호선,미아(서울사이버대학),305681,110027,289226,112405,20250303
202502,4호선,수유(강북구청),736694,181599,742166,183679,20250303
202502,4호선,쌍문,620800,168432,570276,165254,20250303
202502,4호선,창동,518345,210004,549619,217105,20250303
202502,4호선,노원,467741,101793,540098,100475,20250303
202502,4호선,상계,401363,122442,371671,120271,20250303
202502,4호선,당고개,184885,70679,154009,69575,20250303
202502,5호선,을지로4가,131765,39120,132569,37965,20250303
202502,5호선,둔촌동,240369,82035,237973,83155,20250303
202502,5호선,방화,133605,52755,126856,52033,20250303
202502,5호선,개화산,119072,41555,113240,40195,20250303
202502,5호선,김포공항,298072,49194,176482,38915,20250303
202502,5호선,송정,126929,47780,119772,45623,20250303
202502,5호선,마곡,286982,56035,293905,54994,20250303
202502,5호선,발산,526224,108988,544181,105075,20250303
202502,5호선,우장산,297796,95296,296430,99952,20250303
202502,5호선,화곡,621721,145632,579200,139868,20250303
202502,5호선,까치산,597283,150116,570347,152013,20250303
202502,5호선,신정(은행정),293721,62163,239637,60256,20250303
202502,5호선,목동,363529,81123,393703,83387,20250303
202502,5호선,오목교(목동운동장앞),500471,87808,527230,86481,20250303
202502,5호선,양평,182645,29824,177907,29178,20250303
202502,5호선,영등포구청,110139,19796,107136,19205,20250303
202502,5호선,영등포시장,259638,74481,260862,76481,20250303
202502,5호선,신길,119187,12421,126446,12511,20250303
202502,5호선,여의도,733289,55031,768343,51120,20250303
202502,5호선,여의나루,265906,25351,325932,24808,20250303
202502,5호선,마포,333117,62278,341708,61961,20250303
202502,5호선,공덕,339569,49010,362227,46963,20250303
202502,5호선,애오개,135741,37743,135263,36675,20250303
202502,5호선,충정로(경기대입구),115482,16007,117323,16082,20250303
202502,5호선,서대문,451423,71277,459189,67788,20250303
202502,5호선,광화문(세종문화회관),811085,118598,851004,118290,20250303
202502,5호선,올림픽공원(한국체대),99919,39772,86009,34508,20250303
202502,5호선,종로3가,329316,93397,329205,94160,20250303
202502,5호선,동대문역사문화공원(DDP),77440,8852,87895,9709,20250303
202502,5호선,청구,76990,22464,77191,19667,20250303
202502,5호선,신금호,131607,37069,137332,42106,20250303
202502,5호선,행당,167591,49147,150412,44562,20250303
202502,5호선,왕십리(성동구청),103074,25214,122859,25083,20250303
202502,5호선,마장,115289,40976,106476,40071,20250303
202502,5호선,답십리,350628,83024,314231,79989,20250303
202502,5호선,장한평,431748,98381,425390,100536,20250303
202502,5호선,군자(능동),280119,43069,308905,45957,20250303
202502,5호선,아차산(어린이대공원후문),298072,100369,292696,98052,20250303
202502,5호선,광나루(장신대),240429,63643,228147,63256,20250303
202502,5호선,천호(풍납토성),411270,144352,395230,143475,20250303
202502,5호선,하남검단산,129970,52649,122316,51938,20250303
202502,5호선,하남시청(덕풍?신장),158643,76679,146186,77186,20250303
202502,5호선,하남풍산,92668,34713,93260,34709,20250303
202502,5호선,미사,409983,86574,417006,86006,20250303
202502,5호선,강일,118546,43732,108940,42097,20250303
202502,5호선,마천,140664,54699,123230,56448,20250303
202502,5호선,거여,201797,66676,196280,64900,20250303
202502,5호선,개롱,127848,51917,132214,53567,20250303
202502,5호선,오금,76087,21932,76329,20958,20250303
202502,5호선,방이,156206,50281,161280,50208,20250303
202502,5호선,강동,401889,110278,391968,107733,20250303
202502,5호선,길동,160180,80584,165888,82131,20250303
202502,5호선,굽은다리(강동구민회관앞),195659,81541,188240,76246,20250303
202502,5호선,명일,161543,65614,161624,66660,20250303
202502,5호선,고덕,204443,75032,199246,72901,20250303
202502,5호선,상일동,301063,89766,285655,90087,20250303
202502,6호선,창신,71763,18901,56788,18203,20250303
202502,6호선,동묘앞,181835,67114,187801,61002,20250303
202502,6호선,신당,190028,37294,193533,36613,20250303
202502,6호선,청구,84070,18947,79818,20535,20250303
202502,6호선,약수,80283,19329,79613,19615,20250303
202502,6호선,버티고개,45312,12888,45467,15172,20250303
202502,6호선,한강진,250816,15850,293814,15645,20250303
202502,6호선,이태원,272188,27952,301518,27971,20250303
202502,6호선,녹사평(용산구청),117876,16210,122304,15972,20250303
202502,6호선,삼각지,182097,19339,165328,16657,20250303
202502,6호선,효창공원앞,160959,36077,144774,33974,20250303
202502,6호선,공덕,434301,77582,421350,73292,20250303
202502,6호선,대흥(서강대앞),188832,44871,199978,45035,20250303
202502,6호선,광흥창(서강),204363,52608,196922,51714,20250303
202502,6호선,상수,252155,19728,285621,19869,20250303
202502,6호선,합정,344621,38777,340055,35001,20250303
202502,6호선,망원,368008,77791,394379,81074,20250303
202502,6호선,마포구청,314643,76124,287236,70099,20250303
202502,6호선,월드컵경기장(성산),84756,41999,93943,40803,20250303
202502,6호선,디지털미디어시티,330916,56424,361704,57557,20250303
202502,6호선,증산(명지대앞),185873,65707,185774,66078,20250303
202502,6호선,새절(신사),248439,83715,228690,84421,20250303
202502,6호선,구산,169501,51876,117554,53835,20250303
202502,6호선,연신내,48,7,0,0,20250303
202502,6호선,독바위,54619,19121,53535,23351,20250303
202502,6호선,불광,90362,40726,87647,32754,20250303
202502,6호선,역촌,70468,31768,88632,31411,20250303
202502,6호선,응암,358681,116334,357270,115735,20250303
202502,6호선,봉화산(서울의료원),181456,48229,168191,47784,20250303
202502,6호선,신내,6,0,0,0,20250303
202502,6호선,안암(고대병원앞),269794,37174,269797,36267,20250303
202502,6호선,고려대(종암),188052,33940,181771,33329,20250303
202502,6호선,월곡(동덕여대),240290,65250,236718,64640,20250303
202502,6호선,상월곡(한국과학기술연구원),129149,40040,113248,39233,20250303
202502,6호선,돌곶이,212448,59885,194989,59610,20250303
202502,6호선,석계,249892,76489,256992,76108,20250303
202502,6호선,태릉입구,124743,32022,132785,31628,20250303
202502,6호선,화랑대(서울여대입구),242928,48880,194429,44539,20250303
202502,6호선,보문,183181,31305,168438,29448,20250303
202502,7호선,중곡,225804,63620,211994,64512,20250303
202502,7호선,온수(성공회대입구),207221,41155,190564,38788,20250303
202502,7호선,천왕,245049,58411,232200,59132,20250303
202502,7호선,광명사거리,419996,151391,410885,157216,20250303
202502,7호선,철산,463756,102701,475508,102317,20250303
202502,7호선,가산디지털단지,1026940,92782,1027737,87614,20250303
202502,7호선,남구로,337358,61013,354005,62055,20250303
202502,7호선,대림(구로구청),203641,45296,207435,44980,20250303
202502,7호선,신풍,241574,72728,225793,71550,20250303
202502,7호선,보라매,150726,30799,158512,31262,20250303
202502,7호선,신대방삼거리,309290,89763,293967,92600,20250303
202502,7호선,장승배기,187542,64170,179354,64813,20250303
202502,7호선,상도,243423,62398,239191,59835,20250303
202502,7호선,숭실대입구(살피재),255339,60355,257838,62570,20250303
202502,7호선,남성,226191,73217,213226,73908,20250303
202502,7호선,이수,378291,80818,366657,76866,20250303
202502,7호선,내방,316536,72299,323167,69908,20250303
202502,7호선,고속터미널,421305,73922,330694,67398,20250303
202502,7호선,반포,136805,37387,129298,35604,20250303
202502,7호선,논현,457957,43050,481348,42102,20250303
202502,7호선,학동,556223,63835,578720,60433,20250303
202502,7호선,강남구청,384836,51386,430174,51902,20250303
202502,7호선,청담,414976,74870,458181,72047,20250303
202502,7호선,자양(뚝섬한강공원),177863,43219,174215,43156,20250303
202502,7호선,건대입구,305936,61646,326447,56975,20250303
202502,7호선,어린이대공원(세종대),325588,41496,325213,41345,20250303
202502,7호선,군자(능동),327383,81567,255738,70181,20250303
202502,7호선,용마산(용마폭포공원),118148,33880,113194,36607,20250303
202502,7호선,사가정,333647,99084,335587,101042,20250303
202502,7호선,면목,297733,93032,281163,95915,20250303
202502,7호선,상봉,408625,73619,395209,70385,20250303
202502,7호선,중화,222100,62865,217132,62880,20250303
202502,7호선,먹골,209930,66292,208443,67840,20250303
202502,7호선,태릉입구,178191,44026,166758,41862,20250303
202502,7호선,공릉(서울과학기술대),250496,73228,247814,74225,20250303
202502,7호선,하계,373764,112390,349603,108384,20250303
202502,7호선,중계,294269,90490,268184,88558,20250303
202502,7호선,노원,429835,131810,450799,131348,20250303
202502,7호선,마들,266993,92069,252200,91042,20250303
202502,7호선,수락산,239567,95875,234617,97831,20250303
202502,7호선,도봉산,181979,41651,204983,61420,20250303
202502,7호선,장암,57116,12064,22392,8993,20250303
202502,8호선,수진,107168,44655,97101,43725,20250303
202502,8호선,신흥,103024,41671,105505,43195,20250303
202502,8호선,단대오거리,246739,73371,238149,71876,20250303
202502,8호선,남한산성입구(성남법원.검찰청),266212,73114,237279,69609,20250303
202502,8호선,산성,130946,33398,130504,35930,20250303
202502,8호선,복정,213717,39118,180264,35036,20250303
202502,8호선,장지,391200,84026,357703,79900,20250303
202502,8호선,문정,544157,64524,567822,64947,20250303
202502,8호선,가락시장,169371,63962,190260,64916,20250303
202502,8호선,송파,196902,65893,195461,65282,20250303
202502,8호선,석촌,192866,54921,226475,56346,20250303
202502,8호선,잠실(송파구청),450877,84710,530366,82248,20250303
202502,8호선,몽촌토성(평화의문),166886,34240,171351,33730,20250303
202502,8호선,강동구청,221833,67341,229187,68441,20250303
202502,8호선,천호(풍납토성),382436,98769,445189,98362,20250303
202502,8호선,암사,345678,104225,315105,103202,20250303
202502,8호선,암사역사공원,130755,29205,112696,28208,20250303
202502,8호선,모란,86227,55049,68032,42014,20250303
202502,8호선,남위례,163563,34993,164268,34287,20250303
202502,9호선,가양,465793,133547,458600,131897,20250303
202502,9호선,신논현,836805,54679,849752,52616,20250303
202502,9호선,사평,84044,24091,81227,23881,20250303
202502,9호선,고속터미널,355462,66747,500699,79102,20250303
202502,9호선,신반포,88125,26981,84760,27290,20250303
202502,9호선,구반포,34526,9451,32570,9228,20250303
202502,9호선,동작(현충원),35808,10816,30109,9556,20250303
202502,9호선,흑석(중앙대입구),176377,55013,185005,55301,20250303
202502,9호선,노들,97774,30725,78852,28846,20250303
202502,9호선,노량진,621037,82855,614346,82409,20250303
202502,9호선,샛강,146776,28078,145976,28188,20250303
202502,9호선,여의도,775453,52857,737739,48510,20250303
202502,9호선,국회의사당,401706,57587,416583,51727,20250303
202502,9호선,당산,446842,69428,438090,63771,20250303
202502,9호선,선유도,205475,31761,190120,31049,20250303
202502,9호선,신목동,95362,24314,83358,23187,20250303
202502,9호선,염창,404080,76031,387203,74019,20250303
202502,9호선,등촌,252287,86055,240716,86833,20250303
202502,9호선,증미,178412,35914,171339,36162,20250303
202502,9호선,양천향교,228473,46385,235483,46050,20250303
202502,9호선,마곡나루(서울식물원),356342,38726,347848,38280,20250303
202502,9호선,신방화,143764,45512,140470,45750,20250303
202502,9호선,공항시장,60915,22642,65469,24432,20250303
202502,9호선,김포공항,151952,15831,251948,23165,20250303
202502,9호선,개화,56828,10508,37573,8487,20250303
202502,9호선2~3단계,한성백제,68405,17319,61168,15817,20250303
202502,9호선2~3단계,송파나루,133905,30399,142567,32323,20250303
202502,9호선2~3단계,석촌,222459,40969,200339,36842,20250303
202502,9호선2~3단계,석촌고분,158480,42248,155306,42324,20250303
202502,9호선2~3단계,삼전,186216,42136,176501,41507,20250303
202502,9호선2~3단계,종합운동장,116220,21174,117486,19948,20250303
202502,9호선2~3단계,봉은사,525141,55452,551081,52120,20250303
202502,9호선2~3단계,삼성중앙,182648,28704,192262,28259,20250303
202502,9호선2~3단계,선정릉,243148,29234,262886,29740,20250303
202502,9호선2~3단계,언주,285787,30769,289610,30377,20250303
202502,9호선2~3단계,중앙보훈병원,252952,82550,214517,79893,20250303
202502,9호선2~3단계,둔촌오륜,78366,18139,75491,18100,20250303
202502,9호선2~3단계,올림픽공원(한국체대),205879,30474,208495,30968,20250303
202502,경강선,초월,80852,15742,75041,15545,20250303
202502,경강선,신둔도예촌,30727,8078,28857,7713,20250303
202502,경강선,이매,21078,5823,18530,5349,20250303
202502,경강선,이천,65772,13342,69133,14183,20250303
202502,경강선,부발,55458,9307,54172,9125,20250303
202502,경강선,세종대왕릉,5289,3434,5191,3325,20250303
202502,경강선,여주,59566,18508,58603,18361,20250303
202502,경강선,성남,25652,6111,21504,6600,20250303
202502,경강선,삼동,51307,13151,47415,13242,20250303
202502,경강선,판교,138968,19703,136138,16369,20250303
202502,경강선,곤지암,49063,13051,46067,12734,20250303
202502,경강선,경기광주,174477,31858,165497,32270,20250303
202502,경부선,명학,173854,41212,170983,39995,20250303
202502,경부선,광명,95543,11630,78827,11072,20250303
202502,경부선,서동탄,32802,6555,27606,6193,20250303
202502,경부선,당정,126103,31128,118891,29706,20250303
202502,경부선,천안,121794,50872,124370,50732,20250303
202502,경부선,두정,155698,26860,158225,27491,20250303
202502,경부선,직산,22210,5034,21871,4898,20250303
202502,경부선,성환,79503,19185,77740,18715,20250303
202502,경부선,평택,281257,63302,276107,62530,20250303
202502,경부선,평택지제,103119,13198,97555,12865,20250303
202502,경부선,서정리,183825,32504,173568,31597,20250303
202502,경부선,송탄,98146,19620,96863,19470,20250303
202502,경부선,진위,32523,8895,29921,8641,20250303
202502,경부선,오산,228929,47786,227667,47981,20250303
202502,경부선,오산대,78723,15902,71903,15257,20250303
202502,경부선,세마,71745,14704,67177,14057,20250303
202502,경부선,병점,329346,66387,328272,65920,20250303
202502,경부선,세류,75915,16200,70097,15725,20250303
202502,경부선,독산,374337,63642,380821,65463,20250303
202502,경부선,수원,905121,150414,953087,153832,20250303
202502,경부선,화서,271462,47117,263299,45505,20250303
202502,경부선,성균관대,340611,58675,332620,58674,20250303
202502,경부선,의왕,194075,40892,192390,40264,20250303
202502,경부선,군포,145895,35815,144553,35215,20250303
202502,경부선,금정,617883,126449,630217,127690,20250303
202502,경부선,안양,458846,118009,450787,121832,20250303
202502,경부선,관악,136433,51259,131460,50295,20250303
202502,경부선,석수,170884,45395,156209,43485,20250303
202502,경부선,금천구청,209572,74574,215248,76100,20250303
202502,경부선,가산디지털단지,441484,38053,490755,41400,20250303
202502,경부선,구로,364269,102833,376780,99608,20250303
202502,경부선,신길,185865,42016,165392,39671,20250303
202502,경부선,신도림,79696,22689,82755,26846,20250303
202502,경부선,영등포,878488,273604,876696,273130,20250303
202502,경부선,대방,213121,52949,242701,55334,20250303
202502,경부선,노량진,190422,39773,198801,37874,20250303
202502,경부선,용산,1084689,123518,1086979,122375,20250303
202502,경부선,남영,209273,35201,219665,36490,20250303
202502,경부선,서울역,277262,15133,106684,4624,20250303
202502,경원선,연천,12198,13796,11220,13669,20250303
202502,경원선,한남,66897,25429,66798,23644,20250303
202502,경원선,서빙고,40602,17464,38865,16999,20250303
202502,경원선,옥수,1362,128,904,95,20250303
202502,경원선,응봉,31289,14984,25722,13643,20250303
202502,경원선,왕십리(성동구청),374468,72104,372084,72116,20250303
202502,경원선,청량리(서울시립대입구),347688,133067,350891,141019,20250303
202502,경원선,외대앞,186879,43584,182754,43284,20250303
202502,경원선,신이문,153279,61427,141554,60674,20250303
202502,경원선,석계,134660,53312,156925,57621,20250303
202502,경원선,광운대,156206,51542,148894,50148,20250303
202502,경원선,이촌(국립중앙박물관),77067,29924,59947,24260,20250303
202502,경원선,월계,109419,55958,99582,53764,20250303
202502,경원선,녹천,80103,33360,65724,29973,20250303
202502,경원선,창동,84,7,0,0,20250303
202502,경원선,방학,160782,101816,155695,99800,20250303
202502,경원선,도봉,89844,65850,83348,65198,20250303
202502,경원선,도봉산,112333,94856,59260,72591,20250303
202502,경원선,망월사,128253,68789,130881,70279,20250303
202502,경원선,회룡,204968,142537,199496,141600,20250303
202502,경원선,의정부,406430,114335,413707,114607,20250303
202502,경원선,가능,114214,52811,108825,52156,20250303
202502,경원선,녹양,79318,36584,74052,34903,20250303
202502,경원선,양주,140102,50871,134071,48808,20250303
202502,경원선,덕계,124640,33671,113367,32297,20250303
202502,경원선,덕정,119591,32787,112398,32835,20250303
202502,경원선,지행,124832,42134,125055,41922,20250303
202502,경원선,동두천중앙,45081,30975,43113,30580,20250303
202502,경원선,보산,26402,12036,24914,11597,20250303
202502,경원선,동두천,27393,15835,26953,16250,20250303
202502,경원선,소요산,10112,32512,10587,32265,20250303
202502,경원선,청산,2130,1810,1445,1521,20250303
202502,경원선,전곡,22561,10533,19731,9448,20250303
202502,경의선,백마,153735,37512,150592,37362,20250303
202502,경의선,탄현,165169,40671,158004,40489,20250303
202502,경의선,신촌,19377,3220,24540,4106,20250303
202502,경의선,효창공원앞,66220,14964,77187,16662,20250303
202502,경의선,서강대,44761,10798,43819,9980,20250303
202502,경의선,가좌,111272,43100,108766,43329,20250303
202502,경의선,수색,66129,16942,68021,17064,20250303
202502,경의선,한국항공대,35989,7429,33683,7216,20250303
202502,경의선,강매,66350,17648,55508,16528,20250303
202502,경의선,행신,171114,37051,170773,37702,20250303
202502,경의선,능곡,89257,31331,83124,30772,20250303
202502,경의선,곡산,10916,5073,11539,5158,20250303
202502,경의선,풍산,130006,39027,121648,38163,20250303
202502,경의선,일산,216373,67944,210152,67925,20250303
202502,경의선,검암,1,0,0,0,20250303
202502,경의선,계양,8,1,0,0,20250303
202502,경의선,김포공항,1,0,0,0,20250303
202502,경의선,디지털미디어시티,58376,11643,54730,12380,20250303
202502,경의선,홍대입구,57104,5128,69963,5456,20250303
202502,경의선,공덕,96504,14881,74299,13855,20250303
202502,경의선,서울역,70230,15295,94214,17952,20250303
202502,경의선,운천,31,115,15,94,20250303
202502,경의선,임진강,278,177,220,153,20250303
202502,경의선,문산,107801,37292,104662,36872,20250303
202502,경의선,파주,23387,6394,18537,5621,20250303
202502,경의선,월롱,42910,7881,36108,7727,20250303
202502,경의선,금촌,127658,43607,122811,44018,20250303
202502,경의선,금릉,105501,27681,101371,26989,20250303
202502,경의선,운정,142132,37356,129331,36341,20250303
202502,경의선,야당,176458,38591,181408,37955,20250303
202502,경인선,주안,393311,92235,350884,83028,20250303
202502,경인선,개봉,414437,157188,412436,163298,20250303
202502,경인선,오류동,211373,86304,199077,84545,20250303
202502,경인선,역곡,519198,146935,515571,151289,20250303
202502,경인선,부천,622788,216718,622790,219569,20250303
202502,경인선,송내,553929,127131,539992,124709,20250303
202502,경인선,부평,655445,146332,689017,149487,20250303
202502,경인선,백운,131617,56342,125954,56240,20250303
202502,경인선,제물포,199562,62684,188322,61688,20250303
202502,경인선,동인천,243064,104235,230170,104702,20250303
202502,경인선,인천,69632,30579,51796,27390,20250303
202502,경인선,구일,120211,41173,120064,40656,20250303
202502,경인선,소사,142694,58620,128044,53064,20250303
202502,경인선,부개,157976,65623,144553,64296,20250303
202502,경인선,간석,103688,43816,98899,42289,20250303
202502,경인선,도원,48312,27106,47028,27809,20250303
202502,경인선,온수(성공회대입구),111158,47798,104540,46710,20250303
202502,경인선,동암,303260,100262,304920,101680,20250303
202502,경인선,중동,168740,71415,154295,70158,20250303
202502,경인선,도화,67655,37753,60771,36140,20250303
202502,경춘선,춘천,24536,13155,21809,11457,20250303
202502,경춘선,신내,53978,18745,48680,18152,20250303
202502,경춘선,갈매,51656,19460,45222,18394,20250303
202502,경춘선,별내,44997,18131,39898,15875,20250303
202502,경춘선,퇴계원,61737,28248,55203,27028,20250303
202502,경춘선,사릉,38240,14744,37025,14543,20250303
202502,경춘선,금곡,23296,15097,21795,14833,20250303
202502,경춘선,평내호평,118152,44411,114450,42936,20250303
202502,경춘선,천마산,23055,16052,20794,16315,20250303
202502,경춘선,마석,66461,33841,64716,33292,20250303
202502,경춘선,대성리,11277,4553,11109,4391,20250303
202502,경춘선,청평,30028,17480,29459,17243,20250303
202502,경춘선,상천,3062,3120,2715,2929,20250303
202502,경춘선,가평,38295,13350,37343,13260,20250303
202502,경춘선,굴봉산,1613,1297,2308,1324,20250303
202502,경춘선,백양리,8263,1150,6247,1160,20250303
202502,경춘선,강촌,6924,4251,6742,4145,20250303
202502,경춘선,김유정,6896,4230,6752,4247,20250303
202502,경춘선,남춘천,54415,23193,55220,23611,20250303
202502,공항철도 1호선,인천공항2터미널,202234,18190,162526,15933,20250303
202502,공항철도 1호선,인천공항1터미널,394605,30609,354694,27831,20250303
202502,공항철도 1호선,공항화물청사,42752,9118,51535,9024,20250303
202502,공항철도 1호선,운서,235673,27682,253896,27678,20250303
202502,공항철도 1호선,청라국제도시,187707,14047,177286,13926,20250303
202502,공항철도 1호선,검암,153238,15072,154358,14965,20250303
202502,공항철도 1호선,김포공항,227821,19831,138892,13317,20250303
202502,공항철도 1호선,계양,316273,35768,305088,34371,20250303
202502,공항철도 1호선,서울역,345733,33833,311233,30569,20250303
202502,공항철도 1호선,공덕,72209,8455,99068,10487,20250303
202502,공항철도 1호선,홍대입구,420150,19138,404023,17710,20250303
202502,공항철도 1호선,디지털미디어시티,343468,29259,321102,27720,20250303
202502,공항철도 1호선,마곡나루(서울식물원),291131,17645,276101,17987,20250303
202502,공항철도 1호선,영종,95205,20561,96467,20341,20250303
202502,과천선,과천,130226,46788,120780,44033,20250303
202502,과천선,선바위,162964,30097,141113,29169,20250303
202502,과천선,경마공원,65744,60076,66254,60021,20250303
202502,과천선,대공원,52451,25348,53918,26437,20250303
202502,과천선,정부과천청사,286013,56297,306987,57006,20250303
202502,과천선,인덕원,565125,127239,570074,130578,20250303
202502,과천선,평촌,402492,66327,387854,65734,20250303
202502,과천선,범계,649599,119741,645985,117068,20250303
202502,분당선,선릉,285625,46846,439039,63323,20250303
202502,분당선,한티,371899,67812,385930,69258,20250303
202502,분당선,도곡,146690,51263,149401,49129,20250303
202502,분당선,구룡,60320,25665,59762,25827,20250303
202502,분당선,개포동,87261,31368,89787,31600,20250303
202502,분당선,대모산입구,118767,35754,113125,35081,20250303
202502,분당선,수서,396676,72148,412877,76870,20250303
202502,분당선,복정,118,1,0,0,20250303
202502,분당선,수원,183832,32544,171306,30241,20250303
202502,분당선,서울숲,292747,28460,301213,27625,20250303
202502,분당선,압구정로데오,474333,45310,520447,44022,20250303
202502,분당선,강남구청,216740,38215,251601,41294,20250303
202502,분당선,선정릉,165717,32776,172353,32310,20250303
202502,분당선,가천대,160016,27204,166422,27406,20250303
202502,분당선,태평,261332,88779,244633,93660,20250303
202502,분당선,모란,384228,160306,383149,174585,20250303
202502,분당선,야탑,522355,158168,556825,160761,20250303
202502,분당선,서현,527518,122944,540740,119749,20250303
202502,분당선,수내,292434,74539,290710,72820,20250303
202502,분당선,정자,428359,69202,448043,68328,20250303
202502,분당선,미금,301743,106834,309808,111559,20250303
202502,분당선,오리,227581,69133,193534,61520,20250303
202502,분당선,이매,107815,37033,105184,36153,20250303
202502,분당선,보정,45927,19018,40520,18071,20250303
202502,분당선,죽전,272988,71318,309247,76488,20250303
202502,분당선,구성,143517,38415,146967,39184,20250303
202502,분당선,신갈,96199,30191,94699,30463,20250303
202502,분당선,기흥,228308,44658,207757,43063,20250303
202502,분당선,상갈,107264,30205,102130,29870,20250303
202502,분당선,청명,98697,21674,94853,21698,20250303
202502,분당선,영통,205471,33159,203285,32651,20250303
202502,분당선,망포,353564,42628,342402,41361,20250303
202502,분당선,매탄권선,115698,23980,111909,23065,20250303
202502,분당선,수원시청,327316,50964,354609,51880,20250303
202502,분당선,매교,105534,25888,105435,26269,20250303
202502,서해선,김포공항,70472,9757,96233,17320,20250303
202502,서해선,원종,91883,39566,91968,40694,20250303
202502,서해선,부천종합운동장,67263,8565,57041,6948,20250303
202502,수인선,고색,120887,20467,113305,19089,20250303
202502,수인선,오목천,83328,16057,72778,15850,20250303
202502,수인선,어천,32241,7730,29633,8298,20250303
202502,수인선,야목,9622,2177,7881,1885,20250303
202502,수인선,사리,111060,19974,94596,18287,20250303
202502,수인선,달월,1418,777,1135,393,20250303
202502,수인선,월곶,56595,18762,51275,18510,20250303
202502,수인선,소래포구,83929,39967,77335,38899,20250303
202502,수인선,인천논현,105754,36041,112754,36485,20250303
202502,수인선,호구포,77236,22117,80400,22134,20250303
202502,수인선,남동인더스파크,48971,7189,55284,7302,20250303
202502,수인선,원인재,83528,32933,85599,32649,20250303
202502,수인선,연수,89935,31436,89223,31738,20250303
202502,수인선,송도,42393,22671,36335,21283,20250303
202502,수인선,인하대,134402,29997,123538,28675,20250303
202502,수인선,숭의,77281,29820,69921,27899,20250303
202502,수인선,신포,31644,14428,31773,14599,20250303
202502,수인선,인천,17230,12697,30398,16065,20250303
202502,신림선,샛강,61881,14540,76472,13375,20250303
202502,신림선,대방,63842,18738,51023,15714,20250303
202502,신림선,서울지방병무청,61205,25820,67354,27777,20250303
202502,신림선,보라매,91925,24718,82120,22517,20250303
202502,신림선,보라매공원,42727,16202,46771,17455,20250303
202502,신림선,보라매병원,156568,55564,164707,54761,20250303
202502,신림선,당곡,96127,38080,93991,37868,20250303
202502,신림선,신림,43269,18868,52402,20435,20250303
202502,신림선,서원,72639,24530,63913,23428,20250303
202502,신림선,서울대벤처타운,199376,62301,181542,63304,20250303
202502,신림선,관악산(서울대),47578,27635,45283,27232,20250303
202502,안산선,산본,338539,103447,364250,105291,20250303
202502,안산선,대야미,101617,30274,88625,28338,20250303
202502,안산선,반월,84061,30454,76916,29548,20250303
202502,안산선,상록수,321671,69700,325597,70955,20250303
202502,안산선,한대앞,191383,43299,191223,44373,20250303
202502,안산선,중앙,436028,68768,460858,68254,20250303
202502,안산선,고잔,199875,36326,192254,34835,20250303
202502,안산선,초지,113305,18097,112341,18321,20250303
202502,안산선,안산,283146,37872,261610,36168,20250303
202502,안산선,신길온천,45965,9103,40072,8682,20250303
202502,안산선,정왕,200062,28905,204355,29764,20250303
202502,안산선,오이도,173771,30781,169256,30490,20250303
202502,안산선,수리산,75438,28929,59682,26744,20250303
202502,우이신설선,신설동,34003,30874,34119,26614,20250303
202502,우이신설선,보문,30222,15369,30311,15723,20250303
202502,우이신설선,성신여대입구(돈암),68754,31549,79372,30341,20250303
202502,우이신설선,정릉,81839,45152,73898,43158,20250303
202502,우이신설선,북한산보국문,118983,42578,111539,42847,20250303
202502,우이신설선,솔샘,119691,39064,109783,40653,20250303
202502,우이신설선,삼양사거리,35156,35010,35193,35182,20250303
202502,우이신설선,삼양,34530,27749,35276,30301,20250303
202502,우이신설선,화계,52785,45458,48375,45073,20250303
202502,우이신설선,가오리,66360,48431,65128,50084,20250303
202502,우이신설선,4.19민주묘지,46697,33921,44386,31386,20250303
202502,우이신설선,솔밭공원,42110,27251,37926,27847,20250303
202502,우이신설선,북한산우이,43575,31332,37400,32790,20250303
202502,일산선,원흥,238096,62384,226680,60346,20250303
202502,일산선,백석,200875,75284,205986,74769,20250303
202502,일산선,마두,149440,66873,150585,67861,20250303
202502,일산선,정발산,148059,55597,152730,52257,20250303
202502,일산선,주엽,167373,100683,165651,103629,20250303
202502,일산선,대화,230821,79388,180609,72868,20250303
202502,일산선,지축,29,2,0,0,20250303
202502,일산선,삼송,427796,91943,408687,91697,20250303
202502,일산선,원당,228082,77167,215899,76863,20250303
202502,일산선,화정,350278,120836,366380,123311,20250303
202502,일산선,대곡,208801,23940,185480,22787,20250303
202502,장항선,신창(순천향대),23745,5943,24286,5406,20250303
202502,장항선,탕정,44263,6955,40496,6539,20250303
202502,장항선,온양온천,78542,59364,79527,59432,20250303
202502,장항선,배방,28768,6644,28201,6455,20250303
202502,장항선,아산,95330,13261,83644,12395,20250303
202502,장항선,봉명,25363,10867,26052,10430,20250303
202502,장항선,쌍용(나사렛대),47907,14049,45692,13351,20250303
202502,중앙선,원덕,3608,4707,3452,4477,20250303
202502,중앙선,용문,25009,26722,25567,26792,20250303
202502,중앙선,지평,507,719,644,781,20250303
202502,중앙선,도심,46648,17830,35115,16131,20250303
202502,중앙선,회기,538505,115079,518256,113790,20250303
202502,중앙선,중랑,99435,45532,94390,45700,20250303
202502,중앙선,상봉,117176,39000,117616,37914,20250303
202502,중앙선,망우,136290,65470,130247,66158,20250303
202502,중앙선,양원,55930,20701,54544,20867,20250303
202502,중앙선,구리,167781,48963,178818,50548,20250303
202502,중앙선,도농,189433,61848,175573,59371,20250303
202502,중앙선,양정,8035,4706,6693,4224,20250303
202502,중앙선,덕소,100058,42746,99547,43675,20250303
202502,중앙선,팔당,13338,6609,14279,6388,20250303
202502,중앙선,운길산,8831,8163,7873,8336,20250303
202502,중앙선,양수,28385,19626,27847,19398,20250303
202502,중앙선,신원,2046,5501,1811,5238,20250303
202502,중앙선,국수,8659,7927,8666,8116,20250303
202502,중앙선,아신,7852,5360,7839,5196,20250303
202502,중앙선,오빈,3720,3806,3651,3891,20250303
202502,중앙선,양평,55188,30388,56400,30949,20250303
202501,1호선,동묘앞,138644,140586,144303,141338,20250203
202501,1호선,청량리(서울시립대입구),362990,275678,357153,276866,20250203
202501,1호선,제기동,217265,268840,209894,294308,20250203
202501,1호선,신설동,260082,111313,250114,106837,20250203
202501,1호선,동대문,229628,109763,222025,108051,20250203
202501,1호선,종로5가,408430,213803,398149,207578,20250203
202501,1호선,종로3가,433957,260869,400487,237593,20250203
202501,1호선,종각,883519,141275,857489,131100,20250203
202501,1호선,시청,583549,114109,587858,118058,20250203
202501,1호선,서울역,1659144,222663,1554702,205192,20250203
202501,2호선,합정,805463,61400,888909,62533,20250203
202501,2호선,홍대입구,1962436,91003,2112263,89144,20250203
202501,2호선,신촌,879665,111663,892407,109562,20250203
202501,2호선,이대,343531,44610,372760,47418,20250203
202501,2호선,아현,220762,61670,205570,60330,20250203
202501,2호선,충정로(경기대입구),213715,43442,227755,42384,20250203
202501,2호선,용답,59431,16987,57874,16750,20250203
202501,2호선,신답,32690,8290,37361,8726,20250203
202501,2호선,신설동,70421,30305,69220,32780,20250203
202501,2호선,도림천,26035,7941,27323,8900,20250203
202501,2호선,양천구청,126934,48709,134824,48956,20250203
202501,2호선,신정네거리,199757,66957,206695,68919,20250203
202501,2호선,용두(동대문구청),44614,24197,44861,25429,20250203
202501,2호선,시청,615649,62010,571109,54600,20250203
202501,2호선,을지로입구,1194793,98727,1220561,91562,20250203
202501,2호선,을지로3가,566911,66660,567239,65972,20250203
202501,2호선,을지로4가,290741,69676,292771,70720,20250203
202501,2호선,동대문역사문화공원(DDP),335282,51860,386380,56104,20250203
202501,2호선,신당,320379,83904,341567,85464,20250203
202501,2호선,상왕십리,313488,62924,305682,63839,20250203
202501,2호선,왕십리(성동구청),359781,47764,342639,43895,20250203
202501,2호선,한양대,197123,12088,206439,12743,20250203
202501,2호선,뚝섬,563565,57065,589818,57169,20250203
202501,2호선,성수,1136227,90014,1228871,90589,20250203
202501,2호선,건대입구,914551,84286,963667,87531,20250203
202501,2호선,구의(광진구청),558524,99713,544369,100613,20250203
202501,2호선,강변(동서울터미널),669881,100395,624914,95800,20250203
202501,2호선,잠실나루,296018,80055,284676,79524,20250203
202501,2호선,잠실(송파구청),1944056,192990,1890126,183932,20250203
202501,2호선,잠실새내,517345,105024,510565,104461,20250203
202501,2호선,종합운동장,162332,42200,180866,43440,20250203
202501,2호선,삼성(무역센터),1254755,112120,1268683,104019,20250203
202501,2호선,선릉,1192180,207301,1051287,182479,20250203
202501,2호선,역삼,1107297,129831,1249209,131669,20250203
202501,2호선,강남,2011535,142228,1985171,125622,20250203
202501,2호선,교대(법원.검찰청),637495,133591,763230,156860,20250203
202501,2호선,서초,474610,78381,463312,78556,20250203
202501,2호선,방배,329822,67411,341156,66771,20250203
202501,2호선,사당,1063216,202120,1025984,180272,20250203
202501,2호선,낙성대(강감찬),620722,100106,596021,101277,20250203
202501,2호선,서울대입구(관악구청),1049091,164540,1023751,155302,20250203
202501,2호선,봉천,504623,135196,465584,135476,20250203
202501,2호선,신림,1310451,181508,1279753,180854,20250203
202501,2호선,신대방,553365,118038,525808,118060,20250203
202501,2호선,구로디지털단지,1297748,188437,1281300,188470,20250203
202501,2호선,대림(구로구청),533982,124928,541919,128659,20250203
202501,2호선,신도림,1161383,212168,1129833,199584,20250203
202501,2호선,문래,517865,80960,536161,80923,20250203
202501,2호선,영등포구청,484279,98574,503182,98134,20250203
202501,2호선,당산,421819,53333,476186,57394,20250203
202501,3호선,무악재,83405,28930,81578,30899,20250203
202501,3호선,오금,138555,30070,123939,28544,20250203
202501,3호선,경찰병원,150429,42364,149872,44481,20250203
202501,3호선,가락시장,167797,76973,165210,74395,20250203
202501,3호선,수서,398869,111879,396609,108370,20250203
202501,3호선,일원,211243,63080,203831,62961,20250203
202501,3호선,대청,215254,57604,202123,55458,20250203
202501,3호선,학여울,43985,14192,44851,13843,20250203
202501,3호선,대치,290163,65377,274766,63820,20250203
202501,3호선,도곡,123789,27069,125612,25348,20250203
202501,3호선,매봉,248221,68359,240360,63442,20250203
202501,3호선,양재(서초구청),803168,132251,852444,133486,20250203
202501,3호선,남부터미널(예술의전당),736374,112310,743644,113081,20250203
202501,3호선,교대(법원.검찰청),341840,75596,192097,43257,20250203
202501,3호선,고속터미널,1224303,198448,1194029,186822,20250203
202501,3호선,잠원,101179,29818,96086,28392,20250203
202501,3호선,신사,679837,63963,708303,61623,20250203
202501,3호선,압구정,701174,124043,755634,122362,20250203
202501,3호선,옥수,183059,55311,190916,55497,20250203
202501,3호선,금호,166271,49683,155436,48406,20250203
202501,3호선,약수,260530,74327,257132,68375,20250203
202501,3호선,동대입구,217254,36304,239150,40192,20250203
202501,3호선,충무로,88,1,0,0,20250203
202501,3호선,을지로3가,262735,45636,261749,42628,20250203
202501,3호선,종로3가,223482,59922,245951,65243,20250203
202501,3호선,안국,599656,103018,616163,109884,20250203
202501,3호선,경복궁(정부서울청사),565770,84414,593636,85814,20250203
202501,3호선,독립문,137037,64032,140544,64197,20250203
202501,3호선,홍제,336071,130607,318077,128664,20250203
202501,3호선,녹번,321575,73414,290206,71873,20250203
202501,3호선,불광,308933,131467,326978,145493,20250203
202501,3호선,연신내,727634,238240,698143,232122,20250203
202501,3호선,구파발,455738,123539,441785,118191,20250203
202501,3호선,지축,166330,34729,165325,33568,20250203
202501,4호선,이촌(국립중앙박물관),224299,48614,241530,51007,20250203
202501,4호선,남태령,28935,7643,23589,7127,20250203
202501,4호선,사당,470917,76229,535366,93342,20250203
202501,4호선,총신대입구(이수),372116,149494,408242,156571,20250203
202501,4호선,당고개,185966,70089,155697,68974,20250203
202501,4호선,상계,397797,120396,367618,117826,20250203
202501,4호선,노원,464796,101066,535878,99885,20250203
202501,4호선,창동,509711,218990,541803,226405,20250203
202501,4호선,쌍문,615443,165345,562909,161386,20250203
202501,4호선,수유(강북구청),736382,177460,738938,179149,20250203
202501,4호선,미아(서울사이버대학),295307,109316,277769,111394,20250203
202501,4호선,미아사거리,533987,169924,526340,170084,20250203
202501,4호선,길음,438558,111343,427323,111183,20250203
202501,4호선,성신여대입구(돈암),490301,84238,476902,83631,20250203
202501,4호선,한성대입구(삼선교),280884,67064,274798,66119,20250203
202501,4호선,동작(현충원),27054,11191,28967,11215,20250203
202501,4호선,혜화,863362,117791,874244,115131,20250203
202501,4호선,동대문,344854,120152,364685,118035,20250203
202501,4호선,동대문역사문화공원(DDP),451212,59484,392471,52641,20250203
202501,4호선,충무로,641162,103839,659997,105276,20250203
202501,4호선,명동,850281,73352,907601,74672,20250203
202501,4호선,회현(남대문시장),527409,160675,554509,160269,20250203
202501,4호선,서울역,278435,35170,563480,51319,20250203
202501,4호선,숙대입구(갈월),322574,50385,318064,47428,20250203
202501,4호선,삼각지,154934,22437,182262,24020,20250203
202501,4호선,신용산,509283,53621,550844,54492,20250203
202501,5호선,왕십리(성동구청),100274,24381,120749,24131,20250203
202501,5호선,행당,163946,47392,145574,43025,20250203
202501,5호선,우장산,288317,94396,285627,98706,20250203
202501,5호선,화곡,604300,141389,561595,136026,20250203
202501,5호선,까치산,587067,148592,560641,149578,20250203
202501,5호선,신정(은행정),286479,61357,234168,59531,20250203
202501,5호선,목동,350250,78405,377249,80425,20250203
202501,5호선,오목교(목동운동장앞),474507,85152,500368,84004,20250203
202501,5호선,양평,171802,28205,166726,27842,20250203
202501,5호선,영등포구청,102974,19181,101007,18565,20250203
202501,5호선,영등포시장,242838,74147,243148,75594,20250203
202501,5호선,신길,114916,11989,121219,12432,20250203
202501,5호선,여의도,673341,52146,705888,48971,20250203
202501,5호선,여의나루,243940,24741,293949,23933,20250203
202501,5호선,마포,317102,59842,324292,59373,20250203
202501,5호선,공덕,324941,51861,342197,45836,20250203
202501,5호선,애오개,141698,47961,141829,44869,20250203
202501,5호선,충정로(경기대입구),107428,16007,108071,15647,20250203
202501,5호선,서대문,419464,67841,424989,64055,20250203
202501,5호선,광화문(세종문화회관),776647,110687,821062,113209,20250203
202501,5호선,종로3가,321414,89926,326005,92287,20250203
202501,5호선,을지로4가,123376,40036,122678,37801,20250203
202501,5호선,동대문역사문화공원(DDP),72270,8156,81646,9139,20250203
202501,5호선,청구,74132,20909,74701,18506,20250203
202501,5호선,마장,114468,41839,106255,41245,20250203
202501,5호선,하남검단산,132604,51856,125581,51043,20250203
202501,5호선,하남시청(덕풍?신장),153969,75361,142929,75406,20250203
202501,5호선,하남풍산,89044,33667,89553,33379,20250203
202501,5호선,미사,398201,84385,404017,84100,20250203
202501,5호선,강일,115106,42193,104785,40571,20250203
202501,5호선,마천,135766,53250,120154,54710,20250203
202501,5호선,거여,196831,64360,189840,62611,20250203
202501,5호선,개롱,120981,49974,126933,51382,20250203
202501,5호선,오금,72437,20899,73385,19918,20250203
202501,5호선,방이,149331,48850,152368,48554,20250203
202501,5호선,올림픽공원(한국체대),92554,37301,77414,32235,20250203
202501,5호선,둔촌동,209622,75601,207554,76732,20250203
202501,5호선,상일동,290597,86940,274725,86471,20250203
202501,5호선,고덕,193834,70609,189969,69149,20250203
202501,5호선,명일,155066,63542,154444,64340,20250203
202501,5호선,굽은다리(강동구민회관앞),190157,78051,182741,73077,20250203
202501,5호선,길동,157155,79210,162874,80926,20250203
202501,5호선,강동,387510,106397,375512,104149,20250203
202501,5호선,천호(풍납토성),405397,142129,389517,141141,20250203
202501,5호선,광나루(장신대),241202,61263,227298,61980,20250203
202501,5호선,아차산(어린이대공원후문),293699,98195,288343,95006,20250203
202501,5호선,군자(능동),273028,41270,299350,43767,20250203
202501,5호선,장한평,414262,93461,407209,95289,20250203
202501,5호선,답십리,339030,79039,302954,76057,20250203
202501,5호선,신금호,127382,35369,133889,40088,20250203
202501,5호선,방화,132703,51181,126381,50497,20250203
202501,5호선,개화산,121891,40293,116727,38967,20250203
202501,5호선,김포공항,303701,50084,185397,40305,20250203
202501,5호선,송정,126119,47050,119726,44902,20250203
202501,5호선,마곡,251237,44872,255210,43782,20250203
202501,5호선,발산,500819,105435,521973,101809,20250203
202501,6호선,태릉입구,120827,31475,128643,31376,20250203
202501,6호선,화랑대(서울여대입구),235228,47989,186980,43324,20250203
202501,6호선,봉화산(서울의료원),176617,47309,164611,46614,20250203
202501,6호선,신내,14,1,0,0,20250203
202501,6호선,구산,164155,51197,113490,53520,20250203
202501,6호선,새절(신사),243459,81883,226259,82444,20250203
202501,6호선,증산(명지대앞),185322,65110,183641,65923,20250203
202501,6호선,디지털미디어시티,315786,55796,343334,56312,20250203
202501,6호선,월드컵경기장(성산),73987,45075,78575,43251,20250203
202501,6호선,마포구청,301350,73878,275156,68099,20250203
202501,6호선,망원,363098,79963,390159,83604,20250203
202501,6호선,합정,337383,38991,331737,34947,20250203
202501,6호선,상수,253057,19477,284358,19751,20250203
202501,6호선,광흥창(서강),191504,50759,183235,49679,20250203
202501,6호선,대흥(서강대앞),183796,43749,194632,43597,20250203
202501,6호선,공덕,422561,80567,409350,74101,20250203
202501,6호선,효창공원앞,156061,35647,138716,33068,20250203
202501,6호선,삼각지,177894,19978,158106,16936,20250203
202501,6호선,녹사평(용산구청),117580,16020,122271,15716,20250203
202501,6호선,이태원,299816,30932,318192,29423,20250203
202501,6호선,한강진,345195,105696,391036,108296,20250203
202501,6호선,버티고개,54631,20846,51246,18485,20250203
202501,6호선,약수,83997,21211,80059,21134,20250203
202501,6호선,청구,82349,18885,76422,19532,20250203
202501,6호선,신당,194037,35884,195266,35166,20250203
202501,6호선,동묘앞,179000,65428,183951,60287,20250203
202501,6호선,창신,71509,18920,56698,18150,20250203
202501,6호선,보문,177246,29301,164038,27409,20250203
202501,6호선,안암(고대병원앞),246670,35377,244832,34862,20250203
202501,6호선,고려대(종암),176661,32261,168428,31338,20250203
202501,6호선,월곡(동덕여대),231783,64111,227679,64037,20250203
202501,6호선,상월곡(한국과학기술연구원),127533,38192,110590,36736,20250203
202501,6호선,돌곶이,206138,56935,187132,55913,20250203
202501,6호선,응암,353847,116426,350465,115275,20250203
202501,6호선,역촌,68347,30407,86108,30095,20250203
202501,6호선,불광,88582,40297,86455,32853,20250203
202501,6호선,독바위,54292,18921,52926,23320,20250203
202501,6호선,연신내,56,5,0,0,20250203
202501,6호선,석계,249140,75614,254692,74735,20250203
202501,7호선,장암,54871,11062,22288,8349,20250203
202501,7호선,온수(성공회대입구),198206,40207,182222,38572,20250203
202501,7호선,천왕,237797,57387,225684,58410,20250203
202501,7호선,광명사거리,412626,154468,402351,159644,20250203
202501,7호선,철산,451815,103397,462697,102670,20250203
202501,7호선,가산디지털단지,944989,85969,941993,80903,20250203
202501,7호선,남구로,325441,59486,340030,60230,20250203
202501,7호선,대림(구로구청),226376,46091,230528,45348,20250203
202501,7호선,신풍,234381,69718,218009,68315,20250203
202501,7호선,보라매,143363,29552,150231,30220,20250203
202501,7호선,신대방삼거리,301406,87160,286913,90164,20250203
202501,7호선,장승배기,180744,62270,173581,63012,20250203
202501,7호선,상도,240501,60273,232640,58014,20250203
202501,7호선,숭실대입구(살피재),251031,58439,250663,60557,20250203
202501,7호선,남성,221980,70916,209024,71579,20250203
202501,7호선,이수,366518,76606,355580,72463,20250203
202501,7호선,내방,302380,69933,308871,67248,20250203
202501,7호선,고속터미널,443343,74923,331281,66551,20250203
202501,7호선,반포,129948,36309,123334,34642,20250203
202501,7호선,논현,434074,40673,457439,40015,20250203
202501,7호선,학동,510959,58495,531706,55377,20250203
202501,7호선,강남구청,352960,47180,395962,47876,20250203
202501,7호선,청담,383206,71356,424203,68720,20250203
202501,7호선,자양(뚝섬한강공원),180828,41373,176415,41224,20250203
202501,7호선,건대입구,299776,60300,320750,55676,20250203
202501,7호선,어린이대공원(세종대),308600,38224,301756,38107,20250203
202501,7호선,군자(능동),320864,79458,250960,67939,20250203
202501,7호선,중곡,218687,61410,206107,62131,20250203
202501,7호선,용마산(용마폭포공원),117612,32285,112538,35211,20250203
202501,7호선,사가정,329171,97872,332956,100132,20250203
202501,7호선,면목,291918,90642,270018,92162,20250203
202501,7호선,상봉,399782,74114,388704,71402,20250203
202501,7호선,중화,217301,59970,212150,59730,20250203
202501,7호선,먹골,205893,63921,203255,65580,20250203
202501,7호선,태릉입구,175452,42017,164582,39516,20250203
202501,7호선,공릉(서울과학기술대),248208,71031,244572,71826,20250203
202501,7호선,하계,363791,104939,339022,101360,20250203
202501,7호선,중계,286362,86563,259201,83511,20250203
202501,7호선,노원,421880,126597,447471,125620,20250203
202501,7호선,마들,262287,90727,246494,89729,20250203
202501,7호선,수락산,239789,93258,232938,95310,20250203
202501,7호선,도봉산,179094,41451,201805,61548,20250203
202501,8호선,석촌,185890,52390,220002,54030,20250203
202501,8호선,잠실(송파구청),450386,82870,525334,80860,20250203
202501,8호선,몽촌토성(평화의문),161316,33177,166233,32754,20250203
202501,8호선,강동구청,212393,66164,219187,67066,20250203
202501,8호선,천호(풍납토성),376122,97142,437350,96720,20250203
202501,8호선,암사,338346,103622,308404,102691,20250203
202501,8호선,암사역사공원,123021,27993,107069,27054,20250203
202501,8호선,남위례,155178,33604,155874,33028,20250203
202501,8호선,모란,87082,56652,70765,44242,20250203
202501,8호선,수진,106538,44152,95291,43614,20250203
202501,8호선,신흥,101038,41140,103815,42745,20250203
202501,8호선,단대오거리,241056,73234,232133,71486,20250203
202501,8호선,남한산성입구(성남법원.검찰청),261718,73176,232057,69113,20250203
202501,8호선,산성,127041,32669,125927,34999,20250203
202501,8호선,복정,203574,38109,171903,34096,20250203
202501,8호선,장지,376534,82250,345552,77690,20250203
202501,8호선,문정,490069,61039,511017,61446,20250203
202501,8호선,가락시장,166372,68858,189608,71327,20250203
202501,8호선,송파,191534,64779,189553,64020,20250203
202501,9호선,동작(현충원),39289,13198,33100,12002,20250203
202501,9호선,구반포,30857,9837,29435,9720,20250203
202501,9호선,신반포,84965,26248,81411,26675,20250203
202501,9호선,고속터미널,355497,64263,512799,76873,20250203
202501,9호선,사평,81216,22723,77875,22756,20250203
202501,9호선,당산,428415,66371,419517,61035,20250203
202501,9호선,신논현,815952,51653,828275,49872,20250203
202501,9호선,선유도,189809,30022,175613,29206,20250203
202501,9호선,신목동,91598,24842,80297,23698,20250203
202501,9호선,염창,392843,74363,376242,72448,20250203
202501,9호선,등촌,241724,84770,230515,85874,20250203
202501,9호선,증미,166288,35630,159041,35414,20250203
202501,9호선,가양,451405,131754,443947,130182,20250203
202501,9호선,양천향교,217944,44487,223209,44196,20250203
202501,9호선,마곡나루(서울식물원),328285,36397,321278,35575,20250203
202501,9호선,신방화,141612,45187,137600,45669,20250203
202501,9호선,공항시장,59770,22645,64190,24379,20250203
202501,9호선,김포공항,157965,17036,276479,25135,20250203
202501,9호선,개화,55365,10191,37122,8115,20250203
202501,9호선,국회의사당,367235,54565,377761,48786,20250203
202501,9호선,여의도,708108,50171,674160,46192,20250203
202501,9호선,샛강,134882,26276,134257,26481,20250203
202501,9호선,노량진,644047,85151,637007,85321,20250203
202501,9호선,노들,95355,31413,77133,28967,20250203
202501,9호선,흑석(중앙대입구),173533,54787,178433,55158,20250203
202501,9호선2~3단계,선정릉,223039,26453,241129,26786,20250203
202501,9호선2~3단계,중앙보훈병원,238074,76622,203069,74372,20250203
202501,9호선2~3단계,둔촌오륜,57529,14534,55696,14907,20250203
202501,9호선2~3단계,올림픽공원(한국체대),185133,28560,188245,29014,20250203
202501,9호선2~3단계,한성백제,65425,17178,58113,15482,20250203
202501,9호선2~3단계,송파나루,128227,29194,135932,30642,20250203
202501,9호선2~3단계,석촌,215176,38860,192477,34502,20250203
202501,9호선2~3단계,석촌고분,151823,40944,147740,41059,20250203
202501,9호선2~3단계,삼전,179114,41015,169022,40189,20250203
202501,9호선2~3단계,종합운동장,111082,19825,112154,18513,20250203
202501,9호선2~3단계,봉은사,479092,52676,503298,50233,20250203
202501,9호선2~3단계,삼성중앙,166595,26688,175040,26351,20250203
202501,9호선2~3단계,언주,263330,28831,266077,28513,20250203
202501,경강선,여주,60756,18456,59450,18256,20250203
202501,경강선,세종대왕릉,6019,3206,5924,3183,20250203
202501,경강선,부발,55434,9228,53047,8942,20250203
202501,경강선,이천,70095,13591,73094,14282,20250203
202501,경강선,신둔도예촌,31099,7951,29112,7498,20250203
202501,경강선,곤지암,53266,12619,50658,12394,20250203
202501,경강선,초월,79657,15316,73497,15031,20250203
202501,경강선,경기광주,170357,30488,162621,30936,20250203
202501,경강선,삼동,50690,13000,46160,13004,20250203
202501,경강선,이매,22001,5772,18305,5260,20250203
202501,경강선,판교,134580,18980,130272,16279,20250203
202501,경강선,성남,24402,5805,21293,5943,20250203
202501,경부선,남영,202247,35279,212471,36345,20250203
202501,경부선,서울역,281855,14917,107367,4437,20250203
202501,경부선,구로,361826,96991,374000,93887,20250203
202501,경부선,신길,182828,40721,159743,38217,20250203
202501,경부선,신도림,79061,22337,81348,26092,20250203
202501,경부선,영등포,906357,271082,912764,271395,20250203
202501,경부선,대방,205786,50957,232452,53391,20250203
202501,경부선,광명,97420,11068,80914,10633,20250203
202501,경부선,서동탄,31971,6737,27499,6507,20250203
202501,경부선,당정,121711,29076,114774,27629,20250203
202501,경부선,천안,133174,52375,135203,51356,20250203
202501,경부선,두정,159203,27148,159717,27640,20250203
202501,경부선,직산,22894,4933,22372,4705,20250203
202501,경부선,가산디지털단지,410914,35953,459026,39395,20250203
202501,경부선,성환,87481,19179,85763,18853,20250203
202501,경부선,금천구청,204308,72505,209526,73750,20250203
202501,경부선,석수,167705,45173,153445,43135,20250203
202501,경부선,관악,134123,51086,129340,49708,20250203
202501,경부선,안양,446492,116312,440998,121123,20250203
202501,경부선,명학,164848,40545,161588,39499,20250203
202501,경부선,금정,606649,124299,616752,125817,20250203
202501,경부선,군포,141566,34529,139050,33501,20250203
202501,경부선,의왕,183352,40582,180933,40062,20250203
202501,경부선,성균관대,329335,58273,323239,58100,20250203
202501,경부선,화서,289401,46653,281565,45180,20250203
202501,경부선,수원,963247,150008,1014811,152909,20250203
202501,경부선,세류,77899,16156,72693,15792,20250203
202501,경부선,독산,357113,63266,362078,64787,20250203
202501,경부선,병점,329582,66415,328485,65879,20250203
202501,경부선,세마,70782,15304,65454,14254,20250203
202501,경부선,오산대,78480,16034,71478,15223,20250203
202501,경부선,오산,238602,47892,237049,48434,20250203
202501,경부선,진위,33484,8417,30189,8008,20250203
202501,경부선,송탄,102964,19883,101426,19612,20250203
202501,경부선,서정리,186437,33262,177270,32460,20250203
202501,경부선,평택지제,104889,12929,99929,12625,20250203
202501,경부선,평택,307217,65595,300946,64494,20250203
202501,경부선,노량진,213315,47873,222437,46079,20250203
202501,경부선,용산,1124864,125605,1145196,124983,20250203
202501,경원선,녹양,78320,34755,73363,32989,20250203
202501,경원선,연천,13273,14415,12614,14418,20250203
202501,경원선,전곡,23457,10525,21243,9402,20250203
202501,경원선,청산,2354,1750,1679,1480,20250203
202501,경원선,소요산,11642,32671,11903,32435,20250203
202501,경원선,동두천,28323,16052,27652,16128,20250203
202501,경원선,보산,28898,12117,27779,11709,20250203
202501,경원선,동두천중앙,46140,30980,44164,30508,20250203
202501,경원선,지행,129190,41845,130258,41783,20250203
202501,경원선,덕정,120934,32438,112550,32695,20250203
202501,경원선,덕계,123630,33855,112282,32907,20250203
202501,경원선,양주,141394,50242,135788,48001,20250203
202501,경원선,가능,115332,52396,109201,51731,20250203
202501,경원선,의정부,412764,113092,422023,113922,20250203
202501,경원선,회룡,201115,138186,196123,136056,20250203
202501,경원선,망월사,125521,66454,126949,67706,20250203
202501,경원선,도봉산,113194,94958,60699,71998,20250203
202501,경원선,도봉,89586,65202,82755,64469,20250203
202501,경원선,방학,158247,101740,153194,98545,20250203
202501,경원선,창동,99,0,0,0,20250203
202501,경원선,녹천,79153,33310,65139,30334,20250203
202501,경원선,월계,107574,56351,97152,53829,20250203
202501,경원선,광운대,152605,53089,145377,51734,20250203
202501,경원선,석계,136098,54748,157157,58184,20250203
202501,경원선,신이문,153334,62731,139935,61247,20250203
202501,경원선,외대앞,182025,42667,176205,42256,20250203
202501,경원선,청량리(서울시립대입구),357024,140744,361811,148008,20250203
202501,경원선,왕십리(성동구청),369423,72505,371932,73474,20250203
202501,경원선,응봉,30859,15047,25776,13543,20250203
202501,경원선,옥수,1544,152,988,83,20250203
202501,경원선,한남,92442,28300,77475,26158,20250203
202501,경원선,서빙고,40591,17051,38739,16309,20250203
202501,경원선,이촌(국립중앙박물관),75130,28646,58892,23757,20250203
202501,경의선,계양,4,0,0,0,20250203
202501,경의선,검암,5,1,0,0,20250203
202501,경의선,신촌,17820,3128,22041,3876,20250203
202501,경의선,효창공원앞,63952,14776,74818,16626,20250203
202501,경의선,서강대,44991,10676,44526,9799,20250203
202501,경의선,가좌,108143,42467,104956,42422,20250203
202501,경의선,수색,61676,16276,63135,16696,20250203
202501,경의선,한국항공대,34667,7101,32031,7019,20250203
202501,경의선,강매,63143,17211,53065,15919,20250203
202501,경의선,행신,168515,35263,169128,36117,20250203
202501,경의선,능곡,87379,29670,81738,29360,20250203
202501,경의선,곡산,10305,4489,10596,4572,20250203
202501,경의선,백마,148994,34764,145518,34632,20250203
202501,경의선,풍산,127205,37803,119403,37031,20250203
202501,경의선,일산,213422,66221,206905,66227,20250203
202501,경의선,탄현,161149,38415,153672,38134,20250203
202501,경의선,야당,178183,38088,183636,37799,20250203
202501,경의선,운정,141360,37086,128786,35658,20250203
202501,경의선,금릉,106431,27069,101122,26566,20250203
202501,경의선,금촌,132076,43441,128512,43870,20250203
202501,경의선,월롱,40670,7718,34955,7764,20250203
202501,경의선,파주,24354,6157,18500,5453,20250203
202501,경의선,문산,110976,37576,108194,37367,20250203
202501,경의선,임진강,387,213,323,213,20250203
202501,경의선,운천,32,109,15,81,20250203
202501,경의선,서울역,66503,14556,87099,16303,20250203
202501,경의선,공덕,94137,14282,73287,13463,20250203
202501,경의선,홍대입구,56592,5229,69052,5571,20250203
202501,경의선,디지털미디어시티,58198,11517,53291,12104,20250203
202501,경의선,김포공항,0,1,0,0,20250203
202501,경인선,동인천,254178,109814,238393,108751,20250203
202501,경인선,개봉,409405,152973,403099,157885,20250203
202501,경인선,오류동,210539,84939,196622,82672,20250203
202501,경인선,역곡,511173,147182,509152,151421,20250203
202501,경인선,부천,638812,224780,640625,227669,20250203
202501,경인선,송내,540034,124692,527627,122661,20250203
202501,경인선,부평,680478,146820,718808,149925,20250203
202501,경인선,백운,133609,55642,127073,55087,20250203
202501,경인선,동암,308074,100721,309203,102210,20250203
202501,경인선,주안,395283,91751,353068,82557,20250203
202501,경인선,제물포,197142,63208,187174,62442,20250203
202501,경인선,인천,70003,30283,52681,27247,20250203
202501,경인선,구일,175158,48519,195074,49659,20250203
202501,경인선,소사,143280,55906,133136,52405,20250203
202501,경인선,부개,156504,64889,143841,63328,20250203
202501,경인선,간석,104349,42991,99224,41535,20250203
202501,경인선,도원,48969,27270,48435,27985,20250203
202501,경인선,온수(성공회대입구),108496,47403,102862,46186,20250203
202501,경인선,중동,167322,71016,153268,70059,20250203
202501,경인선,도화,68527,37518,61589,36286,20250203
202501,경춘선,퇴계원,60418,27404,54436,26176,20250203
202501,경춘선,김유정,7217,4142,7027,4228,20250203
202501,경춘선,남춘천,55402,23404,57028,23947,20250203
202501,경춘선,신내,51932,18239,46518,17731,20250203
202501,경춘선,갈매,50253,18530,43422,17490,20250203
202501,경춘선,별내,44782,18346,39845,16183,20250203
202501,경춘선,사릉,36999,14108,35858,13825,20250203
202501,경춘선,금곡,22908,14514,21482,13971,20250203
202501,경춘선,평내호평,114518,43905,111636,42299,20250203
202501,경춘선,천마산,23412,15742,20847,15878,20250203
202501,경춘선,마석,66625,33112,64288,32674,20250203
202501,경춘선,춘천,25819,14193,22350,12222,20250203
202501,경춘선,대성리,11250,4586,10894,4294,20250203
202501,경춘선,청평,30838,17724,30100,17334,20250203
202501,경춘선,상천,3205,3040,2975,2934,20250203
202501,경춘선,가평,39586,13513,38968,13263,20250203
202501,경춘선,굴봉산,1775,1254,2718,1243,20250203
202501,경춘선,백양리,9977,1186,7468,1150,20250203
202501,경춘선,강촌,7353,4274,7173,4102,20250203
202501,공항철도 1호선,인천공항2터미널,215166,19494,180190,17169,20250203
202501,공항철도 1호선,영종,95810,20529,96647,20246,20250203
202501,공항철도 1호선,인천공항1터미널,401782,32113,396915,29545,20250203
202501,공항철도 1호선,공항화물청사,43027,8879,51678,8735,20250203
202501,공항철도 1호선,운서,246523,28004,265635,28049,20250203
202501,공항철도 1호선,청라국제도시,181918,13980,171717,13751,20250203
202501,공항철도 1호선,검암,152074,14908,152465,15180,20250203
202501,공항철도 1호선,계양,309491,35236,294690,33916,20250203
202501,공항철도 1호선,김포공항,241090,21096,144245,13050,20250203
202501,공항철도 1호선,마곡나루(서울식물원),254142,15903,243850,15913,20250203
202501,공항철도 1호선,디지털미디어시티,315642,26850,296987,25568,20250203
202501,공항철도 1호선,홍대입구,416723,19168,400397,17688,20250203
202501,공항철도 1호선,공덕,72616,8480,97596,10607,20250203
202501,공항철도 1호선,서울역,346484,33352,319302,30683,20250203
202501,과천선,인덕원,543322,124772,548807,128713,20250203
202501,과천선,정부과천청사,274154,63248,289878,63409,20250203
202501,과천선,선바위,155656,29565,133694,28841,20250203
202501,과천선,경마공원,77363,72485,78071,72420,20250203
202501,과천선,대공원,51495,24785,52586,25963,20250203
202501,과천선,평촌,376464,64506,364060,64120,20250203
202501,과천선,과천,128433,46147,118876,43669,20250203
202501,과천선,범계,628478,116216,626154,113291,20250203
202501,분당선,선릉,263614,41600,401574,56068,20250203
202501,분당선,한티,365639,65280,376817,66742,20250203
202501,분당선,도곡,138591,47631,140694,46342,20250203
202501,분당선,구룡,59862,24183,58888,24209,20250203
202501,분당선,개포동,84050,29229,86785,29726,20250203
202501,분당선,대모산입구,112635,34301,107463,33756,20250203
202501,분당선,수서,383532,68707,401872,73050,20250203
202501,분당선,복정,96,0,0,0,20250203
202501,분당선,수원,189691,32204,179295,29653,20250203
202501,분당선,서울숲,274087,27116,280501,26563,20250203
202501,분당선,압구정로데오,450671,43266,498969,41710,20250203
202501,분당선,강남구청,197600,35531,229511,38523,20250203
202501,분당선,선정릉,147916,27559,152720,27017,20250203
202501,분당선,가천대,153942,26163,160234,26577,20250203
202501,분당선,태평,265760,89022,246538,93865,20250203
202501,분당선,모란,379575,165329,381176,179624,20250203
202501,분당선,야탑,508550,153182,540998,155176,20250203
202501,분당선,서현,522162,121003,536992,117114,20250203
202501,분당선,수내,279107,71804,275703,70207,20250203
202501,분당선,정자,404850,65325,421994,64779,20250203
202501,분당선,미금,294463,105088,302851,109437,20250203
202501,분당선,오리,219740,69834,186238,62194,20250203
202501,분당선,이매,106089,36448,104375,36006,20250203
202501,분당선,보정,44608,18256,39850,17511,20250203
202501,분당선,죽전,270368,68886,304907,74154,20250203
202501,분당선,구성,137376,37097,141198,37691,20250203
202501,분당선,신갈,93821,27361,91588,27486,20250203
202501,분당선,기흥,220640,43413,202349,41906,20250203
202501,분당선,상갈,104808,29381,100766,29046,20250203
202501,분당선,청명,96207,21226,92767,21136,20250203
202501,분당선,영통,201036,32688,199221,32363,20250203
202501,분당선,망포,343258,40724,329018,39681,20250203
202501,분당선,매탄권선,114270,22957,110794,22236,20250203
202501,분당선,수원시청,322816,48942,350303,50201,20250203
202501,분당선,매교,102618,25038,101805,25488,20250203
202501,서해선,김포공항,74964,9940,103388,17622,20250203
202501,서해선,원종,92535,39084,91503,39892,20250203
202501,서해선,부천종합운동장,64331,8114,54752,6654,20250203
202501,수인선,고색,114269,20061,107051,18589,20250203
202501,수인선,오목천,85496,16000,73215,15568,20250203
202501,수인선,어천,31937,7502,29051,7938,20250203
202501,수인선,야목,8062,2204,6592,1831,20250203
202501,수인선,사리,109982,19285,93201,17482,20250203
202501,수인선,달월,1419,788,1199,402,20250203
202501,수인선,월곶,56163,18521,50644,18127,20250203
202501,수인선,소래포구,85997,42342,80490,41346,20250203
202501,수인선,인천논현,106911,35033,114267,35713,20250203
202501,수인선,호구포,75984,21338,78750,21163,20250203
202501,수인선,남동인더스파크,45441,6563,50684,6708,20250203
202501,수인선,원인재,86295,32927,87226,32324,20250203
202501,수인선,연수,94102,31136,93277,31185,20250203
202501,수인선,송도,42655,21838,37799,20806,20250203
202501,수인선,인하대,130617,28745,119510,27301,20250203
202501,수인선,숭의,76606,29766,69844,28446,20250203
202501,수인선,신포,32881,14169,33262,14271,20250203
202501,수인선,인천,17730,12574,30889,16091,20250203
202501,신림선,당곡,92863,37805,90503,37409,20250203
202501,신림선,샛강,56956,13621,71214,12752,20250203
202501,신림선,대방,61919,17789,48552,14836,20250203
202501,신림선,서울지방병무청,56478,24452,61638,26425,20250203
202501,신림선,보라매,88188,24109,79704,21754,20250203
202501,신림선,보라매공원,39907,15386,42855,16453,20250203
202501,신림선,보라매병원,144093,50296,150768,49603,20250203
202501,신림선,신림,42261,17946,51009,20039,20250203
202501,신림선,서원,71875,24152,62305,23102,20250203
202501,신림선,서울대벤처타운,199521,61178,179739,61857,20250203
202501,신림선,관악산(서울대),46842,27409,44523,27229,20250203
202501,안산선,산본,333634,100722,358193,103073,20250203
202501,안산선,대야미,100710,29404,87811,27395,20250203
202501,안산선,반월,84451,30380,80662,30221,20250203
202501,안산선,상록수,321105,69201,324524,70444,20250203
202501,안산선,한대앞,192523,41680,192256,42974,20250203
202501,안산선,중앙,440633,65992,465346,65327,20250203
202501,안산선,고잔,193362,34687,185332,33379,20250203
202501,안산선,초지,111319,16922,109404,17070,20250203
202501,안산선,안산,316398,36931,299651,35457,20250203
202501,안산선,신길온천,46674,9209,40341,8620,20250203
202501,안산선,정왕,210792,28497,212990,29388,20250203
202501,안산선,오이도,172548,31189,168777,30767,20250203
202501,안산선,수리산,74840,29357,59416,26987,20250203
202501,우이신설선,북한산우이,45008,32998,39292,34048,20250203
202501,우이신설선,솔밭공원,42965,27392,38193,28128,20250203
202501,우이신설선,4.19민주묘지,46304,34348,42995,31430,20250203
202501,우이신설선,가오리,66252,47426,63424,48740,20250203
202501,우이신설선,화계,52954,43455,47927,43036,20250203
202501,우이신설선,삼양,33790,28141,34476,30579,20250203
202501,우이신설선,삼양사거리,35321,34474,35392,34152,20250203
202501,우이신설선,솔샘,116887,38189,105513,39694,20250203
202501,우이신설선,북한산보국문,118264,41864,109547,41540,20250203
202501,우이신설선,정릉,81170,45012,72138,42407,20250203
202501,우이신설선,성신여대입구(돈암),66936,31324,78672,30005,20250203
202501,우이신설선,보문,30230,15528,29320,15506,20250203
202501,우이신설선,신설동,33053,30567,33296,26778,20250203
202501,일산선,원흥,235174,60675,222790,58276,20250203
202501,일산선,지축,24,2,0,0,20250203
202501,일산선,삼송,424064,91787,406189,91669,20250203
202501,일산선,원당,219931,73746,207531,73378,20250203
202501,일산선,화정,342318,115555,357390,117354,20250203
202501,일산선,대곡,197433,23914,177895,23284,20250203
202501,일산선,백석,198278,71816,203167,71773,20250203
202501,일산선,마두,141687,62487,142203,63462,20250203
202501,일산선,정발산,143776,49889,149441,46953,20250203
202501,일산선,주엽,157539,84928,155018,87351,20250203
202501,일산선,대화,222026,72239,174523,66350,20250203
202501,장항선,배방,28261,6573,27592,6275,20250203
202501,장항선,신창(순천향대),25735,5892,25090,5353,20250203
202501,장항선,온양온천,83635,63455,85087,63951,20250203
202501,장항선,탕정,42480,6807,38855,6306,20250203
202501,장항선,아산,93919,12590,84251,11742,20250203
202501,장항선,쌍용(나사렛대),47420,13970,45035,13569,20250203
202501,장항선,봉명,24874,10180,25354,9907,20250203
202501,중앙선,오빈,3813,3670,3702,3737,20250203
202501,중앙선,회기,523202,112483,495506,110352,20250203
202501,중앙선,원덕,4209,4653,4077,4463,20250203
202501,중앙선,용문,28171,26728,28471,26913,20250203
202501,중앙선,지평,649,668,685,693,20250203
202501,중앙선,아신,8132,5220,8219,5187,20250203
202501,중앙선,상봉,117265,39728,117073,38062,20250203
202501,중앙선,중랑,100125,45998,95486,45640,20250203
202501,중앙선,망우,134767,65662,129354,66837,20250203
202501,중앙선,양원,54273,20355,52725,20264,20250203
202501,중앙선,구리,166916,48867,178696,50833,20250203
202501,중앙선,도농,185114,60293,172118,57848,20250203
202501,중앙선,양정,7792,4438,6524,4003,20250203
202501,중앙선,덕소,98824,42447,98352,43099,20250203
202501,중앙선,도심,45099,17750,34233,16031,20250203
202501,중앙선,팔당,13685,6409,14703,6253,20250203
202501,중앙선,운길산,9054,7617,8306,7729,20250203
202501,중앙선,양평,57371,29329,58946,29868,20250203
202501,중앙선,양수,29207,19522,28599,19258,20250203
202501,중앙선,신원,2159,5626,1985,5450,20250203
202501,중앙선,국수,9597,7975,9424,8129,20250203
